day_order,day,tray_no,tray,capture_id,cell_id,row,column,x0,y0,x1,y1,inner_x0,inner_y0,inner_x1,inner_y1,green_pixels,total_inner_pixels,green_ratio,green_cover_percent,mean_green_strength,maximum_green_strength,largest_green_cluster,raw_visible_green,newly_emerged_today,tracked_emerged
1,Day 1,1,Tray 1,DJI_20260618123542_0001,1,1,1,0,0,120,120,14,14,106,106,0,8464,0.0,0.0,0.0,0.0,0,False,False,False
1,Day 1,1,Tray 1,DJI_20260618123542_0001,2,1,2,120,0,240,120,134,14,226,106,0,8464,0.0,0.0,0.0,0.0,0,False,False,False
1,Day 1,1,Tray 1,DJI_20260618123542_0001,3,1,3,240,0,360,120,254,14,346,106,0,8464,0.0,0.0,0.0,0.0,0,False,False,False
1,Day 1,1,Tray 1,DJI_20260618123542_0001,4,1,4,360,0,480,120,374,14,466,106,0,8464,0.0,0.0,0.0,0.0,0,False,False,False
1,Day 1,1,Tray 1,DJI_20260618123542_0001,5,1,5,480,0,600,120,494,14,586,106,0,8464,0.0,0.0,0.0,0.0,0,False,False,False
1,Day 1,1,Tray 1,DJI_20260618123542_0001,6,1,6,600,0,720,120,614,14,706,106,0,8464,0.0,0.0,0.0,0.0,0,False,False,False
1,Day 1,1,Tray 1,DJI_20260618123542_0001,7,1,7,720,0,840,120,734,14,826,106,0,8464,0.0,0.0,0.0,0.0,0,False,False,False
1,Day 1,1,Tray 1,DJI_20260618123542_0001,8,1,8,840,0,960,120,854,14,946,106,0,8464,0.0,0.0,0.0,0.0,0,False,False,False
1,Day 1,1,Tray 1,DJI_20260618123542_0001,9,1,9,960,0,1080,120,974,14,1066,106,0,8464,0.0,0.0,0.0,0.0,0,False,False,False
1,Day 1,1,Tray 1,DJI_20260618123542_0001,10,1,10,1080,0,1200,120,1094,14,1186,106,0,8464,0.0,0.0,0.0,0.0,0,False,False,False
1,Day 1,1,Tray 1,DJI_20260618123542_0001,11,2,1,0,120,120,240,14,134,106,226,0,8464,0.0,0.0,0.0,0.0,0,False,False,False
1,Day 1,1,Tray 1,DJI_20260618123542_0001,12,2,2,120,120,240,240,134,134,226,226,13,8464,0.0015359168241965973,0.15359168241965973,50.38461685180664,63.0,13,False,False,False
1,Day 1,1,Tray 1,DJI_20260618123542_0001,13,2,3,240,120,360,240,254,134,346,226,0,8464,0.0,0.0,0.0,0.0,0,False,False,False
1,Day 1,1,Tray 1,DJI_20260618123542_0001,14,2,4,360,120,480,240,374,134,466,226,0,8464,0.0,0.0,0.0,0.0,0,False,False,False
1,Day 1,1,Tray 1,DJI_20260618123542_0001,15,2,5,480,120,600,240,494,134,586,226,0,8464,0.0,0.0,0.0,0.0,0,False,False,False
1,Day 1,1,Tray 1,DJI_20260618123542_0001,16,2,6,600,120,720,240,614,134,706,226,0,8464,0.0,0.0,0.0,0.0,0,False,False,False
1,Day 1,1,Tray 1,DJI_20260618123542_0001,17,2,7,720,120,840,240,734,134,826,226,0,8464,0.0,0.0,0.0,0.0,0,False,False,False
1,Day 1,1,Tray 1,DJI_20260618123542_0001,18,2,8,840,120,960,240,854,134,946,226,0,8464,0.0,0.0,0.0,0.0,0,False,False,False
1,Day 1,1,Tray 1,DJI_20260618123542_0001,19,2,9,960,120,1080,240,974,134,1066,226,0,8464,0.0,0.0,0.0,0.0,0,False,False,False
1,Day 1,1,Tray 1,DJI_20260618123542_0001,20,2,10,1080,120,1200,240,1094,134,1186,226,20,8464,0.0023629489603024575,0.23629489603024575,53.349998474121094,77.0,20,True,True,True
1,Day 1,1,Tray 1,DJI_20260618123542_0001,21,3,1,0,240,120,360,14,254,106,346,0,8464,0.0,0.0,0.0,0.0,0,False,False,False
1,Day 1,1,Tray 1,DJI_20260618123542_0001,22,3,2,120,240,240,360,134,254,226,346,0,8464,0.0,0.0,0.0,0.0,0,False,False,False
1,Day 1,1,Tray 1,DJI_20260618123542_0001,23,3,3,240,240,360,360,254,254,346,346,0,8464,0.0,0.0,0.0,0.0,0,False,False,False
1,Day 1,1,Tray 1,DJI_20260618123542_0001,24,3,4,360,240,480,360,374,254,466,346,0,8464,0.0,0.0,0.0,0.0,0,False,False,False
1,Day 1,1,Tray 1,DJI_20260618123542_0001,25,3,5,480,240,600,360,494,254,586,346,0,8464,0.0,0.0,0.0,0.0,0,False,False,False
1,Day 1,1,Tray 1,DJI_20260618123542_0001,26,3,6,600,240,720,360,614,254,706,346,20,8464,0.0023629489603024575,0.23629489603024575,75.1500015258789,101.0,20,True,True,True
1,Day 1,1,Tray 1,DJI_20260618123542_0001,27,3,7,720,240,840,360,734,254,826,346,0,8464,0.0,0.0,0.0,0.0,0,False,False,False
1,Day 1,1,Tray 1,DJI_20260618123542_0001,28,3,8,840,240,960,360,854,254,946,346,0,8464,0.0,0.0,0.0,0.0,0,False,False,False
1,Day 1,1,Tray 1,DJI_20260618123542_0001,29,3,9,960,240,1080,360,974,254,1066,346,0,8464,0.0,0.0,0.0,0.0,0,False,False,False
1,Day 1,1,Tray 1,DJI_20260618123542_0001,30,3,10,1080,240,1200,360,1094,254,1186,346,26,8464,0.0030718336483931945,0.30718336483931946,53.11538314819336,73.0,26,True,True,True
1,Day 1,1,Tray 1,DJI_20260618123542_0001,31,4,1,0,360,120,480,14,374,106,466,0,8464,0.0,0.0,0.0,0.0,0,False,False,False
1,Day 1,1,Tray 1,DJI_20260618123542_0001,32,4,2,120,360,240,480,134,374,226,466,0,8464,0.0,0.0,0.0,0.0,0,False,False,False
1,Day 1,1,Tray 1,DJI_20260618123542_0001,33,4,3,240,360,360,480,254,374,346,466,0,8464,0.0,0.0,0.0,0.0,0,False,False,False
1,Day 1,1,Tray 1,DJI_20260618123542_0001,34,4,4,360,360,480,480,374,374,466,466,0,8464,0.0,0.0,0.0,0.0,0,False,False,False
1,Day 1,1,Tray 1,DJI_20260618123542_0001,35,4,5,480,360,600,480,494,374,586,466,0,8464,0.0,0.0,0.0,0.0,0,False,False,False
1,Day 1,1,Tray 1,DJI_20260618123542_0001,36,4,6,600,360,720,480,614,374,706,466,0,8464,0.0,0.0,0.0,0.0,0,False,False,False
1,Day 1,1,Tray 1,DJI_20260618123542_0001,37,4,7,720,360,840,480,734,374,826,466,0,8464,0.0,0.0,0.0,0.0,0,False,False,False
1,Day 1,1,Tray 1,DJI_20260618123542_0001,38,4,8,840,360,960,480,854,374,946,466,0,8464,0.0,0.0,0.0,0.0,0,False,False,False
1,Day 1,1,Tray 1,DJI_20260618123542_0001,39,4,9,960,360,1080,480,974,374,1066,466,0,8464,0.0,0.0,0.0,0.0,0,False,False,False
1,Day 1,1,Tray 1,DJI_20260618123542_0001,40,4,10,1080,360,1200,480,1094,374,1186,466,0,8464,0.0,0.0,0.0,0.0,0,False,False,False
1,Day 1,1,Tray 1,DJI_20260618123542_0001,41,5,1,0,480,120,600,14,494,106,586,0,8464,0.0,0.0,0.0,0.0,0,False,False,False
1,Day 1,1,Tray 1,DJI_20260618123542_0001,42,5,2,120,480,240,600,134,494,226,586,6,8464,0.0007088846880907373,0.07088846880907373,45.83333206176758,57.0,6,False,False,False
1,Day 1,1,Tray 1,DJI_20260618123542_0001,43,5,3,240,480,360,600,254,494,346,586,0,8464,0.0,0.0,0.0,0.0,0,False,False,False
1,Day 1,1,Tray 1,DJI_20260618123542_0001,44,5,4,360,480,480,600,374,494,466,586,0,8464,0.0,0.0,0.0,0.0,0,False,False,False
1,Day 1,1,Tray 1,DJI_20260618123542_0001,45,5,5,480,480,600,600,494,494,586,586,0,8464,0.0,0.0,0.0,0.0,0,False,False,False
1,Day 1,1,Tray 1,DJI_20260618123542_0001,46,5,6,600,480,720,600,614,494,706,586,0,8464,0.0,0.0,0.0,0.0,0,False,False,False
1,Day 1,1,Tray 1,DJI_20260618123542_0001,47,5,7,720,480,840,600,734,494,826,586,0,8464,0.0,0.0,0.0,0.0,0,False,False,False
1,Day 1,1,Tray 1,DJI_20260618123542_0001,48,5,8,840,480,960,600,854,494,946,586,0,8464,0.0,0.0,0.0,0.0,0,False,False,False
1,Day 1,1,Tray 1,DJI_20260618123542_0001,49,5,9,960,480,1080,600,974,494,1066,586,0,8464,0.0,0.0,0.0,0.0,0,False,False,False
1,Day 1,1,Tray 1,DJI_20260618123542_0001,50,5,10,1080,480,1200,600,1094,494,1186,586,0,8464,0.0,0.0,0.0,0.0,0,False,False,False
1,Day 1,1,Tray 1,DJI_20260618123542_0001,51,6,1,0,600,120,720,14,614,106,706,0,8464,0.0,0.0,0.0,0.0,0,False,False,False
1,Day 1,1,Tray 1,DJI_20260618123542_0001,52,6,2,120,600,240,720,134,614,226,706,0,8464,0.0,0.0,0.0,0.0,0,False,False,False
1,Day 1,1,Tray 1,DJI_20260618123542_0001,53,6,3,240,600,360,720,254,614,346,706,0,8464,0.0,0.0,0.0,0.0,0,False,False,False
1,Day 1,1,Tray 1,DJI_20260618123542_0001,54,6,4,360,600,480,720,374,614,466,706,0,8464,0.0,0.0,0.0,0.0,0,False,False,False
1,Day 1,1,Tray 1,DJI_20260618123542_0001,55,6,5,480,600,600,720,494,614,586,706,0,8464,0.0,0.0,0.0,0.0,0,False,False,False
1,Day 1,1,Tray 1,DJI_20260618123542_0001,56,6,6,600,600,720,720,614,614,706,706,0,8464,0.0,0.0,0.0,0.0,0,False,False,False
1,Day 1,1,Tray 1,DJI_20260618123542_0001,57,6,7,720,600,840,720,734,614,826,706,0,8464,0.0,0.0,0.0,0.0,0,False,False,False
1,Day 1,1,Tray 1,DJI_20260618123542_0001,58,6,8,840,600,960,720,854,614,946,706,0,8464,0.0,0.0,0.0,0.0,0,False,False,False
1,Day 1,1,Tray 1,DJI_20260618123542_0001,59,6,9,960,600,1080,720,974,614,1066,706,0,8464,0.0,0.0,0.0,0.0,0,False,False,False
1,Day 1,1,Tray 1,DJI_20260618123542_0001,60,6,10,1080,600,1200,720,1094,614,1186,706,0,8464,0.0,0.0,0.0,0.0,0,False,False,False
1,Day 1,1,Tray 1,DJI_20260618123542_0001,61,7,1,0,720,120,840,14,734,106,826,0,8464,0.0,0.0,0.0,0.0,0,False,False,False
1,Day 1,1,Tray 1,DJI_20260618123542_0001,62,7,2,120,720,240,840,134,734,226,826,49,8464,0.0057892249527410206,0.5789224952741021,79.40816497802734,112.0,49,True,True,True
1,Day 1,1,Tray 1,DJI_20260618123542_0001,63,7,3,240,720,360,840,254,734,346,826,1,8464,0.00011814744801512288,0.011814744801512287,23.0,23.0,1,False,False,False
1,Day 1,1,Tray 1,DJI_20260618123542_0001,64,7,4,360,720,480,840,374,734,466,826,0,8464,0.0,0.0,0.0,0.0,0,False,False,False
1,Day 1,1,Tray 1,DJI_20260618123542_0001,65,7,5,480,720,600,840,494,734,586,826,0,8464,0.0,0.0,0.0,0.0,0,False,False,False
1,Day 1,1,Tray 1,DJI_20260618123542_0001,66,7,6,600,720,720,840,614,734,706,826,0,8464,0.0,0.0,0.0,0.0,0,False,False,False
1,Day 1,1,Tray 1,DJI_20260618123542_0001,67,7,7,720,720,840,840,734,734,826,826,0,8464,0.0,0.0,0.0,0.0,0,False,False,False
1,Day 1,1,Tray 1,DJI_20260618123542_0001,68,7,8,840,720,960,840,854,734,946,826,0,8464,0.0,0.0,0.0,0.0,0,False,False,False
1,Day 1,1,Tray 1,DJI_20260618123542_0001,69,7,9,960,720,1080,840,974,734,1066,826,1,8464,0.00011814744801512288,0.011814744801512287,12.0,12.0,1,False,False,False
1,Day 1,1,Tray 1,DJI_20260618123542_0001,70,7,10,1080,720,1200,840,1094,734,1186,826,0,8464,0.0,0.0,0.0,0.0,0,False,False,False
1,Day 1,2,Tray 2,DJI_20260618123812_0002,1,1,1,0,0,120,120,14,14,106,106,0,8464,0.0,0.0,0.0,0.0,0,False,False,False
1,Day 1,2,Tray 2,DJI_20260618123812_0002,2,1,2,120,0,240,120,134,14,226,106,0,8464,0.0,0.0,0.0,0.0,0,False,False,False
1,Day 1,2,Tray 2,DJI_20260618123812_0002,3,1,3,240,0,360,120,254,14,346,106,0,8464,0.0,0.0,0.0,0.0,0,False,False,False
1,Day 1,2,Tray 2,DJI_20260618123812_0002,4,1,4,360,0,480,120,374,14,466,106,0,8464,0.0,0.0,0.0,0.0,0,False,False,False
1,Day 1,2,Tray 2,DJI_20260618123812_0002,5,1,5,480,0,600,120,494,14,586,106,0,8464,0.0,0.0,0.0,0.0,0,False,False,False
1,Day 1,2,Tray 2,DJI_20260618123812_0002,6,1,6,600,0,720,120,614,14,706,106,0,8464,0.0,0.0,0.0,0.0,0,False,False,False
1,Day 1,2,Tray 2,DJI_20260618123812_0002,7,1,7,720,0,840,120,734,14,826,106,0,8464,0.0,0.0,0.0,0.0,0,False,False,False
1,Day 1,2,Tray 2,DJI_20260618123812_0002,8,1,8,840,0,960,120,854,14,946,106,0,8464,0.0,0.0,0.0,0.0,0,False,False,False
1,Day 1,2,Tray 2,DJI_20260618123812_0002,9,1,9,960,0,1080,120,974,14,1066,106,0,8464,0.0,0.0,0.0,0.0,0,False,False,False
1,Day 1,2,Tray 2,DJI_20260618123812_0002,10,1,10,1080,0,1200,120,1094,14,1186,106,0,8464,0.0,0.0,0.0,0.0,0,False,False,False
1,Day 1,2,Tray 2,DJI_20260618123812_0002,11,2,1,0,120,120,240,14,134,106,226,0,8464,0.0,0.0,0.0,0.0,0,False,False,False
1,Day 1,2,Tray 2,DJI_20260618123812_0002,12,2,2,120,120,240,240,134,134,226,226,0,8464,0.0,0.0,0.0,0.0,0,False,False,False
1,Day 1,2,Tray 2,DJI_20260618123812_0002,13,2,3,240,120,360,240,254,134,346,226,18,8464,0.0021266540642722116,0.21266540642722118,68.16666412353516,86.0,18,True,True,True
1,Day 1,2,Tray 2,DJI_20260618123812_0002,14,2,4,360,120,480,240,374,134,466,226,6,8464,0.0007088846880907373,0.07088846880907373,21.83333396911621,31.0,5,False,False,False
1,Day 1,2,Tray 2,DJI_20260618123812_0002,15,2,5,480,120,600,240,494,134,586,226,0,8464,0.0,0.0,0.0,0.0,0,False,False,False
1,Day 1,2,Tray 2,DJI_20260618123812_0002,16,2,6,600,120,720,240,614,134,706,226,0,8464,0.0,0.0,0.0,0.0,0,False,False,False
1,Day 1,2,Tray 2,DJI_20260618123812_0002,17,2,7,720,120,840,240,734,134,826,226,0,8464,0.0,0.0,0.0,0.0,0,False,False,False
1,Day 1,2,Tray 2,DJI_20260618123812_0002,18,2,8,840,120,960,240,854,134,946,226,7,8464,0.0008270321361058601,0.08270321361058601,75.42857360839844,91.0,7,False,False,False
1,Day 1,2,Tray 2,DJI_20260618123812_0002,19,2,9,960,120,1080,240,974,134,1066,226,0,8464,0.0,0.0,0.0,0.0,0,False,False,False
1,Day 1,2,Tray 2,DJI_20260618123812_0002,20,2,10,1080,120,1200,240,1094,134,1186,226,0,8464,0.0,0.0,0.0,0.0,0,False,False,False
1,Day 1,2,Tray 2,DJI_20260618123812_0002,21,3,1,0,240,120,360,14,254,106,346,0,8464,0.0,0.0,0.0,0.0,0,False,False,False
1,Day 1,2,Tray 2,DJI_20260618123812_0002,22,3,2,120,240,240,360,134,254,226,346,0,8464,0.0,0.0,0.0,0.0,0,False,False,False
1,Day 1,2,Tray 2,DJI_20260618123812_0002,23,3,3,240,240,360,360,254,254,346,346,0,8464,0.0,0.0,0.0,0.0,0,False,False,False
1,Day 1,2,Tray 2,DJI_20260618123812_0002,24,3,4,360,240,480,360,374,254,466,346,0,8464,0.0,0.0,0.0,0.0,0,False,False,False
1,Day 1,2,Tray 2,DJI_20260618123812_0002,25,3,5,480,240,600,360,494,254,586,346,0,8464,0.0,0.0,0.0,0.0,0,False,False,False
1,Day 1,2,Tray 2,DJI_20260618123812_0002,26,3,6,600,240,720,360,614,254,706,346,0,8464,0.0,0.0,0.0,0.0,0,False,False,False
1,Day 1,2,Tray 2,DJI_20260618123812_0002,27,3,7,720,240,840,360,734,254,826,346,0,8464,0.0,0.0,0.0,0.0,0,False,False,False
1,Day 1,2,Tray 2,DJI_20260618123812_0002,28,3,8,840,240,960,360,854,254,946,346,0,8464,0.0,0.0,0.0,0.0,0,False,False,False
1,Day 1,2,Tray 2,DJI_20260618123812_0002,29,3,9,960,240,1080,360,974,254,1066,346,0,8464,0.0,0.0,0.0,0.0,0,False,False,False
1,Day 1,2,Tray 2,DJI_20260618123812_0002,30,3,10,1080,240,1200,360,1094,254,1186,346,0,8464,0.0,0.0,0.0,0.0,0,False,False,False
1,Day 1,2,Tray 2,DJI_20260618123812_0002,31,4,1,0,360,120,480,14,374,106,466,0,8464,0.0,0.0,0.0,0.0,0,False,False,False
1,Day 1,2,Tray 2,DJI_20260618123812_0002,32,4,2,120,360,240,480,134,374,226,466,0,8464,0.0,0.0,0.0,0.0,0,False,False,False
1,Day 1,2,Tray 2,DJI_20260618123812_0002,33,4,3,240,360,360,480,254,374,346,466,0,8464,0.0,0.0,0.0,0.0,0,False,False,False
1,Day 1,2,Tray 2,DJI_20260618123812_0002,34,4,4,360,360,480,480,374,374,466,466,0,8464,0.0,0.0,0.0,0.0,0,False,False,False
1,Day 1,2,Tray 2,DJI_20260618123812_0002,35,4,5,480,360,600,480,494,374,586,466,54,8464,0.006379962192816635,0.6379962192816635,73.5,109.0,54,True,True,True
1,Day 1,2,Tray 2,DJI_20260618123812_0002,36,4,6,600,360,720,480,614,374,706,466,53,8464,0.006261814744801512,0.6261814744801513,62.26415252685547,111.0,53,True,True,True
1,Day 1,2,Tray 2,DJI_20260618123812_0002,37,4,7,720,360,840,480,734,374,826,466,0,8464,0.0,0.0,0.0,0.0,0,False,False,False
1,Day 1,2,Tray 2,DJI_20260618123812_0002,38,4,8,840,360,960,480,854,374,946,466,0,8464,0.0,0.0,0.0,0.0,0,False,False,False
1,Day 1,2,Tray 2,DJI_20260618123812_0002,39,4,9,960,360,1080,480,974,374,1066,466,0,8464,0.0,0.0,0.0,0.0,0,False,False,False
1,Day 1,2,Tray 2,DJI_20260618123812_0002,40,4,10,1080,360,1200,480,1094,374,1186,466,0,8464,0.0,0.0,0.0,0.0,0,False,False,False
1,Day 1,2,Tray 2,DJI_20260618123812_0002,41,5,1,0,480,120,600,14,494,106,586,0,8464,0.0,0.0,0.0,0.0,0,False,False,False
1,Day 1,2,Tray 2,DJI_20260618123812_0002,42,5,2,120,480,240,600,134,494,226,586,0,8464,0.0,0.0,0.0,0.0,0,False,False,False
1,Day 1,2,Tray 2,DJI_20260618123812_0002,43,5,3,240,480,360,600,254,494,346,586,0,8464,0.0,0.0,0.0,0.0,0,False,False,False
1,Day 1,2,Tray 2,DJI_20260618123812_0002,44,5,4,360,480,480,600,374,494,466,586,91,8464,0.010751417769376182,1.0751417769376181,85.34066009521484,127.0,91,True,True,True
1,Day 1,2,Tray 2,DJI_20260618123812_0002,45,5,5,480,480,600,600,494,494,586,586,0,8464,0.0,0.0,0.0,0.0,0,False,False,False
1,Day 1,2,Tray 2,DJI_20260618123812_0002,46,5,6,600,480,720,600,614,494,706,586,0,8464,0.0,0.0,0.0,0.0,0,False,False,False
1,Day 1,2,Tray 2,DJI_20260618123812_0002,47,5,7,720,480,840,600,734,494,826,586,0,8464,0.0,0.0,0.0,0.0,0,False,False,False
1,Day 1,2,Tray 2,DJI_20260618123812_0002,48,5,8,840,480,960,600,854,494,946,586,0,8464,0.0,0.0,0.0,0.0,0,False,False,False
1,Day 1,2,Tray 2,DJI_20260618123812_0002,49,5,9,960,480,1080,600,974,494,1066,586,0,8464,0.0,0.0,0.0,0.0,0,False,False,False
1,Day 1,2,Tray 2,DJI_20260618123812_0002,50,5,10,1080,480,1200,600,1094,494,1186,586,0,8464,0.0,0.0,0.0,0.0,0,False,False,False
1,Day 1,2,Tray 2,DJI_20260618123812_0002,51,6,1,0,600,120,720,14,614,106,706,0,8464,0.0,0.0,0.0,0.0,0,False,False,False
1,Day 1,2,Tray 2,DJI_20260618123812_0002,52,6,2,120,600,240,720,134,614,226,706,0,8464,0.0,0.0,0.0,0.0,0,False,False,False
1,Day 1,2,Tray 2,DJI_20260618123812_0002,53,6,3,240,600,360,720,254,614,346,706,0,8464,0.0,0.0,0.0,0.0,0,False,False,False
1,Day 1,2,Tray 2,DJI_20260618123812_0002,54,6,4,360,600,480,720,374,614,466,706,0,8464,0.0,0.0,0.0,0.0,0,False,False,False
1,Day 1,2,Tray 2,DJI_20260618123812_0002,55,6,5,480,600,600,720,494,614,586,706,0,8464,0.0,0.0,0.0,0.0,0,False,False,False
1,Day 1,2,Tray 2,DJI_20260618123812_0002,56,6,6,600,600,720,720,614,614,706,706,0,8464,0.0,0.0,0.0,0.0,0,False,False,False
1,Day 1,2,Tray 2,DJI_20260618123812_0002,57,6,7,720,600,840,720,734,614,826,706,0,8464,0.0,0.0,0.0,0.0,0,False,False,False
1,Day 1,2,Tray 2,DJI_20260618123812_0002,58,6,8,840,600,960,720,854,614,946,706,0,8464,0.0,0.0,0.0,0.0,0,False,False,False
1,Day 1,2,Tray 2,DJI_20260618123812_0002,59,6,9,960,600,1080,720,974,614,1066,706,0,8464,0.0,0.0,0.0,0.0,0,False,False,False
1,Day 1,2,Tray 2,DJI_20260618123812_0002,60,6,10,1080,600,1200,720,1094,614,1186,706,0,8464,0.0,0.0,0.0,0.0,0,False,False,False
1,Day 1,2,Tray 2,DJI_20260618123812_0002,61,7,1,0,720,120,840,14,734,106,826,0,8464,0.0,0.0,0.0,0.0,0,False,False,False
1,Day 1,2,Tray 2,DJI_20260618123812_0002,62,7,2,120,720,240,840,134,734,226,826,0,8464,0.0,0.0,0.0,0.0,0,False,False,False
1,Day 1,2,Tray 2,DJI_20260618123812_0002,63,7,3,240,720,360,840,254,734,346,826,0,8464,0.0,0.0,0.0,0.0,0,False,False,False
1,Day 1,2,Tray 2,DJI_20260618123812_0002,64,7,4,360,720,480,840,374,734,466,826,61,8464,0.0072069943289224956,0.7206994328922496,84.31147766113281,124.0,61,True,True,True
1,Day 1,2,Tray 2,DJI_20260618123812_0002,65,7,5,480,720,600,840,494,734,586,826,0,8464,0.0,0.0,0.0,0.0,0,False,False,False
1,Day 1,2,Tray 2,DJI_20260618123812_0002,66,7,6,600,720,720,840,614,734,706,826,0,8464,0.0,0.0,0.0,0.0,0,False,False,False
1,Day 1,2,Tray 2,DJI_20260618123812_0002,67,7,7,720,720,840,840,734,734,826,826,0,8464,0.0,0.0,0.0,0.0,0,False,False,False
1,Day 1,2,Tray 2,DJI_20260618123812_0002,68,7,8,840,720,960,840,854,734,946,826,0,8464,0.0,0.0,0.0,0.0,0,False,False,False
1,Day 1,2,Tray 2,DJI_20260618123812_0002,69,7,9,960,720,1080,840,974,734,1066,826,1,8464,0.00011814744801512288,0.011814744801512287,12.0,12.0,1,False,False,False
1,Day 1,2,Tray 2,DJI_20260618123812_0002,70,7,10,1080,720,1200,840,1094,734,1186,826,0,8464,0.0,0.0,0.0,0.0,0,False,False,False
1,Day 1,3,Tray 3,DJI_20260618124121_0003,1,1,1,0,0,120,120,14,14,106,106,225,8464,0.026583175803402647,2.6583175803402646,96.98666381835938,132.0,225,True,True,True
1,Day 1,3,Tray 3,DJI_20260618124121_0003,2,1,2,120,0,240,120,134,14,226,106,133,8464,0.015713610586011343,1.5713610586011344,99.71428680419922,128.0,133,True,True,True
1,Day 1,3,Tray 3,DJI_20260618124121_0003,3,1,3,240,0,360,120,254,14,346,106,0,8464,0.0,0.0,0.0,0.0,0,False,False,False
1,Day 1,3,Tray 3,DJI_20260618124121_0003,4,1,4,360,0,480,120,374,14,466,106,0,8464,0.0,0.0,0.0,0.0,0,False,False,False
1,Day 1,3,Tray 3,DJI_20260618124121_0003,5,1,5,480,0,600,120,494,14,586,106,90,8464,0.010633270321361058,1.0633270321361057,93.74444580078125,134.0,90,True,True,True
1,Day 1,3,Tray 3,DJI_20260618124121_0003,6,1,6,600,0,720,120,614,14,706,106,5,8464,0.0005907372400756144,0.05907372400756144,84.0,95.0,5,False,False,False
1,Day 1,3,Tray 3,DJI_20260618124121_0003,7,1,7,720,0,840,120,734,14,826,106,0,8464,0.0,0.0,0.0,0.0,0,False,False,False
1,Day 1,3,Tray 3,DJI_20260618124121_0003,8,1,8,840,0,960,120,854,14,946,106,0,8464,0.0,0.0,0.0,0.0,0,False,False,False
1,Day 1,3,Tray 3,DJI_20260618124121_0003,9,1,9,960,0,1080,120,974,14,1066,106,143,8464,0.016895085066162573,1.6895085066162572,91.69230651855469,139.0,73,True,True,True
1,Day 1,3,Tray 3,DJI_20260618124121_0003,10,1,10,1080,0,1200,120,1094,14,1186,106,0,8464,0.0,0.0,0.0,0.0,0,False,False,False
1,Day 1,3,Tray 3,DJI_20260618124121_0003,11,2,1,0,120,120,240,14,134,106,226,0,8464,0.0,0.0,0.0,0.0,0,False,False,False
1,Day 1,3,Tray 3,DJI_20260618124121_0003,12,2,2,120,120,240,240,134,134,226,226,0,8464,0.0,0.0,0.0,0.0,0,False,False,False
1,Day 1,3,Tray 3,DJI_20260618124121_0003,13,2,3,240,120,360,240,254,134,346,226,0,8464,0.0,0.0,0.0,0.0,0,False,False,False
1,Day 1,3,Tray 3,DJI_20260618124121_0003,14,2,4,360,120,480,240,374,134,466,226,0,8464,0.0,0.0,0.0,0.0,0,False,False,False
1,Day 1,3,Tray 3,DJI_20260618124121_0003,15,2,5,480,120,600,240,494,134,586,226,194,8464,0.022920604914933838,2.292060491493384,94.3402099609375,131.0,194,True,True,True
1,Day 1,3,Tray 3,DJI_20260618124121_0003,16,2,6,600,120,720,240,614,134,706,226,0,8464,0.0,0.0,0.0,0.0,0,False,False,False
1,Day 1,3,Tray 3,DJI_20260618124121_0003,17,2,7,720,120,840,240,734,134,826,226,0,8464,0.0,0.0,0.0,0.0,0,False,False,False
1,Day 1,3,Tray 3,DJI_20260618124121_0003,18,2,8,840,120,960,240,854,134,946,226,55,8464,0.006498109640831758,0.6498109640831757,85.81818389892578,105.0,55,True,True,True
1,Day 1,3,Tray 3,DJI_20260618124121_0003,19,2,9,960,120,1080,240,974,134,1066,226,0,8464,0.0,0.0,0.0,0.0,0,False,False,False
1,Day 1,3,Tray 3,DJI_20260618124121_0003,20,2,10,1080,120,1200,240,1094,134,1186,226,0,8464,0.0,0.0,0.0,0.0,0,False,False,False
1,Day 1,3,Tray 3,DJI_20260618124121_0003,21,3,1,0,240,120,360,14,254,106,346,135,8464,0.015949905482041588,1.5949905482041586,106.1629638671875,137.0,135,True,True,True
1,Day 1,3,Tray 3,DJI_20260618124121_0003,22,3,2,120,240,240,360,134,254,226,346,0,8464,0.0,0.0,0.0,0.0,0,False,False,False
1,Day 1,3,Tray 3,DJI_20260618124121_0003,23,3,3,240,240,360,360,254,254,346,346,0,8464,0.0,0.0,0.0,0.0,0,False,False,False
1,Day 1,3,Tray 3,DJI_20260618124121_0003,24,3,4,360,240,480,360,374,254,466,346,0,8464,0.0,0.0,0.0,0.0,0,False,False,False
1,Day 1,3,Tray 3,DJI_20260618124121_0003,25,3,5,480,240,600,360,494,254,586,346,63,8464,0.007443289224952741,0.744328922495274,94.20635223388672,123.0,63,True,True,True
1,Day 1,3,Tray 3,DJI_20260618124121_0003,26,3,6,600,240,720,360,614,254,706,346,180,8464,0.021266540642722116,2.1266540642722114,101.01667022705078,139.0,180,True,True,True
1,Day 1,3,Tray 3,DJI_20260618124121_0003,27,3,7,720,240,840,360,734,254,826,346,0,8464,0.0,0.0,0.0,0.0,0,False,False,False
1,Day 1,3,Tray 3,DJI_20260618124121_0003,28,3,8,840,240,960,360,854,254,946,346,0,8464,0.0,0.0,0.0,0.0,0,False,False,False
1,Day 1,3,Tray 3,DJI_20260618124121_0003,29,3,9,960,240,1080,360,974,254,1066,346,9,8464,0.0010633270321361058,0.10633270321361059,71.88888549804688,76.0,9,False,False,False
1,Day 1,3,Tray 3,DJI_20260618124121_0003,30,3,10,1080,240,1200,360,1094,254,1186,346,0,8464,0.0,0.0,0.0,0.0,0,False,False,False
1,Day 1,3,Tray 3,DJI_20260618124121_0003,31,4,1,0,360,120,480,14,374,106,466,0,8464,0.0,0.0,0.0,0.0,0,False,False,False
1,Day 1,3,Tray 3,DJI_20260618124121_0003,32,4,2,120,360,240,480,134,374,226,466,0,8464,0.0,0.0,0.0,0.0,0,False,False,False
1,Day 1,3,Tray 3,DJI_20260618124121_0003,33,4,3,240,360,360,480,254,374,346,466,0,8464,0.0,0.0,0.0,0.0,0,False,False,False
1,Day 1,3,Tray 3,DJI_20260618124121_0003,34,4,4,360,360,480,480,374,374,466,466,126,8464,0.014886578449905482,1.488657844990548,102.18254089355469,131.0,126,True,True,True
1,Day 1,3,Tray 3,DJI_20260618124121_0003,35,4,5,480,360,600,480,494,374,586,466,0,8464,0.0,0.0,0.0,0.0,0,False,False,False
1,Day 1,3,Tray 3,DJI_20260618124121_0003,36,4,6,600,360,720,480,614,374,706,466,129,8464,0.01524102079395085,1.524102079395085,95.30232238769531,126.0,129,True,True,True
1,Day 1,3,Tray 3,DJI_20260618124121_0003,37,4,7,720,360,840,480,734,374,826,466,185,8464,0.021857277882797732,2.185727788279773,108.21080780029297,150.0,185,True,True,True
1,Day 1,3,Tray 3,DJI_20260618124121_0003,38,4,8,840,360,960,480,854,374,946,466,0,8464,0.0,0.0,0.0,0.0,0,False,False,False
1,Day 1,3,Tray 3,DJI_20260618124121_0003,39,4,9,960,360,1080,480,974,374,1066,466,0,8464,0.0,0.0,0.0,0.0,0,False,False,False
1,Day 1,3,Tray 3,DJI_20260618124121_0003,40,4,10,1080,360,1200,480,1094,374,1186,466,121,8464,0.014295841209829867,1.4295841209829867,97.90082550048828,133.0,121,True,True,True
1,Day 1,3,Tray 3,DJI_20260618124121_0003,41,5,1,0,480,120,600,14,494,106,586,0,8464,0.0,0.0,0.0,0.0,0,False,False,False
1,Day 1,3,Tray 3,DJI_20260618124121_0003,42,5,2,120,480,240,600,134,494,226,586,0,8464,0.0,0.0,0.0,0.0,0,False,False,False
1,Day 1,3,Tray 3,DJI_20260618124121_0003,43,5,3,240,480,360,600,254,494,346,586,0,8464,0.0,0.0,0.0,0.0,0,False,False,False
1,Day 1,3,Tray 3,DJI_20260618124121_0003,44,5,4,360,480,480,600,374,494,466,586,139,8464,0.01642249527410208,1.642249527410208,93.80575561523438,125.0,139,True,True,True
1,Day 1,3,Tray 3,DJI_20260618124121_0003,45,5,5,480,480,600,600,494,494,586,586,0,8464,0.0,0.0,0.0,0.0,0,False,False,False
1,Day 1,3,Tray 3,DJI_20260618124121_0003,46,5,6,600,480,720,600,614,494,706,586,249,8464,0.029418714555765595,2.9418714555765595,104.1204833984375,135.0,249,True,True,True
1,Day 1,3,Tray 3,DJI_20260618124121_0003,47,5,7,720,480,840,600,734,494,826,586,193,8464,0.022802457466918714,2.2802457466918713,91.09844207763672,135.0,133,True,True,True
1,Day 1,3,Tray 3,DJI_20260618124121_0003,48,5,8,840,480,960,600,854,494,946,586,81,8464,0.009569943289224952,0.9569943289224953,96.543212890625,117.0,81,True,True,True
1,Day 1,3,Tray 3,DJI_20260618124121_0003,49,5,9,960,480,1080,600,974,494,1066,586,0,8464,0.0,0.0,0.0,0.0,0,False,False,False
1,Day 1,3,Tray 3,DJI_20260618124121_0003,50,5,10,1080,480,1200,600,1094,494,1186,586,0,8464,0.0,0.0,0.0,0.0,0,False,False,False
1,Day 1,3,Tray 3,DJI_20260618124121_0003,51,6,1,0,600,120,720,14,614,106,706,7,8464,0.0008270321361058601,0.08270321361058601,90.14286041259766,108.0,7,False,False,False
1,Day 1,3,Tray 3,DJI_20260618124121_0003,52,6,2,120,600,240,720,134,614,226,706,0,8464,0.0,0.0,0.0,0.0,0,False,False,False
1,Day 1,3,Tray 3,DJI_20260618124121_0003,53,6,3,240,600,360,720,254,614,346,706,0,8464,0.0,0.0,0.0,0.0,0,False,False,False
1,Day 1,3,Tray 3,DJI_20260618124121_0003,54,6,4,360,600,480,720,374,614,466,706,0,8464,0.0,0.0,0.0,0.0,0,False,False,False
1,Day 1,3,Tray 3,DJI_20260618124121_0003,55,6,5,480,600,600,720,494,614,586,706,0,8464,0.0,0.0,0.0,0.0,0,False,False,False
1,Day 1,3,Tray 3,DJI_20260618124121_0003,56,6,6,600,600,720,720,614,614,706,706,0,8464,0.0,0.0,0.0,0.0,0,False,False,False
1,Day 1,3,Tray 3,DJI_20260618124121_0003,57,6,7,720,600,840,720,734,614,826,706,0,8464,0.0,0.0,0.0,0.0,0,False,False,False
1,Day 1,3,Tray 3,DJI_20260618124121_0003,58,6,8,840,600,960,720,854,614,946,706,16,8464,0.001890359168241966,0.1890359168241966,44.5625,50.0,16,True,True,True
1,Day 1,3,Tray 3,DJI_20260618124121_0003,59,6,9,960,600,1080,720,974,614,1066,706,0,8464,0.0,0.0,0.0,0.0,0,False,False,False
1,Day 1,3,Tray 3,DJI_20260618124121_0003,60,6,10,1080,600,1200,720,1094,614,1186,706,1,8464,0.00011814744801512288,0.011814744801512287,63.0,63.0,1,False,False,False
1,Day 1,3,Tray 3,DJI_20260618124121_0003,61,7,1,0,720,120,840,14,734,106,826,0,8464,0.0,0.0,0.0,0.0,0,False,False,False
1,Day 1,3,Tray 3,DJI_20260618124121_0003,62,7,2,120,720,240,840,134,734,226,826,0,8464,0.0,0.0,0.0,0.0,0,False,False,False
1,Day 1,3,Tray 3,DJI_20260618124121_0003,63,7,3,240,720,360,840,254,734,346,826,135,8464,0.015949905482041588,1.5949905482041586,95.46666717529297,124.0,119,True,True,True
1,Day 1,3,Tray 3,DJI_20260618124121_0003,64,7,4,360,720,480,840,374,734,466,826,0,8464,0.0,0.0,0.0,0.0,0,False,False,False
1,Day 1,3,Tray 3,DJI_20260618124121_0003,65,7,5,480,720,600,840,494,734,586,826,19,8464,0.0022448015122873348,0.22448015122873347,76.78947448730469,111.0,19,True,True,True
1,Day 1,3,Tray 3,DJI_20260618124121_0003,66,7,6,600,720,720,840,614,734,706,826,0,8464,0.0,0.0,0.0,0.0,0,False,False,False
1,Day 1,3,Tray 3,DJI_20260618124121_0003,67,7,7,720,720,840,840,734,734,826,826,198,8464,0.02339319470699433,2.339319470699433,104.97474670410156,132.0,198,True,True,True
1,Day 1,3,Tray 3,DJI_20260618124121_0003,68,7,8,840,720,960,840,854,734,946,826,0,8464,0.0,0.0,0.0,0.0,0,False,False,False
1,Day 1,3,Tray 3,DJI_20260618124121_0003,69,7,9,960,720,1080,840,974,734,1066,826,0,8464,0.0,0.0,0.0,0.0,0,False,False,False
1,Day 1,3,Tray 3,DJI_20260618124121_0003,70,7,10,1080,720,1200,840,1094,734,1186,826,0,8464,0.0,0.0,0.0,0.0,0,False,False,False
1,Day 1,4,Tray 4,DJI_20260618124235_0004,1,1,1,0,0,120,120,14,14,106,106,0,8464,0.0,0.0,0.0,0.0,0,False,False,False
1,Day 1,4,Tray 4,DJI_20260618124235_0004,2,1,2,120,0,240,120,134,14,226,106,92,8464,0.010869565217391304,1.0869565217391304,80.91304016113281,107.0,92,True,True,True
1,Day 1,4,Tray 4,DJI_20260618124235_0004,3,1,3,240,0,360,120,254,14,346,106,0,8464,0.0,0.0,0.0,0.0,0,False,False,False
1,Day 1,4,Tray 4,DJI_20260618124235_0004,4,1,4,360,0,480,120,374,14,466,106,30,8464,0.003544423440453686,0.3544423440453686,78.03333282470703,91.0,30,True,True,True
1,Day 1,4,Tray 4,DJI_20260618124235_0004,5,1,5,480,0,600,120,494,14,586,106,0,8464,0.0,0.0,0.0,0.0,0,False,False,False
1,Day 1,4,Tray 4,DJI_20260618124235_0004,6,1,6,600,0,720,120,614,14,706,106,0,8464,0.0,0.0,0.0,0.0,0,False,False,False
1,Day 1,4,Tray 4,DJI_20260618124235_0004,7,1,7,720,0,840,120,734,14,826,106,0,8464,0.0,0.0,0.0,0.0,0,False,False,False
1,Day 1,4,Tray 4,DJI_20260618124235_0004,8,1,8,840,0,960,120,854,14,946,106,0,8464,0.0,0.0,0.0,0.0,0,False,False,False
1,Day 1,4,Tray 4,DJI_20260618124235_0004,9,1,9,960,0,1080,120,974,14,1066,106,0,8464,0.0,0.0,0.0,0.0,0,False,False,False
1,Day 1,4,Tray 4,DJI_20260618124235_0004,10,1,10,1080,0,1200,120,1094,14,1186,106,0,8464,0.0,0.0,0.0,0.0,0,False,False,False
1,Day 1,4,Tray 4,DJI_20260618124235_0004,11,2,1,0,120,120,240,14,134,106,226,0,8464,0.0,0.0,0.0,0.0,0,False,False,False
1,Day 1,4,Tray 4,DJI_20260618124235_0004,12,2,2,120,120,240,240,134,134,226,226,0,8464,0.0,0.0,0.0,0.0,0,False,False,False
1,Day 1,4,Tray 4,DJI_20260618124235_0004,13,2,3,240,120,360,240,254,134,346,226,0,8464,0.0,0.0,0.0,0.0,0,False,False,False
1,Day 1,4,Tray 4,DJI_20260618124235_0004,14,2,4,360,120,480,240,374,134,466,226,0,8464,0.0,0.0,0.0,0.0,0,False,False,False
1,Day 1,4,Tray 4,DJI_20260618124235_0004,15,2,5,480,120,600,240,494,134,586,226,0,8464,0.0,0.0,0.0,0.0,0,False,False,False
1,Day 1,4,Tray 4,DJI_20260618124235_0004,16,2,6,600,120,720,240,614,134,706,226,0,8464,0.0,0.0,0.0,0.0,0,False,False,False
1,Day 1,4,Tray 4,DJI_20260618124235_0004,17,2,7,720,120,840,240,734,134,826,226,0,8464,0.0,0.0,0.0,0.0,0,False,False,False
1,Day 1,4,Tray 4,DJI_20260618124235_0004,18,2,8,840,120,960,240,854,134,946,226,0,8464,0.0,0.0,0.0,0.0,0,False,False,False
1,Day 1,4,Tray 4,DJI_20260618124235_0004,19,2,9,960,120,1080,240,974,134,1066,226,0,8464,0.0,0.0,0.0,0.0,0,False,False,False
1,Day 1,4,Tray 4,DJI_20260618124235_0004,20,2,10,1080,120,1200,240,1094,134,1186,226,0,8464,0.0,0.0,0.0,0.0,0,False,False,False
1,Day 1,4,Tray 4,DJI_20260618124235_0004,21,3,1,0,240,120,360,14,254,106,346,0,8464,0.0,0.0,0.0,0.0,0,False,False,False
1,Day 1,4,Tray 4,DJI_20260618124235_0004,22,3,2,120,240,240,360,134,254,226,346,0,8464,0.0,0.0,0.0,0.0,0,False,False,False
1,Day 1,4,Tray 4,DJI_20260618124235_0004,23,3,3,240,240,360,360,254,254,346,346,0,8464,0.0,0.0,0.0,0.0,0,False,False,False
1,Day 1,4,Tray 4,DJI_20260618124235_0004,24,3,4,360,240,480,360,374,254,466,346,38,8464,0.0044896030245746696,0.44896030245746693,70.68421173095703,85.0,38,True,True,True
1,Day 1,4,Tray 4,DJI_20260618124235_0004,25,3,5,480,240,600,360,494,254,586,346,10,8464,0.0011814744801512287,0.11814744801512288,50.900001525878906,60.0,10,False,False,False
1,Day 1,4,Tray 4,DJI_20260618124235_0004,26,3,6,600,240,720,360,614,254,706,346,0,8464,0.0,0.0,0.0,0.0,0,False,False,False
1,Day 1,4,Tray 4,DJI_20260618124235_0004,27,3,7,720,240,840,360,734,254,826,346,0,8464,0.0,0.0,0.0,0.0,0,False,False,False
1,Day 1,4,Tray 4,DJI_20260618124235_0004,28,3,8,840,240,960,360,854,254,946,346,34,8464,0.004017013232514178,0.4017013232514178,76.94117736816406,94.0,34,True,True,True
1,Day 1,4,Tray 4,DJI_20260618124235_0004,29,3,9,960,240,1080,360,974,254,1066,346,0,8464,0.0,0.0,0.0,0.0,0,False,False,False
1,Day 1,4,Tray 4,DJI_20260618124235_0004,30,3,10,1080,240,1200,360,1094,254,1186,346,0,8464,0.0,0.0,0.0,0.0,0,False,False,False
1,Day 1,4,Tray 4,DJI_20260618124235_0004,31,4,1,0,360,120,480,14,374,106,466,0,8464,0.0,0.0,0.0,0.0,0,False,False,False
1,Day 1,4,Tray 4,DJI_20260618124235_0004,32,4,2,120,360,240,480,134,374,226,466,0,8464,0.0,0.0,0.0,0.0,0,False,False,False
1,Day 1,4,Tray 4,DJI_20260618124235_0004,33,4,3,240,360,360,480,254,374,346,466,0,8464,0.0,0.0,0.0,0.0,0,False,False,False
1,Day 1,4,Tray 4,DJI_20260618124235_0004,34,4,4,360,360,480,480,374,374,466,466,3,8464,0.00035444234404536864,0.03544423440453687,51.33333206176758,54.0,3,False,False,False
1,Day 1,4,Tray 4,DJI_20260618124235_0004,35,4,5,480,360,600,480,494,374,586,466,0,8464,0.0,0.0,0.0,0.0,0,False,False,False
1,Day 1,4,Tray 4,DJI_20260618124235_0004,36,4,6,600,360,720,480,614,374,706,466,0,8464,0.0,0.0,0.0,0.0,0,False,False,False
1,Day 1,4,Tray 4,DJI_20260618124235_0004,37,4,7,720,360,840,480,734,374,826,466,0,8464,0.0,0.0,0.0,0.0,0,False,False,False
1,Day 1,4,Tray 4,DJI_20260618124235_0004,38,4,8,840,360,960,480,854,374,946,466,0,8464,0.0,0.0,0.0,0.0,0,False,False,False
1,Day 1,4,Tray 4,DJI_20260618124235_0004,39,4,9,960,360,1080,480,974,374,1066,466,0,8464,0.0,0.0,0.0,0.0,0,False,False,False
1,Day 1,4,Tray 4,DJI_20260618124235_0004,40,4,10,1080,360,1200,480,1094,374,1186,466,0,8464,0.0,0.0,0.0,0.0,0,False,False,False
1,Day 1,4,Tray 4,DJI_20260618124235_0004,41,5,1,0,480,120,600,14,494,106,586,0,8464,0.0,0.0,0.0,0.0,0,False,False,False
1,Day 1,4,Tray 4,DJI_20260618124235_0004,42,5,2,120,480,240,600,134,494,226,586,130,8464,0.015359168241965973,1.5359168241965973,88.4923095703125,126.0,130,True,True,True
1,Day 1,4,Tray 4,DJI_20260618124235_0004,43,5,3,240,480,360,600,254,494,346,586,30,8464,0.003544423440453686,0.3544423440453686,83.93333435058594,103.0,30,True,True,True
1,Day 1,4,Tray 4,DJI_20260618124235_0004,44,5,4,360,480,480,600,374,494,466,586,116,8464,0.013705103969754254,1.3705103969754253,83.05172729492188,113.0,116,True,True,True
1,Day 1,4,Tray 4,DJI_20260618124235_0004,45,5,5,480,480,600,600,494,494,586,586,1,8464,0.00011814744801512288,0.011814744801512287,68.0,68.0,1,False,False,False
1,Day 1,4,Tray 4,DJI_20260618124235_0004,46,5,6,600,480,720,600,614,494,706,586,0,8464,0.0,0.0,0.0,0.0,0,False,False,False
1,Day 1,4,Tray 4,DJI_20260618124235_0004,47,5,7,720,480,840,600,734,494,826,586,0,8464,0.0,0.0,0.0,0.0,0,False,False,False
1,Day 1,4,Tray 4,DJI_20260618124235_0004,48,5,8,840,480,960,600,854,494,946,586,0,8464,0.0,0.0,0.0,0.0,0,False,False,False
1,Day 1,4,Tray 4,DJI_20260618124235_0004,49,5,9,960,480,1080,600,974,494,1066,586,0,8464,0.0,0.0,0.0,0.0,0,False,False,False
1,Day 1,4,Tray 4,DJI_20260618124235_0004,50,5,10,1080,480,1200,600,1094,494,1186,586,39,8464,0.004607750472589792,0.46077504725897916,79.69230651855469,98.0,39,True,True,True
1,Day 1,4,Tray 4,DJI_20260618124235_0004,51,6,1,0,600,120,720,14,614,106,706,0,8464,0.0,0.0,0.0,0.0,0,False,False,False
1,Day 1,4,Tray 4,DJI_20260618124235_0004,52,6,2,120,600,240,720,134,614,226,706,0,8464,0.0,0.0,0.0,0.0,0,False,False,False
1,Day 1,4,Tray 4,DJI_20260618124235_0004,53,6,3,240,600,360,720,254,614,346,706,47,8464,0.005552930056710775,0.5552930056710775,82.51063537597656,120.0,47,True,True,True
1,Day 1,4,Tray 4,DJI_20260618124235_0004,54,6,4,360,600,480,720,374,614,466,706,0,8464,0.0,0.0,0.0,0.0,0,False,False,False
1,Day 1,4,Tray 4,DJI_20260618124235_0004,55,6,5,480,600,600,720,494,614,586,706,118,8464,0.013941398865784499,1.3941398865784498,83.7796630859375,108.0,118,True,True,True
1,Day 1,4,Tray 4,DJI_20260618124235_0004,56,6,6,600,600,720,720,614,614,706,706,0,8464,0.0,0.0,0.0,0.0,0,False,False,False
1,Day 1,4,Tray 4,DJI_20260618124235_0004,57,6,7,720,600,840,720,734,614,826,706,6,8464,0.0007088846880907373,0.07088846880907373,51.16666793823242,70.0,6,False,False,False
1,Day 1,4,Tray 4,DJI_20260618124235_0004,58,6,8,840,600,960,720,854,614,946,706,0,8464,0.0,0.0,0.0,0.0,0,False,False,False
1,Day 1,4,Tray 4,DJI_20260618124235_0004,59,6,9,960,600,1080,720,974,614,1066,706,0,8464,0.0,0.0,0.0,0.0,0,False,False,False
1,Day 1,4,Tray 4,DJI_20260618124235_0004,60,6,10,1080,600,1200,720,1094,614,1186,706,0,8464,0.0,0.0,0.0,0.0,0,False,False,False
1,Day 1,4,Tray 4,DJI_20260618124235_0004,61,7,1,0,720,120,840,14,734,106,826,0,8464,0.0,0.0,0.0,0.0,0,False,False,False
1,Day 1,4,Tray 4,DJI_20260618124235_0004,62,7,2,120,720,240,840,134,734,226,826,0,8464,0.0,0.0,0.0,0.0,0,False,False,False
1,Day 1,4,Tray 4,DJI_20260618124235_0004,63,7,3,240,720,360,840,254,734,346,826,0,8464,0.0,0.0,0.0,0.0,0,False,False,False
1,Day 1,4,Tray 4,DJI_20260618124235_0004,64,7,4,360,720,480,840,374,734,466,826,0,8464,0.0,0.0,0.0,0.0,0,False,False,False
1,Day 1,4,Tray 4,DJI_20260618124235_0004,65,7,5,480,720,600,840,494,734,586,826,0,8464,0.0,0.0,0.0,0.0,0,False,False,False
1,Day 1,4,Tray 4,DJI_20260618124235_0004,66,7,6,600,720,720,840,614,734,706,826,0,8464,0.0,0.0,0.0,0.0,0,False,False,False
1,Day 1,4,Tray 4,DJI_20260618124235_0004,67,7,7,720,720,840,840,734,734,826,826,0,8464,0.0,0.0,0.0,0.0,0,False,False,False
1,Day 1,4,Tray 4,DJI_20260618124235_0004,68,7,8,840,720,960,840,854,734,946,826,0,8464,0.0,0.0,0.0,0.0,0,False,False,False
1,Day 1,4,Tray 4,DJI_20260618124235_0004,69,7,9,960,720,1080,840,974,734,1066,826,11,8464,0.0012996219281663517,0.12996219281663515,32.90909194946289,52.0,10,False,False,False
1,Day 1,4,Tray 4,DJI_20260618124235_0004,70,7,10,1080,720,1200,840,1094,734,1186,826,0,8464,0.0,0.0,0.0,0.0,0,False,False,False
1,Day 1,5,Tray 5,DJI_20260618124331_0005,1,1,1,0,0,120,120,14,14,106,106,0,8464,0.0,0.0,0.0,0.0,0,False,False,False
1,Day 1,5,Tray 5,DJI_20260618124331_0005,2,1,2,120,0,240,120,134,14,226,106,9,8464,0.0010633270321361058,0.10633270321361059,72.0,87.0,9,False,False,False
1,Day 1,5,Tray 5,DJI_20260618124331_0005,3,1,3,240,0,360,120,254,14,346,106,0,8464,0.0,0.0,0.0,0.0,0,False,False,False
1,Day 1,5,Tray 5,DJI_20260618124331_0005,4,1,4,360,0,480,120,374,14,466,106,0,8464,0.0,0.0,0.0,0.0,0,False,False,False
1,Day 1,5,Tray 5,DJI_20260618124331_0005,5,1,5,480,0,600,120,494,14,586,106,0,8464,0.0,0.0,0.0,0.0,0,False,False,False
1,Day 1,5,Tray 5,DJI_20260618124331_0005,6,1,6,600,0,720,120,614,14,706,106,0,8464,0.0,0.0,0.0,0.0,0,False,False,False
1,Day 1,5,Tray 5,DJI_20260618124331_0005,7,1,7,720,0,840,120,734,14,826,106,0,8464,0.0,0.0,0.0,0.0,0,False,False,False
1,Day 1,5,Tray 5,DJI_20260618124331_0005,8,1,8,840,0,960,120,854,14,946,106,2,8464,0.00023629489603024575,0.023629489603024575,41.0,48.0,2,False,False,False
1,Day 1,5,Tray 5,DJI_20260618124331_0005,9,1,9,960,0,1080,120,974,14,1066,106,0,8464,0.0,0.0,0.0,0.0,0,False,False,False
1,Day 1,5,Tray 5,DJI_20260618124331_0005,10,1,10,1080,0,1200,120,1094,14,1186,106,0,8464,0.0,0.0,0.0,0.0,0,False,False,False
1,Day 1,5,Tray 5,DJI_20260618124331_0005,11,2,1,0,120,120,240,14,134,106,226,0,8464,0.0,0.0,0.0,0.0,0,False,False,False
1,Day 1,5,Tray 5,DJI_20260618124331_0005,12,2,2,120,120,240,240,134,134,226,226,0,8464,0.0,0.0,0.0,0.0,0,False,False,False
1,Day 1,5,Tray 5,DJI_20260618124331_0005,13,2,3,240,120,360,240,254,134,346,226,0,8464,0.0,0.0,0.0,0.0,0,False,False,False
1,Day 1,5,Tray 5,DJI_20260618124331_0005,14,2,4,360,120,480,240,374,134,466,226,0,8464,0.0,0.0,0.0,0.0,0,False,False,False
1,Day 1,5,Tray 5,DJI_20260618124331_0005,15,2,5,480,120,600,240,494,134,586,226,0,8464,0.0,0.0,0.0,0.0,0,False,False,False
1,Day 1,5,Tray 5,DJI_20260618124331_0005,16,2,6,600,120,720,240,614,134,706,226,0,8464,0.0,0.0,0.0,0.0,0,False,False,False
1,Day 1,5,Tray 5,DJI_20260618124331_0005,17,2,7,720,120,840,240,734,134,826,226,0,8464,0.0,0.0,0.0,0.0,0,False,False,False
1,Day 1,5,Tray 5,DJI_20260618124331_0005,18,2,8,840,120,960,240,854,134,946,226,0,8464,0.0,0.0,0.0,0.0,0,False,False,False
1,Day 1,5,Tray 5,DJI_20260618124331_0005,19,2,9,960,120,1080,240,974,134,1066,226,0,8464,0.0,0.0,0.0,0.0,0,False,False,False
1,Day 1,5,Tray 5,DJI_20260618124331_0005,20,2,10,1080,120,1200,240,1094,134,1186,226,0,8464,0.0,0.0,0.0,0.0,0,False,False,False
1,Day 1,5,Tray 5,DJI_20260618124331_0005,21,3,1,0,240,120,360,14,254,106,346,0,8464,0.0,0.0,0.0,0.0,0,False,False,False
1,Day 1,5,Tray 5,DJI_20260618124331_0005,22,3,2,120,240,240,360,134,254,226,346,0,8464,0.0,0.0,0.0,0.0,0,False,False,False
1,Day 1,5,Tray 5,DJI_20260618124331_0005,23,3,3,240,240,360,360,254,254,346,346,0,8464,0.0,0.0,0.0,0.0,0,False,False,False
1,Day 1,5,Tray 5,DJI_20260618124331_0005,24,3,4,360,240,480,360,374,254,466,346,0,8464,0.0,0.0,0.0,0.0,0,False,False,False
1,Day 1,5,Tray 5,DJI_20260618124331_0005,25,3,5,480,240,600,360,494,254,586,346,0,8464,0.0,0.0,0.0,0.0,0,False,False,False
1,Day 1,5,Tray 5,DJI_20260618124331_0005,26,3,6,600,240,720,360,614,254,706,346,0,8464,0.0,0.0,0.0,0.0,0,False,False,False
1,Day 1,5,Tray 5,DJI_20260618124331_0005,27,3,7,720,240,840,360,734,254,826,346,8,8464,0.000945179584120983,0.0945179584120983,40.25,44.0,8,False,False,False
1,Day 1,5,Tray 5,DJI_20260618124331_0005,28,3,8,840,240,960,360,854,254,946,346,0,8464,0.0,0.0,0.0,0.0,0,False,False,False
1,Day 1,5,Tray 5,DJI_20260618124331_0005,29,3,9,960,240,1080,360,974,254,1066,346,0,8464,0.0,0.0,0.0,0.0,0,False,False,False
1,Day 1,5,Tray 5,DJI_20260618124331_0005,30,3,10,1080,240,1200,360,1094,254,1186,346,0,8464,0.0,0.0,0.0,0.0,0,False,False,False
1,Day 1,5,Tray 5,DJI_20260618124331_0005,31,4,1,0,360,120,480,14,374,106,466,0,8464,0.0,0.0,0.0,0.0,0,False,False,False
1,Day 1,5,Tray 5,DJI_20260618124331_0005,32,4,2,120,360,240,480,134,374,226,466,0,8464,0.0,0.0,0.0,0.0,0,False,False,False
1,Day 1,5,Tray 5,DJI_20260618124331_0005,33,4,3,240,360,360,480,254,374,346,466,0,8464,0.0,0.0,0.0,0.0,0,False,False,False
1,Day 1,5,Tray 5,DJI_20260618124331_0005,34,4,4,360,360,480,480,374,374,466,466,0,8464,0.0,0.0,0.0,0.0,0,False,False,False
1,Day 1,5,Tray 5,DJI_20260618124331_0005,35,4,5,480,360,600,480,494,374,586,466,0,8464,0.0,0.0,0.0,0.0,0,False,False,False
1,Day 1,5,Tray 5,DJI_20260618124331_0005,36,4,6,600,360,720,480,614,374,706,466,7,8464,0.0008270321361058601,0.08270321361058601,65.71428680419922,75.0,7,False,False,False
1,Day 1,5,Tray 5,DJI_20260618124331_0005,37,4,7,720,360,840,480,734,374,826,466,0,8464,0.0,0.0,0.0,0.0,0,False,False,False
1,Day 1,5,Tray 5,DJI_20260618124331_0005,38,4,8,840,360,960,480,854,374,946,466,0,8464,0.0,0.0,0.0,0.0,0,False,False,False
1,Day 1,5,Tray 5,DJI_20260618124331_0005,39,4,9,960,360,1080,480,974,374,1066,466,0,8464,0.0,0.0,0.0,0.0,0,False,False,False
1,Day 1,5,Tray 5,DJI_20260618124331_0005,40,4,10,1080,360,1200,480,1094,374,1186,466,0,8464,0.0,0.0,0.0,0.0,0,False,False,False
1,Day 1,5,Tray 5,DJI_20260618124331_0005,41,5,1,0,480,120,600,14,494,106,586,59,8464,0.006970699432892249,0.6970699432892249,80.05084991455078,113.0,59,True,True,True
1,Day 1,5,Tray 5,DJI_20260618124331_0005,42,5,2,120,480,240,600,134,494,226,586,0,8464,0.0,0.0,0.0,0.0,0,False,False,False
1,Day 1,5,Tray 5,DJI_20260618124331_0005,43,5,3,240,480,360,600,254,494,346,586,0,8464,0.0,0.0,0.0,0.0,0,False,False,False
1,Day 1,5,Tray 5,DJI_20260618124331_0005,44,5,4,360,480,480,600,374,494,466,586,0,8464,0.0,0.0,0.0,0.0,0,False,False,False
1,Day 1,5,Tray 5,DJI_20260618124331_0005,45,5,5,480,480,600,600,494,494,586,586,0,8464,0.0,0.0,0.0,0.0,0,False,False,False
1,Day 1,5,Tray 5,DJI_20260618124331_0005,46,5,6,600,480,720,600,614,494,706,586,0,8464,0.0,0.0,0.0,0.0,0,False,False,False
1,Day 1,5,Tray 5,DJI_20260618124331_0005,47,5,7,720,480,840,600,734,494,826,586,3,8464,0.00035444234404536864,0.03544423440453687,83.33333587646484,91.0,3,False,False,False
1,Day 1,5,Tray 5,DJI_20260618124331_0005,48,5,8,840,480,960,600,854,494,946,586,8,8464,0.000945179584120983,0.0945179584120983,70.75,83.0,8,False,False,False
1,Day 1,5,Tray 5,DJI_20260618124331_0005,49,5,9,960,480,1080,600,974,494,1066,586,0,8464,0.0,0.0,0.0,0.0,0,False,False,False
1,Day 1,5,Tray 5,DJI_20260618124331_0005,50,5,10,1080,480,1200,600,1094,494,1186,586,0,8464,0.0,0.0,0.0,0.0,0,False,False,False
1,Day 1,5,Tray 5,DJI_20260618124331_0005,51,6,1,0,600,120,720,14,614,106,706,0,8464,0.0,0.0,0.0,0.0,0,False,False,False
1,Day 1,5,Tray 5,DJI_20260618124331_0005,52,6,2,120,600,240,720,134,614,226,706,0,8464,0.0,0.0,0.0,0.0,0,False,False,False
1,Day 1,5,Tray 5,DJI_20260618124331_0005,53,6,3,240,600,360,720,254,614,346,706,0,8464,0.0,0.0,0.0,0.0,0,False,False,False
1,Day 1,5,Tray 5,DJI_20260618124331_0005,54,6,4,360,600,480,720,374,614,466,706,0,8464,0.0,0.0,0.0,0.0,0,False,False,False
1,Day 1,5,Tray 5,DJI_20260618124331_0005,55,6,5,480,600,600,720,494,614,586,706,26,8464,0.0030718336483931945,0.30718336483931946,83.30769348144531,134.0,26,True,True,True
1,Day 1,5,Tray 5,DJI_20260618124331_0005,56,6,6,600,600,720,720,614,614,706,706,0,8464,0.0,0.0,0.0,0.0,0,False,False,False
1,Day 1,5,Tray 5,DJI_20260618124331_0005,57,6,7,720,600,840,720,734,614,826,706,0,8464,0.0,0.0,0.0,0.0,0,False,False,False
1,Day 1,5,Tray 5,DJI_20260618124331_0005,58,6,8,840,600,960,720,854,614,946,706,0,8464,0.0,0.0,0.0,0.0,0,False,False,False
1,Day 1,5,Tray 5,DJI_20260618124331_0005,59,6,9,960,600,1080,720,974,614,1066,706,0,8464,0.0,0.0,0.0,0.0,0,False,False,False
1,Day 1,5,Tray 5,DJI_20260618124331_0005,60,6,10,1080,600,1200,720,1094,614,1186,706,0,8464,0.0,0.0,0.0,0.0,0,False,False,False
1,Day 1,5,Tray 5,DJI_20260618124331_0005,61,7,1,0,720,120,840,14,734,106,826,0,8464,0.0,0.0,0.0,0.0,0,False,False,False
1,Day 1,5,Tray 5,DJI_20260618124331_0005,62,7,2,120,720,240,840,134,734,226,826,0,8464,0.0,0.0,0.0,0.0,0,False,False,False
1,Day 1,5,Tray 5,DJI_20260618124331_0005,63,7,3,240,720,360,840,254,734,346,826,0,8464,0.0,0.0,0.0,0.0,0,False,False,False
1,Day 1,5,Tray 5,DJI_20260618124331_0005,64,7,4,360,720,480,840,374,734,466,826,0,8464,0.0,0.0,0.0,0.0,0,False,False,False
1,Day 1,5,Tray 5,DJI_20260618124331_0005,65,7,5,480,720,600,840,494,734,586,826,0,8464,0.0,0.0,0.0,0.0,0,False,False,False
1,Day 1,5,Tray 5,DJI_20260618124331_0005,66,7,6,600,720,720,840,614,734,706,826,0,8464,0.0,0.0,0.0,0.0,0,False,False,False
1,Day 1,5,Tray 5,DJI_20260618124331_0005,67,7,7,720,720,840,840,734,734,826,826,0,8464,0.0,0.0,0.0,0.0,0,False,False,False
1,Day 1,5,Tray 5,DJI_20260618124331_0005,68,7,8,840,720,960,840,854,734,946,826,4,8464,0.0004725897920604915,0.04725897920604915,58.75,65.0,4,False,False,False
1,Day 1,5,Tray 5,DJI_20260618124331_0005,69,7,9,960,720,1080,840,974,734,1066,826,0,8464,0.0,0.0,0.0,0.0,0,False,False,False
1,Day 1,5,Tray 5,DJI_20260618124331_0005,70,7,10,1080,720,1200,840,1094,734,1186,826,0,8464,0.0,0.0,0.0,0.0,0,False,False,False
1,Day 1,6,Tray 6,DJI_20260618124449_0006,1,1,1,0,0,120,120,14,14,106,106,0,8464,0.0,0.0,0.0,0.0,0,False,False,False
1,Day 1,6,Tray 6,DJI_20260618124449_0006,2,1,2,120,0,240,120,134,14,226,106,0,8464,0.0,0.0,0.0,0.0,0,False,False,False
1,Day 1,6,Tray 6,DJI_20260618124449_0006,3,1,3,240,0,360,120,254,14,346,106,0,8464,0.0,0.0,0.0,0.0,0,False,False,False
1,Day 1,6,Tray 6,DJI_20260618124449_0006,4,1,4,360,0,480,120,374,14,466,106,0,8464,0.0,0.0,0.0,0.0,0,False,False,False
1,Day 1,6,Tray 6,DJI_20260618124449_0006,5,1,5,480,0,600,120,494,14,586,106,0,8464,0.0,0.0,0.0,0.0,0,False,False,False
1,Day 1,6,Tray 6,DJI_20260618124449_0006,6,1,6,600,0,720,120,614,14,706,106,0,8464,0.0,0.0,0.0,0.0,0,False,False,False
1,Day 1,6,Tray 6,DJI_20260618124449_0006,7,1,7,720,0,840,120,734,14,826,106,0,8464,0.0,0.0,0.0,0.0,0,False,False,False
1,Day 1,6,Tray 6,DJI_20260618124449_0006,8,1,8,840,0,960,120,854,14,946,106,0,8464,0.0,0.0,0.0,0.0,0,False,False,False
1,Day 1,6,Tray 6,DJI_20260618124449_0006,9,1,9,960,0,1080,120,974,14,1066,106,0,8464,0.0,0.0,0.0,0.0,0,False,False,False
1,Day 1,6,Tray 6,DJI_20260618124449_0006,10,1,10,1080,0,1200,120,1094,14,1186,106,0,8464,0.0,0.0,0.0,0.0,0,False,False,False
1,Day 1,6,Tray 6,DJI_20260618124449_0006,11,2,1,0,120,120,240,14,134,106,226,0,8464,0.0,0.0,0.0,0.0,0,False,False,False
1,Day 1,6,Tray 6,DJI_20260618124449_0006,12,2,2,120,120,240,240,134,134,226,226,88,8464,0.010396975425330813,1.0396975425330812,92.7272720336914,122.0,88,True,True,True
1,Day 1,6,Tray 6,DJI_20260618124449_0006,13,2,3,240,120,360,240,254,134,346,226,27,8464,0.0031899810964083177,0.31899810964083175,83.9259262084961,119.0,27,True,True,True
1,Day 1,6,Tray 6,DJI_20260618124449_0006,14,2,4,360,120,480,240,374,134,466,226,0,8464,0.0,0.0,0.0,0.0,0,False,False,False
1,Day 1,6,Tray 6,DJI_20260618124449_0006,15,2,5,480,120,600,240,494,134,586,226,108,8464,0.01275992438563327,1.275992438563327,81.87963104248047,116.0,108,True,True,True
1,Day 1,6,Tray 6,DJI_20260618124449_0006,16,2,6,600,120,720,240,614,134,706,226,383,8464,0.04525047258979206,4.525047258979206,93.39947509765625,122.0,383,True,True,True
1,Day 1,6,Tray 6,DJI_20260618124449_0006,17,2,7,720,120,840,240,734,134,826,226,16,8464,0.001890359168241966,0.1890359168241966,72.0625,104.0,16,True,True,True
1,Day 1,6,Tray 6,DJI_20260618124449_0006,18,2,8,840,120,960,240,854,134,946,226,154,8464,0.018194706994328923,1.8194706994328922,84.89610290527344,111.0,154,True,True,True
1,Day 1,6,Tray 6,DJI_20260618124449_0006,19,2,9,960,120,1080,240,974,134,1066,226,76,8464,0.008979206049149339,0.8979206049149339,75.84210205078125,109.0,44,True,True,True
1,Day 1,6,Tray 6,DJI_20260618124449_0006,20,2,10,1080,120,1200,240,1094,134,1186,226,0,8464,0.0,0.0,0.0,0.0,0,False,False,False
1,Day 1,6,Tray 6,DJI_20260618124449_0006,21,3,1,0,240,120,360,14,254,106,346,0,8464,0.0,0.0,0.0,0.0,0,False,False,False
1,Day 1,6,Tray 6,DJI_20260618124449_0006,22,3,2,120,240,240,360,134,254,226,346,2,8464,0.00023629489603024575,0.023629489603024575,73.0,76.0,2,False,False,False
1,Day 1,6,Tray 6,DJI_20260618124449_0006,23,3,3,240,240,360,360,254,254,346,346,0,8464,0.0,0.0,0.0,0.0,0,False,False,False
1,Day 1,6,Tray 6,DJI_20260618124449_0006,24,3,4,360,240,480,360,374,254,466,346,29,8464,0.0034262759924385635,0.34262759924385633,77.20689392089844,109.0,29,True,True,True
1,Day 1,6,Tray 6,DJI_20260618124449_0006,25,3,5,480,240,600,360,494,254,586,346,0,8464,0.0,0.0,0.0,0.0,0,False,False,False
1,Day 1,6,Tray 6,DJI_20260618124449_0006,26,3,6,600,240,720,360,614,254,706,346,0,8464,0.0,0.0,0.0,0.0,0,False,False,False
1,Day 1,6,Tray 6,DJI_20260618124449_0006,27,3,7,720,240,840,360,734,254,826,346,0,8464,0.0,0.0,0.0,0.0,0,False,False,False
1,Day 1,6,Tray 6,DJI_20260618124449_0006,28,3,8,840,240,960,360,854,254,946,346,0,8464,0.0,0.0,0.0,0.0,0,False,False,False
1,Day 1,6,Tray 6,DJI_20260618124449_0006,29,3,9,960,240,1080,360,974,254,1066,346,0,8464,0.0,0.0,0.0,0.0,0,False,False,False
1,Day 1,6,Tray 6,DJI_20260618124449_0006,30,3,10,1080,240,1200,360,1094,254,1186,346,0,8464,0.0,0.0,0.0,0.0,0,False,False,False
1,Day 1,6,Tray 6,DJI_20260618124449_0006,31,4,1,0,360,120,480,14,374,106,466,0,8464,0.0,0.0,0.0,0.0,0,False,False,False
1,Day 1,6,Tray 6,DJI_20260618124449_0006,32,4,2,120,360,240,480,134,374,226,466,0,8464,0.0,0.0,0.0,0.0,0,False,False,False
1,Day 1,6,Tray 6,DJI_20260618124449_0006,33,4,3,240,360,360,480,254,374,346,466,101,8464,0.01193289224952741,1.193289224952741,90.13861083984375,119.0,101,True,True,True
1,Day 1,6,Tray 6,DJI_20260618124449_0006,34,4,4,360,360,480,480,374,374,466,466,40,8464,0.004725897920604915,0.4725897920604915,94.80000305175781,132.0,40,True,True,True
1,Day 1,6,Tray 6,DJI_20260618124449_0006,35,4,5,480,360,600,480,494,374,586,466,0,8464,0.0,0.0,0.0,0.0,0,False,False,False
1,Day 1,6,Tray 6,DJI_20260618124449_0006,36,4,6,600,360,720,480,614,374,706,466,0,8464,0.0,0.0,0.0,0.0,0,False,False,False
1,Day 1,6,Tray 6,DJI_20260618124449_0006,37,4,7,720,360,840,480,734,374,826,466,0,8464,0.0,0.0,0.0,0.0,0,False,False,False
1,Day 1,6,Tray 6,DJI_20260618124449_0006,38,4,8,840,360,960,480,854,374,946,466,154,8464,0.018194706994328923,1.8194706994328922,92.35064697265625,132.0,131,True,True,True
1,Day 1,6,Tray 6,DJI_20260618124449_0006,39,4,9,960,360,1080,480,974,374,1066,466,0,8464,0.0,0.0,0.0,0.0,0,False,False,False
1,Day 1,6,Tray 6,DJI_20260618124449_0006,40,4,10,1080,360,1200,480,1094,374,1186,466,0,8464,0.0,0.0,0.0,0.0,0,False,False,False
1,Day 1,6,Tray 6,DJI_20260618124449_0006,41,5,1,0,480,120,600,14,494,106,586,0,8464,0.0,0.0,0.0,0.0,0,False,False,False
1,Day 1,6,Tray 6,DJI_20260618124449_0006,42,5,2,120,480,240,600,134,494,226,586,0,8464,0.0,0.0,0.0,0.0,0,False,False,False
1,Day 1,6,Tray 6,DJI_20260618124449_0006,43,5,3,240,480,360,600,254,494,346,586,0,8464,0.0,0.0,0.0,0.0,0,False,False,False
1,Day 1,6,Tray 6,DJI_20260618124449_0006,44,5,4,360,480,480,600,374,494,466,586,0,8464,0.0,0.0,0.0,0.0,0,False,False,False
1,Day 1,6,Tray 6,DJI_20260618124449_0006,45,5,5,480,480,600,600,494,494,586,586,0,8464,0.0,0.0,0.0,0.0,0,False,False,False
1,Day 1,6,Tray 6,DJI_20260618124449_0006,46,5,6,600,480,720,600,614,494,706,586,0,8464,0.0,0.0,0.0,0.0,0,False,False,False
1,Day 1,6,Tray 6,DJI_20260618124449_0006,47,5,7,720,480,840,600,734,494,826,586,287,8464,0.03390831758034026,3.390831758034026,95.4947738647461,130.0,287,True,True,True
1,Day 1,6,Tray 6,DJI_20260618124449_0006,48,5,8,840,480,960,600,854,494,946,586,88,8464,0.010396975425330813,1.0396975425330812,97.96591186523438,125.0,88,True,True,True
1,Day 1,6,Tray 6,DJI_20260618124449_0006,49,5,9,960,480,1080,600,974,494,1066,586,142,8464,0.01677693761814745,1.677693761814745,90.68309783935547,116.0,142,True,True,True
1,Day 1,6,Tray 6,DJI_20260618124449_0006,50,5,10,1080,480,1200,600,1094,494,1186,586,0,8464,0.0,0.0,0.0,0.0,0,False,False,False
1,Day 1,6,Tray 6,DJI_20260618124449_0006,51,6,1,0,600,120,720,14,614,106,706,0,8464,0.0,0.0,0.0,0.0,0,False,False,False
1,Day 1,6,Tray 6,DJI_20260618124449_0006,52,6,2,120,600,240,720,134,614,226,706,0,8464,0.0,0.0,0.0,0.0,0,False,False,False
1,Day 1,6,Tray 6,DJI_20260618124449_0006,53,6,3,240,600,360,720,254,614,346,706,0,8464,0.0,0.0,0.0,0.0,0,False,False,False
1,Day 1,6,Tray 6,DJI_20260618124449_0006,54,6,4,360,600,480,720,374,614,466,706,252,8464,0.029773156899810964,2.977315689981096,110.47618865966797,139.0,252,True,True,True
1,Day 1,6,Tray 6,DJI_20260618124449_0006,55,6,5,480,600,600,720,494,614,586,706,276,8464,0.03260869565217391,3.260869565217391,93.1231918334961,132.0,276,True,True,True
1,Day 1,6,Tray 6,DJI_20260618124449_0006,56,6,6,600,600,720,720,614,614,706,706,16,8464,0.001890359168241966,0.1890359168241966,75.5,117.0,16,True,True,True
1,Day 1,6,Tray 6,DJI_20260618124449_0006,57,6,7,720,600,840,720,734,614,826,706,0,8464,0.0,0.0,0.0,0.0,0,False,False,False
1,Day 1,6,Tray 6,DJI_20260618124449_0006,58,6,8,840,600,960,720,854,614,946,706,0,8464,0.0,0.0,0.0,0.0,0,False,False,False
1,Day 1,6,Tray 6,DJI_20260618124449_0006,59,6,9,960,600,1080,720,974,614,1066,706,0,8464,0.0,0.0,0.0,0.0,0,False,False,False
1,Day 1,6,Tray 6,DJI_20260618124449_0006,60,6,10,1080,600,1200,720,1094,614,1186,706,0,8464,0.0,0.0,0.0,0.0,0,False,False,False
1,Day 1,6,Tray 6,DJI_20260618124449_0006,61,7,1,0,720,120,840,14,734,106,826,0,8464,0.0,0.0,0.0,0.0,0,False,False,False
1,Day 1,6,Tray 6,DJI_20260618124449_0006,62,7,2,120,720,240,840,134,734,226,826,0,8464,0.0,0.0,0.0,0.0,0,False,False,False
1,Day 1,6,Tray 6,DJI_20260618124449_0006,63,7,3,240,720,360,840,254,734,346,826,136,8464,0.01606805293005671,1.606805293005671,93.04412078857422,130.0,136,True,True,True
1,Day 1,6,Tray 6,DJI_20260618124449_0006,64,7,4,360,720,480,840,374,734,466,826,1,8464,0.00011814744801512288,0.011814744801512287,12.0,12.0,1,False,False,False
1,Day 1,6,Tray 6,DJI_20260618124449_0006,65,7,5,480,720,600,840,494,734,586,826,0,8464,0.0,0.0,0.0,0.0,0,False,False,False
1,Day 1,6,Tray 6,DJI_20260618124449_0006,66,7,6,600,720,720,840,614,734,706,826,0,8464,0.0,0.0,0.0,0.0,0,False,False,False
1,Day 1,6,Tray 6,DJI_20260618124449_0006,67,7,7,720,720,840,840,734,734,826,826,0,8464,0.0,0.0,0.0,0.0,0,False,False,False
1,Day 1,6,Tray 6,DJI_20260618124449_0006,68,7,8,840,720,960,840,854,734,946,826,0,8464,0.0,0.0,0.0,0.0,0,False,False,False
1,Day 1,6,Tray 6,DJI_20260618124449_0006,69,7,9,960,720,1080,840,974,734,1066,826,0,8464,0.0,0.0,0.0,0.0,0,False,False,False
1,Day 1,6,Tray 6,DJI_20260618124449_0006,70,7,10,1080,720,1200,840,1094,734,1186,826,0,8464,0.0,0.0,0.0,0.0,0,False,False,False
1,Day 1,7,Tray 7,DJI_20260618124541_0007,1,1,1,0,0,120,120,14,14,106,106,0,8464,0.0,0.0,0.0,0.0,0,False,False,False
1,Day 1,7,Tray 7,DJI_20260618124541_0007,2,1,2,120,0,240,120,134,14,226,106,0,8464,0.0,0.0,0.0,0.0,0,False,False,False
1,Day 1,7,Tray 7,DJI_20260618124541_0007,3,1,3,240,0,360,120,254,14,346,106,40,8464,0.004725897920604915,0.4725897920604915,89.67500305175781,112.0,40,True,True,True
1,Day 1,7,Tray 7,DJI_20260618124541_0007,4,1,4,360,0,480,120,374,14,466,106,0,8464,0.0,0.0,0.0,0.0,0,False,False,False
1,Day 1,7,Tray 7,DJI_20260618124541_0007,5,1,5,480,0,600,120,494,14,586,106,0,8464,0.0,0.0,0.0,0.0,0,False,False,False
1,Day 1,7,Tray 7,DJI_20260618124541_0007,6,1,6,600,0,720,120,614,14,706,106,0,8464,0.0,0.0,0.0,0.0,0,False,False,False
1,Day 1,7,Tray 7,DJI_20260618124541_0007,7,1,7,720,0,840,120,734,14,826,106,34,8464,0.004017013232514178,0.4017013232514178,84.02941131591797,112.0,34,True,True,True
1,Day 1,7,Tray 7,DJI_20260618124541_0007,8,1,8,840,0,960,120,854,14,946,106,0,8464,0.0,0.0,0.0,0.0,0,False,False,False
1,Day 1,7,Tray 7,DJI_20260618124541_0007,9,1,9,960,0,1080,120,974,14,1066,106,0,8464,0.0,0.0,0.0,0.0,0,False,False,False
1,Day 1,7,Tray 7,DJI_20260618124541_0007,10,1,10,1080,0,1200,120,1094,14,1186,106,0,8464,0.0,0.0,0.0,0.0,0,False,False,False
1,Day 1,7,Tray 7,DJI_20260618124541_0007,11,2,1,0,120,120,240,14,134,106,226,37,8464,0.004371455576559546,0.43714555765595464,95.16216278076172,113.0,37,True,True,True
1,Day 1,7,Tray 7,DJI_20260618124541_0007,12,2,2,120,120,240,240,134,134,226,226,0,8464,0.0,0.0,0.0,0.0,0,False,False,False
1,Day 1,7,Tray 7,DJI_20260618124541_0007,13,2,3,240,120,360,240,254,134,346,226,0,8464,0.0,0.0,0.0,0.0,0,False,False,False
1,Day 1,7,Tray 7,DJI_20260618124541_0007,14,2,4,360,120,480,240,374,134,466,226,0,8464,0.0,0.0,0.0,0.0,0,False,False,False
1,Day 1,7,Tray 7,DJI_20260618124541_0007,15,2,5,480,120,600,240,494,134,586,226,0,8464,0.0,0.0,0.0,0.0,0,False,False,False
1,Day 1,7,Tray 7,DJI_20260618124541_0007,16,2,6,600,120,720,240,614,134,706,226,4,8464,0.0004725897920604915,0.04725897920604915,56.75,62.0,4,False,False,False
1,Day 1,7,Tray 7,DJI_20260618124541_0007,17,2,7,720,120,840,240,734,134,826,226,92,8464,0.010869565217391304,1.0869565217391304,81.97826385498047,122.0,92,True,True,True
1,Day 1,7,Tray 7,DJI_20260618124541_0007,18,2,8,840,120,960,240,854,134,946,226,0,8464,0.0,0.0,0.0,0.0,0,False,False,False
1,Day 1,7,Tray 7,DJI_20260618124541_0007,19,2,9,960,120,1080,240,974,134,1066,226,0,8464,0.0,0.0,0.0,0.0,0,False,False,False
1,Day 1,7,Tray 7,DJI_20260618124541_0007,20,2,10,1080,120,1200,240,1094,134,1186,226,104,8464,0.012287334593572778,1.2287334593572778,86.13461303710938,126.0,104,True,True,True
1,Day 1,7,Tray 7,DJI_20260618124541_0007,21,3,1,0,240,120,360,14,254,106,346,0,8464,0.0,0.0,0.0,0.0,0,False,False,False
1,Day 1,7,Tray 7,DJI_20260618124541_0007,22,3,2,120,240,240,360,134,254,226,346,0,8464,0.0,0.0,0.0,0.0,0,False,False,False
1,Day 1,7,Tray 7,DJI_20260618124541_0007,23,3,3,240,240,360,360,254,254,346,346,0,8464,0.0,0.0,0.0,0.0,0,False,False,False
1,Day 1,7,Tray 7,DJI_20260618124541_0007,24,3,4,360,240,480,360,374,254,466,346,105,8464,0.012405482041587902,1.2405482041587903,89.56190490722656,115.0,105,True,True,True
1,Day 1,7,Tray 7,DJI_20260618124541_0007,25,3,5,480,240,600,360,494,254,586,346,138,8464,0.016304347826086956,1.6304347826086956,95.18840789794922,135.0,138,True,True,True
1,Day 1,7,Tray 7,DJI_20260618124541_0007,26,3,6,600,240,720,360,614,254,706,346,0,8464,0.0,0.0,0.0,0.0,0,False,False,False
1,Day 1,7,Tray 7,DJI_20260618124541_0007,27,3,7,720,240,840,360,734,254,826,346,139,8464,0.01642249527410208,1.642249527410208,89.30215454101562,139.0,139,True,True,True
1,Day 1,7,Tray 7,DJI_20260618124541_0007,28,3,8,840,240,960,360,854,254,946,346,34,8464,0.004017013232514178,0.4017013232514178,83.88235473632812,102.0,34,True,True,True
1,Day 1,7,Tray 7,DJI_20260618124541_0007,29,3,9,960,240,1080,360,974,254,1066,346,76,8464,0.008979206049149339,0.8979206049149339,93.32894897460938,114.0,76,True,True,True
1,Day 1,7,Tray 7,DJI_20260618124541_0007,30,3,10,1080,240,1200,360,1094,254,1186,346,61,8464,0.0072069943289224956,0.7206994328922496,88.54098510742188,112.0,45,True,True,True
1,Day 1,7,Tray 7,DJI_20260618124541_0007,31,4,1,0,360,120,480,14,374,106,466,124,8464,0.014650283553875236,1.4650283553875236,94.59677124023438,124.0,124,True,True,True
1,Day 1,7,Tray 7,DJI_20260618124541_0007,32,4,2,120,360,240,480,134,374,226,466,123,8464,0.014532136105860113,1.4532136105860114,105.13008117675781,140.0,123,True,True,True
1,Day 1,7,Tray 7,DJI_20260618124541_0007,33,4,3,240,360,360,480,254,374,346,466,0,8464,0.0,0.0,0.0,0.0,0,False,False,False
1,Day 1,7,Tray 7,DJI_20260618124541_0007,34,4,4,360,360,480,480,374,374,466,466,55,8464,0.006498109640831758,0.6498109640831757,91.45454406738281,120.0,55,True,True,True
1,Day 1,7,Tray 7,DJI_20260618124541_0007,35,4,5,480,360,600,480,494,374,586,466,169,8464,0.019966918714555765,1.9966918714555766,95.82839965820312,121.0,169,True,True,True
1,Day 1,7,Tray 7,DJI_20260618124541_0007,36,4,6,600,360,720,480,614,374,706,466,0,8464,0.0,0.0,0.0,0.0,0,False,False,False
1,Day 1,7,Tray 7,DJI_20260618124541_0007,37,4,7,720,360,840,480,734,374,826,466,0,8464,0.0,0.0,0.0,0.0,0,False,False,False
1,Day 1,7,Tray 7,DJI_20260618124541_0007,38,4,8,840,360,960,480,854,374,946,466,0,8464,0.0,0.0,0.0,0.0,0,False,False,False
1,Day 1,7,Tray 7,DJI_20260618124541_0007,39,4,9,960,360,1080,480,974,374,1066,466,0,8464,0.0,0.0,0.0,0.0,0,False,False,False
1,Day 1,7,Tray 7,DJI_20260618124541_0007,40,4,10,1080,360,1200,480,1094,374,1186,466,49,8464,0.0057892249527410206,0.5789224952741021,93.14286041259766,120.0,49,True,True,True
1,Day 1,7,Tray 7,DJI_20260618124541_0007,41,5,1,0,480,120,600,14,494,106,586,0,8464,0.0,0.0,0.0,0.0,0,False,False,False
1,Day 1,7,Tray 7,DJI_20260618124541_0007,42,5,2,120,480,240,600,134,494,226,586,0,8464,0.0,0.0,0.0,0.0,0,False,False,False
1,Day 1,7,Tray 7,DJI_20260618124541_0007,43,5,3,240,480,360,600,254,494,346,586,44,8464,0.005198487712665407,0.5198487712665406,78.68181610107422,110.0,44,True,True,True
1,Day 1,7,Tray 7,DJI_20260618124541_0007,44,5,4,360,480,480,600,374,494,466,586,0,8464,0.0,0.0,0.0,0.0,0,False,False,False
1,Day 1,7,Tray 7,DJI_20260618124541_0007,45,5,5,480,480,600,600,494,494,586,586,0,8464,0.0,0.0,0.0,0.0,0,False,False,False
1,Day 1,7,Tray 7,DJI_20260618124541_0007,46,5,6,600,480,720,600,614,494,706,586,0,8464,0.0,0.0,0.0,0.0,0,False,False,False
1,Day 1,7,Tray 7,DJI_20260618124541_0007,47,5,7,720,480,840,600,734,494,826,586,0,8464,0.0,0.0,0.0,0.0,0,False,False,False
1,Day 1,7,Tray 7,DJI_20260618124541_0007,48,5,8,840,480,960,600,854,494,946,586,0,8464,0.0,0.0,0.0,0.0,0,False,False,False
1,Day 1,7,Tray 7,DJI_20260618124541_0007,49,5,9,960,480,1080,600,974,494,1066,586,0,8464,0.0,0.0,0.0,0.0,0,False,False,False
1,Day 1,7,Tray 7,DJI_20260618124541_0007,50,5,10,1080,480,1200,600,1094,494,1186,586,0,8464,0.0,0.0,0.0,0.0,0,False,False,False
1,Day 1,7,Tray 7,DJI_20260618124541_0007,51,6,1,0,600,120,720,14,614,106,706,0,8464,0.0,0.0,0.0,0.0,0,False,False,False
1,Day 1,7,Tray 7,DJI_20260618124541_0007,52,6,2,120,600,240,720,134,614,226,706,0,8464,0.0,0.0,0.0,0.0,0,False,False,False
1,Day 1,7,Tray 7,DJI_20260618124541_0007,53,6,3,240,600,360,720,254,614,346,706,0,8464,0.0,0.0,0.0,0.0,0,False,False,False
1,Day 1,7,Tray 7,DJI_20260618124541_0007,54,6,4,360,600,480,720,374,614,466,706,0,8464,0.0,0.0,0.0,0.0,0,False,False,False
1,Day 1,7,Tray 7,DJI_20260618124541_0007,55,6,5,480,600,600,720,494,614,586,706,160,8464,0.01890359168241966,1.890359168241966,86.5625,121.0,119,True,True,True
1,Day 1,7,Tray 7,DJI_20260618124541_0007,56,6,6,600,600,720,720,614,614,706,706,0,8464,0.0,0.0,0.0,0.0,0,False,False,False
1,Day 1,7,Tray 7,DJI_20260618124541_0007,57,6,7,720,600,840,720,734,614,826,706,0,8464,0.0,0.0,0.0,0.0,0,False,False,False
1,Day 1,7,Tray 7,DJI_20260618124541_0007,58,6,8,840,600,960,720,854,614,946,706,0,8464,0.0,0.0,0.0,0.0,0,False,False,False
1,Day 1,7,Tray 7,DJI_20260618124541_0007,59,6,9,960,600,1080,720,974,614,1066,706,0,8464,0.0,0.0,0.0,0.0,0,False,False,False
1,Day 1,7,Tray 7,DJI_20260618124541_0007,60,6,10,1080,600,1200,720,1094,614,1186,706,0,8464,0.0,0.0,0.0,0.0,0,False,False,False
1,Day 1,7,Tray 7,DJI_20260618124541_0007,61,7,1,0,720,120,840,14,734,106,826,0,8464,0.0,0.0,0.0,0.0,0,False,False,False
1,Day 1,7,Tray 7,DJI_20260618124541_0007,62,7,2,120,720,240,840,134,734,226,826,1,8464,0.00011814744801512288,0.011814744801512287,8.0,8.0,1,False,False,False
1,Day 1,7,Tray 7,DJI_20260618124541_0007,63,7,3,240,720,360,840,254,734,346,826,0,8464,0.0,0.0,0.0,0.0,0,False,False,False
1,Day 1,7,Tray 7,DJI_20260618124541_0007,64,7,4,360,720,480,840,374,734,466,826,0,8464,0.0,0.0,0.0,0.0,0,False,False,False
1,Day 1,7,Tray 7,DJI_20260618124541_0007,65,7,5,480,720,600,840,494,734,586,826,0,8464,0.0,0.0,0.0,0.0,0,False,False,False
1,Day 1,7,Tray 7,DJI_20260618124541_0007,66,7,6,600,720,720,840,614,734,706,826,0,8464,0.0,0.0,0.0,0.0,0,False,False,False
1,Day 1,7,Tray 7,DJI_20260618124541_0007,67,7,7,720,720,840,840,734,734,826,826,0,8464,0.0,0.0,0.0,0.0,0,False,False,False
1,Day 1,7,Tray 7,DJI_20260618124541_0007,68,7,8,840,720,960,840,854,734,946,826,0,8464,0.0,0.0,0.0,0.0,0,False,False,False
1,Day 1,7,Tray 7,DJI_20260618124541_0007,69,7,9,960,720,1080,840,974,734,1066,826,0,8464,0.0,0.0,0.0,0.0,0,False,False,False
1,Day 1,7,Tray 7,DJI_20260618124541_0007,70,7,10,1080,720,1200,840,1094,734,1186,826,0,8464,0.0,0.0,0.0,0.0,0,False,False,False
1,Day 1,8,Tray 8,DJI_20260618124632_0008,1,1,1,0,0,120,120,14,14,106,106,58,8464,0.006852551984877127,0.6852551984877127,108.12068939208984,148.0,58,True,True,True
1,Day 1,8,Tray 8,DJI_20260618124632_0008,2,1,2,120,0,240,120,134,14,226,106,0,8464,0.0,0.0,0.0,0.0,0,False,False,False
1,Day 1,8,Tray 8,DJI_20260618124632_0008,3,1,3,240,0,360,120,254,14,346,106,0,8464,0.0,0.0,0.0,0.0,0,False,False,False
1,Day 1,8,Tray 8,DJI_20260618124632_0008,4,1,4,360,0,480,120,374,14,466,106,10,8464,0.0011814744801512287,0.11814744801512288,69.5,102.0,10,False,False,False
1,Day 1,8,Tray 8,DJI_20260618124632_0008,5,1,5,480,0,600,120,494,14,586,106,0,8464,0.0,0.0,0.0,0.0,0,False,False,False
1,Day 1,8,Tray 8,DJI_20260618124632_0008,6,1,6,600,0,720,120,614,14,706,106,0,8464,0.0,0.0,0.0,0.0,0,False,False,False
1,Day 1,8,Tray 8,DJI_20260618124632_0008,7,1,7,720,0,840,120,734,14,826,106,0,8464,0.0,0.0,0.0,0.0,0,False,False,False
1,Day 1,8,Tray 8,DJI_20260618124632_0008,8,1,8,840,0,960,120,854,14,946,106,0,8464,0.0,0.0,0.0,0.0,0,False,False,False
1,Day 1,8,Tray 8,DJI_20260618124632_0008,9,1,9,960,0,1080,120,974,14,1066,106,0,8464,0.0,0.0,0.0,0.0,0,False,False,False
1,Day 1,8,Tray 8,DJI_20260618124632_0008,10,1,10,1080,0,1200,120,1094,14,1186,106,0,8464,0.0,0.0,0.0,0.0,0,False,False,False
1,Day 1,8,Tray 8,DJI_20260618124632_0008,11,2,1,0,120,120,240,14,134,106,226,0,8464,0.0,0.0,0.0,0.0,0,False,False,False
1,Day 1,8,Tray 8,DJI_20260618124632_0008,12,2,2,120,120,240,240,134,134,226,226,0,8464,0.0,0.0,0.0,0.0,0,False,False,False
1,Day 1,8,Tray 8,DJI_20260618124632_0008,13,2,3,240,120,360,240,254,134,346,226,0,8464,0.0,0.0,0.0,0.0,0,False,False,False
1,Day 1,8,Tray 8,DJI_20260618124632_0008,14,2,4,360,120,480,240,374,134,466,226,0,8464,0.0,0.0,0.0,0.0,0,False,False,False
1,Day 1,8,Tray 8,DJI_20260618124632_0008,15,2,5,480,120,600,240,494,134,586,226,0,8464,0.0,0.0,0.0,0.0,0,False,False,False
1,Day 1,8,Tray 8,DJI_20260618124632_0008,16,2,6,600,120,720,240,614,134,706,226,0,8464,0.0,0.0,0.0,0.0,0,False,False,False
1,Day 1,8,Tray 8,DJI_20260618124632_0008,17,2,7,720,120,840,240,734,134,826,226,0,8464,0.0,0.0,0.0,0.0,0,False,False,False
1,Day 1,8,Tray 8,DJI_20260618124632_0008,18,2,8,840,120,960,240,854,134,946,226,0,8464,0.0,0.0,0.0,0.0,0,False,False,False
1,Day 1,8,Tray 8,DJI_20260618124632_0008,19,2,9,960,120,1080,240,974,134,1066,226,0,8464,0.0,0.0,0.0,0.0,0,False,False,False
1,Day 1,8,Tray 8,DJI_20260618124632_0008,20,2,10,1080,120,1200,240,1094,134,1186,226,0,8464,0.0,0.0,0.0,0.0,0,False,False,False
1,Day 1,8,Tray 8,DJI_20260618124632_0008,21,3,1,0,240,120,360,14,254,106,346,101,8464,0.01193289224952741,1.193289224952741,90.8910903930664,136.0,101,True,True,True
1,Day 1,8,Tray 8,DJI_20260618124632_0008,22,3,2,120,240,240,360,134,254,226,346,0,8464,0.0,0.0,0.0,0.0,0,False,False,False
1,Day 1,8,Tray 8,DJI_20260618124632_0008,23,3,3,240,240,360,360,254,254,346,346,1,8464,0.00011814744801512288,0.011814744801512287,68.0,68.0,1,False,False,False
1,Day 1,8,Tray 8,DJI_20260618124632_0008,24,3,4,360,240,480,360,374,254,466,346,0,8464,0.0,0.0,0.0,0.0,0,False,False,False
1,Day 1,8,Tray 8,DJI_20260618124632_0008,25,3,5,480,240,600,360,494,254,586,346,0,8464,0.0,0.0,0.0,0.0,0,False,False,False
1,Day 1,8,Tray 8,DJI_20260618124632_0008,26,3,6,600,240,720,360,614,254,706,346,0,8464,0.0,0.0,0.0,0.0,0,False,False,False
1,Day 1,8,Tray 8,DJI_20260618124632_0008,27,3,7,720,240,840,360,734,254,826,346,0,8464,0.0,0.0,0.0,0.0,0,False,False,False
1,Day 1,8,Tray 8,DJI_20260618124632_0008,28,3,8,840,240,960,360,854,254,946,346,0,8464,0.0,0.0,0.0,0.0,0,False,False,False
1,Day 1,8,Tray 8,DJI_20260618124632_0008,29,3,9,960,240,1080,360,974,254,1066,346,0,8464,0.0,0.0,0.0,0.0,0,False,False,False
1,Day 1,8,Tray 8,DJI_20260618124632_0008,30,3,10,1080,240,1200,360,1094,254,1186,346,0,8464,0.0,0.0,0.0,0.0,0,False,False,False
1,Day 1,8,Tray 8,DJI_20260618124632_0008,31,4,1,0,360,120,480,14,374,106,466,0,8464,0.0,0.0,0.0,0.0,0,False,False,False
1,Day 1,8,Tray 8,DJI_20260618124632_0008,32,4,2,120,360,240,480,134,374,226,466,0,8464,0.0,0.0,0.0,0.0,0,False,False,False
1,Day 1,8,Tray 8,DJI_20260618124632_0008,33,4,3,240,360,360,480,254,374,346,466,0,8464,0.0,0.0,0.0,0.0,0,False,False,False
1,Day 1,8,Tray 8,DJI_20260618124632_0008,34,4,4,360,360,480,480,374,374,466,466,0,8464,0.0,0.0,0.0,0.0,0,False,False,False
1,Day 1,8,Tray 8,DJI_20260618124632_0008,35,4,5,480,360,600,480,494,374,586,466,0,8464,0.0,0.0,0.0,0.0,0,False,False,False
1,Day 1,8,Tray 8,DJI_20260618124632_0008,36,4,6,600,360,720,480,614,374,706,466,0,8464,0.0,0.0,0.0,0.0,0,False,False,False
1,Day 1,8,Tray 8,DJI_20260618124632_0008,37,4,7,720,360,840,480,734,374,826,466,0,8464,0.0,0.0,0.0,0.0,0,False,False,False
1,Day 1,8,Tray 8,DJI_20260618124632_0008,38,4,8,840,360,960,480,854,374,946,466,0,8464,0.0,0.0,0.0,0.0,0,False,False,False
1,Day 1,8,Tray 8,DJI_20260618124632_0008,39,4,9,960,360,1080,480,974,374,1066,466,5,8464,0.0005907372400756144,0.05907372400756144,68.0,74.0,5,False,False,False
1,Day 1,8,Tray 8,DJI_20260618124632_0008,40,4,10,1080,360,1200,480,1094,374,1186,466,0,8464,0.0,0.0,0.0,0.0,0,False,False,False
1,Day 1,8,Tray 8,DJI_20260618124632_0008,41,5,1,0,480,120,600,14,494,106,586,0,8464,0.0,0.0,0.0,0.0,0,False,False,False
1,Day 1,8,Tray 8,DJI_20260618124632_0008,42,5,2,120,480,240,600,134,494,226,586,0,8464,0.0,0.0,0.0,0.0,0,False,False,False
1,Day 1,8,Tray 8,DJI_20260618124632_0008,43,5,3,240,480,360,600,254,494,346,586,0,8464,0.0,0.0,0.0,0.0,0,False,False,False
1,Day 1,8,Tray 8,DJI_20260618124632_0008,44,5,4,360,480,480,600,374,494,466,586,0,8464,0.0,0.0,0.0,0.0,0,False,False,False
1,Day 1,8,Tray 8,DJI_20260618124632_0008,45,5,5,480,480,600,600,494,494,586,586,0,8464,0.0,0.0,0.0,0.0,0,False,False,False
1,Day 1,8,Tray 8,DJI_20260618124632_0008,46,5,6,600,480,720,600,614,494,706,586,91,8464,0.010751417769376182,1.0751417769376181,90.87911987304688,117.0,91,True,True,True
1,Day 1,8,Tray 8,DJI_20260618124632_0008,47,5,7,720,480,840,600,734,494,826,586,10,8464,0.0011814744801512287,0.11814744801512288,84.69999694824219,99.0,10,False,False,False
1,Day 1,8,Tray 8,DJI_20260618124632_0008,48,5,8,840,480,960,600,854,494,946,586,0,8464,0.0,0.0,0.0,0.0,0,False,False,False
1,Day 1,8,Tray 8,DJI_20260618124632_0008,49,5,9,960,480,1080,600,974,494,1066,586,0,8464,0.0,0.0,0.0,0.0,0,False,False,False
1,Day 1,8,Tray 8,DJI_20260618124632_0008,50,5,10,1080,480,1200,600,1094,494,1186,586,0,8464,0.0,0.0,0.0,0.0,0,False,False,False
1,Day 1,8,Tray 8,DJI_20260618124632_0008,51,6,1,0,600,120,720,14,614,106,706,0,8464,0.0,0.0,0.0,0.0,0,False,False,False
1,Day 1,8,Tray 8,DJI_20260618124632_0008,52,6,2,120,600,240,720,134,614,226,706,0,8464,0.0,0.0,0.0,0.0,0,False,False,False
1,Day 1,8,Tray 8,DJI_20260618124632_0008,53,6,3,240,600,360,720,254,614,346,706,0,8464,0.0,0.0,0.0,0.0,0,False,False,False
1,Day 1,8,Tray 8,DJI_20260618124632_0008,54,6,4,360,600,480,720,374,614,466,706,0,8464,0.0,0.0,0.0,0.0,0,False,False,False
1,Day 1,8,Tray 8,DJI_20260618124632_0008,55,6,5,480,600,600,720,494,614,586,706,0,8464,0.0,0.0,0.0,0.0,0,False,False,False
1,Day 1,8,Tray 8,DJI_20260618124632_0008,56,6,6,600,600,720,720,614,614,706,706,0,8464,0.0,0.0,0.0,0.0,0,False,False,False
1,Day 1,8,Tray 8,DJI_20260618124632_0008,57,6,7,720,600,840,720,734,614,826,706,0,8464,0.0,0.0,0.0,0.0,0,False,False,False
1,Day 1,8,Tray 8,DJI_20260618124632_0008,58,6,8,840,600,960,720,854,614,946,706,0,8464,0.0,0.0,0.0,0.0,0,False,False,False
1,Day 1,8,Tray 8,DJI_20260618124632_0008,59,6,9,960,600,1080,720,974,614,1066,706,0,8464,0.0,0.0,0.0,0.0,0,False,False,False
1,Day 1,8,Tray 8,DJI_20260618124632_0008,60,6,10,1080,600,1200,720,1094,614,1186,706,0,8464,0.0,0.0,0.0,0.0,0,False,False,False
1,Day 1,8,Tray 8,DJI_20260618124632_0008,61,7,1,0,720,120,840,14,734,106,826,0,8464,0.0,0.0,0.0,0.0,0,False,False,False
1,Day 1,8,Tray 8,DJI_20260618124632_0008,62,7,2,120,720,240,840,134,734,226,826,0,8464,0.0,0.0,0.0,0.0,0,False,False,False
1,Day 1,8,Tray 8,DJI_20260618124632_0008,63,7,3,240,720,360,840,254,734,346,826,0,8464,0.0,0.0,0.0,0.0,0,False,False,False
1,Day 1,8,Tray 8,DJI_20260618124632_0008,64,7,4,360,720,480,840,374,734,466,826,0,8464,0.0,0.0,0.0,0.0,0,False,False,False
1,Day 1,8,Tray 8,DJI_20260618124632_0008,65,7,5,480,720,600,840,494,734,586,826,0,8464,0.0,0.0,0.0,0.0,0,False,False,False
1,Day 1,8,Tray 8,DJI_20260618124632_0008,66,7,6,600,720,720,840,614,734,706,826,100,8464,0.011814744801512287,1.1814744801512287,88.91999816894531,124.0,100,True,True,True
1,Day 1,8,Tray 8,DJI_20260618124632_0008,67,7,7,720,720,840,840,734,734,826,826,0,8464,0.0,0.0,0.0,0.0,0,False,False,False
1,Day 1,8,Tray 8,DJI_20260618124632_0008,68,7,8,840,720,960,840,854,734,946,826,0,8464,0.0,0.0,0.0,0.0,0,False,False,False
1,Day 1,8,Tray 8,DJI_20260618124632_0008,69,7,9,960,720,1080,840,974,734,1066,826,105,8464,0.012405482041587902,1.2405482041587903,94.56190490722656,121.0,105,True,True,True
1,Day 1,8,Tray 8,DJI_20260618124632_0008,70,7,10,1080,720,1200,840,1094,734,1186,826,0,8464,0.0,0.0,0.0,0.0,0,False,False,False
2,Day 2,1,Tray 1,DJI_20260620131000_0001,1,1,1,0,0,120,120,14,14,106,106,48,8464,0.005671077504725898,0.5671077504725899,102.52083587646484,138.0,48,True,True,True
2,Day 2,1,Tray 1,DJI_20260620131000_0001,2,1,2,120,0,240,120,134,14,226,106,69,8464,0.008152173913043478,0.8152173913043478,78.47826385498047,105.0,69,True,True,True
2,Day 2,1,Tray 1,DJI_20260620131000_0001,3,1,3,240,0,360,120,254,14,346,106,0,8464,0.0,0.0,0.0,0.0,0,False,False,False
2,Day 2,1,Tray 1,DJI_20260620131000_0001,4,1,4,360,0,480,120,374,14,466,106,93,8464,0.010987712665406428,1.0987712665406428,82.94623565673828,122.0,93,True,True,True
2,Day 2,1,Tray 1,DJI_20260620131000_0001,5,1,5,480,0,600,120,494,14,586,106,0,8464,0.0,0.0,0.0,0.0,0,False,False,False
2,Day 2,1,Tray 1,DJI_20260620131000_0001,6,1,6,600,0,720,120,614,14,706,106,0,8464,0.0,0.0,0.0,0.0,0,False,False,False
2,Day 2,1,Tray 1,DJI_20260620131000_0001,7,1,7,720,0,840,120,734,14,826,106,0,8464,0.0,0.0,0.0,0.0,0,False,False,False
2,Day 2,1,Tray 1,DJI_20260620131000_0001,8,1,8,840,0,960,120,854,14,946,106,0,8464,0.0,0.0,0.0,0.0,0,False,False,False
2,Day 2,1,Tray 1,DJI_20260620131000_0001,9,1,9,960,0,1080,120,974,14,1066,106,0,8464,0.0,0.0,0.0,0.0,0,False,False,False
2,Day 2,1,Tray 1,DJI_20260620131000_0001,10,1,10,1080,0,1200,120,1094,14,1186,106,0,8464,0.0,0.0,0.0,0.0,0,False,False,False
2,Day 2,1,Tray 1,DJI_20260620131000_0001,11,2,1,0,120,120,240,14,134,106,226,0,8464,0.0,0.0,0.0,0.0,0,False,False,False
2,Day 2,1,Tray 1,DJI_20260620131000_0001,12,2,2,120,120,240,240,134,134,226,226,0,8464,0.0,0.0,0.0,0.0,0,False,False,False
2,Day 2,1,Tray 1,DJI_20260620131000_0001,13,2,3,240,120,360,240,254,134,346,226,0,8464,0.0,0.0,0.0,0.0,0,False,False,False
2,Day 2,1,Tray 1,DJI_20260620131000_0001,14,2,4,360,120,480,240,374,134,466,226,0,8464,0.0,0.0,0.0,0.0,0,False,False,False
2,Day 2,1,Tray 1,DJI_20260620131000_0001,15,2,5,480,120,600,240,494,134,586,226,101,8464,0.01193289224952741,1.193289224952741,71.66336822509766,113.0,101,True,True,True
2,Day 2,1,Tray 1,DJI_20260620131000_0001,16,2,6,600,120,720,240,614,134,706,226,0,8464,0.0,0.0,0.0,0.0,0,False,False,False
2,Day 2,1,Tray 1,DJI_20260620131000_0001,17,2,7,720,120,840,240,734,134,826,226,0,8464,0.0,0.0,0.0,0.0,0,False,False,False
2,Day 2,1,Tray 1,DJI_20260620131000_0001,18,2,8,840,120,960,240,854,134,946,226,0,8464,0.0,0.0,0.0,0.0,0,False,False,False
2,Day 2,1,Tray 1,DJI_20260620131000_0001,19,2,9,960,120,1080,240,974,134,1066,226,0,8464,0.0,0.0,0.0,0.0,0,False,False,False
2,Day 2,1,Tray 1,DJI_20260620131000_0001,20,2,10,1080,120,1200,240,1094,134,1186,226,0,8464,0.0,0.0,0.0,0.0,0,False,False,True
2,Day 2,1,Tray 1,DJI_20260620131000_0001,21,3,1,0,240,120,360,14,254,106,346,258,8464,0.0304820415879017,3.04820415879017,94.92247772216797,137.0,258,True,True,True
2,Day 2,1,Tray 1,DJI_20260620131000_0001,22,3,2,120,240,240,360,134,254,226,346,0,8464,0.0,0.0,0.0,0.0,0,False,False,False
2,Day 2,1,Tray 1,DJI_20260620131000_0001,23,3,3,240,240,360,360,254,254,346,346,144,8464,0.017013232514177693,1.7013232514177694,88.81944274902344,113.0,144,True,True,True
2,Day 2,1,Tray 1,DJI_20260620131000_0001,24,3,4,360,240,480,360,374,254,466,346,0,8464,0.0,0.0,0.0,0.0,0,False,False,False
2,Day 2,1,Tray 1,DJI_20260620131000_0001,25,3,5,480,240,600,360,494,254,586,346,0,8464,0.0,0.0,0.0,0.0,0,False,False,False
2,Day 2,1,Tray 1,DJI_20260620131000_0001,26,3,6,600,240,720,360,614,254,706,346,31,8464,0.003662570888468809,0.3662570888468809,74.41935729980469,89.0,31,True,False,True
2,Day 2,1,Tray 1,DJI_20260620131000_0001,27,3,7,720,240,840,360,734,254,826,346,0,8464,0.0,0.0,0.0,0.0,0,False,False,False
2,Day 2,1,Tray 1,DJI_20260620131000_0001,28,3,8,840,240,960,360,854,254,946,346,33,8464,0.0038988657844990547,0.3898865784499055,75.57575988769531,101.0,33,True,True,True
2,Day 2,1,Tray 1,DJI_20260620131000_0001,29,3,9,960,240,1080,360,974,254,1066,346,0,8464,0.0,0.0,0.0,0.0,0,False,False,False
2,Day 2,1,Tray 1,DJI_20260620131000_0001,30,3,10,1080,240,1200,360,1094,254,1186,346,92,8464,0.010869565217391304,1.0869565217391304,84.06521606445312,117.0,92,True,False,True
2,Day 2,1,Tray 1,DJI_20260620131000_0001,31,4,1,0,360,120,480,14,374,106,466,0,8464,0.0,0.0,0.0,0.0,0,False,False,False
2,Day 2,1,Tray 1,DJI_20260620131000_0001,32,4,2,120,360,240,480,134,374,226,466,0,8464,0.0,0.0,0.0,0.0,0,False,False,False
2,Day 2,1,Tray 1,DJI_20260620131000_0001,33,4,3,240,360,360,480,254,374,346,466,0,8464,0.0,0.0,0.0,0.0,0,False,False,False
2,Day 2,1,Tray 1,DJI_20260620131000_0001,34,4,4,360,360,480,480,374,374,466,466,0,8464,0.0,0.0,0.0,0.0,0,False,False,False
2,Day 2,1,Tray 1,DJI_20260620131000_0001,35,4,5,480,360,600,480,494,374,586,466,0,8464,0.0,0.0,0.0,0.0,0,False,False,False
2,Day 2,1,Tray 1,DJI_20260620131000_0001,36,4,6,600,360,720,480,614,374,706,466,0,8464,0.0,0.0,0.0,0.0,0,False,False,False
2,Day 2,1,Tray 1,DJI_20260620131000_0001,37,4,7,720,360,840,480,734,374,826,466,0,8464,0.0,0.0,0.0,0.0,0,False,False,False
2,Day 2,1,Tray 1,DJI_20260620131000_0001,38,4,8,840,360,960,480,854,374,946,466,0,8464,0.0,0.0,0.0,0.0,0,False,False,False
2,Day 2,1,Tray 1,DJI_20260620131000_0001,39,4,9,960,360,1080,480,974,374,1066,466,54,8464,0.006379962192816635,0.6379962192816635,76.72222137451172,101.0,54,True,True,True
2,Day 2,1,Tray 1,DJI_20260620131000_0001,40,4,10,1080,360,1200,480,1094,374,1186,466,0,8464,0.0,0.0,0.0,0.0,0,False,False,False
2,Day 2,1,Tray 1,DJI_20260620131000_0001,41,5,1,0,480,120,600,14,494,106,586,52,8464,0.006143667296786389,0.6143667296786389,72.34615325927734,108.0,52,True,True,True
2,Day 2,1,Tray 1,DJI_20260620131000_0001,42,5,2,120,480,240,600,134,494,226,586,0,8464,0.0,0.0,0.0,0.0,0,False,False,False
2,Day 2,1,Tray 1,DJI_20260620131000_0001,43,5,3,240,480,360,600,254,494,346,586,0,8464,0.0,0.0,0.0,0.0,0,False,False,False
2,Day 2,1,Tray 1,DJI_20260620131000_0001,44,5,4,360,480,480,600,374,494,466,586,0,8464,0.0,0.0,0.0,0.0,0,False,False,False
2,Day 2,1,Tray 1,DJI_20260620131000_0001,45,5,5,480,480,600,600,494,494,586,586,0,8464,0.0,0.0,0.0,0.0,0,False,False,False
2,Day 2,1,Tray 1,DJI_20260620131000_0001,46,5,6,600,480,720,600,614,494,706,586,253,8464,0.029891304347826088,2.989130434782609,86.45849609375,122.0,253,True,True,True
2,Day 2,1,Tray 1,DJI_20260620131000_0001,47,5,7,720,480,840,600,734,494,826,586,186,8464,0.021975425330812856,2.1975425330812857,94.65591430664062,130.0,186,True,True,True
2,Day 2,1,Tray 1,DJI_20260620131000_0001,48,5,8,840,480,960,600,854,494,946,586,0,8464,0.0,0.0,0.0,0.0,0,False,False,False
2,Day 2,1,Tray 1,DJI_20260620131000_0001,49,5,9,960,480,1080,600,974,494,1066,586,0,8464,0.0,0.0,0.0,0.0,0,False,False,False
2,Day 2,1,Tray 1,DJI_20260620131000_0001,50,5,10,1080,480,1200,600,1094,494,1186,586,0,8464,0.0,0.0,0.0,0.0,0,False,False,False
2,Day 2,1,Tray 1,DJI_20260620131000_0001,51,6,1,0,600,120,720,14,614,106,706,0,8464,0.0,0.0,0.0,0.0,0,False,False,False
2,Day 2,1,Tray 1,DJI_20260620131000_0001,52,6,2,120,600,240,720,134,614,226,706,0,8464,0.0,0.0,0.0,0.0,0,False,False,False
2,Day 2,1,Tray 1,DJI_20260620131000_0001,53,6,3,240,600,360,720,254,614,346,706,0,8464,0.0,0.0,0.0,0.0,0,False,False,False
2,Day 2,1,Tray 1,DJI_20260620131000_0001,54,6,4,360,600,480,720,374,614,466,706,0,8464,0.0,0.0,0.0,0.0,0,False,False,False
2,Day 2,1,Tray 1,DJI_20260620131000_0001,55,6,5,480,600,600,720,494,614,586,706,180,8464,0.021266540642722116,2.1266540642722114,79.21666717529297,122.0,169,True,True,True
2,Day 2,1,Tray 1,DJI_20260620131000_0001,56,6,6,600,600,720,720,614,614,706,706,0,8464,0.0,0.0,0.0,0.0,0,False,False,False
2,Day 2,1,Tray 1,DJI_20260620131000_0001,57,6,7,720,600,840,720,734,614,826,706,233,8464,0.02752835538752363,2.752835538752363,91.2489242553711,130.0,182,True,True,True
2,Day 2,1,Tray 1,DJI_20260620131000_0001,58,6,8,840,600,960,720,854,614,946,706,0,8464,0.0,0.0,0.0,0.0,0,False,False,False
2,Day 2,1,Tray 1,DJI_20260620131000_0001,59,6,9,960,600,1080,720,974,614,1066,706,0,8464,0.0,0.0,0.0,0.0,0,False,False,False
2,Day 2,1,Tray 1,DJI_20260620131000_0001,60,6,10,1080,600,1200,720,1094,614,1186,706,0,8464,0.0,0.0,0.0,0.0,0,False,False,False
2,Day 2,1,Tray 1,DJI_20260620131000_0001,61,7,1,0,720,120,840,14,734,106,826,0,8464,0.0,0.0,0.0,0.0,0,False,False,False
2,Day 2,1,Tray 1,DJI_20260620131000_0001,62,7,2,120,720,240,840,134,734,226,826,59,8464,0.006970699432892249,0.6970699432892249,73.47457885742188,104.0,59,True,False,True
2,Day 2,1,Tray 1,DJI_20260620131000_0001,63,7,3,240,720,360,840,254,734,346,826,2,8464,0.00023629489603024575,0.023629489603024575,13.0,14.0,1,False,False,False
2,Day 2,1,Tray 1,DJI_20260620131000_0001,64,7,4,360,720,480,840,374,734,466,826,37,8464,0.004371455576559546,0.43714555765595464,70.1351318359375,96.0,37,True,True,True
2,Day 2,1,Tray 1,DJI_20260620131000_0001,65,7,5,480,720,600,840,494,734,586,826,0,8464,0.0,0.0,0.0,0.0,0,False,False,False
2,Day 2,1,Tray 1,DJI_20260620131000_0001,66,7,6,600,720,720,840,614,734,706,826,166,8464,0.019612476370510397,1.9612476370510397,87.13855743408203,126.0,119,True,True,True
2,Day 2,1,Tray 1,DJI_20260620131000_0001,67,7,7,720,720,840,840,734,734,826,826,0,8464,0.0,0.0,0.0,0.0,0,False,False,False
2,Day 2,1,Tray 1,DJI_20260620131000_0001,68,7,8,840,720,960,840,854,734,946,826,0,8464,0.0,0.0,0.0,0.0,0,False,False,False
2,Day 2,1,Tray 1,DJI_20260620131000_0001,69,7,9,960,720,1080,840,974,734,1066,826,145,8464,0.017131379962192817,1.7131379962192816,94.84827423095703,122.0,145,True,True,True
2,Day 2,1,Tray 1,DJI_20260620131000_0001,70,7,10,1080,720,1200,840,1094,734,1186,826,27,8464,0.0031899810964083177,0.31899810964083175,76.48148345947266,113.0,26,True,True,True
2,Day 2,2,Tray 2,DJI_20260620131052_0002,1,1,1,0,0,120,120,14,14,106,106,0,8464,0.0,0.0,0.0,0.0,0,False,False,False
2,Day 2,2,Tray 2,DJI_20260620131052_0002,2,1,2,120,0,240,120,134,14,226,106,0,8464,0.0,0.0,0.0,0.0,0,False,False,False
2,Day 2,2,Tray 2,DJI_20260620131052_0002,3,1,3,240,0,360,120,254,14,346,106,96,8464,0.011342155009451797,1.1342155009451798,98.85416412353516,143.0,96,True,True,True
2,Day 2,2,Tray 2,DJI_20260620131052_0002,4,1,4,360,0,480,120,374,14,466,106,0,8464,0.0,0.0,0.0,0.0,0,False,False,False
2,Day 2,2,Tray 2,DJI_20260620131052_0002,5,1,5,480,0,600,120,494,14,586,106,0,8464,0.0,0.0,0.0,0.0,0,False,False,False
2,Day 2,2,Tray 2,DJI_20260620131052_0002,6,1,6,600,0,720,120,614,14,706,106,0,8464,0.0,0.0,0.0,0.0,0,False,False,False
2,Day 2,2,Tray 2,DJI_20260620131052_0002,7,1,7,720,0,840,120,734,14,826,106,139,8464,0.01642249527410208,1.642249527410208,95.48201751708984,137.0,98,True,True,True
2,Day 2,2,Tray 2,DJI_20260620131052_0002,8,1,8,840,0,960,120,854,14,946,106,0,8464,0.0,0.0,0.0,0.0,0,False,False,False
2,Day 2,2,Tray 2,DJI_20260620131052_0002,9,1,9,960,0,1080,120,974,14,1066,106,0,8464,0.0,0.0,0.0,0.0,0,False,False,False
2,Day 2,2,Tray 2,DJI_20260620131052_0002,10,1,10,1080,0,1200,120,1094,14,1186,106,0,8464,0.0,0.0,0.0,0.0,0,False,False,False
2,Day 2,2,Tray 2,DJI_20260620131052_0002,11,2,1,0,120,120,240,14,134,106,226,149,8464,0.01760396975425331,1.760396975425331,105.67784881591797,138.0,149,True,True,True
2,Day 2,2,Tray 2,DJI_20260620131052_0002,12,2,2,120,120,240,240,134,134,226,226,0,8464,0.0,0.0,0.0,0.0,0,False,False,False
2,Day 2,2,Tray 2,DJI_20260620131052_0002,13,2,3,240,120,360,240,254,134,346,226,0,8464,0.0,0.0,0.0,0.0,0,False,False,True
2,Day 2,2,Tray 2,DJI_20260620131052_0002,14,2,4,360,120,480,240,374,134,466,226,0,8464,0.0,0.0,0.0,0.0,0,False,False,False
2,Day 2,2,Tray 2,DJI_20260620131052_0002,15,2,5,480,120,600,240,494,134,586,226,0,8464,0.0,0.0,0.0,0.0,0,False,False,False
2,Day 2,2,Tray 2,DJI_20260620131052_0002,16,2,6,600,120,720,240,614,134,706,226,143,8464,0.016895085066162573,1.6895085066162572,92.91608428955078,128.0,143,True,True,True
2,Day 2,2,Tray 2,DJI_20260620131052_0002,17,2,7,720,120,840,240,734,134,826,226,245,8464,0.028946124763705103,2.89461247637051,100.04081726074219,146.0,245,True,True,True
2,Day 2,2,Tray 2,DJI_20260620131052_0002,18,2,8,840,120,960,240,854,134,946,226,158,8464,0.018667296786389415,1.8667296786389416,99.74050903320312,131.0,158,True,True,True
2,Day 2,2,Tray 2,DJI_20260620131052_0002,19,2,9,960,120,1080,240,974,134,1066,226,0,8464,0.0,0.0,0.0,0.0,0,False,False,False
2,Day 2,2,Tray 2,DJI_20260620131052_0002,20,2,10,1080,120,1200,240,1094,134,1186,226,345,8464,0.04076086956521739,4.076086956521739,105.97101593017578,137.0,345,True,True,True
2,Day 2,2,Tray 2,DJI_20260620131052_0002,21,3,1,0,240,120,360,14,254,106,346,0,8464,0.0,0.0,0.0,0.0,0,False,False,False
2,Day 2,2,Tray 2,DJI_20260620131052_0002,22,3,2,120,240,240,360,134,254,226,346,0,8464,0.0,0.0,0.0,0.0,0,False,False,False
2,Day 2,2,Tray 2,DJI_20260620131052_0002,23,3,3,240,240,360,360,254,254,346,346,0,8464,0.0,0.0,0.0,0.0,0,False,False,False
2,Day 2,2,Tray 2,DJI_20260620131052_0002,24,3,4,360,240,480,360,374,254,466,346,194,8464,0.022920604914933838,2.292060491493384,102.7319564819336,127.0,194,True,True,True
2,Day 2,2,Tray 2,DJI_20260620131052_0002,25,3,5,480,240,600,360,494,254,586,346,257,8464,0.030363894139886577,3.036389413988658,103.84825134277344,137.0,257,True,True,True
2,Day 2,2,Tray 2,DJI_20260620131052_0002,26,3,6,600,240,720,360,614,254,706,346,28,8464,0.0033081285444234404,0.33081285444234404,75.67857360839844,96.0,28,True,True,True
2,Day 2,2,Tray 2,DJI_20260620131052_0002,27,3,7,720,240,840,360,734,254,826,346,337,8464,0.03981568998109641,3.9815689981096405,100.89020538330078,143.0,337,True,True,True
2,Day 2,2,Tray 2,DJI_20260620131052_0002,28,3,8,840,240,960,360,854,254,946,346,161,8464,0.019021739130434784,1.9021739130434785,91.88819885253906,129.0,161,True,True,True
2,Day 2,2,Tray 2,DJI_20260620131052_0002,29,3,9,960,240,1080,360,974,254,1066,346,244,8464,0.028827977315689982,2.8827977315689983,96.70082092285156,128.0,244,True,True,True
2,Day 2,2,Tray 2,DJI_20260620131052_0002,30,3,10,1080,240,1200,360,1094,254,1186,346,272,8464,0.03213610586011342,3.213610586011342,100.25367736816406,130.0,155,True,True,True
2,Day 2,2,Tray 2,DJI_20260620131052_0002,31,4,1,0,360,120,480,14,374,106,466,353,8464,0.04170604914933838,4.170604914933838,104.28894805908203,146.0,353,True,True,True
2,Day 2,2,Tray 2,DJI_20260620131052_0002,32,4,2,120,360,240,480,134,374,226,466,353,8464,0.04170604914933838,4.170604914933838,102.7422103881836,137.0,353,True,True,True
2,Day 2,2,Tray 2,DJI_20260620131052_0002,33,4,3,240,360,360,480,254,374,346,466,118,8464,0.013941398865784499,1.3941398865784498,85.58474731445312,118.0,118,True,True,True
2,Day 2,2,Tray 2,DJI_20260620131052_0002,34,4,4,360,360,480,480,374,374,466,466,157,8464,0.01854914933837429,1.8549149338374291,97.40127563476562,131.0,157,True,True,True
2,Day 2,2,Tray 2,DJI_20260620131052_0002,35,4,5,480,360,600,480,494,374,586,466,363,8464,0.0428875236294896,4.28875236294896,100.02204132080078,128.0,363,True,False,True
2,Day 2,2,Tray 2,DJI_20260620131052_0002,36,4,6,600,360,720,480,614,374,706,466,0,8464,0.0,0.0,0.0,0.0,0,False,False,True
2,Day 2,2,Tray 2,DJI_20260620131052_0002,37,4,7,720,360,840,480,734,374,826,466,0,8464,0.0,0.0,0.0,0.0,0,False,False,False
2,Day 2,2,Tray 2,DJI_20260620131052_0002,38,4,8,840,360,960,480,854,374,946,466,0,8464,0.0,0.0,0.0,0.0,0,False,False,False
2,Day 2,2,Tray 2,DJI_20260620131052_0002,39,4,9,960,360,1080,480,974,374,1066,466,0,8464,0.0,0.0,0.0,0.0,0,False,False,False
2,Day 2,2,Tray 2,DJI_20260620131052_0002,40,4,10,1080,360,1200,480,1094,374,1186,466,210,8464,0.024810964083175804,2.4810964083175806,102.72856903076172,134.0,210,True,True,True
2,Day 2,2,Tray 2,DJI_20260620131052_0002,41,5,1,0,480,120,600,14,494,106,586,0,8464,0.0,0.0,0.0,0.0,0,False,False,False
2,Day 2,2,Tray 2,DJI_20260620131052_0002,42,5,2,120,480,240,600,134,494,226,586,0,8464,0.0,0.0,0.0,0.0,0,False,False,False
2,Day 2,2,Tray 2,DJI_20260620131052_0002,43,5,3,240,480,360,600,254,494,346,586,136,8464,0.01606805293005671,1.606805293005671,97.69117736816406,131.0,136,True,True,True
2,Day 2,2,Tray 2,DJI_20260620131052_0002,44,5,4,360,480,480,600,374,494,466,586,0,8464,0.0,0.0,0.0,0.0,0,False,False,True
2,Day 2,2,Tray 2,DJI_20260620131052_0002,45,5,5,480,480,600,600,494,494,586,586,0,8464,0.0,0.0,0.0,0.0,0,False,False,False
2,Day 2,2,Tray 2,DJI_20260620131052_0002,46,5,6,600,480,720,600,614,494,706,586,0,8464,0.0,0.0,0.0,0.0,0,False,False,False
2,Day 2,2,Tray 2,DJI_20260620131052_0002,47,5,7,720,480,840,600,734,494,826,586,0,8464,0.0,0.0,0.0,0.0,0,False,False,False
2,Day 2,2,Tray 2,DJI_20260620131052_0002,48,5,8,840,480,960,600,854,494,946,586,0,8464,0.0,0.0,0.0,0.0,0,False,False,False
2,Day 2,2,Tray 2,DJI_20260620131052_0002,49,5,9,960,480,1080,600,974,494,1066,586,0,8464,0.0,0.0,0.0,0.0,0,False,False,False
2,Day 2,2,Tray 2,DJI_20260620131052_0002,50,5,10,1080,480,1200,600,1094,494,1186,586,0,8464,0.0,0.0,0.0,0.0,0,False,False,False
2,Day 2,2,Tray 2,DJI_20260620131052_0002,51,6,1,0,600,120,720,14,614,106,706,0,8464,0.0,0.0,0.0,0.0,0,False,False,False
2,Day 2,2,Tray 2,DJI_20260620131052_0002,52,6,2,120,600,240,720,134,614,226,706,0,8464,0.0,0.0,0.0,0.0,0,False,False,False
2,Day 2,2,Tray 2,DJI_20260620131052_0002,53,6,3,240,600,360,720,254,614,346,706,6,8464,0.0007088846880907373,0.07088846880907373,68.83333587646484,111.0,6,False,False,False
2,Day 2,2,Tray 2,DJI_20260620131052_0002,54,6,4,360,600,480,720,374,614,466,706,0,8464,0.0,0.0,0.0,0.0,0,False,False,False
2,Day 2,2,Tray 2,DJI_20260620131052_0002,55,6,5,480,600,600,720,494,614,586,706,390,8464,0.04607750472589792,4.607750472589792,97.35897064208984,137.0,291,True,True,True
2,Day 2,2,Tray 2,DJI_20260620131052_0002,56,6,6,600,600,720,720,614,614,706,706,0,8464,0.0,0.0,0.0,0.0,0,False,False,False
2,Day 2,2,Tray 2,DJI_20260620131052_0002,57,6,7,720,600,840,720,734,614,826,706,0,8464,0.0,0.0,0.0,0.0,0,False,False,False
2,Day 2,2,Tray 2,DJI_20260620131052_0002,58,6,8,840,600,960,720,854,614,946,706,0,8464,0.0,0.0,0.0,0.0,0,False,False,False
2,Day 2,2,Tray 2,DJI_20260620131052_0002,59,6,9,960,600,1080,720,974,614,1066,706,0,8464,0.0,0.0,0.0,0.0,0,False,False,False
2,Day 2,2,Tray 2,DJI_20260620131052_0002,60,6,10,1080,600,1200,720,1094,614,1186,706,0,8464,0.0,0.0,0.0,0.0,0,False,False,False
2,Day 2,2,Tray 2,DJI_20260620131052_0002,61,7,1,0,720,120,840,14,734,106,826,0,8464,0.0,0.0,0.0,0.0,0,False,False,False
2,Day 2,2,Tray 2,DJI_20260620131052_0002,62,7,2,120,720,240,840,134,734,226,826,0,8464,0.0,0.0,0.0,0.0,0,False,False,False
2,Day 2,2,Tray 2,DJI_20260620131052_0002,63,7,3,240,720,360,840,254,734,346,826,0,8464,0.0,0.0,0.0,0.0,0,False,False,False
2,Day 2,2,Tray 2,DJI_20260620131052_0002,64,7,4,360,720,480,840,374,734,466,826,0,8464,0.0,0.0,0.0,0.0,0,False,False,True
2,Day 2,2,Tray 2,DJI_20260620131052_0002,65,7,5,480,720,600,840,494,734,586,826,0,8464,0.0,0.0,0.0,0.0,0,False,False,False
2,Day 2,2,Tray 2,DJI_20260620131052_0002,66,7,6,600,720,720,840,614,734,706,826,1,8464,0.00011814744801512288,0.011814744801512287,8.0,8.0,1,False,False,False
2,Day 2,2,Tray 2,DJI_20260620131052_0002,67,7,7,720,720,840,840,734,734,826,826,0,8464,0.0,0.0,0.0,0.0,0,False,False,False
2,Day 2,2,Tray 2,DJI_20260620131052_0002,68,7,8,840,720,960,840,854,734,946,826,0,8464,0.0,0.0,0.0,0.0,0,False,False,False
2,Day 2,2,Tray 2,DJI_20260620131052_0002,69,7,9,960,720,1080,840,974,734,1066,826,0,8464,0.0,0.0,0.0,0.0,0,False,False,False
2,Day 2,2,Tray 2,DJI_20260620131052_0002,70,7,10,1080,720,1200,840,1094,734,1186,826,0,8464,0.0,0.0,0.0,0.0,0,False,False,False
2,Day 2,3,Tray 3,DJI_20260620131152_0003,1,1,1,0,0,120,120,14,14,106,106,0,8464,0.0,0.0,0.0,0.0,0,False,False,True
2,Day 2,3,Tray 3,DJI_20260620131152_0003,2,1,2,120,0,240,120,134,14,226,106,216,8464,0.02551984877126654,2.551984877126654,81.68055725097656,119.0,216,True,False,True
2,Day 2,3,Tray 3,DJI_20260620131152_0003,3,1,3,240,0,360,120,254,14,346,106,0,8464,0.0,0.0,0.0,0.0,0,False,False,False
2,Day 2,3,Tray 3,DJI_20260620131152_0003,4,1,4,360,0,480,120,374,14,466,106,0,8464,0.0,0.0,0.0,0.0,0,False,False,False
2,Day 2,3,Tray 3,DJI_20260620131152_0003,5,1,5,480,0,600,120,494,14,586,106,0,8464,0.0,0.0,0.0,0.0,0,False,False,True
2,Day 2,3,Tray 3,DJI_20260620131152_0003,6,1,6,600,0,720,120,614,14,706,106,0,8464,0.0,0.0,0.0,0.0,0,False,False,False
2,Day 2,3,Tray 3,DJI_20260620131152_0003,7,1,7,720,0,840,120,734,14,826,106,0,8464,0.0,0.0,0.0,0.0,0,False,False,False
2,Day 2,3,Tray 3,DJI_20260620131152_0003,8,1,8,840,0,960,120,854,14,946,106,0,8464,0.0,0.0,0.0,0.0,0,False,False,False
2,Day 2,3,Tray 3,DJI_20260620131152_0003,9,1,9,960,0,1080,120,974,14,1066,106,47,8464,0.005552930056710775,0.5552930056710775,71.2978744506836,105.0,37,True,False,True
2,Day 2,3,Tray 3,DJI_20260620131152_0003,10,1,10,1080,0,1200,120,1094,14,1186,106,0,8464,0.0,0.0,0.0,0.0,0,False,False,False
2,Day 2,3,Tray 3,DJI_20260620131152_0003,11,2,1,0,120,120,240,14,134,106,226,13,8464,0.0015359168241965973,0.15359168241965973,91.0,112.0,13,False,False,False
2,Day 2,3,Tray 3,DJI_20260620131152_0003,12,2,2,120,120,240,240,134,134,226,226,0,8464,0.0,0.0,0.0,0.0,0,False,False,False
2,Day 2,3,Tray 3,DJI_20260620131152_0003,13,2,3,240,120,360,240,254,134,346,226,13,8464,0.0015359168241965973,0.15359168241965973,62.53845977783203,79.0,13,False,False,False
2,Day 2,3,Tray 3,DJI_20260620131152_0003,14,2,4,360,120,480,240,374,134,466,226,0,8464,0.0,0.0,0.0,0.0,0,False,False,False
2,Day 2,3,Tray 3,DJI_20260620131152_0003,15,2,5,480,120,600,240,494,134,586,226,84,8464,0.00992438563327032,0.9924385633270321,72.5,95.0,84,True,False,True
2,Day 2,3,Tray 3,DJI_20260620131152_0003,16,2,6,600,120,720,240,614,134,706,226,0,8464,0.0,0.0,0.0,0.0,0,False,False,False
2,Day 2,3,Tray 3,DJI_20260620131152_0003,17,2,7,720,120,840,240,734,134,826,226,0,8464,0.0,0.0,0.0,0.0,0,False,False,False
2,Day 2,3,Tray 3,DJI_20260620131152_0003,18,2,8,840,120,960,240,854,134,946,226,0,8464,0.0,0.0,0.0,0.0,0,False,False,True
2,Day 2,3,Tray 3,DJI_20260620131152_0003,19,2,9,960,120,1080,240,974,134,1066,226,0,8464,0.0,0.0,0.0,0.0,0,False,False,False
2,Day 2,3,Tray 3,DJI_20260620131152_0003,20,2,10,1080,120,1200,240,1094,134,1186,226,0,8464,0.0,0.0,0.0,0.0,0,False,False,False
2,Day 2,3,Tray 3,DJI_20260620131152_0003,21,3,1,0,240,120,360,14,254,106,346,0,8464,0.0,0.0,0.0,0.0,0,False,False,True
2,Day 2,3,Tray 3,DJI_20260620131152_0003,22,3,2,120,240,240,360,134,254,226,346,0,8464,0.0,0.0,0.0,0.0,0,False,False,False
2,Day 2,3,Tray 3,DJI_20260620131152_0003,23,3,3,240,240,360,360,254,254,346,346,0,8464,0.0,0.0,0.0,0.0,0,False,False,False
2,Day 2,3,Tray 3,DJI_20260620131152_0003,24,3,4,360,240,480,360,374,254,466,346,16,8464,0.001890359168241966,0.1890359168241966,65.6875,79.0,16,True,True,True
2,Day 2,3,Tray 3,DJI_20260620131152_0003,25,3,5,480,240,600,360,494,254,586,346,130,8464,0.015359168241965973,1.5359168241965973,77.81538391113281,100.0,130,True,False,True
2,Day 2,3,Tray 3,DJI_20260620131152_0003,26,3,6,600,240,720,360,614,254,706,346,0,8464,0.0,0.0,0.0,0.0,0,False,False,True
2,Day 2,3,Tray 3,DJI_20260620131152_0003,27,3,7,720,240,840,360,734,254,826,346,0,8464,0.0,0.0,0.0,0.0,0,False,False,False
2,Day 2,3,Tray 3,DJI_20260620131152_0003,28,3,8,840,240,960,360,854,254,946,346,114,8464,0.013468809073724008,1.3468809073724008,77.63157653808594,96.0,114,True,True,True
2,Day 2,3,Tray 3,DJI_20260620131152_0003,29,3,9,960,240,1080,360,974,254,1066,346,0,8464,0.0,0.0,0.0,0.0,0,False,False,False
2,Day 2,3,Tray 3,DJI_20260620131152_0003,30,3,10,1080,240,1200,360,1094,254,1186,346,0,8464,0.0,0.0,0.0,0.0,0,False,False,False
2,Day 2,3,Tray 3,DJI_20260620131152_0003,31,4,1,0,360,120,480,14,374,106,466,0,8464,0.0,0.0,0.0,0.0,0,False,False,False
2,Day 2,3,Tray 3,DJI_20260620131152_0003,32,4,2,120,360,240,480,134,374,226,466,0,8464,0.0,0.0,0.0,0.0,0,False,False,False
2,Day 2,3,Tray 3,DJI_20260620131152_0003,33,4,3,240,360,360,480,254,374,346,466,0,8464,0.0,0.0,0.0,0.0,0,False,False,False
2,Day 2,3,Tray 3,DJI_20260620131152_0003,34,4,4,360,360,480,480,374,374,466,466,119,8464,0.014059546313799623,1.4059546313799622,78.87394714355469,104.0,119,True,False,True
2,Day 2,3,Tray 3,DJI_20260620131152_0003,35,4,5,480,360,600,480,494,374,586,466,0,8464,0.0,0.0,0.0,0.0,0,False,False,False
2,Day 2,3,Tray 3,DJI_20260620131152_0003,36,4,6,600,360,720,480,614,374,706,466,0,8464,0.0,0.0,0.0,0.0,0,False,False,True
2,Day 2,3,Tray 3,DJI_20260620131152_0003,37,4,7,720,360,840,480,734,374,826,466,0,8464,0.0,0.0,0.0,0.0,0,False,False,True
2,Day 2,3,Tray 3,DJI_20260620131152_0003,38,4,8,840,360,960,480,854,374,946,466,0,8464,0.0,0.0,0.0,0.0,0,False,False,False
2,Day 2,3,Tray 3,DJI_20260620131152_0003,39,4,9,960,360,1080,480,974,374,1066,466,0,8464,0.0,0.0,0.0,0.0,0,False,False,False
2,Day 2,3,Tray 3,DJI_20260620131152_0003,40,4,10,1080,360,1200,480,1094,374,1186,466,0,8464,0.0,0.0,0.0,0.0,0,False,False,True
2,Day 2,3,Tray 3,DJI_20260620131152_0003,41,5,1,0,480,120,600,14,494,106,586,0,8464,0.0,0.0,0.0,0.0,0,False,False,False
2,Day 2,3,Tray 3,DJI_20260620131152_0003,42,5,2,120,480,240,600,134,494,226,586,240,8464,0.02835538752362949,2.835538752362949,82.92082977294922,106.0,240,True,True,True
2,Day 2,3,Tray 3,DJI_20260620131152_0003,43,5,3,240,480,360,600,254,494,346,586,139,8464,0.01642249527410208,1.642249527410208,80.4244613647461,98.0,139,True,True,True
2,Day 2,3,Tray 3,DJI_20260620131152_0003,44,5,4,360,480,480,600,374,494,466,586,272,8464,0.03213610586011342,3.213610586011342,89.0992660522461,112.0,272,True,False,True
2,Day 2,3,Tray 3,DJI_20260620131152_0003,45,5,5,480,480,600,600,494,494,586,586,89,8464,0.010515122873345936,1.0515122873345935,84.17977905273438,110.0,89,True,True,True
2,Day 2,3,Tray 3,DJI_20260620131152_0003,46,5,6,600,480,720,600,614,494,706,586,0,8464,0.0,0.0,0.0,0.0,0,False,False,True
2,Day 2,3,Tray 3,DJI_20260620131152_0003,47,5,7,720,480,840,600,734,494,826,586,0,8464,0.0,0.0,0.0,0.0,0,False,False,True
2,Day 2,3,Tray 3,DJI_20260620131152_0003,48,5,8,840,480,960,600,854,494,946,586,0,8464,0.0,0.0,0.0,0.0,0,False,False,True
2,Day 2,3,Tray 3,DJI_20260620131152_0003,49,5,9,960,480,1080,600,974,494,1066,586,0,8464,0.0,0.0,0.0,0.0,0,False,False,False
2,Day 2,3,Tray 3,DJI_20260620131152_0003,50,5,10,1080,480,1200,600,1094,494,1186,586,90,8464,0.010633270321361058,1.0633270321361057,89.04444122314453,110.0,85,True,True,True
2,Day 2,3,Tray 3,DJI_20260620131152_0003,51,6,1,0,600,120,720,14,614,106,706,0,8464,0.0,0.0,0.0,0.0,0,False,False,False
2,Day 2,3,Tray 3,DJI_20260620131152_0003,52,6,2,120,600,240,720,134,614,226,706,0,8464,0.0,0.0,0.0,0.0,0,False,False,False
2,Day 2,3,Tray 3,DJI_20260620131152_0003,53,6,3,240,600,360,720,254,614,346,706,90,8464,0.010633270321361058,1.0633270321361057,80.34444427490234,104.0,90,True,True,True
2,Day 2,3,Tray 3,DJI_20260620131152_0003,54,6,4,360,600,480,720,374,614,466,706,0,8464,0.0,0.0,0.0,0.0,0,False,False,False
2,Day 2,3,Tray 3,DJI_20260620131152_0003,55,6,5,480,600,600,720,494,614,586,706,189,8464,0.022329867674858225,2.2329867674858224,86.06878662109375,120.0,189,True,True,True
2,Day 2,3,Tray 3,DJI_20260620131152_0003,56,6,6,600,600,720,720,614,614,706,706,0,8464,0.0,0.0,0.0,0.0,0,False,False,False
2,Day 2,3,Tray 3,DJI_20260620131152_0003,57,6,7,720,600,840,720,734,614,826,706,68,8464,0.008034026465028356,0.8034026465028355,89.80882263183594,129.0,68,True,True,True
2,Day 2,3,Tray 3,DJI_20260620131152_0003,58,6,8,840,600,960,720,854,614,946,706,0,8464,0.0,0.0,0.0,0.0,0,False,False,True
2,Day 2,3,Tray 3,DJI_20260620131152_0003,59,6,9,960,600,1080,720,974,614,1066,706,0,8464,0.0,0.0,0.0,0.0,0,False,False,False
2,Day 2,3,Tray 3,DJI_20260620131152_0003,60,6,10,1080,600,1200,720,1094,614,1186,706,0,8464,0.0,0.0,0.0,0.0,0,False,False,False
2,Day 2,3,Tray 3,DJI_20260620131152_0003,61,7,1,0,720,120,840,14,734,106,826,0,8464,0.0,0.0,0.0,0.0,0,False,False,False
2,Day 2,3,Tray 3,DJI_20260620131152_0003,62,7,2,120,720,240,840,134,734,226,826,66,8464,0.0077977315689981095,0.779773156899811,81.8787841796875,100.0,66,True,True,True
2,Day 2,3,Tray 3,DJI_20260620131152_0003,63,7,3,240,720,360,840,254,734,346,826,0,8464,0.0,0.0,0.0,0.0,0,False,False,True
2,Day 2,3,Tray 3,DJI_20260620131152_0003,64,7,4,360,720,480,840,374,734,466,826,0,8464,0.0,0.0,0.0,0.0,0,False,False,False
2,Day 2,3,Tray 3,DJI_20260620131152_0003,65,7,5,480,720,600,840,494,734,586,826,0,8464,0.0,0.0,0.0,0.0,0,False,False,True
2,Day 2,3,Tray 3,DJI_20260620131152_0003,66,7,6,600,720,720,840,614,734,706,826,0,8464,0.0,0.0,0.0,0.0,0,False,False,False
2,Day 2,3,Tray 3,DJI_20260620131152_0003,67,7,7,720,720,840,840,734,734,826,826,0,8464,0.0,0.0,0.0,0.0,0,False,False,True
2,Day 2,3,Tray 3,DJI_20260620131152_0003,68,7,8,840,720,960,840,854,734,946,826,0,8464,0.0,0.0,0.0,0.0,0,False,False,False
2,Day 2,3,Tray 3,DJI_20260620131152_0003,69,7,9,960,720,1080,840,974,734,1066,826,86,8464,0.010160680529300567,1.0160680529300568,63.73255920410156,119.0,44,True,True,True
2,Day 2,3,Tray 3,DJI_20260620131152_0003,70,7,10,1080,720,1200,840,1094,734,1186,826,0,8464,0.0,0.0,0.0,0.0,0,False,False,False
2,Day 2,4,Tray 4,DJI_20260620131233_0004,1,1,1,0,0,120,120,14,14,106,106,0,8464,0.0,0.0,0.0,0.0,0,False,False,False
2,Day 2,4,Tray 4,DJI_20260620131233_0004,2,1,2,120,0,240,120,134,14,226,106,0,8464,0.0,0.0,0.0,0.0,0,False,False,True
2,Day 2,4,Tray 4,DJI_20260620131233_0004,3,1,3,240,0,360,120,254,14,346,106,55,8464,0.006498109640831758,0.6498109640831757,84.80000305175781,106.0,55,True,True,True
2,Day 2,4,Tray 4,DJI_20260620131233_0004,4,1,4,360,0,480,120,374,14,466,106,0,8464,0.0,0.0,0.0,0.0,0,False,False,True
2,Day 2,4,Tray 4,DJI_20260620131233_0004,5,1,5,480,0,600,120,494,14,586,106,0,8464,0.0,0.0,0.0,0.0,0,False,False,False
2,Day 2,4,Tray 4,DJI_20260620131233_0004,6,1,6,600,0,720,120,614,14,706,106,0,8464,0.0,0.0,0.0,0.0,0,False,False,False
2,Day 2,4,Tray 4,DJI_20260620131233_0004,7,1,7,720,0,840,120,734,14,826,106,0,8464,0.0,0.0,0.0,0.0,0,False,False,False
2,Day 2,4,Tray 4,DJI_20260620131233_0004,8,1,8,840,0,960,120,854,14,946,106,139,8464,0.01642249527410208,1.642249527410208,86.8705062866211,111.0,139,True,True,True
2,Day 2,4,Tray 4,DJI_20260620131233_0004,9,1,9,960,0,1080,120,974,14,1066,106,0,8464,0.0,0.0,0.0,0.0,0,False,False,False
2,Day 2,4,Tray 4,DJI_20260620131233_0004,10,1,10,1080,0,1200,120,1094,14,1186,106,0,8464,0.0,0.0,0.0,0.0,0,False,False,False
2,Day 2,4,Tray 4,DJI_20260620131233_0004,11,2,1,0,120,120,240,14,134,106,226,0,8464,0.0,0.0,0.0,0.0,0,False,False,False
2,Day 2,4,Tray 4,DJI_20260620131233_0004,12,2,2,120,120,240,240,134,134,226,226,0,8464,0.0,0.0,0.0,0.0,0,False,False,False
2,Day 2,4,Tray 4,DJI_20260620131233_0004,13,2,3,240,120,360,240,254,134,346,226,0,8464,0.0,0.0,0.0,0.0,0,False,False,False
2,Day 2,4,Tray 4,DJI_20260620131233_0004,14,2,4,360,120,480,240,374,134,466,226,0,8464,0.0,0.0,0.0,0.0,0,False,False,False
2,Day 2,4,Tray 4,DJI_20260620131233_0004,15,2,5,480,120,600,240,494,134,586,226,0,8464,0.0,0.0,0.0,0.0,0,False,False,False
2,Day 2,4,Tray 4,DJI_20260620131233_0004,16,2,6,600,120,720,240,614,134,706,226,0,8464,0.0,0.0,0.0,0.0,0,False,False,False
2,Day 2,4,Tray 4,DJI_20260620131233_0004,17,2,7,720,120,840,240,734,134,826,226,0,8464,0.0,0.0,0.0,0.0,0,False,False,False
2,Day 2,4,Tray 4,DJI_20260620131233_0004,18,2,8,840,120,960,240,854,134,946,226,0,8464,0.0,0.0,0.0,0.0,0,False,False,False
2,Day 2,4,Tray 4,DJI_20260620131233_0004,19,2,9,960,120,1080,240,974,134,1066,226,0,8464,0.0,0.0,0.0,0.0,0,False,False,False
2,Day 2,4,Tray 4,DJI_20260620131233_0004,20,2,10,1080,120,1200,240,1094,134,1186,226,0,8464,0.0,0.0,0.0,0.0,0,False,False,False
2,Day 2,4,Tray 4,DJI_20260620131233_0004,21,3,1,0,240,120,360,14,254,106,346,0,8464,0.0,0.0,0.0,0.0,0,False,False,False
2,Day 2,4,Tray 4,DJI_20260620131233_0004,22,3,2,120,240,240,360,134,254,226,346,0,8464,0.0,0.0,0.0,0.0,0,False,False,False
2,Day 2,4,Tray 4,DJI_20260620131233_0004,23,3,3,240,240,360,360,254,254,346,346,0,8464,0.0,0.0,0.0,0.0,0,False,False,False
2,Day 2,4,Tray 4,DJI_20260620131233_0004,24,3,4,360,240,480,360,374,254,466,346,0,8464,0.0,0.0,0.0,0.0,0,False,False,True
2,Day 2,4,Tray 4,DJI_20260620131233_0004,25,3,5,480,240,600,360,494,254,586,346,0,8464,0.0,0.0,0.0,0.0,0,False,False,False
2,Day 2,4,Tray 4,DJI_20260620131233_0004,26,3,6,600,240,720,360,614,254,706,346,0,8464,0.0,0.0,0.0,0.0,0,False,False,False
2,Day 2,4,Tray 4,DJI_20260620131233_0004,27,3,7,720,240,840,360,734,254,826,346,6,8464,0.0007088846880907373,0.07088846880907373,37.0,40.0,3,False,False,False
2,Day 2,4,Tray 4,DJI_20260620131233_0004,28,3,8,840,240,960,360,854,254,946,346,0,8464,0.0,0.0,0.0,0.0,0,False,False,True
2,Day 2,4,Tray 4,DJI_20260620131233_0004,29,3,9,960,240,1080,360,974,254,1066,346,0,8464,0.0,0.0,0.0,0.0,0,False,False,False
2,Day 2,4,Tray 4,DJI_20260620131233_0004,30,3,10,1080,240,1200,360,1094,254,1186,346,0,8464,0.0,0.0,0.0,0.0,0,False,False,False
2,Day 2,4,Tray 4,DJI_20260620131233_0004,31,4,1,0,360,120,480,14,374,106,466,0,8464,0.0,0.0,0.0,0.0,0,False,False,False
2,Day 2,4,Tray 4,DJI_20260620131233_0004,32,4,2,120,360,240,480,134,374,226,466,0,8464,0.0,0.0,0.0,0.0,0,False,False,False
2,Day 2,4,Tray 4,DJI_20260620131233_0004,33,4,3,240,360,360,480,254,374,346,466,0,8464,0.0,0.0,0.0,0.0,0,False,False,False
2,Day 2,4,Tray 4,DJI_20260620131233_0004,34,4,4,360,360,480,480,374,374,466,466,0,8464,0.0,0.0,0.0,0.0,0,False,False,False
2,Day 2,4,Tray 4,DJI_20260620131233_0004,35,4,5,480,360,600,480,494,374,586,466,0,8464,0.0,0.0,0.0,0.0,0,False,False,False
2,Day 2,4,Tray 4,DJI_20260620131233_0004,36,4,6,600,360,720,480,614,374,706,466,37,8464,0.004371455576559546,0.43714555765595464,73.0540542602539,108.0,37,True,True,True
2,Day 2,4,Tray 4,DJI_20260620131233_0004,37,4,7,720,360,840,480,734,374,826,466,0,8464,0.0,0.0,0.0,0.0,0,False,False,False
2,Day 2,4,Tray 4,DJI_20260620131233_0004,38,4,8,840,360,960,480,854,374,946,466,0,8464,0.0,0.0,0.0,0.0,0,False,False,False
2,Day 2,4,Tray 4,DJI_20260620131233_0004,39,4,9,960,360,1080,480,974,374,1066,466,0,8464,0.0,0.0,0.0,0.0,0,False,False,False
2,Day 2,4,Tray 4,DJI_20260620131233_0004,40,4,10,1080,360,1200,480,1094,374,1186,466,0,8464,0.0,0.0,0.0,0.0,0,False,False,False
2,Day 2,4,Tray 4,DJI_20260620131233_0004,41,5,1,0,480,120,600,14,494,106,586,142,8464,0.01677693761814745,1.677693761814745,81.62676239013672,122.0,142,True,True,True
2,Day 2,4,Tray 4,DJI_20260620131233_0004,42,5,2,120,480,240,600,134,494,226,586,0,8464,0.0,0.0,0.0,0.0,0,False,False,True
2,Day 2,4,Tray 4,DJI_20260620131233_0004,43,5,3,240,480,360,600,254,494,346,586,0,8464,0.0,0.0,0.0,0.0,0,False,False,True
2,Day 2,4,Tray 4,DJI_20260620131233_0004,44,5,4,360,480,480,600,374,494,466,586,105,8464,0.012405482041587902,1.2405482041587903,85.98094940185547,130.0,105,True,False,True
2,Day 2,4,Tray 4,DJI_20260620131233_0004,45,5,5,480,480,600,600,494,494,586,586,0,8464,0.0,0.0,0.0,0.0,0,False,False,False
2,Day 2,4,Tray 4,DJI_20260620131233_0004,46,5,6,600,480,720,600,614,494,706,586,0,8464,0.0,0.0,0.0,0.0,0,False,False,False
2,Day 2,4,Tray 4,DJI_20260620131233_0004,47,5,7,720,480,840,600,734,494,826,586,35,8464,0.0041351606805293,0.41351606805293,83.62857055664062,102.0,35,True,True,True
2,Day 2,4,Tray 4,DJI_20260620131233_0004,48,5,8,840,480,960,600,854,494,946,586,92,8464,0.010869565217391304,1.0869565217391304,78.9456558227539,113.0,92,True,True,True
2,Day 2,4,Tray 4,DJI_20260620131233_0004,49,5,9,960,480,1080,600,974,494,1066,586,133,8464,0.015713610586011343,1.5713610586011344,95.96992492675781,126.0,133,True,True,True
2,Day 2,4,Tray 4,DJI_20260620131233_0004,50,5,10,1080,480,1200,600,1094,494,1186,586,0,8464,0.0,0.0,0.0,0.0,0,False,False,True
2,Day 2,4,Tray 4,DJI_20260620131233_0004,51,6,1,0,600,120,720,14,614,106,706,0,8464,0.0,0.0,0.0,0.0,0,False,False,False
2,Day 2,4,Tray 4,DJI_20260620131233_0004,52,6,2,120,600,240,720,134,614,226,706,0,8464,0.0,0.0,0.0,0.0,0,False,False,False
2,Day 2,4,Tray 4,DJI_20260620131233_0004,53,6,3,240,600,360,720,254,614,346,706,9,8464,0.0010633270321361058,0.10633270321361059,78.33333587646484,96.0,9,False,False,True
2,Day 2,4,Tray 4,DJI_20260620131233_0004,54,6,4,360,600,480,720,374,614,466,706,0,8464,0.0,0.0,0.0,0.0,0,False,False,False
2,Day 2,4,Tray 4,DJI_20260620131233_0004,55,6,5,480,600,600,720,494,614,586,706,0,8464,0.0,0.0,0.0,0.0,0,False,False,True
2,Day 2,4,Tray 4,DJI_20260620131233_0004,56,6,6,600,600,720,720,614,614,706,706,0,8464,0.0,0.0,0.0,0.0,0,False,False,False
2,Day 2,4,Tray 4,DJI_20260620131233_0004,57,6,7,720,600,840,720,734,614,826,706,0,8464,0.0,0.0,0.0,0.0,0,False,False,False
2,Day 2,4,Tray 4,DJI_20260620131233_0004,58,6,8,840,600,960,720,854,614,946,706,0,8464,0.0,0.0,0.0,0.0,0,False,False,False
2,Day 2,4,Tray 4,DJI_20260620131233_0004,59,6,9,960,600,1080,720,974,614,1066,706,63,8464,0.007443289224952741,0.744328922495274,83.38095092773438,126.0,63,True,True,True
2,Day 2,4,Tray 4,DJI_20260620131233_0004,60,6,10,1080,600,1200,720,1094,614,1186,706,0,8464,0.0,0.0,0.0,0.0,0,False,False,False
2,Day 2,4,Tray 4,DJI_20260620131233_0004,61,7,1,0,720,120,840,14,734,106,826,0,8464,0.0,0.0,0.0,0.0,0,False,False,False
2,Day 2,4,Tray 4,DJI_20260620131233_0004,62,7,2,120,720,240,840,134,734,226,826,0,8464,0.0,0.0,0.0,0.0,0,False,False,False
2,Day 2,4,Tray 4,DJI_20260620131233_0004,63,7,3,240,720,360,840,254,734,346,826,2,8464,0.00023629489603024575,0.023629489603024575,45.5,49.0,2,False,False,False
2,Day 2,4,Tray 4,DJI_20260620131233_0004,64,7,4,360,720,480,840,374,734,466,826,34,8464,0.004017013232514178,0.4017013232514178,90.94117736816406,104.0,34,True,True,True
2,Day 2,4,Tray 4,DJI_20260620131233_0004,65,7,5,480,720,600,840,494,734,586,826,0,8464,0.0,0.0,0.0,0.0,0,False,False,False
2,Day 2,4,Tray 4,DJI_20260620131233_0004,66,7,6,600,720,720,840,614,734,706,826,40,8464,0.004725897920604915,0.4725897920604915,67.05000305175781,91.0,40,True,True,True
2,Day 2,4,Tray 4,DJI_20260620131233_0004,67,7,7,720,720,840,840,734,734,826,826,27,8464,0.0031899810964083177,0.31899810964083175,98.88888549804688,114.0,27,True,True,True
2,Day 2,4,Tray 4,DJI_20260620131233_0004,68,7,8,840,720,960,840,854,734,946,826,43,8464,0.0050803402646502835,0.5080340264650284,80.09302520751953,105.0,38,True,True,True
2,Day 2,4,Tray 4,DJI_20260620131233_0004,69,7,9,960,720,1080,840,974,734,1066,826,0,8464,0.0,0.0,0.0,0.0,0,False,False,False
2,Day 2,4,Tray 4,DJI_20260620131233_0004,70,7,10,1080,720,1200,840,1094,734,1186,826,0,8464,0.0,0.0,0.0,0.0,0,False,False,False
2,Day 2,5,Tray 5,DJI_20260620131340_0005,1,1,1,0,0,120,120,14,14,106,106,4,8464,0.0004725897920604915,0.04725897920604915,59.0,69.0,4,False,False,False
2,Day 2,5,Tray 5,DJI_20260620131340_0005,2,1,2,120,0,240,120,134,14,226,106,0,8464,0.0,0.0,0.0,0.0,0,False,False,False
2,Day 2,5,Tray 5,DJI_20260620131340_0005,3,1,3,240,0,360,120,254,14,346,106,0,8464,0.0,0.0,0.0,0.0,0,False,False,False
2,Day 2,5,Tray 5,DJI_20260620131340_0005,4,1,4,360,0,480,120,374,14,466,106,0,8464,0.0,0.0,0.0,0.0,0,False,False,False
2,Day 2,5,Tray 5,DJI_20260620131340_0005,5,1,5,480,0,600,120,494,14,586,106,0,8464,0.0,0.0,0.0,0.0,0,False,False,False
2,Day 2,5,Tray 5,DJI_20260620131340_0005,6,1,6,600,0,720,120,614,14,706,106,0,8464,0.0,0.0,0.0,0.0,0,False,False,False
2,Day 2,5,Tray 5,DJI_20260620131340_0005,7,1,7,720,0,840,120,734,14,826,106,0,8464,0.0,0.0,0.0,0.0,0,False,False,False
2,Day 2,5,Tray 5,DJI_20260620131340_0005,8,1,8,840,0,960,120,854,14,946,106,0,8464,0.0,0.0,0.0,0.0,0,False,False,False
2,Day 2,5,Tray 5,DJI_20260620131340_0005,9,1,9,960,0,1080,120,974,14,1066,106,0,8464,0.0,0.0,0.0,0.0,0,False,False,False
2,Day 2,5,Tray 5,DJI_20260620131340_0005,10,1,10,1080,0,1200,120,1094,14,1186,106,0,8464,0.0,0.0,0.0,0.0,0,False,False,False
2,Day 2,5,Tray 5,DJI_20260620131340_0005,11,2,1,0,120,120,240,14,134,106,226,0,8464,0.0,0.0,0.0,0.0,0,False,False,False
2,Day 2,5,Tray 5,DJI_20260620131340_0005,12,2,2,120,120,240,240,134,134,226,226,194,8464,0.022920604914933838,2.292060491493384,106.726806640625,135.0,194,True,True,True
2,Day 2,5,Tray 5,DJI_20260620131340_0005,13,2,3,240,120,360,240,254,134,346,226,48,8464,0.005671077504725898,0.5671077504725899,88.52083587646484,127.0,48,True,True,True
2,Day 2,5,Tray 5,DJI_20260620131340_0005,14,2,4,360,120,480,240,374,134,466,226,151,8464,0.017840264650283554,1.7840264650283555,81.88079833984375,117.0,151,True,True,True
2,Day 2,5,Tray 5,DJI_20260620131340_0005,15,2,5,480,120,600,240,494,134,586,226,281,8464,0.033199432892249525,3.3199432892249527,96.9537353515625,139.0,281,True,True,True
2,Day 2,5,Tray 5,DJI_20260620131340_0005,16,2,6,600,120,720,240,614,134,706,226,780,8464,0.09215500945179585,9.215500945179585,98.9000015258789,133.0,780,True,True,True
2,Day 2,5,Tray 5,DJI_20260620131340_0005,17,2,7,720,120,840,240,734,134,826,226,45,8464,0.005316635160680529,0.5316635160680528,90.15555572509766,128.0,45,True,True,True
2,Day 2,5,Tray 5,DJI_20260620131340_0005,18,2,8,840,120,960,240,854,134,946,226,205,8464,0.024220226843100188,2.422022684310019,100.05854034423828,133.0,205,True,True,True
2,Day 2,5,Tray 5,DJI_20260620131340_0005,19,2,9,960,120,1080,240,974,134,1066,226,98,8464,0.011578449905482041,1.1578449905482042,99.48979949951172,128.0,98,True,True,True
2,Day 2,5,Tray 5,DJI_20260620131340_0005,20,2,10,1080,120,1200,240,1094,134,1186,226,0,8464,0.0,0.0,0.0,0.0,0,False,False,False
2,Day 2,5,Tray 5,DJI_20260620131340_0005,21,3,1,0,240,120,360,14,254,106,346,68,8464,0.008034026465028356,0.8034026465028355,104.97058868408203,129.0,68,True,True,True
2,Day 2,5,Tray 5,DJI_20260620131340_0005,22,3,2,120,240,240,360,134,254,226,346,73,8464,0.00862476370510397,0.862476370510397,108.05479431152344,139.0,73,True,True,True
2,Day 2,5,Tray 5,DJI_20260620131340_0005,23,3,3,240,240,360,360,254,254,346,346,7,8464,0.0008270321361058601,0.08270321361058601,59.42856979370117,67.0,7,False,False,False
2,Day 2,5,Tray 5,DJI_20260620131340_0005,24,3,4,360,240,480,360,374,254,466,346,171,8464,0.02020321361058601,2.020321361058601,95.03508758544922,135.0,171,True,True,True
2,Day 2,5,Tray 5,DJI_20260620131340_0005,25,3,5,480,240,600,360,494,254,586,346,0,8464,0.0,0.0,0.0,0.0,0,False,False,False
2,Day 2,5,Tray 5,DJI_20260620131340_0005,26,3,6,600,240,720,360,614,254,706,346,189,8464,0.022329867674858225,2.2329867674858224,91.20105743408203,122.0,189,True,True,True
2,Day 2,5,Tray 5,DJI_20260620131340_0005,27,3,7,720,240,840,360,734,254,826,346,51,8464,0.006025519848771267,0.6025519848771267,67.31372833251953,113.0,51,True,True,True
2,Day 2,5,Tray 5,DJI_20260620131340_0005,28,3,8,840,240,960,360,854,254,946,346,0,8464,0.0,0.0,0.0,0.0,0,False,False,False
2,Day 2,5,Tray 5,DJI_20260620131340_0005,29,3,9,960,240,1080,360,974,254,1066,346,0,8464,0.0,0.0,0.0,0.0,0,False,False,False
2,Day 2,5,Tray 5,DJI_20260620131340_0005,30,3,10,1080,240,1200,360,1094,254,1186,346,0,8464,0.0,0.0,0.0,0.0,0,False,False,False
2,Day 2,5,Tray 5,DJI_20260620131340_0005,31,4,1,0,360,120,480,14,374,106,466,0,8464,0.0,0.0,0.0,0.0,0,False,False,False
2,Day 2,5,Tray 5,DJI_20260620131340_0005,32,4,2,120,360,240,480,134,374,226,466,0,8464,0.0,0.0,0.0,0.0,0,False,False,False
2,Day 2,5,Tray 5,DJI_20260620131340_0005,33,4,3,240,360,360,480,254,374,346,466,306,8464,0.0361531190926276,3.61531190926276,98.728759765625,127.0,306,True,True,True
2,Day 2,5,Tray 5,DJI_20260620131340_0005,34,4,4,360,360,480,480,374,374,466,466,104,8464,0.012287334593572778,1.2287334593572778,99.55769348144531,122.0,104,True,True,True
2,Day 2,5,Tray 5,DJI_20260620131340_0005,35,4,5,480,360,600,480,494,374,586,466,0,8464,0.0,0.0,0.0,0.0,0,False,False,False
2,Day 2,5,Tray 5,DJI_20260620131340_0005,36,4,6,600,360,720,480,614,374,706,466,0,8464,0.0,0.0,0.0,0.0,0,False,False,False
2,Day 2,5,Tray 5,DJI_20260620131340_0005,37,4,7,720,360,840,480,734,374,826,466,0,8464,0.0,0.0,0.0,0.0,0,False,False,False
2,Day 2,5,Tray 5,DJI_20260620131340_0005,38,4,8,840,360,960,480,854,374,946,466,386,8464,0.04560491493383743,4.560491493383743,101.34973907470703,129.0,221,True,True,True
2,Day 2,5,Tray 5,DJI_20260620131340_0005,39,4,9,960,360,1080,480,974,374,1066,466,0,8464,0.0,0.0,0.0,0.0,0,False,False,False
2,Day 2,5,Tray 5,DJI_20260620131340_0005,40,4,10,1080,360,1200,480,1094,374,1186,466,0,8464,0.0,0.0,0.0,0.0,0,False,False,False
2,Day 2,5,Tray 5,DJI_20260620131340_0005,41,5,1,0,480,120,600,14,494,106,586,0,8464,0.0,0.0,0.0,0.0,0,False,False,True
2,Day 2,5,Tray 5,DJI_20260620131340_0005,42,5,2,120,480,240,600,134,494,226,586,127,8464,0.015004725897920604,1.5004725897920603,93.5905532836914,129.0,127,True,True,True
2,Day 2,5,Tray 5,DJI_20260620131340_0005,43,5,3,240,480,360,600,254,494,346,586,0,8464,0.0,0.0,0.0,0.0,0,False,False,False
2,Day 2,5,Tray 5,DJI_20260620131340_0005,44,5,4,360,480,480,600,374,494,466,586,5,8464,0.0005907372400756144,0.05907372400756144,58.599998474121094,65.0,5,False,False,False
2,Day 2,5,Tray 5,DJI_20260620131340_0005,45,5,5,480,480,600,600,494,494,586,586,0,8464,0.0,0.0,0.0,0.0,0,False,False,False
2,Day 2,5,Tray 5,DJI_20260620131340_0005,46,5,6,600,480,720,600,614,494,706,586,0,8464,0.0,0.0,0.0,0.0,0,False,False,False
2,Day 2,5,Tray 5,DJI_20260620131340_0005,47,5,7,720,480,840,600,734,494,826,586,533,8464,0.0629725897920605,6.29725897920605,100.59662628173828,132.0,533,True,True,True
2,Day 2,5,Tray 5,DJI_20260620131340_0005,48,5,8,840,480,960,600,854,494,946,586,159,8464,0.018785444234404536,1.8785444234404536,104.40880584716797,129.0,159,True,True,True
2,Day 2,5,Tray 5,DJI_20260620131340_0005,49,5,9,960,480,1080,600,974,494,1066,586,436,8464,0.05151228733459357,5.151228733459357,100.47476959228516,135.0,436,True,True,True
2,Day 2,5,Tray 5,DJI_20260620131340_0005,50,5,10,1080,480,1200,600,1094,494,1186,586,0,8464,0.0,0.0,0.0,0.0,0,False,False,False
2,Day 2,5,Tray 5,DJI_20260620131340_0005,51,6,1,0,600,120,720,14,614,106,706,0,8464,0.0,0.0,0.0,0.0,0,False,False,False
2,Day 2,5,Tray 5,DJI_20260620131340_0005,52,6,2,120,600,240,720,134,614,226,706,0,8464,0.0,0.0,0.0,0.0,0,False,False,False
2,Day 2,5,Tray 5,DJI_20260620131340_0005,53,6,3,240,600,360,720,254,614,346,706,0,8464,0.0,0.0,0.0,0.0,0,False,False,False
2,Day 2,5,Tray 5,DJI_20260620131340_0005,54,6,4,360,600,480,720,374,614,466,706,446,8464,0.0526937618147448,5.26937618147448,107.83856201171875,135.0,446,True,True,True
2,Day 2,5,Tray 5,DJI_20260620131340_0005,55,6,5,480,600,600,720,494,614,586,706,358,8464,0.04229678638941399,4.229678638941399,112.65642547607422,146.0,358,True,False,True
2,Day 2,5,Tray 5,DJI_20260620131340_0005,56,6,6,600,600,720,720,614,614,706,706,35,8464,0.0041351606805293,0.41351606805293,96.05714416503906,124.0,35,True,True,True
2,Day 2,5,Tray 5,DJI_20260620131340_0005,57,6,7,720,600,840,720,734,614,826,706,0,8464,0.0,0.0,0.0,0.0,0,False,False,False
2,Day 2,5,Tray 5,DJI_20260620131340_0005,58,6,8,840,600,960,720,854,614,946,706,0,8464,0.0,0.0,0.0,0.0,0,False,False,False
2,Day 2,5,Tray 5,DJI_20260620131340_0005,59,6,9,960,600,1080,720,974,614,1066,706,0,8464,0.0,0.0,0.0,0.0,0,False,False,False
2,Day 2,5,Tray 5,DJI_20260620131340_0005,60,6,10,1080,600,1200,720,1094,614,1186,706,0,8464,0.0,0.0,0.0,0.0,0,False,False,False
2,Day 2,5,Tray 5,DJI_20260620131340_0005,61,7,1,0,720,120,840,14,734,106,826,0,8464,0.0,0.0,0.0,0.0,0,False,False,False
2,Day 2,5,Tray 5,DJI_20260620131340_0005,62,7,2,120,720,240,840,134,734,226,826,0,8464,0.0,0.0,0.0,0.0,0,False,False,False
2,Day 2,5,Tray 5,DJI_20260620131340_0005,63,7,3,240,720,360,840,254,734,346,826,320,8464,0.03780718336483932,3.780718336483932,103.78437805175781,128.0,169,True,True,True
2,Day 2,5,Tray 5,DJI_20260620131340_0005,64,7,4,360,720,480,840,374,734,466,826,0,8464,0.0,0.0,0.0,0.0,0,False,False,False
2,Day 2,5,Tray 5,DJI_20260620131340_0005,65,7,5,480,720,600,840,494,734,586,826,0,8464,0.0,0.0,0.0,0.0,0,False,False,False
2,Day 2,5,Tray 5,DJI_20260620131340_0005,66,7,6,600,720,720,840,614,734,706,826,0,8464,0.0,0.0,0.0,0.0,0,False,False,False
2,Day 2,5,Tray 5,DJI_20260620131340_0005,67,7,7,720,720,840,840,734,734,826,826,6,8464,0.0007088846880907373,0.07088846880907373,14.666666984558105,19.0,4,False,False,False
2,Day 2,5,Tray 5,DJI_20260620131340_0005,68,7,8,840,720,960,840,854,734,946,826,24,8464,0.002835538752362949,0.28355387523629494,95.20833587646484,125.0,24,True,True,True
2,Day 2,5,Tray 5,DJI_20260620131340_0005,69,7,9,960,720,1080,840,974,734,1066,826,55,8464,0.006498109640831758,0.6498109640831757,104.36363983154297,149.0,48,True,True,True
2,Day 2,5,Tray 5,DJI_20260620131340_0005,70,7,10,1080,720,1200,840,1094,734,1186,826,0,8464,0.0,0.0,0.0,0.0,0,False,False,False
2,Day 2,6,Tray 6,DJI_20260620131437_0006,1,1,1,0,0,120,120,14,14,106,106,0,8464,0.0,0.0,0.0,0.0,0,False,False,False
2,Day 2,6,Tray 6,DJI_20260620131437_0006,2,1,2,120,0,240,120,134,14,226,106,0,8464,0.0,0.0,0.0,0.0,0,False,False,False
2,Day 2,6,Tray 6,DJI_20260620131437_0006,3,1,3,240,0,360,120,254,14,346,106,0,8464,0.0,0.0,0.0,0.0,0,False,False,False
2,Day 2,6,Tray 6,DJI_20260620131437_0006,4,1,4,360,0,480,120,374,14,466,106,63,8464,0.007443289224952741,0.744328922495274,90.52381134033203,112.0,63,True,True,True
2,Day 2,6,Tray 6,DJI_20260620131437_0006,5,1,5,480,0,600,120,494,14,586,106,96,8464,0.011342155009451797,1.1342155009451798,99.875,139.0,96,True,True,True
2,Day 2,6,Tray 6,DJI_20260620131437_0006,6,1,6,600,0,720,120,614,14,706,106,0,8464,0.0,0.0,0.0,0.0,0,False,False,False
2,Day 2,6,Tray 6,DJI_20260620131437_0006,7,1,7,720,0,840,120,734,14,826,106,0,8464,0.0,0.0,0.0,0.0,0,False,False,False
2,Day 2,6,Tray 6,DJI_20260620131437_0006,8,1,8,840,0,960,120,854,14,946,106,0,8464,0.0,0.0,0.0,0.0,0,False,False,False
2,Day 2,6,Tray 6,DJI_20260620131437_0006,9,1,9,960,0,1080,120,974,14,1066,106,0,8464,0.0,0.0,0.0,0.0,0,False,False,False
2,Day 2,6,Tray 6,DJI_20260620131437_0006,10,1,10,1080,0,1200,120,1094,14,1186,106,0,8464,0.0,0.0,0.0,0.0,0,False,False,False
2,Day 2,6,Tray 6,DJI_20260620131437_0006,11,2,1,0,120,120,240,14,134,106,226,0,8464,0.0,0.0,0.0,0.0,0,False,False,False
2,Day 2,6,Tray 6,DJI_20260620131437_0006,12,2,2,120,120,240,240,134,134,226,226,61,8464,0.0072069943289224956,0.7206994328922496,91.0655746459961,114.0,61,True,False,True
2,Day 2,6,Tray 6,DJI_20260620131437_0006,13,2,3,240,120,360,240,254,134,346,226,0,8464,0.0,0.0,0.0,0.0,0,False,False,True
2,Day 2,6,Tray 6,DJI_20260620131437_0006,14,2,4,360,120,480,240,374,134,466,226,0,8464,0.0,0.0,0.0,0.0,0,False,False,False
2,Day 2,6,Tray 6,DJI_20260620131437_0006,15,2,5,480,120,600,240,494,134,586,226,0,8464,0.0,0.0,0.0,0.0,0,False,False,True
2,Day 2,6,Tray 6,DJI_20260620131437_0006,16,2,6,600,120,720,240,614,134,706,226,0,8464,0.0,0.0,0.0,0.0,0,False,False,True
2,Day 2,6,Tray 6,DJI_20260620131437_0006,17,2,7,720,120,840,240,734,134,826,226,17,8464,0.002008506616257089,0.2008506616257089,55.117645263671875,74.0,17,True,False,True
2,Day 2,6,Tray 6,DJI_20260620131437_0006,18,2,8,840,120,960,240,854,134,946,226,0,8464,0.0,0.0,0.0,0.0,0,False,False,True
2,Day 2,6,Tray 6,DJI_20260620131437_0006,19,2,9,960,120,1080,240,974,134,1066,226,0,8464,0.0,0.0,0.0,0.0,0,False,False,True
2,Day 2,6,Tray 6,DJI_20260620131437_0006,20,2,10,1080,120,1200,240,1094,134,1186,226,113,8464,0.013350661625708886,1.3350661625708886,87.92035675048828,123.0,113,True,True,True
2,Day 2,6,Tray 6,DJI_20260620131437_0006,21,3,1,0,240,120,360,14,254,106,346,0,8464,0.0,0.0,0.0,0.0,0,False,False,False
2,Day 2,6,Tray 6,DJI_20260620131437_0006,22,3,2,120,240,240,360,134,254,226,346,0,8464,0.0,0.0,0.0,0.0,0,False,False,False
2,Day 2,6,Tray 6,DJI_20260620131437_0006,23,3,3,240,240,360,360,254,254,346,346,0,8464,0.0,0.0,0.0,0.0,0,False,False,False
2,Day 2,6,Tray 6,DJI_20260620131437_0006,24,3,4,360,240,480,360,374,254,466,346,0,8464,0.0,0.0,0.0,0.0,0,False,False,True
2,Day 2,6,Tray 6,DJI_20260620131437_0006,25,3,5,480,240,600,360,494,254,586,346,61,8464,0.0072069943289224956,0.7206994328922496,85.04917907714844,111.0,61,True,True,True
2,Day 2,6,Tray 6,DJI_20260620131437_0006,26,3,6,600,240,720,360,614,254,706,346,98,8464,0.011578449905482041,1.1578449905482042,88.12245178222656,119.0,98,True,True,True
2,Day 2,6,Tray 6,DJI_20260620131437_0006,27,3,7,720,240,840,360,734,254,826,346,0,8464,0.0,0.0,0.0,0.0,0,False,False,False
2,Day 2,6,Tray 6,DJI_20260620131437_0006,28,3,8,840,240,960,360,854,254,946,346,0,8464,0.0,0.0,0.0,0.0,0,False,False,False
2,Day 2,6,Tray 6,DJI_20260620131437_0006,29,3,9,960,240,1080,360,974,254,1066,346,0,8464,0.0,0.0,0.0,0.0,0,False,False,False
2,Day 2,6,Tray 6,DJI_20260620131437_0006,30,3,10,1080,240,1200,360,1094,254,1186,346,64,8464,0.007561436672967864,0.7561436672967864,70.515625,99.0,43,True,True,True
2,Day 2,6,Tray 6,DJI_20260620131437_0006,31,4,1,0,360,120,480,14,374,106,466,0,8464,0.0,0.0,0.0,0.0,0,False,False,False
2,Day 2,6,Tray 6,DJI_20260620131437_0006,32,4,2,120,360,240,480,134,374,226,466,0,8464,0.0,0.0,0.0,0.0,0,False,False,False
2,Day 2,6,Tray 6,DJI_20260620131437_0006,33,4,3,240,360,360,480,254,374,346,466,0,8464,0.0,0.0,0.0,0.0,0,False,False,True
2,Day 2,6,Tray 6,DJI_20260620131437_0006,34,4,4,360,360,480,480,374,374,466,466,0,8464,0.0,0.0,0.0,0.0,0,False,False,True
2,Day 2,6,Tray 6,DJI_20260620131437_0006,35,4,5,480,360,600,480,494,374,586,466,73,8464,0.00862476370510397,0.862476370510397,95.8630142211914,119.0,73,True,True,True
2,Day 2,6,Tray 6,DJI_20260620131437_0006,36,4,6,600,360,720,480,614,374,706,466,0,8464,0.0,0.0,0.0,0.0,0,False,False,False
2,Day 2,6,Tray 6,DJI_20260620131437_0006,37,4,7,720,360,840,480,734,374,826,466,0,8464,0.0,0.0,0.0,0.0,0,False,False,False
2,Day 2,6,Tray 6,DJI_20260620131437_0006,38,4,8,840,360,960,480,854,374,946,466,0,8464,0.0,0.0,0.0,0.0,0,False,False,True
2,Day 2,6,Tray 6,DJI_20260620131437_0006,39,4,9,960,360,1080,480,974,374,1066,466,0,8464,0.0,0.0,0.0,0.0,0,False,False,False
2,Day 2,6,Tray 6,DJI_20260620131437_0006,40,4,10,1080,360,1200,480,1094,374,1186,466,0,8464,0.0,0.0,0.0,0.0,0,False,False,False
2,Day 2,6,Tray 6,DJI_20260620131437_0006,41,5,1,0,480,120,600,14,494,106,586,0,8464,0.0,0.0,0.0,0.0,0,False,False,False
2,Day 2,6,Tray 6,DJI_20260620131437_0006,42,5,2,120,480,240,600,134,494,226,586,0,8464,0.0,0.0,0.0,0.0,0,False,False,False
2,Day 2,6,Tray 6,DJI_20260620131437_0006,43,5,3,240,480,360,600,254,494,346,586,20,8464,0.0023629489603024575,0.23629489603024575,90.4000015258789,104.0,20,True,True,True
2,Day 2,6,Tray 6,DJI_20260620131437_0006,44,5,4,360,480,480,600,374,494,466,586,0,8464,0.0,0.0,0.0,0.0,0,False,False,False
2,Day 2,6,Tray 6,DJI_20260620131437_0006,45,5,5,480,480,600,600,494,494,586,586,0,8464,0.0,0.0,0.0,0.0,0,False,False,False
2,Day 2,6,Tray 6,DJI_20260620131437_0006,46,5,6,600,480,720,600,614,494,706,586,0,8464,0.0,0.0,0.0,0.0,0,False,False,False
2,Day 2,6,Tray 6,DJI_20260620131437_0006,47,5,7,720,480,840,600,734,494,826,586,0,8464,0.0,0.0,0.0,0.0,0,False,False,True
2,Day 2,6,Tray 6,DJI_20260620131437_0006,48,5,8,840,480,960,600,854,494,946,586,0,8464,0.0,0.0,0.0,0.0,0,False,False,True
2,Day 2,6,Tray 6,DJI_20260620131437_0006,49,5,9,960,480,1080,600,974,494,1066,586,0,8464,0.0,0.0,0.0,0.0,0,False,False,True
2,Day 2,6,Tray 6,DJI_20260620131437_0006,50,5,10,1080,480,1200,600,1094,494,1186,586,0,8464,0.0,0.0,0.0,0.0,0,False,False,False
2,Day 2,6,Tray 6,DJI_20260620131437_0006,51,6,1,0,600,120,720,14,614,106,706,0,8464,0.0,0.0,0.0,0.0,0,False,False,False
2,Day 2,6,Tray 6,DJI_20260620131437_0006,52,6,2,120,600,240,720,134,614,226,706,0,8464,0.0,0.0,0.0,0.0,0,False,False,False
2,Day 2,6,Tray 6,DJI_20260620131437_0006,53,6,3,240,600,360,720,254,614,346,706,0,8464,0.0,0.0,0.0,0.0,0,False,False,False
2,Day 2,6,Tray 6,DJI_20260620131437_0006,54,6,4,360,600,480,720,374,614,466,706,7,8464,0.0008270321361058601,0.08270321361058601,55.71428680419922,87.0,7,False,False,True
2,Day 2,6,Tray 6,DJI_20260620131437_0006,55,6,5,480,600,600,720,494,614,586,706,0,8464,0.0,0.0,0.0,0.0,0,False,False,True
2,Day 2,6,Tray 6,DJI_20260620131437_0006,56,6,6,600,600,720,720,614,614,706,706,0,8464,0.0,0.0,0.0,0.0,0,False,False,True
2,Day 2,6,Tray 6,DJI_20260620131437_0006,57,6,7,720,600,840,720,734,614,826,706,0,8464,0.0,0.0,0.0,0.0,0,False,False,False
2,Day 2,6,Tray 6,DJI_20260620131437_0006,58,6,8,840,600,960,720,854,614,946,706,0,8464,0.0,0.0,0.0,0.0,0,False,False,False
2,Day 2,6,Tray 6,DJI_20260620131437_0006,59,6,9,960,600,1080,720,974,614,1066,706,0,8464,0.0,0.0,0.0,0.0,0,False,False,False
2,Day 2,6,Tray 6,DJI_20260620131437_0006,60,6,10,1080,600,1200,720,1094,614,1186,706,0,8464,0.0,0.0,0.0,0.0,0,False,False,False
2,Day 2,6,Tray 6,DJI_20260620131437_0006,61,7,1,0,720,120,840,14,734,106,826,0,8464,0.0,0.0,0.0,0.0,0,False,False,False
2,Day 2,6,Tray 6,DJI_20260620131437_0006,62,7,2,120,720,240,840,134,734,226,826,99,8464,0.011696597353497165,1.1696597353497165,98.48484802246094,125.0,99,True,True,True
2,Day 2,6,Tray 6,DJI_20260620131437_0006,63,7,3,240,720,360,840,254,734,346,826,0,8464,0.0,0.0,0.0,0.0,0,False,False,True
2,Day 2,6,Tray 6,DJI_20260620131437_0006,64,7,4,360,720,480,840,374,734,466,826,0,8464,0.0,0.0,0.0,0.0,0,False,False,False
2,Day 2,6,Tray 6,DJI_20260620131437_0006,65,7,5,480,720,600,840,494,734,586,826,22,8464,0.0025992438563327033,0.2599243856332703,87.2272720336914,105.0,22,True,True,True
2,Day 2,6,Tray 6,DJI_20260620131437_0006,66,7,6,600,720,720,840,614,734,706,826,19,8464,0.0022448015122873348,0.22448015122873347,77.63157653808594,89.0,19,True,True,True
2,Day 2,6,Tray 6,DJI_20260620131437_0006,67,7,7,720,720,840,840,734,734,826,826,0,8464,0.0,0.0,0.0,0.0,0,False,False,False
2,Day 2,6,Tray 6,DJI_20260620131437_0006,68,7,8,840,720,960,840,854,734,946,826,0,8464,0.0,0.0,0.0,0.0,0,False,False,False
2,Day 2,6,Tray 6,DJI_20260620131437_0006,69,7,9,960,720,1080,840,974,734,1066,826,0,8464,0.0,0.0,0.0,0.0,0,False,False,False
2,Day 2,6,Tray 6,DJI_20260620131437_0006,70,7,10,1080,720,1200,840,1094,734,1186,826,0,8464,0.0,0.0,0.0,0.0,0,False,False,False
2,Day 2,7,Tray 7,DJI_20260620131539_0007,1,1,1,0,0,120,120,14,14,106,106,0,8464,0.0,0.0,0.0,0.0,0,False,False,False
2,Day 2,7,Tray 7,DJI_20260620131539_0007,2,1,2,120,0,240,120,134,14,226,106,0,8464,0.0,0.0,0.0,0.0,0,False,False,False
2,Day 2,7,Tray 7,DJI_20260620131539_0007,3,1,3,240,0,360,120,254,14,346,106,0,8464,0.0,0.0,0.0,0.0,0,False,False,True
2,Day 2,7,Tray 7,DJI_20260620131539_0007,4,1,4,360,0,480,120,374,14,466,106,0,8464,0.0,0.0,0.0,0.0,0,False,False,False
2,Day 2,7,Tray 7,DJI_20260620131539_0007,5,1,5,480,0,600,120,494,14,586,106,0,8464,0.0,0.0,0.0,0.0,0,False,False,False
2,Day 2,7,Tray 7,DJI_20260620131539_0007,6,1,6,600,0,720,120,614,14,706,106,0,8464,0.0,0.0,0.0,0.0,0,False,False,False
2,Day 2,7,Tray 7,DJI_20260620131539_0007,7,1,7,720,0,840,120,734,14,826,106,0,8464,0.0,0.0,0.0,0.0,0,False,False,True
2,Day 2,7,Tray 7,DJI_20260620131539_0007,8,1,8,840,0,960,120,854,14,946,106,0,8464,0.0,0.0,0.0,0.0,0,False,False,False
2,Day 2,7,Tray 7,DJI_20260620131539_0007,9,1,9,960,0,1080,120,974,14,1066,106,0,8464,0.0,0.0,0.0,0.0,0,False,False,False
2,Day 2,7,Tray 7,DJI_20260620131539_0007,10,1,10,1080,0,1200,120,1094,14,1186,106,0,8464,0.0,0.0,0.0,0.0,0,False,False,False
2,Day 2,7,Tray 7,DJI_20260620131539_0007,11,2,1,0,120,120,240,14,134,106,226,0,8464,0.0,0.0,0.0,0.0,0,False,False,True
2,Day 2,7,Tray 7,DJI_20260620131539_0007,12,2,2,120,120,240,240,134,134,226,226,0,8464,0.0,0.0,0.0,0.0,0,False,False,False
2,Day 2,7,Tray 7,DJI_20260620131539_0007,13,2,3,240,120,360,240,254,134,346,226,18,8464,0.0021266540642722116,0.21266540642722118,73.44444274902344,85.0,18,True,True,True
2,Day 2,7,Tray 7,DJI_20260620131539_0007,14,2,4,360,120,480,240,374,134,466,226,137,8464,0.016186200378071832,1.618620037807183,92.01459503173828,131.0,137,True,True,True
2,Day 2,7,Tray 7,DJI_20260620131539_0007,15,2,5,480,120,600,240,494,134,586,226,0,8464,0.0,0.0,0.0,0.0,0,False,False,False
2,Day 2,7,Tray 7,DJI_20260620131539_0007,16,2,6,600,120,720,240,614,134,706,226,20,8464,0.0023629489603024575,0.23629489603024575,95.9000015258789,110.0,20,True,True,True
2,Day 2,7,Tray 7,DJI_20260620131539_0007,17,2,7,720,120,840,240,734,134,826,226,0,8464,0.0,0.0,0.0,0.0,0,False,False,True
2,Day 2,7,Tray 7,DJI_20260620131539_0007,18,2,8,840,120,960,240,854,134,946,226,5,8464,0.0005907372400756144,0.05907372400756144,66.5999984741211,84.0,5,False,False,False
2,Day 2,7,Tray 7,DJI_20260620131539_0007,19,2,9,960,120,1080,240,974,134,1066,226,0,8464,0.0,0.0,0.0,0.0,0,False,False,False
2,Day 2,7,Tray 7,DJI_20260620131539_0007,20,2,10,1080,120,1200,240,1094,134,1186,226,0,8464,0.0,0.0,0.0,0.0,0,False,False,True
2,Day 2,7,Tray 7,DJI_20260620131539_0007,21,3,1,0,240,120,360,14,254,106,346,0,8464,0.0,0.0,0.0,0.0,0,False,False,False
2,Day 2,7,Tray 7,DJI_20260620131539_0007,22,3,2,120,240,240,360,134,254,226,346,3,8464,0.00035444234404536864,0.03544423440453687,75.33333587646484,83.0,3,False,False,False
2,Day 2,7,Tray 7,DJI_20260620131539_0007,23,3,3,240,240,360,360,254,254,346,346,7,8464,0.0008270321361058601,0.08270321361058601,70.14286041259766,79.0,6,False,False,False
2,Day 2,7,Tray 7,DJI_20260620131539_0007,24,3,4,360,240,480,360,374,254,466,346,0,8464,0.0,0.0,0.0,0.0,0,False,False,True
2,Day 2,7,Tray 7,DJI_20260620131539_0007,25,3,5,480,240,600,360,494,254,586,346,79,8464,0.009333648393194708,0.9333648393194708,86.0,111.0,79,True,False,True
2,Day 2,7,Tray 7,DJI_20260620131539_0007,26,3,6,600,240,720,360,614,254,706,346,0,8464,0.0,0.0,0.0,0.0,0,False,False,False
2,Day 2,7,Tray 7,DJI_20260620131539_0007,27,3,7,720,240,840,360,734,254,826,346,0,8464,0.0,0.0,0.0,0.0,0,False,False,True
2,Day 2,7,Tray 7,DJI_20260620131539_0007,28,3,8,840,240,960,360,854,254,946,346,0,8464,0.0,0.0,0.0,0.0,0,False,False,True
2,Day 2,7,Tray 7,DJI_20260620131539_0007,29,3,9,960,240,1080,360,974,254,1066,346,40,8464,0.004725897920604915,0.4725897920604915,82.42500305175781,108.0,40,True,False,True
2,Day 2,7,Tray 7,DJI_20260620131539_0007,30,3,10,1080,240,1200,360,1094,254,1186,346,0,8464,0.0,0.0,0.0,0.0,0,False,False,True
2,Day 2,7,Tray 7,DJI_20260620131539_0007,31,4,1,0,360,120,480,14,374,106,466,0,8464,0.0,0.0,0.0,0.0,0,False,False,True
2,Day 2,7,Tray 7,DJI_20260620131539_0007,32,4,2,120,360,240,480,134,374,226,466,0,8464,0.0,0.0,0.0,0.0,0,False,False,True
2,Day 2,7,Tray 7,DJI_20260620131539_0007,33,4,3,240,360,360,480,254,374,346,466,0,8464,0.0,0.0,0.0,0.0,0,False,False,False
2,Day 2,7,Tray 7,DJI_20260620131539_0007,34,4,4,360,360,480,480,374,374,466,466,0,8464,0.0,0.0,0.0,0.0,0,False,False,True
2,Day 2,7,Tray 7,DJI_20260620131539_0007,35,4,5,480,360,600,480,494,374,586,466,125,8464,0.01476843100189036,1.4768431001890359,91.80000305175781,139.0,125,True,False,True
2,Day 2,7,Tray 7,DJI_20260620131539_0007,36,4,6,600,360,720,480,614,374,706,466,163,8464,0.01925803402646503,1.9258034026465027,95.87116241455078,129.0,163,True,True,True
2,Day 2,7,Tray 7,DJI_20260620131539_0007,37,4,7,720,360,840,480,734,374,826,466,0,8464,0.0,0.0,0.0,0.0,0,False,False,False
2,Day 2,7,Tray 7,DJI_20260620131539_0007,38,4,8,840,360,960,480,854,374,946,466,0,8464,0.0,0.0,0.0,0.0,0,False,False,False
2,Day 2,7,Tray 7,DJI_20260620131539_0007,39,4,9,960,360,1080,480,974,374,1066,466,0,8464,0.0,0.0,0.0,0.0,0,False,False,False
2,Day 2,7,Tray 7,DJI_20260620131539_0007,40,4,10,1080,360,1200,480,1094,374,1186,466,0,8464,0.0,0.0,0.0,0.0,0,False,False,True
2,Day 2,7,Tray 7,DJI_20260620131539_0007,41,5,1,0,480,120,600,14,494,106,586,0,8464,0.0,0.0,0.0,0.0,0,False,False,False
2,Day 2,7,Tray 7,DJI_20260620131539_0007,42,5,2,120,480,240,600,134,494,226,586,32,8464,0.003780718336483932,0.3780718336483932,81.6875,112.0,32,True,True,True
2,Day 2,7,Tray 7,DJI_20260620131539_0007,43,5,3,240,480,360,600,254,494,346,586,0,8464,0.0,0.0,0.0,0.0,0,False,False,True
2,Day 2,7,Tray 7,DJI_20260620131539_0007,44,5,4,360,480,480,600,374,494,466,586,160,8464,0.01890359168241966,1.890359168241966,92.76875305175781,126.0,160,True,True,True
2,Day 2,7,Tray 7,DJI_20260620131539_0007,45,5,5,480,480,600,600,494,494,586,586,0,8464,0.0,0.0,0.0,0.0,0,False,False,False
2,Day 2,7,Tray 7,DJI_20260620131539_0007,46,5,6,600,480,720,600,614,494,706,586,0,8464,0.0,0.0,0.0,0.0,0,False,False,False
2,Day 2,7,Tray 7,DJI_20260620131539_0007,47,5,7,720,480,840,600,734,494,826,586,0,8464,0.0,0.0,0.0,0.0,0,False,False,False
2,Day 2,7,Tray 7,DJI_20260620131539_0007,48,5,8,840,480,960,600,854,494,946,586,0,8464,0.0,0.0,0.0,0.0,0,False,False,False
2,Day 2,7,Tray 7,DJI_20260620131539_0007,49,5,9,960,480,1080,600,974,494,1066,586,0,8464,0.0,0.0,0.0,0.0,0,False,False,False
2,Day 2,7,Tray 7,DJI_20260620131539_0007,50,5,10,1080,480,1200,600,1094,494,1186,586,43,8464,0.0050803402646502835,0.5080340264650284,104.76744079589844,129.0,43,True,True,True
2,Day 2,7,Tray 7,DJI_20260620131539_0007,51,6,1,0,600,120,720,14,614,106,706,0,8464,0.0,0.0,0.0,0.0,0,False,False,False
2,Day 2,7,Tray 7,DJI_20260620131539_0007,52,6,2,120,600,240,720,134,614,226,706,0,8464,0.0,0.0,0.0,0.0,0,False,False,False
2,Day 2,7,Tray 7,DJI_20260620131539_0007,53,6,3,240,600,360,720,254,614,346,706,52,8464,0.006143667296786389,0.6143667296786389,83.01923370361328,117.0,52,True,True,True
2,Day 2,7,Tray 7,DJI_20260620131539_0007,54,6,4,360,600,480,720,374,614,466,706,0,8464,0.0,0.0,0.0,0.0,0,False,False,False
2,Day 2,7,Tray 7,DJI_20260620131539_0007,55,6,5,480,600,600,720,494,614,586,706,0,8464,0.0,0.0,0.0,0.0,0,False,False,True
2,Day 2,7,Tray 7,DJI_20260620131539_0007,56,6,6,600,600,720,720,614,614,706,706,0,8464,0.0,0.0,0.0,0.0,0,False,False,False
2,Day 2,7,Tray 7,DJI_20260620131539_0007,57,6,7,720,600,840,720,734,614,826,706,0,8464,0.0,0.0,0.0,0.0,0,False,False,False
2,Day 2,7,Tray 7,DJI_20260620131539_0007,58,6,8,840,600,960,720,854,614,946,706,0,8464,0.0,0.0,0.0,0.0,0,False,False,False
2,Day 2,7,Tray 7,DJI_20260620131539_0007,59,6,9,960,600,1080,720,974,614,1066,706,0,8464,0.0,0.0,0.0,0.0,0,False,False,False
2,Day 2,7,Tray 7,DJI_20260620131539_0007,60,6,10,1080,600,1200,720,1094,614,1186,706,0,8464,0.0,0.0,0.0,0.0,0,False,False,False
2,Day 2,7,Tray 7,DJI_20260620131539_0007,61,7,1,0,720,120,840,14,734,106,826,86,8464,0.010160680529300567,1.0160680529300568,105.81395721435547,131.0,48,True,True,True
2,Day 2,7,Tray 7,DJI_20260620131539_0007,62,7,2,120,720,240,840,134,734,226,826,0,8464,0.0,0.0,0.0,0.0,0,False,False,False
2,Day 2,7,Tray 7,DJI_20260620131539_0007,63,7,3,240,720,360,840,254,734,346,826,0,8464,0.0,0.0,0.0,0.0,0,False,False,False
2,Day 2,7,Tray 7,DJI_20260620131539_0007,64,7,4,360,720,480,840,374,734,466,826,57,8464,0.006734404536862004,0.6734404536862004,73.29824829101562,108.0,46,True,True,True
2,Day 2,7,Tray 7,DJI_20260620131539_0007,65,7,5,480,720,600,840,494,734,586,826,0,8464,0.0,0.0,0.0,0.0,0,False,False,False
2,Day 2,7,Tray 7,DJI_20260620131539_0007,66,7,6,600,720,720,840,614,734,706,826,43,8464,0.0050803402646502835,0.5080340264650284,90.88372039794922,115.0,27,True,True,True
2,Day 2,7,Tray 7,DJI_20260620131539_0007,67,7,7,720,720,840,840,734,734,826,826,8,8464,0.000945179584120983,0.0945179584120983,64.75,80.0,8,False,False,False
2,Day 2,7,Tray 7,DJI_20260620131539_0007,68,7,8,840,720,960,840,854,734,946,826,0,8464,0.0,0.0,0.0,0.0,0,False,False,False
2,Day 2,7,Tray 7,DJI_20260620131539_0007,69,7,9,960,720,1080,840,974,734,1066,826,0,8464,0.0,0.0,0.0,0.0,0,False,False,False
2,Day 2,7,Tray 7,DJI_20260620131539_0007,70,7,10,1080,720,1200,840,1094,734,1186,826,0,8464,0.0,0.0,0.0,0.0,0,False,False,False
2,Day 2,8,Tray 8,DJI_20260620131623_0008,1,1,1,0,0,120,120,14,14,106,106,292,8464,0.03449905482041588,3.449905482041588,98.71917724609375,143.0,292,True,False,True
2,Day 2,8,Tray 8,DJI_20260620131623_0008,2,1,2,120,0,240,120,134,14,226,106,210,8464,0.024810964083175804,2.4810964083175806,96.29523468017578,122.0,210,True,True,True
2,Day 2,8,Tray 8,DJI_20260620131623_0008,3,1,3,240,0,360,120,254,14,346,106,0,8464,0.0,0.0,0.0,0.0,0,False,False,False
2,Day 2,8,Tray 8,DJI_20260620131623_0008,4,1,4,360,0,480,120,374,14,466,106,58,8464,0.006852551984877127,0.6852551984877127,70.9137954711914,109.0,58,True,True,True
2,Day 2,8,Tray 8,DJI_20260620131623_0008,5,1,5,480,0,600,120,494,14,586,106,168,8464,0.01984877126654064,1.9848771266540641,91.19047546386719,135.0,165,True,True,True
2,Day 2,8,Tray 8,DJI_20260620131623_0008,6,1,6,600,0,720,120,614,14,706,106,173,8464,0.020439508506616258,2.0439508506616257,100.196533203125,135.0,173,True,True,True
2,Day 2,8,Tray 8,DJI_20260620131623_0008,7,1,7,720,0,840,120,734,14,826,106,0,8464,0.0,0.0,0.0,0.0,0,False,False,False
2,Day 2,8,Tray 8,DJI_20260620131623_0008,8,1,8,840,0,960,120,854,14,946,106,0,8464,0.0,0.0,0.0,0.0,0,False,False,False
2,Day 2,8,Tray 8,DJI_20260620131623_0008,9,1,9,960,0,1080,120,974,14,1066,106,454,8464,0.05363894139886578,5.363894139886578,97.75770568847656,133.0,257,True,True,True
2,Day 2,8,Tray 8,DJI_20260620131623_0008,10,1,10,1080,0,1200,120,1094,14,1186,106,0,8464,0.0,0.0,0.0,0.0,0,False,False,False
2,Day 2,8,Tray 8,DJI_20260620131623_0008,11,2,1,0,120,120,240,14,134,106,226,0,8464,0.0,0.0,0.0,0.0,0,False,False,False
2,Day 2,8,Tray 8,DJI_20260620131623_0008,12,2,2,120,120,240,240,134,134,226,226,0,8464,0.0,0.0,0.0,0.0,0,False,False,False
2,Day 2,8,Tray 8,DJI_20260620131623_0008,13,2,3,240,120,360,240,254,134,346,226,0,8464,0.0,0.0,0.0,0.0,0,False,False,False
2,Day 2,8,Tray 8,DJI_20260620131623_0008,14,2,4,360,120,480,240,374,134,466,226,0,8464,0.0,0.0,0.0,0.0,0,False,False,False
2,Day 2,8,Tray 8,DJI_20260620131623_0008,15,2,5,480,120,600,240,494,134,586,226,349,8464,0.04123345935727788,4.123345935727788,98.46417999267578,141.0,349,True,True,True
2,Day 2,8,Tray 8,DJI_20260620131623_0008,16,2,6,600,120,720,240,614,134,706,226,170,8464,0.02008506616257089,2.008506616257089,91.89411926269531,128.0,170,True,True,True
2,Day 2,8,Tray 8,DJI_20260620131623_0008,17,2,7,720,120,840,240,734,134,826,226,0,8464,0.0,0.0,0.0,0.0,0,False,False,False
2,Day 2,8,Tray 8,DJI_20260620131623_0008,18,2,8,840,120,960,240,854,134,946,226,222,8464,0.02622873345935728,2.622873345935728,86.0540542602539,120.0,222,True,True,True
2,Day 2,8,Tray 8,DJI_20260620131623_0008,19,2,9,960,120,1080,240,974,134,1066,226,0,8464,0.0,0.0,0.0,0.0,0,False,False,False
2,Day 2,8,Tray 8,DJI_20260620131623_0008,20,2,10,1080,120,1200,240,1094,134,1186,226,81,8464,0.009569943289224952,0.9569943289224953,84.9259262084961,120.0,81,True,True,True
2,Day 2,8,Tray 8,DJI_20260620131623_0008,21,3,1,0,240,120,360,14,254,106,346,263,8464,0.031072778827977314,3.107277882797731,101.4866943359375,128.0,263,True,False,True
2,Day 2,8,Tray 8,DJI_20260620131623_0008,22,3,2,120,240,240,360,134,254,226,346,0,8464,0.0,0.0,0.0,0.0,0,False,False,False
2,Day 2,8,Tray 8,DJI_20260620131623_0008,23,3,3,240,240,360,360,254,254,346,346,0,8464,0.0,0.0,0.0,0.0,0,False,False,False
2,Day 2,8,Tray 8,DJI_20260620131623_0008,24,3,4,360,240,480,360,374,254,466,346,0,8464,0.0,0.0,0.0,0.0,0,False,False,False
2,Day 2,8,Tray 8,DJI_20260620131623_0008,25,3,5,480,240,600,360,494,254,586,346,91,8464,0.010751417769376182,1.0751417769376181,94.04395294189453,128.0,91,True,True,True
2,Day 2,8,Tray 8,DJI_20260620131623_0008,26,3,6,600,240,720,360,614,254,706,346,446,8464,0.0526937618147448,5.26937618147448,97.92601013183594,129.0,446,True,True,True
2,Day 2,8,Tray 8,DJI_20260620131623_0008,27,3,7,720,240,840,360,734,254,826,346,0,8464,0.0,0.0,0.0,0.0,0,False,False,False
2,Day 2,8,Tray 8,DJI_20260620131623_0008,28,3,8,840,240,960,360,854,254,946,346,0,8464,0.0,0.0,0.0,0.0,0,False,False,False
2,Day 2,8,Tray 8,DJI_20260620131623_0008,29,3,9,960,240,1080,360,974,254,1066,346,204,8464,0.024102079395085067,2.4102079395085068,98.62255096435547,122.0,80,True,True,True
2,Day 2,8,Tray 8,DJI_20260620131623_0008,30,3,10,1080,240,1200,360,1094,254,1186,346,0,8464,0.0,0.0,0.0,0.0,0,False,False,False
2,Day 2,8,Tray 8,DJI_20260620131623_0008,31,4,1,0,360,120,480,14,374,106,466,0,8464,0.0,0.0,0.0,0.0,0,False,False,False
2,Day 2,8,Tray 8,DJI_20260620131623_0008,32,4,2,120,360,240,480,134,374,226,466,0,8464,0.0,0.0,0.0,0.0,0,False,False,False
2,Day 2,8,Tray 8,DJI_20260620131623_0008,33,4,3,240,360,360,480,254,374,346,466,4,8464,0.0004725897920604915,0.04725897920604915,57.25,62.0,4,False,False,False
2,Day 2,8,Tray 8,DJI_20260620131623_0008,34,4,4,360,360,480,480,374,374,466,466,381,8464,0.045014177693761814,4.501417769376181,98.26246643066406,128.0,381,True,True,True
2,Day 2,8,Tray 8,DJI_20260620131623_0008,35,4,5,480,360,600,480,494,374,586,466,100,8464,0.011814744801512287,1.1814744801512287,84.08000183105469,124.0,100,True,True,True
2,Day 2,8,Tray 8,DJI_20260620131623_0008,36,4,6,600,360,720,480,614,374,706,466,324,8464,0.03827977315689981,3.827977315689981,91.58950805664062,120.0,324,True,True,True
2,Day 2,8,Tray 8,DJI_20260620131623_0008,37,4,7,720,360,840,480,734,374,826,466,292,8464,0.03449905482041588,3.449905482041588,90.43492889404297,126.0,292,True,True,True
2,Day 2,8,Tray 8,DJI_20260620131623_0008,38,4,8,840,360,960,480,854,374,946,466,0,8464,0.0,0.0,0.0,0.0,0,False,False,False
2,Day 2,8,Tray 8,DJI_20260620131623_0008,39,4,9,960,360,1080,480,974,374,1066,466,0,8464,0.0,0.0,0.0,0.0,0,False,False,False
2,Day 2,8,Tray 8,DJI_20260620131623_0008,40,4,10,1080,360,1200,480,1094,374,1186,466,254,8464,0.03000945179584121,3.0009451795841207,86.08661651611328,122.0,129,True,True,True
2,Day 2,8,Tray 8,DJI_20260620131623_0008,41,5,1,0,480,120,600,14,494,106,586,0,8464,0.0,0.0,0.0,0.0,0,False,False,False
2,Day 2,8,Tray 8,DJI_20260620131623_0008,42,5,2,120,480,240,600,134,494,226,586,0,8464,0.0,0.0,0.0,0.0,0,False,False,False
2,Day 2,8,Tray 8,DJI_20260620131623_0008,43,5,3,240,480,360,600,254,494,346,586,0,8464,0.0,0.0,0.0,0.0,0,False,False,False
2,Day 2,8,Tray 8,DJI_20260620131623_0008,44,5,4,360,480,480,600,374,494,466,586,349,8464,0.04123345935727788,4.123345935727788,92.34097290039062,117.0,349,True,True,True
2,Day 2,8,Tray 8,DJI_20260620131623_0008,45,5,5,480,480,600,600,494,494,586,586,0,8464,0.0,0.0,0.0,0.0,0,False,False,False
2,Day 2,8,Tray 8,DJI_20260620131623_0008,46,5,6,600,480,720,600,614,494,706,586,439,8464,0.051866729678638944,5.1866729678638945,98.84054565429688,135.0,439,True,False,True
2,Day 2,8,Tray 8,DJI_20260620131623_0008,47,5,7,720,480,840,600,734,494,826,586,408,8464,0.048204158790170135,4.8204158790170135,84.9754867553711,123.0,235,True,True,True
2,Day 2,8,Tray 8,DJI_20260620131623_0008,48,5,8,840,480,960,600,854,494,946,586,258,8464,0.0304820415879017,3.04820415879017,95.51162719726562,128.0,258,True,True,True
2,Day 2,8,Tray 8,DJI_20260620131623_0008,49,5,9,960,480,1080,600,974,494,1066,586,0,8464,0.0,0.0,0.0,0.0,0,False,False,False
2,Day 2,8,Tray 8,DJI_20260620131623_0008,50,5,10,1080,480,1200,600,1094,494,1186,586,0,8464,0.0,0.0,0.0,0.0,0,False,False,False
2,Day 2,8,Tray 8,DJI_20260620131623_0008,51,6,1,0,600,120,720,14,614,106,706,116,8464,0.013705103969754254,1.3705103969754253,84.5862045288086,113.0,116,True,True,True
2,Day 2,8,Tray 8,DJI_20260620131623_0008,52,6,2,120,600,240,720,134,614,226,706,0,8464,0.0,0.0,0.0,0.0,0,False,False,False
2,Day 2,8,Tray 8,DJI_20260620131623_0008,53,6,3,240,600,360,720,254,614,346,706,0,8464,0.0,0.0,0.0,0.0,0,False,False,False
2,Day 2,8,Tray 8,DJI_20260620131623_0008,54,6,4,360,600,480,720,374,614,466,706,0,8464,0.0,0.0,0.0,0.0,0,False,False,False
2,Day 2,8,Tray 8,DJI_20260620131623_0008,55,6,5,480,600,600,720,494,614,586,706,0,8464,0.0,0.0,0.0,0.0,0,False,False,False
2,Day 2,8,Tray 8,DJI_20260620131623_0008,56,6,6,600,600,720,720,614,614,706,706,59,8464,0.006970699432892249,0.6970699432892249,97.93220520019531,121.0,59,True,True,True
2,Day 2,8,Tray 8,DJI_20260620131623_0008,57,6,7,720,600,840,720,734,614,826,706,130,8464,0.015359168241965973,1.5359168241965973,95.85384368896484,123.0,130,True,True,True
2,Day 2,8,Tray 8,DJI_20260620131623_0008,58,6,8,840,600,960,720,854,614,946,706,189,8464,0.022329867674858225,2.2329867674858224,89.338623046875,121.0,189,True,True,True
2,Day 2,8,Tray 8,DJI_20260620131623_0008,59,6,9,960,600,1080,720,974,614,1066,706,0,8464,0.0,0.0,0.0,0.0,0,False,False,False
2,Day 2,8,Tray 8,DJI_20260620131623_0008,60,6,10,1080,600,1200,720,1094,614,1186,706,5,8464,0.0005907372400756144,0.05907372400756144,46.400001525878906,58.0,5,False,False,False
2,Day 2,8,Tray 8,DJI_20260620131623_0008,61,7,1,0,720,120,840,14,734,106,826,0,8464,0.0,0.0,0.0,0.0,0,False,False,False
2,Day 2,8,Tray 8,DJI_20260620131623_0008,62,7,2,120,720,240,840,134,734,226,826,0,8464,0.0,0.0,0.0,0.0,0,False,False,False
2,Day 2,8,Tray 8,DJI_20260620131623_0008,63,7,3,240,720,360,840,254,734,346,826,330,8464,0.038988657844990546,3.8988657844990544,89.09696960449219,122.0,244,True,True,True
2,Day 2,8,Tray 8,DJI_20260620131623_0008,64,7,4,360,720,480,840,374,734,466,826,0,8464,0.0,0.0,0.0,0.0,0,False,False,False
2,Day 2,8,Tray 8,DJI_20260620131623_0008,65,7,5,480,720,600,840,494,734,586,826,445,8464,0.05257561436672968,5.257561436672968,100.14157104492188,138.0,445,True,True,True
2,Day 2,8,Tray 8,DJI_20260620131623_0008,66,7,6,600,720,720,840,614,734,706,826,0,8464,0.0,0.0,0.0,0.0,0,False,False,True
2,Day 2,8,Tray 8,DJI_20260620131623_0008,67,7,7,720,720,840,840,734,734,826,826,426,8464,0.050330812854442346,5.033081285444235,101.030517578125,125.0,426,True,True,True
2,Day 2,8,Tray 8,DJI_20260620131623_0008,68,7,8,840,720,960,840,854,734,946,826,0,8464,0.0,0.0,0.0,0.0,0,False,False,False
2,Day 2,8,Tray 8,DJI_20260620131623_0008,69,7,9,960,720,1080,840,974,734,1066,826,152,8464,0.017958412098298678,1.7958412098298677,96.79605102539062,121.0,152,True,False,True
2,Day 2,8,Tray 8,DJI_20260620131623_0008,70,7,10,1080,720,1200,840,1094,734,1186,826,0,8464,0.0,0.0,0.0,0.0,0,False,False,False
3,Day 3,4,Tray 4,DJI_20260621125808_0004,1,1,1,0,0,120,120,14,14,106,106,0,8464,0.0,0.0,0.0,0.0,0,False,False,False
3,Day 3,4,Tray 4,DJI_20260621125808_0004,2,1,2,120,0,240,120,134,14,226,106,34,8464,0.004017013232514178,0.4017013232514178,104.9117660522461,136.0,34,True,False,True
3,Day 3,4,Tray 4,DJI_20260621125808_0004,3,1,3,240,0,360,120,254,14,346,106,70,8464,0.0082703213610586,0.82703213610586,99.0142822265625,119.0,70,True,False,True
3,Day 3,4,Tray 4,DJI_20260621125808_0004,4,1,4,360,0,480,120,374,14,466,106,0,8464,0.0,0.0,0.0,0.0,0,False,False,True
3,Day 3,4,Tray 4,DJI_20260621125808_0004,5,1,5,480,0,600,120,494,14,586,106,0,8464,0.0,0.0,0.0,0.0,0,False,False,False
3,Day 3,4,Tray 4,DJI_20260621125808_0004,6,1,6,600,0,720,120,614,14,706,106,0,8464,0.0,0.0,0.0,0.0,0,False,False,False
3,Day 3,4,Tray 4,DJI_20260621125808_0004,7,1,7,720,0,840,120,734,14,826,106,0,8464,0.0,0.0,0.0,0.0,0,False,False,False
3,Day 3,4,Tray 4,DJI_20260621125808_0004,8,1,8,840,0,960,120,854,14,946,106,176,8464,0.020793950850661626,2.0793950850661624,99.44886016845703,138.0,176,True,False,True
3,Day 3,4,Tray 4,DJI_20260621125808_0004,9,1,9,960,0,1080,120,974,14,1066,106,0,8464,0.0,0.0,0.0,0.0,0,False,False,False
3,Day 3,4,Tray 4,DJI_20260621125808_0004,10,1,10,1080,0,1200,120,1094,14,1186,106,0,8464,0.0,0.0,0.0,0.0,0,False,False,False
3,Day 3,4,Tray 4,DJI_20260621125808_0004,11,2,1,0,120,120,240,14,134,106,226,0,8464,0.0,0.0,0.0,0.0,0,False,False,False
3,Day 3,4,Tray 4,DJI_20260621125808_0004,12,2,2,120,120,240,240,134,134,226,226,0,8464,0.0,0.0,0.0,0.0,0,False,False,False
3,Day 3,4,Tray 4,DJI_20260621125808_0004,13,2,3,240,120,360,240,254,134,346,226,0,8464,0.0,0.0,0.0,0.0,0,False,False,False
3,Day 3,4,Tray 4,DJI_20260621125808_0004,14,2,4,360,120,480,240,374,134,466,226,0,8464,0.0,0.0,0.0,0.0,0,False,False,False
3,Day 3,4,Tray 4,DJI_20260621125808_0004,15,2,5,480,120,600,240,494,134,586,226,0,8464,0.0,0.0,0.0,0.0,0,False,False,False
3,Day 3,4,Tray 4,DJI_20260621125808_0004,16,2,6,600,120,720,240,614,134,706,226,0,8464,0.0,0.0,0.0,0.0,0,False,False,False
3,Day 3,4,Tray 4,DJI_20260621125808_0004,17,2,7,720,120,840,240,734,134,826,226,0,8464,0.0,0.0,0.0,0.0,0,False,False,False
3,Day 3,4,Tray 4,DJI_20260621125808_0004,18,2,8,840,120,960,240,854,134,946,226,0,8464,0.0,0.0,0.0,0.0,0,False,False,False
3,Day 3,4,Tray 4,DJI_20260621125808_0004,19,2,9,960,120,1080,240,974,134,1066,226,9,8464,0.0010633270321361058,0.10633270321361059,87.33333587646484,94.0,7,False,False,False
3,Day 3,4,Tray 4,DJI_20260621125808_0004,20,2,10,1080,120,1200,240,1094,134,1186,226,0,8464,0.0,0.0,0.0,0.0,0,False,False,False
3,Day 3,4,Tray 4,DJI_20260621125808_0004,21,3,1,0,240,120,360,14,254,106,346,0,8464,0.0,0.0,0.0,0.0,0,False,False,False
3,Day 3,4,Tray 4,DJI_20260621125808_0004,22,3,2,120,240,240,360,134,254,226,346,0,8464,0.0,0.0,0.0,0.0,0,False,False,False
3,Day 3,4,Tray 4,DJI_20260621125808_0004,23,3,3,240,240,360,360,254,254,346,346,0,8464,0.0,0.0,0.0,0.0,0,False,False,False
3,Day 3,4,Tray 4,DJI_20260621125808_0004,24,3,4,360,240,480,360,374,254,466,346,0,8464,0.0,0.0,0.0,0.0,0,False,False,True
3,Day 3,4,Tray 4,DJI_20260621125808_0004,25,3,5,480,240,600,360,494,254,586,346,0,8464,0.0,0.0,0.0,0.0,0,False,False,False
3,Day 3,4,Tray 4,DJI_20260621125808_0004,26,3,6,600,240,720,360,614,254,706,346,0,8464,0.0,0.0,0.0,0.0,0,False,False,False
3,Day 3,4,Tray 4,DJI_20260621125808_0004,27,3,7,720,240,840,360,734,254,826,346,0,8464,0.0,0.0,0.0,0.0,0,False,False,False
3,Day 3,4,Tray 4,DJI_20260621125808_0004,28,3,8,840,240,960,360,854,254,946,346,0,8464,0.0,0.0,0.0,0.0,0,False,False,True
3,Day 3,4,Tray 4,DJI_20260621125808_0004,29,3,9,960,240,1080,360,974,254,1066,346,0,8464,0.0,0.0,0.0,0.0,0,False,False,False
3,Day 3,4,Tray 4,DJI_20260621125808_0004,30,3,10,1080,240,1200,360,1094,254,1186,346,69,8464,0.008152173913043478,0.8152173913043478,82.82608795166016,105.0,69,True,True,True
3,Day 3,4,Tray 4,DJI_20260621125808_0004,31,4,1,0,360,120,480,14,374,106,466,0,8464,0.0,0.0,0.0,0.0,0,False,False,False
3,Day 3,4,Tray 4,DJI_20260621125808_0004,32,4,2,120,360,240,480,134,374,226,466,0,8464,0.0,0.0,0.0,0.0,0,False,False,False
3,Day 3,4,Tray 4,DJI_20260621125808_0004,33,4,3,240,360,360,480,254,374,346,466,5,8464,0.0005907372400756144,0.05907372400756144,50.0,57.0,3,False,False,False
3,Day 3,4,Tray 4,DJI_20260621125808_0004,34,4,4,360,360,480,480,374,374,466,466,0,8464,0.0,0.0,0.0,0.0,0,False,False,False
3,Day 3,4,Tray 4,DJI_20260621125808_0004,35,4,5,480,360,600,480,494,374,586,466,0,8464,0.0,0.0,0.0,0.0,0,False,False,False
3,Day 3,4,Tray 4,DJI_20260621125808_0004,36,4,6,600,360,720,480,614,374,706,466,26,8464,0.0030718336483931945,0.30718336483931946,91.73076629638672,116.0,26,True,False,True
3,Day 3,4,Tray 4,DJI_20260621125808_0004,37,4,7,720,360,840,480,734,374,826,466,0,8464,0.0,0.0,0.0,0.0,0,False,False,False
3,Day 3,4,Tray 4,DJI_20260621125808_0004,38,4,8,840,360,960,480,854,374,946,466,0,8464,0.0,0.0,0.0,0.0,0,False,False,False
3,Day 3,4,Tray 4,DJI_20260621125808_0004,39,4,9,960,360,1080,480,974,374,1066,466,0,8464,0.0,0.0,0.0,0.0,0,False,False,False
3,Day 3,4,Tray 4,DJI_20260621125808_0004,40,4,10,1080,360,1200,480,1094,374,1186,466,0,8464,0.0,0.0,0.0,0.0,0,False,False,False
3,Day 3,4,Tray 4,DJI_20260621125808_0004,41,5,1,0,480,120,600,14,494,106,586,99,8464,0.011696597353497165,1.1696597353497165,85.93939208984375,123.0,99,True,False,True
3,Day 3,4,Tray 4,DJI_20260621125808_0004,42,5,2,120,480,240,600,134,494,226,586,2,8464,0.00023629489603024575,0.023629489603024575,36.0,38.0,2,False,False,True
3,Day 3,4,Tray 4,DJI_20260621125808_0004,43,5,3,240,480,360,600,254,494,346,586,0,8464,0.0,0.0,0.0,0.0,0,False,False,True
3,Day 3,4,Tray 4,DJI_20260621125808_0004,44,5,4,360,480,480,600,374,494,466,586,126,8464,0.014886578449905482,1.488657844990548,95.4920654296875,142.0,126,True,False,True
3,Day 3,4,Tray 4,DJI_20260621125808_0004,45,5,5,480,480,600,600,494,494,586,586,0,8464,0.0,0.0,0.0,0.0,0,False,False,False
3,Day 3,4,Tray 4,DJI_20260621125808_0004,46,5,6,600,480,720,600,614,494,706,586,0,8464,0.0,0.0,0.0,0.0,0,False,False,False
3,Day 3,4,Tray 4,DJI_20260621125808_0004,47,5,7,720,480,840,600,734,494,826,586,64,8464,0.007561436672967864,0.7561436672967864,86.609375,124.0,64,True,False,True
3,Day 3,4,Tray 4,DJI_20260621125808_0004,48,5,8,840,480,960,600,854,494,946,586,145,8464,0.017131379962192817,1.7131379962192816,95.0413818359375,132.0,81,True,False,True
3,Day 3,4,Tray 4,DJI_20260621125808_0004,49,5,9,960,480,1080,600,974,494,1066,586,176,8464,0.020793950850661626,2.0793950850661624,102.6477279663086,138.0,176,True,False,True
3,Day 3,4,Tray 4,DJI_20260621125808_0004,50,5,10,1080,480,1200,600,1094,494,1186,586,0,8464,0.0,0.0,0.0,0.0,0,False,False,True
3,Day 3,4,Tray 4,DJI_20260621125808_0004,51,6,1,0,600,120,720,14,614,106,706,0,8464,0.0,0.0,0.0,0.0,0,False,False,False
3,Day 3,4,Tray 4,DJI_20260621125808_0004,52,6,2,120,600,240,720,134,614,226,706,0,8464,0.0,0.0,0.0,0.0,0,False,False,False
3,Day 3,4,Tray 4,DJI_20260621125808_0004,53,6,3,240,600,360,720,254,614,346,706,0,8464,0.0,0.0,0.0,0.0,0,False,False,True
3,Day 3,4,Tray 4,DJI_20260621125808_0004,54,6,4,360,600,480,720,374,614,466,706,0,8464,0.0,0.0,0.0,0.0,0,False,False,False
3,Day 3,4,Tray 4,DJI_20260621125808_0004,55,6,5,480,600,600,720,494,614,586,706,6,8464,0.0007088846880907373,0.07088846880907373,55.33333206176758,67.0,6,False,False,True
3,Day 3,4,Tray 4,DJI_20260621125808_0004,56,6,6,600,600,720,720,614,614,706,706,0,8464,0.0,0.0,0.0,0.0,0,False,False,False
3,Day 3,4,Tray 4,DJI_20260621125808_0004,57,6,7,720,600,840,720,734,614,826,706,0,8464,0.0,0.0,0.0,0.0,0,False,False,False
3,Day 3,4,Tray 4,DJI_20260621125808_0004,58,6,8,840,600,960,720,854,614,946,706,0,8464,0.0,0.0,0.0,0.0,0,False,False,False
3,Day 3,4,Tray 4,DJI_20260621125808_0004,59,6,9,960,600,1080,720,974,614,1066,706,85,8464,0.010042533081285445,1.0042533081285445,78.67058563232422,121.0,43,True,False,True
3,Day 3,4,Tray 4,DJI_20260621125808_0004,60,6,10,1080,600,1200,720,1094,614,1186,706,0,8464,0.0,0.0,0.0,0.0,0,False,False,False
3,Day 3,4,Tray 4,DJI_20260621125808_0004,61,7,1,0,720,120,840,14,734,106,826,0,8464,0.0,0.0,0.0,0.0,0,False,False,False
3,Day 3,4,Tray 4,DJI_20260621125808_0004,62,7,2,120,720,240,840,134,734,226,826,0,8464,0.0,0.0,0.0,0.0,0,False,False,False
3,Day 3,4,Tray 4,DJI_20260621125808_0004,63,7,3,240,720,360,840,254,734,346,826,0,8464,0.0,0.0,0.0,0.0,0,False,False,False
3,Day 3,4,Tray 4,DJI_20260621125808_0004,64,7,4,360,720,480,840,374,734,466,826,52,8464,0.006143667296786389,0.6143667296786389,102.42308044433594,117.0,52,True,False,True
3,Day 3,4,Tray 4,DJI_20260621125808_0004,65,7,5,480,720,600,840,494,734,586,826,0,8464,0.0,0.0,0.0,0.0,0,False,False,False
3,Day 3,4,Tray 4,DJI_20260621125808_0004,66,7,6,600,720,720,840,614,734,706,826,37,8464,0.004371455576559546,0.43714555765595464,100.75675964355469,129.0,37,True,False,True
3,Day 3,4,Tray 4,DJI_20260621125808_0004,67,7,7,720,720,840,840,734,734,826,826,47,8464,0.005552930056710775,0.5552930056710775,100.89361572265625,123.0,43,True,False,True
3,Day 3,4,Tray 4,DJI_20260621125808_0004,68,7,8,840,720,960,840,854,734,946,826,30,8464,0.003544423440453686,0.3544423440453686,91.16666412353516,110.0,30,True,False,True
3,Day 3,4,Tray 4,DJI_20260621125808_0004,69,7,9,960,720,1080,840,974,734,1066,826,0,8464,0.0,0.0,0.0,0.0,0,False,False,False
3,Day 3,4,Tray 4,DJI_20260621125808_0004,70,7,10,1080,720,1200,840,1094,734,1186,826,0,8464,0.0,0.0,0.0,0.0,0,False,False,False
3,Day 3,5,Tray 5,DJI_20260621125931_0005,1,1,1,0,0,120,120,14,14,106,106,0,8464,0.0,0.0,0.0,0.0,0,False,False,False
3,Day 3,5,Tray 5,DJI_20260621125931_0005,2,1,2,120,0,240,120,134,14,226,106,0,8464,0.0,0.0,0.0,0.0,0,False,False,False
3,Day 3,5,Tray 5,DJI_20260621125931_0005,3,1,3,240,0,360,120,254,14,346,106,0,8464,0.0,0.0,0.0,0.0,0,False,False,False
3,Day 3,5,Tray 5,DJI_20260621125931_0005,4,1,4,360,0,480,120,374,14,466,106,0,8464,0.0,0.0,0.0,0.0,0,False,False,False
3,Day 3,5,Tray 5,DJI_20260621125931_0005,5,1,5,480,0,600,120,494,14,586,106,0,8464,0.0,0.0,0.0,0.0,0,False,False,False
3,Day 3,5,Tray 5,DJI_20260621125931_0005,6,1,6,600,0,720,120,614,14,706,106,0,8464,0.0,0.0,0.0,0.0,0,False,False,False
3,Day 3,5,Tray 5,DJI_20260621125931_0005,7,1,7,720,0,840,120,734,14,826,106,0,8464,0.0,0.0,0.0,0.0,0,False,False,False
3,Day 3,5,Tray 5,DJI_20260621125931_0005,8,1,8,840,0,960,120,854,14,946,106,0,8464,0.0,0.0,0.0,0.0,0,False,False,False
3,Day 3,5,Tray 5,DJI_20260621125931_0005,9,1,9,960,0,1080,120,974,14,1066,106,0,8464,0.0,0.0,0.0,0.0,0,False,False,False
3,Day 3,5,Tray 5,DJI_20260621125931_0005,10,1,10,1080,0,1200,120,1094,14,1186,106,0,8464,0.0,0.0,0.0,0.0,0,False,False,False
3,Day 3,5,Tray 5,DJI_20260621125931_0005,11,2,1,0,120,120,240,14,134,106,226,43,8464,0.0050803402646502835,0.5080340264650284,109.51162719726562,151.0,43,True,True,True
3,Day 3,5,Tray 5,DJI_20260621125931_0005,12,2,2,120,120,240,240,134,134,226,226,165,8464,0.019494328922495273,1.9494328922495272,113.71514892578125,151.0,165,True,False,True
3,Day 3,5,Tray 5,DJI_20260621125931_0005,13,2,3,240,120,360,240,254,134,346,226,0,8464,0.0,0.0,0.0,0.0,0,False,False,True
3,Day 3,5,Tray 5,DJI_20260621125931_0005,14,2,4,360,120,480,240,374,134,466,226,155,8464,0.018312854442344047,1.8312854442344046,90.51612854003906,129.0,155,True,False,True
3,Day 3,5,Tray 5,DJI_20260621125931_0005,15,2,5,480,120,600,240,494,134,586,226,358,8464,0.04229678638941399,4.229678638941399,99.44972229003906,150.0,358,True,False,True
3,Day 3,5,Tray 5,DJI_20260621125931_0005,16,2,6,600,120,720,240,614,134,706,226,1042,8464,0.12310964083175803,12.310964083175802,102.78982543945312,135.0,1042,True,False,True
3,Day 3,5,Tray 5,DJI_20260621125931_0005,17,2,7,720,120,840,240,734,134,826,226,128,8464,0.015122873345935728,1.5122873345935728,102.3671875,143.0,128,True,False,True
3,Day 3,5,Tray 5,DJI_20260621125931_0005,18,2,8,840,120,960,240,854,134,946,226,346,8464,0.040879017013232516,4.0879017013232515,104.92196655273438,144.0,346,True,False,True
3,Day 3,5,Tray 5,DJI_20260621125931_0005,19,2,9,960,120,1080,240,974,134,1066,226,150,8464,0.01772211720226843,1.772211720226843,107.63333129882812,155.0,150,True,False,True
3,Day 3,5,Tray 5,DJI_20260621125931_0005,20,2,10,1080,120,1200,240,1094,134,1186,226,0,8464,0.0,0.0,0.0,0.0,0,False,False,False
3,Day 3,5,Tray 5,DJI_20260621125931_0005,21,3,1,0,240,120,360,14,254,106,346,0,8464,0.0,0.0,0.0,0.0,0,False,False,True
3,Day 3,5,Tray 5,DJI_20260621125931_0005,22,3,2,120,240,240,360,134,254,226,346,0,8464,0.0,0.0,0.0,0.0,0,False,False,True
3,Day 3,5,Tray 5,DJI_20260621125931_0005,23,3,3,240,240,360,360,254,254,346,346,0,8464,0.0,0.0,0.0,0.0,0,False,False,False
3,Day 3,5,Tray 5,DJI_20260621125931_0005,24,3,4,360,240,480,360,374,254,466,346,68,8464,0.008034026465028356,0.8034026465028355,95.57353210449219,138.0,68,True,False,True
3,Day 3,5,Tray 5,DJI_20260621125931_0005,25,3,5,480,240,600,360,494,254,586,346,0,8464,0.0,0.0,0.0,0.0,0,False,False,False
3,Day 3,5,Tray 5,DJI_20260621125931_0005,26,3,6,600,240,720,360,614,254,706,346,217,8464,0.025637996219281662,2.5637996219281662,103.38710021972656,144.0,216,True,False,True
3,Day 3,5,Tray 5,DJI_20260621125931_0005,27,3,7,720,240,840,360,734,254,826,346,70,8464,0.0082703213610586,0.82703213610586,73.0857162475586,108.0,70,True,False,True
3,Day 3,5,Tray 5,DJI_20260621125931_0005,28,3,8,840,240,960,360,854,254,946,346,10,8464,0.0011814744801512287,0.11814744801512288,35.900001525878906,49.0,6,False,False,False
3,Day 3,5,Tray 5,DJI_20260621125931_0005,29,3,9,960,240,1080,360,974,254,1066,346,0,8464,0.0,0.0,0.0,0.0,0,False,False,False
3,Day 3,5,Tray 5,DJI_20260621125931_0005,30,3,10,1080,240,1200,360,1094,254,1186,346,0,8464,0.0,0.0,0.0,0.0,0,False,False,False
3,Day 3,5,Tray 5,DJI_20260621125931_0005,31,4,1,0,360,120,480,14,374,106,466,0,8464,0.0,0.0,0.0,0.0,0,False,False,False
3,Day 3,5,Tray 5,DJI_20260621125931_0005,32,4,2,120,360,240,480,134,374,226,466,0,8464,0.0,0.0,0.0,0.0,0,False,False,False
3,Day 3,5,Tray 5,DJI_20260621125931_0005,33,4,3,240,360,360,480,254,374,346,466,281,8464,0.033199432892249525,3.3199432892249527,113.49110412597656,144.0,281,True,False,True
3,Day 3,5,Tray 5,DJI_20260621125931_0005,34,4,4,360,360,480,480,374,374,466,466,0,8464,0.0,0.0,0.0,0.0,0,False,False,True
3,Day 3,5,Tray 5,DJI_20260621125931_0005,35,4,5,480,360,600,480,494,374,586,466,11,8464,0.0012996219281663517,0.12996219281663515,59.90909194946289,84.0,11,False,False,False
3,Day 3,5,Tray 5,DJI_20260621125931_0005,36,4,6,600,360,720,480,614,374,706,466,0,8464,0.0,0.0,0.0,0.0,0,False,False,False
3,Day 3,5,Tray 5,DJI_20260621125931_0005,37,4,7,720,360,840,480,734,374,826,466,0,8464,0.0,0.0,0.0,0.0,0,False,False,False
3,Day 3,5,Tray 5,DJI_20260621125931_0005,38,4,8,840,360,960,480,854,374,946,466,550,8464,0.06498109640831758,6.498109640831758,109.65272521972656,148.0,480,True,False,True
3,Day 3,5,Tray 5,DJI_20260621125931_0005,39,4,9,960,360,1080,480,974,374,1066,466,34,8464,0.004017013232514178,0.4017013232514178,104.94117736816406,134.0,34,True,True,True
3,Day 3,5,Tray 5,DJI_20260621125931_0005,40,4,10,1080,360,1200,480,1094,374,1186,466,0,8464,0.0,0.0,0.0,0.0,0,False,False,False
3,Day 3,5,Tray 5,DJI_20260621125931_0005,41,5,1,0,480,120,600,14,494,106,586,0,8464,0.0,0.0,0.0,0.0,0,False,False,True
3,Day 3,5,Tray 5,DJI_20260621125931_0005,42,5,2,120,480,240,600,134,494,226,586,182,8464,0.021502835538752364,2.1502835538752363,97.31318664550781,139.0,182,True,False,True
3,Day 3,5,Tray 5,DJI_20260621125931_0005,43,5,3,240,480,360,600,254,494,346,586,0,8464,0.0,0.0,0.0,0.0,0,False,False,False
3,Day 3,5,Tray 5,DJI_20260621125931_0005,44,5,4,360,480,480,600,374,494,466,586,40,8464,0.004725897920604915,0.4725897920604915,86.7249984741211,116.0,40,True,True,True
3,Day 3,5,Tray 5,DJI_20260621125931_0005,45,5,5,480,480,600,600,494,494,586,586,0,8464,0.0,0.0,0.0,0.0,0,False,False,False
3,Day 3,5,Tray 5,DJI_20260621125931_0005,46,5,6,600,480,720,600,614,494,706,586,2,8464,0.00023629489603024575,0.023629489603024575,38.0,38.0,2,False,False,False
3,Day 3,5,Tray 5,DJI_20260621125931_0005,47,5,7,720,480,840,600,734,494,826,586,719,8464,0.08494801512287335,8.494801512287335,108.1724624633789,145.0,719,True,False,True
3,Day 3,5,Tray 5,DJI_20260621125931_0005,48,5,8,840,480,960,600,854,494,946,586,397,8464,0.04690453686200378,4.690453686200378,111.50881958007812,145.0,397,True,False,True
3,Day 3,5,Tray 5,DJI_20260621125931_0005,49,5,9,960,480,1080,600,974,494,1066,586,548,8464,0.06474480151228733,6.474480151228732,108.107666015625,147.0,548,True,False,True
3,Day 3,5,Tray 5,DJI_20260621125931_0005,50,5,10,1080,480,1200,600,1094,494,1186,586,0,8464,0.0,0.0,0.0,0.0,0,False,False,False
3,Day 3,5,Tray 5,DJI_20260621125931_0005,51,6,1,0,600,120,720,14,614,106,706,0,8464,0.0,0.0,0.0,0.0,0,False,False,False
3,Day 3,5,Tray 5,DJI_20260621125931_0005,52,6,2,120,600,240,720,134,614,226,706,0,8464,0.0,0.0,0.0,0.0,0,False,False,False
3,Day 3,5,Tray 5,DJI_20260621125931_0005,53,6,3,240,600,360,720,254,614,346,706,14,8464,0.0016540642722117202,0.16540642722117202,66.07142639160156,99.0,11,False,False,False
3,Day 3,5,Tray 5,DJI_20260621125931_0005,54,6,4,360,600,480,720,374,614,466,706,398,8464,0.0470226843100189,4.70226843100189,113.72110748291016,141.0,398,True,False,True
3,Day 3,5,Tray 5,DJI_20260621125931_0005,55,6,5,480,600,600,720,494,614,586,706,525,8464,0.06202741020793951,6.202741020793951,115.10285949707031,164.0,525,True,False,True
3,Day 3,5,Tray 5,DJI_20260621125931_0005,56,6,6,600,600,720,720,614,614,706,706,96,8464,0.011342155009451797,1.1342155009451798,109.44791412353516,144.0,96,True,False,True
3,Day 3,5,Tray 5,DJI_20260621125931_0005,57,6,7,720,600,840,720,734,614,826,706,0,8464,0.0,0.0,0.0,0.0,0,False,False,False
3,Day 3,5,Tray 5,DJI_20260621125931_0005,58,6,8,840,600,960,720,854,614,946,706,0,8464,0.0,0.0,0.0,0.0,0,False,False,False
3,Day 3,5,Tray 5,DJI_20260621125931_0005,59,6,9,960,600,1080,720,974,614,1066,706,0,8464,0.0,0.0,0.0,0.0,0,False,False,False
3,Day 3,5,Tray 5,DJI_20260621125931_0005,60,6,10,1080,600,1200,720,1094,614,1186,706,0,8464,0.0,0.0,0.0,0.0,0,False,False,False
3,Day 3,5,Tray 5,DJI_20260621125931_0005,61,7,1,0,720,120,840,14,734,106,826,0,8464,0.0,0.0,0.0,0.0,0,False,False,False
3,Day 3,5,Tray 5,DJI_20260621125931_0005,62,7,2,120,720,240,840,134,734,226,826,0,8464,0.0,0.0,0.0,0.0,0,False,False,False
3,Day 3,5,Tray 5,DJI_20260621125931_0005,63,7,3,240,720,360,840,254,734,346,826,272,8464,0.03213610586011342,3.213610586011342,102.65441131591797,140.0,264,True,False,True
3,Day 3,5,Tray 5,DJI_20260621125931_0005,64,7,4,360,720,480,840,374,734,466,826,0,8464,0.0,0.0,0.0,0.0,0,False,False,False
3,Day 3,5,Tray 5,DJI_20260621125931_0005,65,7,5,480,720,600,840,494,734,586,826,0,8464,0.0,0.0,0.0,0.0,0,False,False,False
3,Day 3,5,Tray 5,DJI_20260621125931_0005,66,7,6,600,720,720,840,614,734,706,826,58,8464,0.006852551984877127,0.6852551984877127,75.18965148925781,102.0,58,True,True,True
3,Day 3,5,Tray 5,DJI_20260621125931_0005,67,7,7,720,720,840,840,734,734,826,826,1,8464,0.00011814744801512288,0.011814744801512287,12.0,12.0,1,False,False,False
3,Day 3,5,Tray 5,DJI_20260621125931_0005,68,7,8,840,720,960,840,854,734,946,826,112,8464,0.013232514177693762,1.3232514177693762,110.6875,142.0,112,True,False,True
3,Day 3,5,Tray 5,DJI_20260621125931_0005,69,7,9,960,720,1080,840,974,734,1066,826,211,8464,0.024929111531190925,2.4929111531190924,122.62559509277344,178.0,110,True,False,True
3,Day 3,5,Tray 5,DJI_20260621125931_0005,70,7,10,1080,720,1200,840,1094,734,1186,826,0,8464,0.0,0.0,0.0,0.0,0,False,False,False
3,Day 3,7,Tray 7,DJI_20260621130015_0007,1,1,1,0,0,120,120,14,14,106,106,0,8464,0.0,0.0,0.0,0.0,0,False,False,False
3,Day 3,7,Tray 7,DJI_20260621130015_0007,2,1,2,120,0,240,120,134,14,226,106,0,8464,0.0,0.0,0.0,0.0,0,False,False,False
3,Day 3,7,Tray 7,DJI_20260621130015_0007,3,1,3,240,0,360,120,254,14,346,106,0,8464,0.0,0.0,0.0,0.0,0,False,False,True
3,Day 3,7,Tray 7,DJI_20260621130015_0007,4,1,4,360,0,480,120,374,14,466,106,0,8464,0.0,0.0,0.0,0.0,0,False,False,False
3,Day 3,7,Tray 7,DJI_20260621130015_0007,5,1,5,480,0,600,120,494,14,586,106,0,8464,0.0,0.0,0.0,0.0,0,False,False,False
3,Day 3,7,Tray 7,DJI_20260621130015_0007,6,1,6,600,0,720,120,614,14,706,106,0,8464,0.0,0.0,0.0,0.0,0,False,False,False
3,Day 3,7,Tray 7,DJI_20260621130015_0007,7,1,7,720,0,840,120,734,14,826,106,0,8464,0.0,0.0,0.0,0.0,0,False,False,True
3,Day 3,7,Tray 7,DJI_20260621130015_0007,8,1,8,840,0,960,120,854,14,946,106,0,8464,0.0,0.0,0.0,0.0,0,False,False,False
3,Day 3,7,Tray 7,DJI_20260621130015_0007,9,1,9,960,0,1080,120,974,14,1066,106,1,8464,0.00011814744801512288,0.011814744801512287,80.0,80.0,1,False,False,False
3,Day 3,7,Tray 7,DJI_20260621130015_0007,10,1,10,1080,0,1200,120,1094,14,1186,106,0,8464,0.0,0.0,0.0,0.0,0,False,False,False
3,Day 3,7,Tray 7,DJI_20260621130015_0007,11,2,1,0,120,120,240,14,134,106,226,0,8464,0.0,0.0,0.0,0.0,0,False,False,True
3,Day 3,7,Tray 7,DJI_20260621130015_0007,12,2,2,120,120,240,240,134,134,226,226,0,8464,0.0,0.0,0.0,0.0,0,False,False,False
3,Day 3,7,Tray 7,DJI_20260621130015_0007,13,2,3,240,120,360,240,254,134,346,226,42,8464,0.00496219281663516,0.49621928166351603,74.42857360839844,114.0,36,True,False,True
3,Day 3,7,Tray 7,DJI_20260621130015_0007,14,2,4,360,120,480,240,374,134,466,226,202,8464,0.02386578449905482,2.386578449905482,95.95049285888672,137.0,202,True,False,True
3,Day 3,7,Tray 7,DJI_20260621130015_0007,15,2,5,480,120,600,240,494,134,586,226,44,8464,0.005198487712665407,0.5198487712665406,79.81818389892578,114.0,44,True,True,True
3,Day 3,7,Tray 7,DJI_20260621130015_0007,16,2,6,600,120,720,240,614,134,706,226,40,8464,0.004725897920604915,0.4725897920604915,100.4000015258789,123.0,40,True,False,True
3,Day 3,7,Tray 7,DJI_20260621130015_0007,17,2,7,720,120,840,240,734,134,826,226,0,8464,0.0,0.0,0.0,0.0,0,False,False,True
3,Day 3,7,Tray 7,DJI_20260621130015_0007,18,2,8,840,120,960,240,854,134,946,226,74,8464,0.008742911153119093,0.8742911153119093,105.85134887695312,134.0,74,True,True,True
3,Day 3,7,Tray 7,DJI_20260621130015_0007,19,2,9,960,120,1080,240,974,134,1066,226,0,8464,0.0,0.0,0.0,0.0,0,False,False,False
3,Day 3,7,Tray 7,DJI_20260621130015_0007,20,2,10,1080,120,1200,240,1094,134,1186,226,0,8464,0.0,0.0,0.0,0.0,0,False,False,True
3,Day 3,7,Tray 7,DJI_20260621130015_0007,21,3,1,0,240,120,360,14,254,106,346,0,8464,0.0,0.0,0.0,0.0,0,False,False,False
3,Day 3,7,Tray 7,DJI_20260621130015_0007,22,3,2,120,240,240,360,134,254,226,346,26,8464,0.0030718336483931945,0.30718336483931946,93.65384674072266,130.0,26,True,True,True
3,Day 3,7,Tray 7,DJI_20260621130015_0007,23,3,3,240,240,360,360,254,254,346,346,39,8464,0.004607750472589792,0.46077504725897916,86.1025619506836,109.0,25,True,True,True
3,Day 3,7,Tray 7,DJI_20260621130015_0007,24,3,4,360,240,480,360,374,254,466,346,0,8464,0.0,0.0,0.0,0.0,0,False,False,True
3,Day 3,7,Tray 7,DJI_20260621130015_0007,25,3,5,480,240,600,360,494,254,586,346,82,8464,0.009688090737240076,0.9688090737240076,89.8780517578125,123.0,82,True,False,True
3,Day 3,7,Tray 7,DJI_20260621130015_0007,26,3,6,600,240,720,360,614,254,706,346,0,8464,0.0,0.0,0.0,0.0,0,False,False,False
3,Day 3,7,Tray 7,DJI_20260621130015_0007,27,3,7,720,240,840,360,734,254,826,346,0,8464,0.0,0.0,0.0,0.0,0,False,False,True
3,Day 3,7,Tray 7,DJI_20260621130015_0007,28,3,8,840,240,960,360,854,254,946,346,0,8464,0.0,0.0,0.0,0.0,0,False,False,True
3,Day 3,7,Tray 7,DJI_20260621130015_0007,29,3,9,960,240,1080,360,974,254,1066,346,52,8464,0.006143667296786389,0.6143667296786389,90.48076629638672,117.0,27,True,False,True
3,Day 3,7,Tray 7,DJI_20260621130015_0007,30,3,10,1080,240,1200,360,1094,254,1186,346,0,8464,0.0,0.0,0.0,0.0,0,False,False,True
3,Day 3,7,Tray 7,DJI_20260621130015_0007,31,4,1,0,360,120,480,14,374,106,466,0,8464,0.0,0.0,0.0,0.0,0,False,False,True
3,Day 3,7,Tray 7,DJI_20260621130015_0007,32,4,2,120,360,240,480,134,374,226,466,0,8464,0.0,0.0,0.0,0.0,0,False,False,True
3,Day 3,7,Tray 7,DJI_20260621130015_0007,33,4,3,240,360,360,480,254,374,346,466,0,8464,0.0,0.0,0.0,0.0,0,False,False,False
3,Day 3,7,Tray 7,DJI_20260621130015_0007,34,4,4,360,360,480,480,374,374,466,466,0,8464,0.0,0.0,0.0,0.0,0,False,False,True
3,Day 3,7,Tray 7,DJI_20260621130015_0007,35,4,5,480,360,600,480,494,374,586,466,161,8464,0.019021739130434784,1.9021739130434785,95.11180114746094,127.0,161,True,False,True
3,Day 3,7,Tray 7,DJI_20260621130015_0007,36,4,6,600,360,720,480,614,374,706,466,177,8464,0.020912098298676747,2.0912098298676747,93.07909393310547,133.0,177,True,False,True
3,Day 3,7,Tray 7,DJI_20260621130015_0007,37,4,7,720,360,840,480,734,374,826,466,0,8464,0.0,0.0,0.0,0.0,0,False,False,False
3,Day 3,7,Tray 7,DJI_20260621130015_0007,38,4,8,840,360,960,480,854,374,946,466,0,8464,0.0,0.0,0.0,0.0,0,False,False,False
3,Day 3,7,Tray 7,DJI_20260621130015_0007,39,4,9,960,360,1080,480,974,374,1066,466,0,8464,0.0,0.0,0.0,0.0,0,False,False,False
3,Day 3,7,Tray 7,DJI_20260621130015_0007,40,4,10,1080,360,1200,480,1094,374,1186,466,0,8464,0.0,0.0,0.0,0.0,0,False,False,True
3,Day 3,7,Tray 7,DJI_20260621130015_0007,41,5,1,0,480,120,600,14,494,106,586,0,8464,0.0,0.0,0.0,0.0,0,False,False,False
3,Day 3,7,Tray 7,DJI_20260621130015_0007,42,5,2,120,480,240,600,134,494,226,586,60,8464,0.007088846880907372,0.7088846880907372,97.26667022705078,130.0,35,True,False,True
3,Day 3,7,Tray 7,DJI_20260621130015_0007,43,5,3,240,480,360,600,254,494,346,586,0,8464,0.0,0.0,0.0,0.0,0,False,False,True
3,Day 3,7,Tray 7,DJI_20260621130015_0007,44,5,4,360,480,480,600,374,494,466,586,201,8464,0.0237476370510397,2.37476370510397,94.71641540527344,130.0,201,True,False,True
3,Day 3,7,Tray 7,DJI_20260621130015_0007,45,5,5,480,480,600,600,494,494,586,586,0,8464,0.0,0.0,0.0,0.0,0,False,False,False
3,Day 3,7,Tray 7,DJI_20260621130015_0007,46,5,6,600,480,720,600,614,494,706,586,0,8464,0.0,0.0,0.0,0.0,0,False,False,False
3,Day 3,7,Tray 7,DJI_20260621130015_0007,47,5,7,720,480,840,600,734,494,826,586,0,8464,0.0,0.0,0.0,0.0,0,False,False,False
3,Day 3,7,Tray 7,DJI_20260621130015_0007,48,5,8,840,480,960,600,854,494,946,586,0,8464,0.0,0.0,0.0,0.0,0,False,False,False
3,Day 3,7,Tray 7,DJI_20260621130015_0007,49,5,9,960,480,1080,600,974,494,1066,586,18,8464,0.0021266540642722116,0.21266540642722118,84.16666412353516,101.0,18,True,True,True
3,Day 3,7,Tray 7,DJI_20260621130015_0007,50,5,10,1080,480,1200,600,1094,494,1186,586,0,8464,0.0,0.0,0.0,0.0,0,False,False,True
3,Day 3,7,Tray 7,DJI_20260621130015_0007,51,6,1,0,600,120,720,14,614,106,706,0,8464,0.0,0.0,0.0,0.0,0,False,False,False
3,Day 3,7,Tray 7,DJI_20260621130015_0007,52,6,2,120,600,240,720,134,614,226,706,0,8464,0.0,0.0,0.0,0.0,0,False,False,False
3,Day 3,7,Tray 7,DJI_20260621130015_0007,53,6,3,240,600,360,720,254,614,346,706,79,8464,0.009333648393194708,0.9333648393194708,75.9240493774414,112.0,79,True,False,True
3,Day 3,7,Tray 7,DJI_20260621130015_0007,54,6,4,360,600,480,720,374,614,466,706,0,8464,0.0,0.0,0.0,0.0,0,False,False,False
3,Day 3,7,Tray 7,DJI_20260621130015_0007,55,6,5,480,600,600,720,494,614,586,706,0,8464,0.0,0.0,0.0,0.0,0,False,False,True
3,Day 3,7,Tray 7,DJI_20260621130015_0007,56,6,6,600,600,720,720,614,614,706,706,0,8464,0.0,0.0,0.0,0.0,0,False,False,False
3,Day 3,7,Tray 7,DJI_20260621130015_0007,57,6,7,720,600,840,720,734,614,826,706,0,8464,0.0,0.0,0.0,0.0,0,False,False,False
3,Day 3,7,Tray 7,DJI_20260621130015_0007,58,6,8,840,600,960,720,854,614,946,706,0,8464,0.0,0.0,0.0,0.0,0,False,False,False
3,Day 3,7,Tray 7,DJI_20260621130015_0007,59,6,9,960,600,1080,720,974,614,1066,706,0,8464,0.0,0.0,0.0,0.0,0,False,False,False
3,Day 3,7,Tray 7,DJI_20260621130015_0007,60,6,10,1080,600,1200,720,1094,614,1186,706,0,8464,0.0,0.0,0.0,0.0,0,False,False,False
3,Day 3,7,Tray 7,DJI_20260621130015_0007,61,7,1,0,720,120,840,14,734,106,826,62,8464,0.007325141776937618,0.7325141776937618,116.32257843017578,142.0,62,True,False,True
3,Day 3,7,Tray 7,DJI_20260621130015_0007,62,7,2,120,720,240,840,134,734,226,826,0,8464,0.0,0.0,0.0,0.0,0,False,False,False
3,Day 3,7,Tray 7,DJI_20260621130015_0007,63,7,3,240,720,360,840,254,734,346,826,0,8464,0.0,0.0,0.0,0.0,0,False,False,False
3,Day 3,7,Tray 7,DJI_20260621130015_0007,64,7,4,360,720,480,840,374,734,466,826,32,8464,0.003780718336483932,0.3780718336483932,83.71875,126.0,28,True,False,True
3,Day 3,7,Tray 7,DJI_20260621130015_0007,65,7,5,480,720,600,840,494,734,586,826,0,8464,0.0,0.0,0.0,0.0,0,False,False,False
3,Day 3,7,Tray 7,DJI_20260621130015_0007,66,7,6,600,720,720,840,614,734,706,826,68,8464,0.008034026465028356,0.8034026465028355,92.92646789550781,124.0,52,True,False,True
3,Day 3,7,Tray 7,DJI_20260621130015_0007,67,7,7,720,720,840,840,734,734,826,826,16,8464,0.001890359168241966,0.1890359168241966,90.875,114.0,12,True,True,True
3,Day 3,7,Tray 7,DJI_20260621130015_0007,68,7,8,840,720,960,840,854,734,946,826,0,8464,0.0,0.0,0.0,0.0,0,False,False,False
3,Day 3,7,Tray 7,DJI_20260621130015_0007,69,7,9,960,720,1080,840,974,734,1066,826,0,8464,0.0,0.0,0.0,0.0,0,False,False,False
3,Day 3,7,Tray 7,DJI_20260621130015_0007,70,7,10,1080,720,1200,840,1094,734,1186,826,0,8464,0.0,0.0,0.0,0.0,0,False,False,False
3,Day 3,9,Tray 9,DJI_20260621130058_0009,1,1,1,0,0,120,120,14,14,106,106,163,8464,0.01925803402646503,1.9258034026465027,113.15337371826172,148.0,163,True,True,True
3,Day 3,9,Tray 9,DJI_20260621130058_0009,2,1,2,120,0,240,120,134,14,226,106,151,8464,0.017840264650283554,1.7840264650283555,116.86092376708984,147.0,151,True,True,True
3,Day 3,9,Tray 9,DJI_20260621130058_0009,3,1,3,240,0,360,120,254,14,346,106,0,8464,0.0,0.0,0.0,0.0,0,False,False,False
3,Day 3,9,Tray 9,DJI_20260621130058_0009,4,1,4,360,0,480,120,374,14,466,106,87,8464,0.01027882797731569,1.027882797731569,101.13793182373047,122.0,87,True,True,True
3,Day 3,9,Tray 9,DJI_20260621130058_0009,5,1,5,480,0,600,120,494,14,586,106,130,8464,0.015359168241965973,1.5359168241965973,116.36923217773438,155.0,130,True,True,True
3,Day 3,9,Tray 9,DJI_20260621130058_0009,6,1,6,600,0,720,120,614,14,706,106,212,8464,0.02504725897920605,2.504725897920605,114.38679504394531,141.0,212,True,True,True
3,Day 3,9,Tray 9,DJI_20260621130058_0009,7,1,7,720,0,840,120,734,14,826,106,0,8464,0.0,0.0,0.0,0.0,0,False,False,False
3,Day 3,9,Tray 9,DJI_20260621130058_0009,8,1,8,840,0,960,120,854,14,946,106,0,8464,0.0,0.0,0.0,0.0,0,False,False,False
3,Day 3,9,Tray 9,DJI_20260621130058_0009,9,1,9,960,0,1080,120,974,14,1066,106,527,8464,0.06226370510396975,6.2263705103969755,121.93168640136719,160.0,340,True,True,True
3,Day 3,9,Tray 9,DJI_20260621130058_0009,10,1,10,1080,0,1200,120,1094,14,1186,106,0,8464,0.0,0.0,0.0,0.0,0,False,False,False
3,Day 3,9,Tray 9,DJI_20260621130058_0009,11,2,1,0,120,120,240,14,134,106,226,0,8464,0.0,0.0,0.0,0.0,0,False,False,False
3,Day 3,9,Tray 9,DJI_20260621130058_0009,12,2,2,120,120,240,240,134,134,226,226,0,8464,0.0,0.0,0.0,0.0,0,False,False,False
3,Day 3,9,Tray 9,DJI_20260621130058_0009,13,2,3,240,120,360,240,254,134,346,226,0,8464,0.0,0.0,0.0,0.0,0,False,False,False
3,Day 3,9,Tray 9,DJI_20260621130058_0009,14,2,4,360,120,480,240,374,134,466,226,15,8464,0.001772211720226843,0.1772211720226843,101.66666412353516,129.0,15,True,True,True
3,Day 3,9,Tray 9,DJI_20260621130058_0009,15,2,5,480,120,600,240,494,134,586,226,452,8464,0.05340264650283554,5.3402646502835545,106.62389373779297,144.0,452,True,True,True
3,Day 3,9,Tray 9,DJI_20260621130058_0009,16,2,6,600,120,720,240,614,134,706,226,246,8464,0.029064272211720227,2.906427221172023,109.68292999267578,145.0,246,True,True,True
3,Day 3,9,Tray 9,DJI_20260621130058_0009,17,2,7,720,120,840,240,734,134,826,226,0,8464,0.0,0.0,0.0,0.0,0,False,False,False
3,Day 3,9,Tray 9,DJI_20260621130058_0009,18,2,8,840,120,960,240,854,134,946,226,333,8464,0.03934310018903592,3.9343100189035916,108.59459686279297,144.0,333,True,True,True
3,Day 3,9,Tray 9,DJI_20260621130058_0009,19,2,9,960,120,1080,240,974,134,1066,226,0,8464,0.0,0.0,0.0,0.0,0,False,False,False
3,Day 3,9,Tray 9,DJI_20260621130058_0009,20,2,10,1080,120,1200,240,1094,134,1186,226,0,8464,0.0,0.0,0.0,0.0,0,False,False,False
3,Day 3,9,Tray 9,DJI_20260621130058_0009,21,3,1,0,240,120,360,14,254,106,346,363,8464,0.0428875236294896,4.28875236294896,114.44352722167969,146.0,363,True,True,True
3,Day 3,9,Tray 9,DJI_20260621130058_0009,22,3,2,120,240,240,360,134,254,226,346,0,8464,0.0,0.0,0.0,0.0,0,False,False,False
3,Day 3,9,Tray 9,DJI_20260621130058_0009,23,3,3,240,240,360,360,254,254,346,346,0,8464,0.0,0.0,0.0,0.0,0,False,False,False
3,Day 3,9,Tray 9,DJI_20260621130058_0009,24,3,4,360,240,480,360,374,254,466,346,6,8464,0.0007088846880907373,0.07088846880907373,82.66666412353516,89.0,6,False,False,False
3,Day 3,9,Tray 9,DJI_20260621130058_0009,25,3,5,480,240,600,360,494,254,586,346,68,8464,0.008034026465028356,0.8034026465028355,107.26470947265625,146.0,68,True,True,True
3,Day 3,9,Tray 9,DJI_20260621130058_0009,26,3,6,600,240,720,360,614,254,706,346,584,8464,0.06899810964083176,6.899810964083176,113.79794311523438,151.0,584,True,True,True
3,Day 3,9,Tray 9,DJI_20260621130058_0009,27,3,7,720,240,840,360,734,254,826,346,0,8464,0.0,0.0,0.0,0.0,0,False,False,False
3,Day 3,9,Tray 9,DJI_20260621130058_0009,28,3,8,840,240,960,360,854,254,946,346,0,8464,0.0,0.0,0.0,0.0,0,False,False,False
3,Day 3,9,Tray 9,DJI_20260621130058_0009,29,3,9,960,240,1080,360,974,254,1066,346,374,8464,0.04418714555765595,4.418714555765595,114.69786071777344,150.0,182,True,True,True
3,Day 3,9,Tray 9,DJI_20260621130058_0009,30,3,10,1080,240,1200,360,1094,254,1186,346,0,8464,0.0,0.0,0.0,0.0,0,False,False,False
3,Day 3,9,Tray 9,DJI_20260621130058_0009,31,4,1,0,360,120,480,14,374,106,466,0,8464,0.0,0.0,0.0,0.0,0,False,False,False
3,Day 3,9,Tray 9,DJI_20260621130058_0009,32,4,2,120,360,240,480,134,374,226,466,0,8464,0.0,0.0,0.0,0.0,0,False,False,False
3,Day 3,9,Tray 9,DJI_20260621130058_0009,33,4,3,240,360,360,480,254,374,346,466,0,8464,0.0,0.0,0.0,0.0,0,False,False,False
3,Day 3,9,Tray 9,DJI_20260621130058_0009,34,4,4,360,360,480,480,374,374,466,466,490,8464,0.057892249527410206,5.78922495274102,118.32244873046875,148.0,490,True,True,True
3,Day 3,9,Tray 9,DJI_20260621130058_0009,35,4,5,480,360,600,480,494,374,586,466,147,8464,0.01736767485822306,1.7367674858223061,105.56462860107422,130.0,147,True,True,True
3,Day 3,9,Tray 9,DJI_20260621130058_0009,36,4,6,600,360,720,480,614,374,706,466,401,8464,0.047377126654064274,4.737712665406427,106.7256851196289,135.0,401,True,True,True
3,Day 3,9,Tray 9,DJI_20260621130058_0009,37,4,7,720,360,840,480,734,374,826,466,297,8464,0.035089792060491495,3.5089792060491494,101.77104187011719,161.0,297,True,True,True
3,Day 3,9,Tray 9,DJI_20260621130058_0009,38,4,8,840,360,960,480,854,374,946,466,0,8464,0.0,0.0,0.0,0.0,0,False,False,False
3,Day 3,9,Tray 9,DJI_20260621130058_0009,39,4,9,960,360,1080,480,974,374,1066,466,0,8464,0.0,0.0,0.0,0.0,0,False,False,False
3,Day 3,9,Tray 9,DJI_20260621130058_0009,40,4,10,1080,360,1200,480,1094,374,1186,466,120,8464,0.014177693761814745,1.4177693761814745,102.96666717529297,145.0,45,True,True,True
3,Day 3,9,Tray 9,DJI_20260621130058_0009,41,5,1,0,480,120,600,14,494,106,586,0,8464,0.0,0.0,0.0,0.0,0,False,False,False
3,Day 3,9,Tray 9,DJI_20260621130058_0009,42,5,2,120,480,240,600,134,494,226,586,0,8464,0.0,0.0,0.0,0.0,0,False,False,False
3,Day 3,9,Tray 9,DJI_20260621130058_0009,43,5,3,240,480,360,600,254,494,346,586,0,8464,0.0,0.0,0.0,0.0,0,False,False,False
3,Day 3,9,Tray 9,DJI_20260621130058_0009,44,5,4,360,480,480,600,374,494,466,586,449,8464,0.05304820415879017,5.304820415879017,110.52338409423828,146.0,449,True,True,True
3,Day 3,9,Tray 9,DJI_20260621130058_0009,45,5,5,480,480,600,600,494,494,586,586,0,8464,0.0,0.0,0.0,0.0,0,False,False,False
3,Day 3,9,Tray 9,DJI_20260621130058_0009,46,5,6,600,480,720,600,614,494,706,586,555,8464,0.0655718336483932,6.55718336483932,115.22161865234375,148.0,555,True,True,True
3,Day 3,9,Tray 9,DJI_20260621130058_0009,47,5,7,720,480,840,600,734,494,826,586,511,8464,0.06037334593572779,6.037334593572779,102.01370239257812,147.0,511,True,True,True
3,Day 3,9,Tray 9,DJI_20260621130058_0009,48,5,8,840,480,960,600,854,494,946,586,339,8464,0.040051984877126655,4.005198487712666,114.39823150634766,151.0,339,True,True,True
3,Day 3,9,Tray 9,DJI_20260621130058_0009,49,5,9,960,480,1080,600,974,494,1066,586,0,8464,0.0,0.0,0.0,0.0,0,False,False,False
3,Day 3,9,Tray 9,DJI_20260621130058_0009,50,5,10,1080,480,1200,600,1094,494,1186,586,0,8464,0.0,0.0,0.0,0.0,0,False,False,False
3,Day 3,9,Tray 9,DJI_20260621130058_0009,51,6,1,0,600,120,720,14,614,106,706,196,8464,0.023156899810964082,2.3156899810964084,110.31632995605469,146.0,196,True,True,True
3,Day 3,9,Tray 9,DJI_20260621130058_0009,52,6,2,120,600,240,720,134,614,226,706,0,8464,0.0,0.0,0.0,0.0,0,False,False,False
3,Day 3,9,Tray 9,DJI_20260621130058_0009,53,6,3,240,600,360,720,254,614,346,706,0,8464,0.0,0.0,0.0,0.0,0,False,False,False
3,Day 3,9,Tray 9,DJI_20260621130058_0009,54,6,4,360,600,480,720,374,614,466,706,5,8464,0.0005907372400756144,0.05907372400756144,47.599998474121094,54.0,5,False,False,False
3,Day 3,9,Tray 9,DJI_20260621130058_0009,55,6,5,480,600,600,720,494,614,586,706,20,8464,0.0023629489603024575,0.23629489603024575,90.0999984741211,112.0,20,True,True,True
3,Day 3,9,Tray 9,DJI_20260621130058_0009,56,6,6,600,600,720,720,614,614,706,706,49,8464,0.0057892249527410206,0.5789224952741021,109.06122589111328,135.0,49,True,True,True
3,Day 3,9,Tray 9,DJI_20260621130058_0009,57,6,7,720,600,840,720,734,614,826,706,108,8464,0.01275992438563327,1.275992438563327,111.44444274902344,143.0,108,True,True,True
3,Day 3,9,Tray 9,DJI_20260621130058_0009,58,6,8,840,600,960,720,854,614,946,706,114,8464,0.013468809073724008,1.3468809073724008,93.69298553466797,129.0,114,True,True,True
3,Day 3,9,Tray 9,DJI_20260621130058_0009,59,6,9,960,600,1080,720,974,614,1066,706,0,8464,0.0,0.0,0.0,0.0,0,False,False,False
3,Day 3,9,Tray 9,DJI_20260621130058_0009,60,6,10,1080,600,1200,720,1094,614,1186,706,41,8464,0.004844045368620038,0.4844045368620038,96.65853881835938,135.0,17,True,True,True
3,Day 3,9,Tray 9,DJI_20260621130058_0009,61,7,1,0,720,120,840,14,734,106,826,0,8464,0.0,0.0,0.0,0.0,0,False,False,False
3,Day 3,9,Tray 9,DJI_20260621130058_0009,62,7,2,120,720,240,840,134,734,226,826,0,8464,0.0,0.0,0.0,0.0,0,False,False,False
3,Day 3,9,Tray 9,DJI_20260621130058_0009,63,7,3,240,720,360,840,254,734,346,826,330,8464,0.038988657844990546,3.8988657844990544,112.01515197753906,153.0,174,True,True,True
3,Day 3,9,Tray 9,DJI_20260621130058_0009,64,7,4,360,720,480,840,374,734,466,826,0,8464,0.0,0.0,0.0,0.0,0,False,False,False
3,Day 3,9,Tray 9,DJI_20260621130058_0009,65,7,5,480,720,600,840,494,734,586,826,671,8464,0.07927693761814744,7.927693761814744,114.28166961669922,140.0,671,True,True,True
3,Day 3,9,Tray 9,DJI_20260621130058_0009,66,7,6,600,720,720,840,614,734,706,826,0,8464,0.0,0.0,0.0,0.0,0,False,False,False
3,Day 3,9,Tray 9,DJI_20260621130058_0009,67,7,7,720,720,840,840,734,734,826,826,475,8464,0.056120037807183366,5.612003780718337,117.55999755859375,142.0,282,True,True,True
3,Day 3,9,Tray 9,DJI_20260621130058_0009,68,7,8,840,720,960,840,854,734,946,826,0,8464,0.0,0.0,0.0,0.0,0,False,False,False
3,Day 3,9,Tray 9,DJI_20260621130058_0009,69,7,9,960,720,1080,840,974,734,1066,826,90,8464,0.010633270321361058,1.0633270321361057,117.37777709960938,142.0,90,True,True,True
3,Day 3,9,Tray 9,DJI_20260621130058_0009,70,7,10,1080,720,1200,840,1094,734,1186,826,0,8464,0.0,0.0,0.0,0.0,0,False,False,False
4,Day 4,1,Tray 1,DJI_20260622122222_0001,1,1,1,0,0,120,120,14,14,106,106,50,8464,0.005907372400756144,0.5907372400756143,104.26000213623047,131.0,50,True,False,True
4,Day 4,1,Tray 1,DJI_20260622122222_0001,2,1,2,120,0,240,120,134,14,226,106,156,8464,0.018431001890359167,1.8431001890359167,86.35897064208984,134.0,156,True,False,True
4,Day 4,1,Tray 1,DJI_20260622122222_0001,3,1,3,240,0,360,120,254,14,346,106,63,8464,0.007443289224952741,0.744328922495274,95.63491821289062,120.0,63,True,True,True
4,Day 4,1,Tray 1,DJI_20260622122222_0001,4,1,4,360,0,480,120,374,14,466,106,209,8464,0.02469281663516068,2.469281663516068,88.56459045410156,127.0,167,True,False,True
4,Day 4,1,Tray 1,DJI_20260622122222_0001,5,1,5,480,0,600,120,494,14,586,106,0,8464,0.0,0.0,0.0,0.0,0,False,False,False
4,Day 4,1,Tray 1,DJI_20260622122222_0001,6,1,6,600,0,720,120,614,14,706,106,0,8464,0.0,0.0,0.0,0.0,0,False,False,False
4,Day 4,1,Tray 1,DJI_20260622122222_0001,7,1,7,720,0,840,120,734,14,826,106,9,8464,0.0010633270321361058,0.10633270321361059,62.0,70.0,9,False,False,False
4,Day 4,1,Tray 1,DJI_20260622122222_0001,8,1,8,840,0,960,120,854,14,946,106,0,8464,0.0,0.0,0.0,0.0,0,False,False,False
4,Day 4,1,Tray 1,DJI_20260622122222_0001,9,1,9,960,0,1080,120,974,14,1066,106,0,8464,0.0,0.0,0.0,0.0,0,False,False,False
4,Day 4,1,Tray 1,DJI_20260622122222_0001,10,1,10,1080,0,1200,120,1094,14,1186,106,0,8464,0.0,0.0,0.0,0.0,0,False,False,False
4,Day 4,1,Tray 1,DJI_20260622122222_0001,11,2,1,0,120,120,240,14,134,106,226,0,8464,0.0,0.0,0.0,0.0,0,False,False,False
4,Day 4,1,Tray 1,DJI_20260622122222_0001,12,2,2,120,120,240,240,134,134,226,226,0,8464,0.0,0.0,0.0,0.0,0,False,False,False
4,Day 4,1,Tray 1,DJI_20260622122222_0001,13,2,3,240,120,360,240,254,134,346,226,0,8464,0.0,0.0,0.0,0.0,0,False,False,False
4,Day 4,1,Tray 1,DJI_20260622122222_0001,14,2,4,360,120,480,240,374,134,466,226,0,8464,0.0,0.0,0.0,0.0,0,False,False,False
4,Day 4,1,Tray 1,DJI_20260622122222_0001,15,2,5,480,120,600,240,494,134,586,226,207,8464,0.024456521739130436,2.4456521739130435,76.31401062011719,120.0,105,True,False,True
4,Day 4,1,Tray 1,DJI_20260622122222_0001,16,2,6,600,120,720,240,614,134,706,226,79,8464,0.009333648393194708,0.9333648393194708,79.7088623046875,122.0,49,True,True,True
4,Day 4,1,Tray 1,DJI_20260622122222_0001,17,2,7,720,120,840,240,734,134,826,226,0,8464,0.0,0.0,0.0,0.0,0,False,False,False
4,Day 4,1,Tray 1,DJI_20260622122222_0001,18,2,8,840,120,960,240,854,134,946,226,0,8464,0.0,0.0,0.0,0.0,0,False,False,False
4,Day 4,1,Tray 1,DJI_20260622122222_0001,19,2,9,960,120,1080,240,974,134,1066,226,0,8464,0.0,0.0,0.0,0.0,0,False,False,False
4,Day 4,1,Tray 1,DJI_20260622122222_0001,20,2,10,1080,120,1200,240,1094,134,1186,226,0,8464,0.0,0.0,0.0,0.0,0,False,False,True
4,Day 4,1,Tray 1,DJI_20260622122222_0001,21,3,1,0,240,120,360,14,254,106,346,293,8464,0.034617202268431,3.4617202268431,89.3310546875,131.0,293,True,False,True
4,Day 4,1,Tray 1,DJI_20260622122222_0001,22,3,2,120,240,240,360,134,254,226,346,0,8464,0.0,0.0,0.0,0.0,0,False,False,False
4,Day 4,1,Tray 1,DJI_20260622122222_0001,23,3,3,240,240,360,360,254,254,346,346,198,8464,0.02339319470699433,2.339319470699433,83.22222137451172,121.0,198,True,False,True
4,Day 4,1,Tray 1,DJI_20260622122222_0001,24,3,4,360,240,480,360,374,254,466,346,0,8464,0.0,0.0,0.0,0.0,0,False,False,False
4,Day 4,1,Tray 1,DJI_20260622122222_0001,25,3,5,480,240,600,360,494,254,586,346,0,8464,0.0,0.0,0.0,0.0,0,False,False,False
4,Day 4,1,Tray 1,DJI_20260622122222_0001,26,3,6,600,240,720,360,614,254,706,346,16,8464,0.001890359168241966,0.1890359168241966,55.625,70.0,16,True,False,True
4,Day 4,1,Tray 1,DJI_20260622122222_0001,27,3,7,720,240,840,360,734,254,826,346,47,8464,0.005552930056710775,0.5552930056710775,81.80850982666016,101.0,38,True,True,True
4,Day 4,1,Tray 1,DJI_20260622122222_0001,28,3,8,840,240,960,360,854,254,946,346,113,8464,0.013350661625708886,1.3350661625708886,86.82300567626953,125.0,109,True,False,True
4,Day 4,1,Tray 1,DJI_20260622122222_0001,29,3,9,960,240,1080,360,974,254,1066,346,0,8464,0.0,0.0,0.0,0.0,0,False,False,False
4,Day 4,1,Tray 1,DJI_20260622122222_0001,30,3,10,1080,240,1200,360,1094,254,1186,346,190,8464,0.022448015122873345,2.2448015122873346,89.04737091064453,130.0,190,True,False,True
4,Day 4,1,Tray 1,DJI_20260622122222_0001,31,4,1,0,360,120,480,14,374,106,466,0,8464,0.0,0.0,0.0,0.0,0,False,False,False
4,Day 4,1,Tray 1,DJI_20260622122222_0001,32,4,2,120,360,240,480,134,374,226,466,0,8464,0.0,0.0,0.0,0.0,0,False,False,False
4,Day 4,1,Tray 1,DJI_20260622122222_0001,33,4,3,240,360,360,480,254,374,346,466,0,8464,0.0,0.0,0.0,0.0,0,False,False,False
4,Day 4,1,Tray 1,DJI_20260622122222_0001,34,4,4,360,360,480,480,374,374,466,466,0,8464,0.0,0.0,0.0,0.0,0,False,False,False
4,Day 4,1,Tray 1,DJI_20260622122222_0001,35,4,5,480,360,600,480,494,374,586,466,0,8464,0.0,0.0,0.0,0.0,0,False,False,False
4,Day 4,1,Tray 1,DJI_20260622122222_0001,36,4,6,600,360,720,480,614,374,706,466,25,8464,0.002953686200378072,0.2953686200378072,82.68000030517578,105.0,25,True,True,True
4,Day 4,1,Tray 1,DJI_20260622122222_0001,37,4,7,720,360,840,480,734,374,826,466,40,8464,0.004725897920604915,0.4725897920604915,77.80000305175781,99.0,28,True,True,True
4,Day 4,1,Tray 1,DJI_20260622122222_0001,38,4,8,840,360,960,480,854,374,946,466,117,8464,0.013823251417769376,1.3823251417769375,80.20513153076172,127.0,117,True,True,True
4,Day 4,1,Tray 1,DJI_20260622122222_0001,39,4,9,960,360,1080,480,974,374,1066,466,132,8464,0.015595463137996219,1.559546313799622,99.28787994384766,126.0,132,True,False,True
4,Day 4,1,Tray 1,DJI_20260622122222_0001,40,4,10,1080,360,1200,480,1094,374,1186,466,0,8464,0.0,0.0,0.0,0.0,0,False,False,False
4,Day 4,1,Tray 1,DJI_20260622122222_0001,41,5,1,0,480,120,600,14,494,106,586,254,8464,0.03000945179584121,3.0009451795841207,79.45669555664062,122.0,105,True,False,True
4,Day 4,1,Tray 1,DJI_20260622122222_0001,42,5,2,120,480,240,600,134,494,226,586,0,8464,0.0,0.0,0.0,0.0,0,False,False,False
4,Day 4,1,Tray 1,DJI_20260622122222_0001,43,5,3,240,480,360,600,254,494,346,586,0,8464,0.0,0.0,0.0,0.0,0,False,False,False
4,Day 4,1,Tray 1,DJI_20260622122222_0001,44,5,4,360,480,480,600,374,494,466,586,26,8464,0.0030718336483931945,0.30718336483931946,65.73076629638672,87.0,26,True,True,True
4,Day 4,1,Tray 1,DJI_20260622122222_0001,45,5,5,480,480,600,600,494,494,586,586,0,8464,0.0,0.0,0.0,0.0,0,False,False,False
4,Day 4,1,Tray 1,DJI_20260622122222_0001,46,5,6,600,480,720,600,614,494,706,586,376,8464,0.0444234404536862,4.44234404536862,91.65425872802734,122.0,376,True,False,True
4,Day 4,1,Tray 1,DJI_20260622122222_0001,47,5,7,720,480,840,600,734,494,826,586,300,8464,0.03544423440453686,3.544423440453686,86.27333068847656,134.0,300,True,False,True
4,Day 4,1,Tray 1,DJI_20260622122222_0001,48,5,8,840,480,960,600,854,494,946,586,0,8464,0.0,0.0,0.0,0.0,0,False,False,False
4,Day 4,1,Tray 1,DJI_20260622122222_0001,49,5,9,960,480,1080,600,974,494,1066,586,0,8464,0.0,0.0,0.0,0.0,0,False,False,False
4,Day 4,1,Tray 1,DJI_20260622122222_0001,50,5,10,1080,480,1200,600,1094,494,1186,586,0,8464,0.0,0.0,0.0,0.0,0,False,False,False
4,Day 4,1,Tray 1,DJI_20260622122222_0001,51,6,1,0,600,120,720,14,614,106,706,0,8464,0.0,0.0,0.0,0.0,0,False,False,False
4,Day 4,1,Tray 1,DJI_20260622122222_0001,52,6,2,120,600,240,720,134,614,226,706,0,8464,0.0,0.0,0.0,0.0,0,False,False,False
4,Day 4,1,Tray 1,DJI_20260622122222_0001,53,6,3,240,600,360,720,254,614,346,706,107,8464,0.012641776937618147,1.2641776937618148,85.766357421875,114.0,107,True,True,True
4,Day 4,1,Tray 1,DJI_20260622122222_0001,54,6,4,360,600,480,720,374,614,466,706,0,8464,0.0,0.0,0.0,0.0,0,False,False,False
4,Day 4,1,Tray 1,DJI_20260622122222_0001,55,6,5,480,600,600,720,494,614,586,706,256,8464,0.030245746691871456,3.0245746691871456,79.5390625,128.0,252,True,False,True
4,Day 4,1,Tray 1,DJI_20260622122222_0001,56,6,6,600,600,720,720,614,614,706,706,0,8464,0.0,0.0,0.0,0.0,0,False,False,False
4,Day 4,1,Tray 1,DJI_20260622122222_0001,57,6,7,720,600,840,720,734,614,826,706,488,8464,0.057655954631379965,5.765595463137997,94.2807388305664,129.0,416,True,False,True
4,Day 4,1,Tray 1,DJI_20260622122222_0001,58,6,8,840,600,960,720,854,614,946,706,0,8464,0.0,0.0,0.0,0.0,0,False,False,False
4,Day 4,1,Tray 1,DJI_20260622122222_0001,59,6,9,960,600,1080,720,974,614,1066,706,0,8464,0.0,0.0,0.0,0.0,0,False,False,False
4,Day 4,1,Tray 1,DJI_20260622122222_0001,60,6,10,1080,600,1200,720,1094,614,1186,706,0,8464,0.0,0.0,0.0,0.0,0,False,False,False
4,Day 4,1,Tray 1,DJI_20260622122222_0001,61,7,1,0,720,120,840,14,734,106,826,0,8464,0.0,0.0,0.0,0.0,0,False,False,False
4,Day 4,1,Tray 1,DJI_20260622122222_0001,62,7,2,120,720,240,840,134,734,226,826,75,8464,0.008861058601134215,0.8861058601134215,86.90666961669922,130.0,75,True,False,True
4,Day 4,1,Tray 1,DJI_20260622122222_0001,63,7,3,240,720,360,840,254,734,346,826,0,8464,0.0,0.0,0.0,0.0,0,False,False,False
4,Day 4,1,Tray 1,DJI_20260622122222_0001,64,7,4,360,720,480,840,374,734,466,826,0,8464,0.0,0.0,0.0,0.0,0,False,False,True
4,Day 4,1,Tray 1,DJI_20260622122222_0001,65,7,5,480,720,600,840,494,734,586,826,0,8464,0.0,0.0,0.0,0.0,0,False,False,False
4,Day 4,1,Tray 1,DJI_20260622122222_0001,66,7,6,600,720,720,840,614,734,706,826,344,8464,0.04064272211720227,4.064272211720227,89.99418640136719,139.0,227,True,False,True
4,Day 4,1,Tray 1,DJI_20260622122222_0001,67,7,7,720,720,840,840,734,734,826,826,0,8464,0.0,0.0,0.0,0.0,0,False,False,False
4,Day 4,1,Tray 1,DJI_20260622122222_0001,68,7,8,840,720,960,840,854,734,946,826,0,8464,0.0,0.0,0.0,0.0,0,False,False,False
4,Day 4,1,Tray 1,DJI_20260622122222_0001,69,7,9,960,720,1080,840,974,734,1066,826,103,8464,0.012169187145557656,1.2169187145557656,98.18446350097656,126.0,103,True,False,True
4,Day 4,1,Tray 1,DJI_20260622122222_0001,70,7,10,1080,720,1200,840,1094,734,1186,826,4,8464,0.0004725897920604915,0.04725897920604915,21.25,23.0,4,False,False,True
4,Day 4,2,Tray 2,DJI_20260622122329_0002,1,1,1,0,0,120,120,14,14,106,106,120,8464,0.014177693761814745,1.4177693761814745,90.79166412353516,120.0,120,True,True,True
4,Day 4,2,Tray 2,DJI_20260622122329_0002,2,1,2,120,0,240,120,134,14,226,106,0,8464,0.0,0.0,0.0,0.0,0,False,False,False
4,Day 4,2,Tray 2,DJI_20260622122329_0002,3,1,3,240,0,360,120,254,14,346,106,88,8464,0.010396975425330813,1.0396975425330812,74.82954406738281,100.0,88,True,False,True
4,Day 4,2,Tray 2,DJI_20260622122329_0002,4,1,4,360,0,480,120,374,14,466,106,0,8464,0.0,0.0,0.0,0.0,0,False,False,False
4,Day 4,2,Tray 2,DJI_20260622122329_0002,5,1,5,480,0,600,120,494,14,586,106,0,8464,0.0,0.0,0.0,0.0,0,False,False,False
4,Day 4,2,Tray 2,DJI_20260622122329_0002,6,1,6,600,0,720,120,614,14,706,106,0,8464,0.0,0.0,0.0,0.0,0,False,False,False
4,Day 4,2,Tray 2,DJI_20260622122329_0002,7,1,7,720,0,840,120,734,14,826,106,275,8464,0.03249054820415879,3.249054820415879,90.86908721923828,138.0,275,True,False,True
4,Day 4,2,Tray 2,DJI_20260622122329_0002,8,1,8,840,0,960,120,854,14,946,106,26,8464,0.0030718336483931945,0.30718336483931946,75.07691955566406,97.0,26,True,True,True
4,Day 4,2,Tray 2,DJI_20260622122329_0002,9,1,9,960,0,1080,120,974,14,1066,106,0,8464,0.0,0.0,0.0,0.0,0,False,False,False
4,Day 4,2,Tray 2,DJI_20260622122329_0002,10,1,10,1080,0,1200,120,1094,14,1186,106,0,8464,0.0,0.0,0.0,0.0,0,False,False,False
4,Day 4,2,Tray 2,DJI_20260622122329_0002,11,2,1,0,120,120,240,14,134,106,226,0,8464,0.0,0.0,0.0,0.0,0,False,False,True
4,Day 4,2,Tray 2,DJI_20260622122329_0002,12,2,2,120,120,240,240,134,134,226,226,14,8464,0.0016540642722117202,0.16540642722117202,88.35713958740234,101.0,14,False,False,False
4,Day 4,2,Tray 2,DJI_20260622122329_0002,13,2,3,240,120,360,240,254,134,346,226,0,8464,0.0,0.0,0.0,0.0,0,False,False,True
4,Day 4,2,Tray 2,DJI_20260622122329_0002,14,2,4,360,120,480,240,374,134,466,226,0,8464,0.0,0.0,0.0,0.0,0,False,False,False
4,Day 4,2,Tray 2,DJI_20260622122329_0002,15,2,5,480,120,600,240,494,134,586,226,0,8464,0.0,0.0,0.0,0.0,0,False,False,False
4,Day 4,2,Tray 2,DJI_20260622122329_0002,16,2,6,600,120,720,240,614,134,706,226,174,8464,0.02055765595463138,2.055765595463138,90.98275756835938,122.0,174,True,False,True
4,Day 4,2,Tray 2,DJI_20260622122329_0002,17,2,7,720,120,840,240,734,134,826,226,349,8464,0.04123345935727788,4.123345935727788,97.3868179321289,142.0,349,True,False,True
4,Day 4,2,Tray 2,DJI_20260622122329_0002,18,2,8,840,120,960,240,854,134,946,226,234,8464,0.027646502835538753,2.764650283553875,93.76495361328125,131.0,234,True,False,True
4,Day 4,2,Tray 2,DJI_20260622122329_0002,19,2,9,960,120,1080,240,974,134,1066,226,0,8464,0.0,0.0,0.0,0.0,0,False,False,False
4,Day 4,2,Tray 2,DJI_20260622122329_0002,20,2,10,1080,120,1200,240,1094,134,1186,226,229,8464,0.02705576559546314,2.705576559546314,102.72489166259766,135.0,229,True,False,True
4,Day 4,2,Tray 2,DJI_20260622122329_0002,21,3,1,0,240,120,360,14,254,106,346,0,8464,0.0,0.0,0.0,0.0,0,False,False,False
4,Day 4,2,Tray 2,DJI_20260622122329_0002,22,3,2,120,240,240,360,134,254,226,346,0,8464,0.0,0.0,0.0,0.0,0,False,False,False
4,Day 4,2,Tray 2,DJI_20260622122329_0002,23,3,3,240,240,360,360,254,254,346,346,0,8464,0.0,0.0,0.0,0.0,0,False,False,False
4,Day 4,2,Tray 2,DJI_20260622122329_0002,24,3,4,360,240,480,360,374,254,466,346,262,8464,0.030954631379962193,3.0954631379962194,103.2404556274414,128.0,262,True,False,True
4,Day 4,2,Tray 2,DJI_20260622122329_0002,25,3,5,480,240,600,360,494,254,586,346,365,8464,0.04312381852551985,4.312381852551985,93.19451904296875,127.0,365,True,False,True
4,Day 4,2,Tray 2,DJI_20260622122329_0002,26,3,6,600,240,720,360,614,254,706,346,98,8464,0.011578449905482041,1.1578449905482042,91.05101776123047,119.0,49,True,False,True
4,Day 4,2,Tray 2,DJI_20260622122329_0002,27,3,7,720,240,840,360,734,254,826,346,447,8464,0.05281190926275992,5.281190926275992,99.39373779296875,137.0,447,True,False,True
4,Day 4,2,Tray 2,DJI_20260622122329_0002,28,3,8,840,240,960,360,854,254,946,346,146,8464,0.01724952741020794,1.724952741020794,88.0753402709961,122.0,146,True,False,True
4,Day 4,2,Tray 2,DJI_20260622122329_0002,29,3,9,960,240,1080,360,974,254,1066,346,359,8464,0.042414933837429114,4.241493383742911,96.06684875488281,137.0,359,True,False,True
4,Day 4,2,Tray 2,DJI_20260622122329_0002,30,3,10,1080,240,1200,360,1094,254,1186,346,382,8464,0.04513232514177694,4.513232514177694,100.76701354980469,131.0,382,True,False,True
4,Day 4,2,Tray 2,DJI_20260622122329_0002,31,4,1,0,360,120,480,14,374,106,466,0,8464,0.0,0.0,0.0,0.0,0,False,False,True
4,Day 4,2,Tray 2,DJI_20260622122329_0002,32,4,2,120,360,240,480,134,374,226,466,555,8464,0.0655718336483932,6.55718336483932,102.45225524902344,146.0,555,True,False,True
4,Day 4,2,Tray 2,DJI_20260622122329_0002,33,4,3,240,360,360,480,254,374,346,466,222,8464,0.02622873345935728,2.622873345935728,85.6351318359375,111.0,222,True,False,True
4,Day 4,2,Tray 2,DJI_20260622122329_0002,34,4,4,360,360,480,480,374,374,466,466,32,8464,0.003780718336483932,0.3780718336483932,84.0625,110.0,32,True,False,True
4,Day 4,2,Tray 2,DJI_20260622122329_0002,35,4,5,480,360,600,480,494,374,586,466,578,8464,0.06828922495274102,6.828922495274102,95.4221420288086,127.0,578,True,False,True
4,Day 4,2,Tray 2,DJI_20260622122329_0002,36,4,6,600,360,720,480,614,374,706,466,35,8464,0.0041351606805293,0.41351606805293,73.02857208251953,100.0,35,True,False,True
4,Day 4,2,Tray 2,DJI_20260622122329_0002,37,4,7,720,360,840,480,734,374,826,466,7,8464,0.0008270321361058601,0.08270321361058601,51.42856979370117,58.0,7,False,False,False
4,Day 4,2,Tray 2,DJI_20260622122329_0002,38,4,8,840,360,960,480,854,374,946,466,0,8464,0.0,0.0,0.0,0.0,0,False,False,False
4,Day 4,2,Tray 2,DJI_20260622122329_0002,39,4,9,960,360,1080,480,974,374,1066,466,0,8464,0.0,0.0,0.0,0.0,0,False,False,False
4,Day 4,2,Tray 2,DJI_20260622122329_0002,40,4,10,1080,360,1200,480,1094,374,1186,466,198,8464,0.02339319470699433,2.339319470699433,104.55050659179688,142.0,188,True,False,True
4,Day 4,2,Tray 2,DJI_20260622122329_0002,41,5,1,0,480,120,600,14,494,106,586,62,8464,0.007325141776937618,0.7325141776937618,84.58064270019531,115.0,62,True,True,True
4,Day 4,2,Tray 2,DJI_20260622122329_0002,42,5,2,120,480,240,600,134,494,226,586,0,8464,0.0,0.0,0.0,0.0,0,False,False,False
4,Day 4,2,Tray 2,DJI_20260622122329_0002,43,5,3,240,480,360,600,254,494,346,586,209,8464,0.02469281663516068,2.469281663516068,95.99043273925781,123.0,209,True,False,True
4,Day 4,2,Tray 2,DJI_20260622122329_0002,44,5,4,360,480,480,600,374,494,466,586,0,8464,0.0,0.0,0.0,0.0,0,False,False,True
4,Day 4,2,Tray 2,DJI_20260622122329_0002,45,5,5,480,480,600,600,494,494,586,586,0,8464,0.0,0.0,0.0,0.0,0,False,False,False
4,Day 4,2,Tray 2,DJI_20260622122329_0002,46,5,6,600,480,720,600,614,494,706,586,0,8464,0.0,0.0,0.0,0.0,0,False,False,False
4,Day 4,2,Tray 2,DJI_20260622122329_0002,47,5,7,720,480,840,600,734,494,826,586,0,8464,0.0,0.0,0.0,0.0,0,False,False,False
4,Day 4,2,Tray 2,DJI_20260622122329_0002,48,5,8,840,480,960,600,854,494,946,586,0,8464,0.0,0.0,0.0,0.0,0,False,False,False
4,Day 4,2,Tray 2,DJI_20260622122329_0002,49,5,9,960,480,1080,600,974,494,1066,586,0,8464,0.0,0.0,0.0,0.0,0,False,False,False
4,Day 4,2,Tray 2,DJI_20260622122329_0002,50,5,10,1080,480,1200,600,1094,494,1186,586,0,8464,0.0,0.0,0.0,0.0,0,False,False,False
4,Day 4,2,Tray 2,DJI_20260622122329_0002,51,6,1,0,600,120,720,14,614,106,706,0,8464,0.0,0.0,0.0,0.0,0,False,False,False
4,Day 4,2,Tray 2,DJI_20260622122329_0002,52,6,2,120,600,240,720,134,614,226,706,0,8464,0.0,0.0,0.0,0.0,0,False,False,False
4,Day 4,2,Tray 2,DJI_20260622122329_0002,53,6,3,240,600,360,720,254,614,346,706,0,8464,0.0,0.0,0.0,0.0,0,False,False,False
4,Day 4,2,Tray 2,DJI_20260622122329_0002,54,6,4,360,600,480,720,374,614,466,706,0,8464,0.0,0.0,0.0,0.0,0,False,False,False
4,Day 4,2,Tray 2,DJI_20260622122329_0002,55,6,5,480,600,600,720,494,614,586,706,628,8464,0.07419659735349717,7.4196597353497165,96.77706909179688,144.0,392,True,False,True
4,Day 4,2,Tray 2,DJI_20260622122329_0002,56,6,6,600,600,720,720,614,614,706,706,0,8464,0.0,0.0,0.0,0.0,0,False,False,False
4,Day 4,2,Tray 2,DJI_20260622122329_0002,57,6,7,720,600,840,720,734,614,826,706,0,8464,0.0,0.0,0.0,0.0,0,False,False,False
4,Day 4,2,Tray 2,DJI_20260622122329_0002,58,6,8,840,600,960,720,854,614,946,706,54,8464,0.006379962192816635,0.6379962192816635,90.61111450195312,127.0,54,True,True,True
4,Day 4,2,Tray 2,DJI_20260622122329_0002,59,6,9,960,600,1080,720,974,614,1066,706,0,8464,0.0,0.0,0.0,0.0,0,False,False,False
4,Day 4,2,Tray 2,DJI_20260622122329_0002,60,6,10,1080,600,1200,720,1094,614,1186,706,0,8464,0.0,0.0,0.0,0.0,0,False,False,False
4,Day 4,2,Tray 2,DJI_20260622122329_0002,61,7,1,0,720,120,840,14,734,106,826,0,8464,0.0,0.0,0.0,0.0,0,False,False,False
4,Day 4,2,Tray 2,DJI_20260622122329_0002,62,7,2,120,720,240,840,134,734,226,826,0,8464,0.0,0.0,0.0,0.0,0,False,False,False
4,Day 4,2,Tray 2,DJI_20260622122329_0002,63,7,3,240,720,360,840,254,734,346,826,0,8464,0.0,0.0,0.0,0.0,0,False,False,False
4,Day 4,2,Tray 2,DJI_20260622122329_0002,64,7,4,360,720,480,840,374,734,466,826,0,8464,0.0,0.0,0.0,0.0,0,False,False,True
4,Day 4,2,Tray 2,DJI_20260622122329_0002,65,7,5,480,720,600,840,494,734,586,826,0,8464,0.0,0.0,0.0,0.0,0,False,False,False
4,Day 4,2,Tray 2,DJI_20260622122329_0002,66,7,6,600,720,720,840,614,734,706,826,51,8464,0.006025519848771267,0.6025519848771267,87.8431396484375,108.0,29,True,True,True
4,Day 4,2,Tray 2,DJI_20260622122329_0002,67,7,7,720,720,840,840,734,734,826,826,0,8464,0.0,0.0,0.0,0.0,0,False,False,False
4,Day 4,2,Tray 2,DJI_20260622122329_0002,68,7,8,840,720,960,840,854,734,946,826,0,8464,0.0,0.0,0.0,0.0,0,False,False,False
4,Day 4,2,Tray 2,DJI_20260622122329_0002,69,7,9,960,720,1080,840,974,734,1066,826,0,8464,0.0,0.0,0.0,0.0,0,False,False,False
4,Day 4,2,Tray 2,DJI_20260622122329_0002,70,7,10,1080,720,1200,840,1094,734,1186,826,0,8464,0.0,0.0,0.0,0.0,0,False,False,False
4,Day 4,3,Tray 3,DJI_20260622122437_0003,1,1,1,0,0,120,120,14,14,106,106,0,8464,0.0,0.0,0.0,0.0,0,False,False,True
4,Day 4,3,Tray 3,DJI_20260622122437_0003,2,1,2,120,0,240,120,134,14,226,106,285,8464,0.03367202268431002,3.367202268431002,89.65614318847656,130.0,285,True,False,True
4,Day 4,3,Tray 3,DJI_20260622122437_0003,3,1,3,240,0,360,120,254,14,346,106,0,8464,0.0,0.0,0.0,0.0,0,False,False,False
4,Day 4,3,Tray 3,DJI_20260622122437_0003,4,1,4,360,0,480,120,374,14,466,106,30,8464,0.003544423440453686,0.3544423440453686,76.93333435058594,95.0,28,True,True,True
4,Day 4,3,Tray 3,DJI_20260622122437_0003,5,1,5,480,0,600,120,494,14,586,106,0,8464,0.0,0.0,0.0,0.0,0,False,False,True
4,Day 4,3,Tray 3,DJI_20260622122437_0003,6,1,6,600,0,720,120,614,14,706,106,0,8464,0.0,0.0,0.0,0.0,0,False,False,False
4,Day 4,3,Tray 3,DJI_20260622122437_0003,7,1,7,720,0,840,120,734,14,826,106,0,8464,0.0,0.0,0.0,0.0,0,False,False,False
4,Day 4,3,Tray 3,DJI_20260622122437_0003,8,1,8,840,0,960,120,854,14,946,106,0,8464,0.0,0.0,0.0,0.0,0,False,False,False
4,Day 4,3,Tray 3,DJI_20260622122437_0003,9,1,9,960,0,1080,120,974,14,1066,106,165,8464,0.019494328922495273,1.9494328922495272,94.07878875732422,130.0,165,True,False,True
4,Day 4,3,Tray 3,DJI_20260622122437_0003,10,1,10,1080,0,1200,120,1094,14,1186,106,0,8464,0.0,0.0,0.0,0.0,0,False,False,False
4,Day 4,3,Tray 3,DJI_20260622122437_0003,11,2,1,0,120,120,240,14,134,106,226,0,8464,0.0,0.0,0.0,0.0,0,False,False,False
4,Day 4,3,Tray 3,DJI_20260622122437_0003,12,2,2,120,120,240,240,134,134,226,226,0,8464,0.0,0.0,0.0,0.0,0,False,False,False
4,Day 4,3,Tray 3,DJI_20260622122437_0003,13,2,3,240,120,360,240,254,134,346,226,19,8464,0.0022448015122873348,0.22448015122873347,70.9473648071289,100.0,19,True,True,True
4,Day 4,3,Tray 3,DJI_20260622122437_0003,14,2,4,360,120,480,240,374,134,466,226,0,8464,0.0,0.0,0.0,0.0,0,False,False,False
4,Day 4,3,Tray 3,DJI_20260622122437_0003,15,2,5,480,120,600,240,494,134,586,226,40,8464,0.004725897920604915,0.4725897920604915,88.4000015258789,101.0,40,True,False,True
4,Day 4,3,Tray 3,DJI_20260622122437_0003,16,2,6,600,120,720,240,614,134,706,226,0,8464,0.0,0.0,0.0,0.0,0,False,False,False
4,Day 4,3,Tray 3,DJI_20260622122437_0003,17,2,7,720,120,840,240,734,134,826,226,0,8464,0.0,0.0,0.0,0.0,0,False,False,False
4,Day 4,3,Tray 3,DJI_20260622122437_0003,18,2,8,840,120,960,240,854,134,946,226,0,8464,0.0,0.0,0.0,0.0,0,False,False,True
4,Day 4,3,Tray 3,DJI_20260622122437_0003,19,2,9,960,120,1080,240,974,134,1066,226,0,8464,0.0,0.0,0.0,0.0,0,False,False,False
4,Day 4,3,Tray 3,DJI_20260622122437_0003,20,2,10,1080,120,1200,240,1094,134,1186,226,0,8464,0.0,0.0,0.0,0.0,0,False,False,False
4,Day 4,3,Tray 3,DJI_20260622122437_0003,21,3,1,0,240,120,360,14,254,106,346,0,8464,0.0,0.0,0.0,0.0,0,False,False,True
4,Day 4,3,Tray 3,DJI_20260622122437_0003,22,3,2,120,240,240,360,134,254,226,346,14,8464,0.0016540642722117202,0.16540642722117202,48.64285659790039,62.0,14,False,False,False
4,Day 4,3,Tray 3,DJI_20260622122437_0003,23,3,3,240,240,360,360,254,254,346,346,0,8464,0.0,0.0,0.0,0.0,0,False,False,False
4,Day 4,3,Tray 3,DJI_20260622122437_0003,24,3,4,360,240,480,360,374,254,466,346,61,8464,0.0072069943289224956,0.7206994328922496,104.09835815429688,129.0,61,True,False,True
4,Day 4,3,Tray 3,DJI_20260622122437_0003,25,3,5,480,240,600,360,494,254,586,346,211,8464,0.024929111531190925,2.4929111531190924,89.53080749511719,111.0,211,True,False,True
4,Day 4,3,Tray 3,DJI_20260622122437_0003,26,3,6,600,240,720,360,614,254,706,346,0,8464,0.0,0.0,0.0,0.0,0,False,False,True
4,Day 4,3,Tray 3,DJI_20260622122437_0003,27,3,7,720,240,840,360,734,254,826,346,0,8464,0.0,0.0,0.0,0.0,0,False,False,False
4,Day 4,3,Tray 3,DJI_20260622122437_0003,28,3,8,840,240,960,360,854,254,946,346,206,8464,0.024338374291115312,2.4338374291115312,89.13106536865234,117.0,206,True,False,True
4,Day 4,3,Tray 3,DJI_20260622122437_0003,29,3,9,960,240,1080,360,974,254,1066,346,0,8464,0.0,0.0,0.0,0.0,0,False,False,False
4,Day 4,3,Tray 3,DJI_20260622122437_0003,30,3,10,1080,240,1200,360,1094,254,1186,346,0,8464,0.0,0.0,0.0,0.0,0,False,False,False
4,Day 4,3,Tray 3,DJI_20260622122437_0003,31,4,1,0,360,120,480,14,374,106,466,0,8464,0.0,0.0,0.0,0.0,0,False,False,False
4,Day 4,3,Tray 3,DJI_20260622122437_0003,32,4,2,120,360,240,480,134,374,226,466,0,8464,0.0,0.0,0.0,0.0,0,False,False,False
4,Day 4,3,Tray 3,DJI_20260622122437_0003,33,4,3,240,360,360,480,254,374,346,466,0,8464,0.0,0.0,0.0,0.0,0,False,False,False
4,Day 4,3,Tray 3,DJI_20260622122437_0003,34,4,4,360,360,480,480,374,374,466,466,188,8464,0.0222117202268431,2.22117202268431,94.0478744506836,141.0,188,True,False,True
4,Day 4,3,Tray 3,DJI_20260622122437_0003,35,4,5,480,360,600,480,494,374,586,466,29,8464,0.0034262759924385635,0.34262759924385633,96.3448257446289,116.0,29,True,True,True
4,Day 4,3,Tray 3,DJI_20260622122437_0003,36,4,6,600,360,720,480,614,374,706,466,0,8464,0.0,0.0,0.0,0.0,0,False,False,True
4,Day 4,3,Tray 3,DJI_20260622122437_0003,37,4,7,720,360,840,480,734,374,826,466,0,8464,0.0,0.0,0.0,0.0,0,False,False,True
4,Day 4,3,Tray 3,DJI_20260622122437_0003,38,4,8,840,360,960,480,854,374,946,466,0,8464,0.0,0.0,0.0,0.0,0,False,False,False
4,Day 4,3,Tray 3,DJI_20260622122437_0003,39,4,9,960,360,1080,480,974,374,1066,466,2,8464,0.00023629489603024575,0.023629489603024575,52.0,72.0,1,False,False,False
4,Day 4,3,Tray 3,DJI_20260622122437_0003,40,4,10,1080,360,1200,480,1094,374,1186,466,0,8464,0.0,0.0,0.0,0.0,0,False,False,True
4,Day 4,3,Tray 3,DJI_20260622122437_0003,41,5,1,0,480,120,600,14,494,106,586,17,8464,0.002008506616257089,0.2008506616257089,69.11764526367188,91.0,17,True,True,True
4,Day 4,3,Tray 3,DJI_20260622122437_0003,42,5,2,120,480,240,600,134,494,226,586,336,8464,0.03969754253308128,3.9697542533081283,88.46131134033203,122.0,336,True,False,True
4,Day 4,3,Tray 3,DJI_20260622122437_0003,43,5,3,240,480,360,600,254,494,346,586,195,8464,0.02303875236294896,2.303875236294896,81.97435760498047,116.0,195,True,False,True
4,Day 4,3,Tray 3,DJI_20260622122437_0003,44,5,4,360,480,480,600,374,494,466,586,356,8464,0.04206049149338374,4.206049149338374,89.92696380615234,117.0,356,True,False,True
4,Day 4,3,Tray 3,DJI_20260622122437_0003,45,5,5,480,480,600,600,494,494,586,586,190,8464,0.022448015122873345,2.2448015122873346,88.47368621826172,109.0,190,True,False,True
4,Day 4,3,Tray 3,DJI_20260622122437_0003,46,5,6,600,480,720,600,614,494,706,586,35,8464,0.0041351606805293,0.41351606805293,88.4857177734375,114.0,26,True,False,True
4,Day 4,3,Tray 3,DJI_20260622122437_0003,47,5,7,720,480,840,600,734,494,826,586,0,8464,0.0,0.0,0.0,0.0,0,False,False,True
4,Day 4,3,Tray 3,DJI_20260622122437_0003,48,5,8,840,480,960,600,854,494,946,586,0,8464,0.0,0.0,0.0,0.0,0,False,False,True
4,Day 4,3,Tray 3,DJI_20260622122437_0003,49,5,9,960,480,1080,600,974,494,1066,586,0,8464,0.0,0.0,0.0,0.0,0,False,False,False
4,Day 4,3,Tray 3,DJI_20260622122437_0003,50,5,10,1080,480,1200,600,1094,494,1186,586,120,8464,0.014177693761814745,1.4177693761814745,97.4000015258789,129.0,120,True,False,True
4,Day 4,3,Tray 3,DJI_20260622122437_0003,51,6,1,0,600,120,720,14,614,106,706,0,8464,0.0,0.0,0.0,0.0,0,False,False,False
4,Day 4,3,Tray 3,DJI_20260622122437_0003,52,6,2,120,600,240,720,134,614,226,706,0,8464,0.0,0.0,0.0,0.0,0,False,False,False
4,Day 4,3,Tray 3,DJI_20260622122437_0003,53,6,3,240,600,360,720,254,614,346,706,143,8464,0.016895085066162573,1.6895085066162572,84.50349426269531,126.0,143,True,False,True
4,Day 4,3,Tray 3,DJI_20260622122437_0003,54,6,4,360,600,480,720,374,614,466,706,0,8464,0.0,0.0,0.0,0.0,0,False,False,False
4,Day 4,3,Tray 3,DJI_20260622122437_0003,55,6,5,480,600,600,720,494,614,586,706,262,8464,0.030954631379962193,3.0954631379962194,90.67938995361328,127.0,262,True,False,True
4,Day 4,3,Tray 3,DJI_20260622122437_0003,56,6,6,600,600,720,720,614,614,706,706,0,8464,0.0,0.0,0.0,0.0,0,False,False,False
4,Day 4,3,Tray 3,DJI_20260622122437_0003,57,6,7,720,600,840,720,734,614,826,706,114,8464,0.013468809073724008,1.3468809073724008,101.37718963623047,142.0,114,True,False,True
4,Day 4,3,Tray 3,DJI_20260622122437_0003,58,6,8,840,600,960,720,854,614,946,706,0,8464,0.0,0.0,0.0,0.0,0,False,False,True
4,Day 4,3,Tray 3,DJI_20260622122437_0003,59,6,9,960,600,1080,720,974,614,1066,706,0,8464,0.0,0.0,0.0,0.0,0,False,False,False
4,Day 4,3,Tray 3,DJI_20260622122437_0003,60,6,10,1080,600,1200,720,1094,614,1186,706,0,8464,0.0,0.0,0.0,0.0,0,False,False,False
4,Day 4,3,Tray 3,DJI_20260622122437_0003,61,7,1,0,720,120,840,14,734,106,826,0,8464,0.0,0.0,0.0,0.0,0,False,False,False
4,Day 4,3,Tray 3,DJI_20260622122437_0003,62,7,2,120,720,240,840,134,734,226,826,67,8464,0.007915879017013232,0.7915879017013232,97.35820770263672,131.0,67,True,False,True
4,Day 4,3,Tray 3,DJI_20260622122437_0003,63,7,3,240,720,360,840,254,734,346,826,0,8464,0.0,0.0,0.0,0.0,0,False,False,True
4,Day 4,3,Tray 3,DJI_20260622122437_0003,64,7,4,360,720,480,840,374,734,466,826,0,8464,0.0,0.0,0.0,0.0,0,False,False,False
4,Day 4,3,Tray 3,DJI_20260622122437_0003,65,7,5,480,720,600,840,494,734,586,826,0,8464,0.0,0.0,0.0,0.0,0,False,False,True
4,Day 4,3,Tray 3,DJI_20260622122437_0003,66,7,6,600,720,720,840,614,734,706,826,0,8464,0.0,0.0,0.0,0.0,0,False,False,False
4,Day 4,3,Tray 3,DJI_20260622122437_0003,67,7,7,720,720,840,840,734,734,826,826,0,8464,0.0,0.0,0.0,0.0,0,False,False,True
4,Day 4,3,Tray 3,DJI_20260622122437_0003,68,7,8,840,720,960,840,854,734,946,826,0,8464,0.0,0.0,0.0,0.0,0,False,False,False
4,Day 4,3,Tray 3,DJI_20260622122437_0003,69,7,9,960,720,1080,840,974,734,1066,826,33,8464,0.0038988657844990547,0.3898865784499055,59.212120056152344,120.0,19,True,False,True
4,Day 4,3,Tray 3,DJI_20260622122437_0003,70,7,10,1080,720,1200,840,1094,734,1186,826,0,8464,0.0,0.0,0.0,0.0,0,False,False,False
4,Day 4,5,Tray 5,DJI_20260622122624_0005,1,1,1,0,0,120,120,14,14,106,106,0,8464,0.0,0.0,0.0,0.0,0,False,False,False
4,Day 4,5,Tray 5,DJI_20260622122624_0005,2,1,2,120,0,240,120,134,14,226,106,0,8464,0.0,0.0,0.0,0.0,0,False,False,False
4,Day 4,5,Tray 5,DJI_20260622122624_0005,3,1,3,240,0,360,120,254,14,346,106,7,8464,0.0008270321361058601,0.08270321361058601,62.57143020629883,78.0,7,False,False,False
4,Day 4,5,Tray 5,DJI_20260622122624_0005,4,1,4,360,0,480,120,374,14,466,106,0,8464,0.0,0.0,0.0,0.0,0,False,False,False
4,Day 4,5,Tray 5,DJI_20260622122624_0005,5,1,5,480,0,600,120,494,14,586,106,56,8464,0.006616257088846881,0.6616257088846881,83.16071319580078,102.0,56,True,True,True
4,Day 4,5,Tray 5,DJI_20260622122624_0005,6,1,6,600,0,720,120,614,14,706,106,0,8464,0.0,0.0,0.0,0.0,0,False,False,False
4,Day 4,5,Tray 5,DJI_20260622122624_0005,7,1,7,720,0,840,120,734,14,826,106,0,8464,0.0,0.0,0.0,0.0,0,False,False,False
4,Day 4,5,Tray 5,DJI_20260622122624_0005,8,1,8,840,0,960,120,854,14,946,106,217,8464,0.025637996219281662,2.5637996219281662,90.42857360839844,123.0,217,True,True,True
4,Day 4,5,Tray 5,DJI_20260622122624_0005,9,1,9,960,0,1080,120,974,14,1066,106,0,8464,0.0,0.0,0.0,0.0,0,False,False,False
4,Day 4,5,Tray 5,DJI_20260622122624_0005,10,1,10,1080,0,1200,120,1094,14,1186,106,89,8464,0.010515122873345936,1.0515122873345935,95.91011047363281,131.0,89,True,True,True
4,Day 4,5,Tray 5,DJI_20260622122624_0005,11,2,1,0,120,120,240,14,134,106,226,0,8464,0.0,0.0,0.0,0.0,0,False,False,True
4,Day 4,5,Tray 5,DJI_20260622122624_0005,12,2,2,120,120,240,240,134,134,226,226,51,8464,0.006025519848771267,0.6025519848771267,95.88235473632812,128.0,51,True,False,True
4,Day 4,5,Tray 5,DJI_20260622122624_0005,13,2,3,240,120,360,240,254,134,346,226,29,8464,0.0034262759924385635,0.34262759924385633,101.10344696044922,139.0,29,True,False,True
4,Day 4,5,Tray 5,DJI_20260622122624_0005,14,2,4,360,120,480,240,374,134,466,226,0,8464,0.0,0.0,0.0,0.0,0,False,False,True
4,Day 4,5,Tray 5,DJI_20260622122624_0005,15,2,5,480,120,600,240,494,134,586,226,0,8464,0.0,0.0,0.0,0.0,0,False,False,True
4,Day 4,5,Tray 5,DJI_20260622122624_0005,16,2,6,600,120,720,240,614,134,706,226,601,8464,0.07100661625708884,7.100661625708884,102.16971588134766,135.0,601,True,False,True
4,Day 4,5,Tray 5,DJI_20260622122624_0005,17,2,7,720,120,840,240,734,134,826,226,386,8464,0.04560491493383743,4.560491493383743,112.96114349365234,141.0,386,True,False,True
4,Day 4,5,Tray 5,DJI_20260622122624_0005,18,2,8,840,120,960,240,854,134,946,226,83,8464,0.009806238185255198,0.9806238185255198,59.89156723022461,82.0,83,True,False,True
4,Day 4,5,Tray 5,DJI_20260622122624_0005,19,2,9,960,120,1080,240,974,134,1066,226,0,8464,0.0,0.0,0.0,0.0,0,False,False,True
4,Day 4,5,Tray 5,DJI_20260622122624_0005,20,2,10,1080,120,1200,240,1094,134,1186,226,0,8464,0.0,0.0,0.0,0.0,0,False,False,False
4,Day 4,5,Tray 5,DJI_20260622122624_0005,21,3,1,0,240,120,360,14,254,106,346,0,8464,0.0,0.0,0.0,0.0,0,False,False,True
4,Day 4,5,Tray 5,DJI_20260622122624_0005,22,3,2,120,240,240,360,134,254,226,346,679,8464,0.08022211720226843,8.022211720226844,97.40206146240234,130.0,679,True,False,True
4,Day 4,5,Tray 5,DJI_20260622122624_0005,23,3,3,240,240,360,360,254,254,346,346,744,8464,0.08790170132325142,8.790170132325143,99.69220733642578,130.0,744,True,True,True
4,Day 4,5,Tray 5,DJI_20260622122624_0005,24,3,4,360,240,480,360,374,254,466,346,863,8464,0.10196124763705104,10.196124763705104,99.49594116210938,130.0,863,True,False,True
4,Day 4,5,Tray 5,DJI_20260622122624_0005,25,3,5,480,240,600,360,494,254,586,346,190,8464,0.022448015122873345,2.2448015122873346,94.2631607055664,113.0,190,True,True,True
4,Day 4,5,Tray 5,DJI_20260622122624_0005,26,3,6,600,240,720,360,614,254,706,346,0,8464,0.0,0.0,0.0,0.0,0,False,False,True
4,Day 4,5,Tray 5,DJI_20260622122624_0005,27,3,7,720,240,840,360,734,254,826,346,104,8464,0.012287334593572778,1.2287334593572778,70.84615325927734,117.0,104,True,False,True
4,Day 4,5,Tray 5,DJI_20260622122624_0005,28,3,8,840,240,960,360,854,254,946,346,0,8464,0.0,0.0,0.0,0.0,0,False,False,False
4,Day 4,5,Tray 5,DJI_20260622122624_0005,29,3,9,960,240,1080,360,974,254,1066,346,149,8464,0.01760396975425331,1.760396975425331,84.84563446044922,122.0,79,True,True,True
4,Day 4,5,Tray 5,DJI_20260622122624_0005,30,3,10,1080,240,1200,360,1094,254,1186,346,0,8464,0.0,0.0,0.0,0.0,0,False,False,False
4,Day 4,5,Tray 5,DJI_20260622122624_0005,31,4,1,0,360,120,480,14,374,106,466,3,8464,0.00035444234404536864,0.03544423440453687,46.0,51.0,3,False,False,False
4,Day 4,5,Tray 5,DJI_20260622122624_0005,32,4,2,120,360,240,480,134,374,226,466,6,8464,0.0007088846880907373,0.07088846880907373,65.0,80.0,6,False,False,False
4,Day 4,5,Tray 5,DJI_20260622122624_0005,33,4,3,240,360,360,480,254,374,346,466,758,8464,0.08955576559546313,8.955576559546314,92.06200408935547,131.0,758,True,False,True
4,Day 4,5,Tray 5,DJI_20260622122624_0005,34,4,4,360,360,480,480,374,374,466,466,193,8464,0.022802457466918714,2.2802457466918713,102.33678436279297,137.0,193,True,False,True
4,Day 4,5,Tray 5,DJI_20260622122624_0005,35,4,5,480,360,600,480,494,374,586,466,16,8464,0.001890359168241966,0.1890359168241966,80.125,93.0,16,True,True,True
4,Day 4,5,Tray 5,DJI_20260622122624_0005,36,4,6,600,360,720,480,614,374,706,466,38,8464,0.0044896030245746696,0.44896030245746693,73.68421173095703,94.0,30,True,True,True
4,Day 4,5,Tray 5,DJI_20260622122624_0005,37,4,7,720,360,840,480,734,374,826,466,0,8464,0.0,0.0,0.0,0.0,0,False,False,False
4,Day 4,5,Tray 5,DJI_20260622122624_0005,38,4,8,840,360,960,480,854,374,946,466,75,8464,0.008861058601134215,0.8861058601134215,86.05333709716797,129.0,75,True,False,True
4,Day 4,5,Tray 5,DJI_20260622122624_0005,39,4,9,960,360,1080,480,974,374,1066,466,0,8464,0.0,0.0,0.0,0.0,0,False,False,True
4,Day 4,5,Tray 5,DJI_20260622122624_0005,40,4,10,1080,360,1200,480,1094,374,1186,466,0,8464,0.0,0.0,0.0,0.0,0,False,False,False
4,Day 4,5,Tray 5,DJI_20260622122624_0005,41,5,1,0,480,120,600,14,494,106,586,0,8464,0.0,0.0,0.0,0.0,0,False,False,True
4,Day 4,5,Tray 5,DJI_20260622122624_0005,42,5,2,120,480,240,600,134,494,226,586,0,8464,0.0,0.0,0.0,0.0,0,False,False,True
4,Day 4,5,Tray 5,DJI_20260622122624_0005,43,5,3,240,480,360,600,254,494,346,586,102,8464,0.012051039697542534,1.2051039697542534,83.14705657958984,109.0,102,True,True,True
4,Day 4,5,Tray 5,DJI_20260622122624_0005,44,5,4,360,480,480,600,374,494,466,586,135,8464,0.015949905482041588,1.5949905482041586,93.88888549804688,126.0,82,True,False,True
4,Day 4,5,Tray 5,DJI_20260622122624_0005,45,5,5,480,480,600,600,494,494,586,586,227,8464,0.02681947069943289,2.681947069943289,93.0484619140625,134.0,227,True,True,True
4,Day 4,5,Tray 5,DJI_20260622122624_0005,46,5,6,600,480,720,600,614,494,706,586,0,8464,0.0,0.0,0.0,0.0,0,False,False,False
4,Day 4,5,Tray 5,DJI_20260622122624_0005,47,5,7,720,480,840,600,734,494,826,586,0,8464,0.0,0.0,0.0,0.0,0,False,False,True
4,Day 4,5,Tray 5,DJI_20260622122624_0005,48,5,8,840,480,960,600,854,494,946,586,0,8464,0.0,0.0,0.0,0.0,0,False,False,True
4,Day 4,5,Tray 5,DJI_20260622122624_0005,49,5,9,960,480,1080,600,974,494,1066,586,0,8464,0.0,0.0,0.0,0.0,0,False,False,True
4,Day 4,5,Tray 5,DJI_20260622122624_0005,50,5,10,1080,480,1200,600,1094,494,1186,586,0,8464,0.0,0.0,0.0,0.0,0,False,False,False
4,Day 4,5,Tray 5,DJI_20260622122624_0005,51,6,1,0,600,120,720,14,614,106,706,0,8464,0.0,0.0,0.0,0.0,0,False,False,False
4,Day 4,5,Tray 5,DJI_20260622122624_0005,52,6,2,120,600,240,720,134,614,226,706,199,8464,0.02351134215500945,2.351134215500945,104.19095611572266,139.0,199,True,True,True
4,Day 4,5,Tray 5,DJI_20260622122624_0005,53,6,3,240,600,360,720,254,614,346,706,474,8464,0.05600189035916824,5.6001890359168245,96.33333587646484,130.0,474,True,True,True
4,Day 4,5,Tray 5,DJI_20260622122624_0005,54,6,4,360,600,480,720,374,614,466,706,223,8464,0.0263468809073724,2.63468809073724,83.98206329345703,136.0,223,True,False,True
4,Day 4,5,Tray 5,DJI_20260622122624_0005,55,6,5,480,600,600,720,494,614,586,706,961,8464,0.11353969754253308,11.353969754253308,102.9011459350586,126.0,961,True,False,True
4,Day 4,5,Tray 5,DJI_20260622122624_0005,56,6,6,600,600,720,720,614,614,706,706,385,8464,0.0454867674858223,4.54867674858223,91.2259750366211,150.0,385,True,False,True
4,Day 4,5,Tray 5,DJI_20260622122624_0005,57,6,7,720,600,840,720,734,614,826,706,0,8464,0.0,0.0,0.0,0.0,0,False,False,False
4,Day 4,5,Tray 5,DJI_20260622122624_0005,58,6,8,840,600,960,720,854,614,946,706,0,8464,0.0,0.0,0.0,0.0,0,False,False,False
4,Day 4,5,Tray 5,DJI_20260622122624_0005,59,6,9,960,600,1080,720,974,614,1066,706,25,8464,0.002953686200378072,0.2953686200378072,68.04000091552734,124.0,18,True,True,True
4,Day 4,5,Tray 5,DJI_20260622122624_0005,60,6,10,1080,600,1200,720,1094,614,1186,706,195,8464,0.02303875236294896,2.303875236294896,104.82563781738281,136.0,110,True,True,True
4,Day 4,5,Tray 5,DJI_20260622122624_0005,61,7,1,0,720,120,840,14,734,106,826,0,8464,0.0,0.0,0.0,0.0,0,False,False,False
4,Day 4,5,Tray 5,DJI_20260622122624_0005,62,7,2,120,720,240,840,134,734,226,826,0,8464,0.0,0.0,0.0,0.0,0,False,False,False
4,Day 4,5,Tray 5,DJI_20260622122624_0005,63,7,3,240,720,360,840,254,734,346,826,0,8464,0.0,0.0,0.0,0.0,0,False,False,True
4,Day 4,5,Tray 5,DJI_20260622122624_0005,64,7,4,360,720,480,840,374,734,466,826,0,8464,0.0,0.0,0.0,0.0,0,False,False,False
4,Day 4,5,Tray 5,DJI_20260622122624_0005,65,7,5,480,720,600,840,494,734,586,826,0,8464,0.0,0.0,0.0,0.0,0,False,False,False
4,Day 4,5,Tray 5,DJI_20260622122624_0005,66,7,6,600,720,720,840,614,734,706,826,1,8464,0.00011814744801512288,0.011814744801512287,12.0,12.0,1,False,False,True
4,Day 4,5,Tray 5,DJI_20260622122624_0005,67,7,7,720,720,840,840,734,734,826,826,0,8464,0.0,0.0,0.0,0.0,0,False,False,False
4,Day 4,5,Tray 5,DJI_20260622122624_0005,68,7,8,840,720,960,840,854,734,946,826,0,8464,0.0,0.0,0.0,0.0,0,False,False,True
4,Day 4,5,Tray 5,DJI_20260622122624_0005,69,7,9,960,720,1080,840,974,734,1066,826,0,8464,0.0,0.0,0.0,0.0,0,False,False,True
4,Day 4,5,Tray 5,DJI_20260622122624_0005,70,7,10,1080,720,1200,840,1094,734,1186,826,0,8464,0.0,0.0,0.0,0.0,0,False,False,False
4,Day 4,6,Tray 6,DJI_20260622122657_0006,1,1,1,0,0,120,120,14,14,106,106,14,8464,0.0016540642722117202,0.16540642722117202,82.71428680419922,109.0,14,False,False,False
4,Day 4,6,Tray 6,DJI_20260622122657_0006,2,1,2,120,0,240,120,134,14,226,106,0,8464,0.0,0.0,0.0,0.0,0,False,False,False
4,Day 4,6,Tray 6,DJI_20260622122657_0006,3,1,3,240,0,360,120,254,14,346,106,0,8464,0.0,0.0,0.0,0.0,0,False,False,False
4,Day 4,6,Tray 6,DJI_20260622122657_0006,4,1,4,360,0,480,120,374,14,466,106,121,8464,0.014295841209829867,1.4295841209829867,89.58677673339844,122.0,121,True,False,True
4,Day 4,6,Tray 6,DJI_20260622122657_0006,5,1,5,480,0,600,120,494,14,586,106,161,8464,0.019021739130434784,1.9021739130434785,98.1490707397461,135.0,161,True,False,True
4,Day 4,6,Tray 6,DJI_20260622122657_0006,6,1,6,600,0,720,120,614,14,706,106,0,8464,0.0,0.0,0.0,0.0,0,False,False,False
4,Day 4,6,Tray 6,DJI_20260622122657_0006,7,1,7,720,0,840,120,734,14,826,106,0,8464,0.0,0.0,0.0,0.0,0,False,False,False
4,Day 4,6,Tray 6,DJI_20260622122657_0006,8,1,8,840,0,960,120,854,14,946,106,0,8464,0.0,0.0,0.0,0.0,0,False,False,False
4,Day 4,6,Tray 6,DJI_20260622122657_0006,9,1,9,960,0,1080,120,974,14,1066,106,0,8464,0.0,0.0,0.0,0.0,0,False,False,False
4,Day 4,6,Tray 6,DJI_20260622122657_0006,10,1,10,1080,0,1200,120,1094,14,1186,106,0,8464,0.0,0.0,0.0,0.0,0,False,False,False
4,Day 4,6,Tray 6,DJI_20260622122657_0006,11,2,1,0,120,120,240,14,134,106,226,0,8464,0.0,0.0,0.0,0.0,0,False,False,False
4,Day 4,6,Tray 6,DJI_20260622122657_0006,12,2,2,120,120,240,240,134,134,226,226,33,8464,0.0038988657844990547,0.3898865784499055,89.90908813476562,129.0,33,True,False,True
4,Day 4,6,Tray 6,DJI_20260622122657_0006,13,2,3,240,120,360,240,254,134,346,226,0,8464,0.0,0.0,0.0,0.0,0,False,False,True
4,Day 4,6,Tray 6,DJI_20260622122657_0006,14,2,4,360,120,480,240,374,134,466,226,0,8464,0.0,0.0,0.0,0.0,0,False,False,False
4,Day 4,6,Tray 6,DJI_20260622122657_0006,15,2,5,480,120,600,240,494,134,586,226,0,8464,0.0,0.0,0.0,0.0,0,False,False,True
4,Day 4,6,Tray 6,DJI_20260622122657_0006,16,2,6,600,120,720,240,614,134,706,226,19,8464,0.0022448015122873348,0.22448015122873347,65.57894897460938,95.0,19,True,False,True
4,Day 4,6,Tray 6,DJI_20260622122657_0006,17,2,7,720,120,840,240,734,134,826,226,0,8464,0.0,0.0,0.0,0.0,0,False,False,True
4,Day 4,6,Tray 6,DJI_20260622122657_0006,18,2,8,840,120,960,240,854,134,946,226,0,8464,0.0,0.0,0.0,0.0,0,False,False,True
4,Day 4,6,Tray 6,DJI_20260622122657_0006,19,2,9,960,120,1080,240,974,134,1066,226,0,8464,0.0,0.0,0.0,0.0,0,False,False,True
4,Day 4,6,Tray 6,DJI_20260622122657_0006,20,2,10,1080,120,1200,240,1094,134,1186,226,77,8464,0.009097353497164461,0.9097353497164461,96.38961029052734,123.0,77,True,False,True
4,Day 4,6,Tray 6,DJI_20260622122657_0006,21,3,1,0,240,120,360,14,254,106,346,0,8464,0.0,0.0,0.0,0.0,0,False,False,False
4,Day 4,6,Tray 6,DJI_20260622122657_0006,22,3,2,120,240,240,360,134,254,226,346,0,8464,0.0,0.0,0.0,0.0,0,False,False,False
4,Day 4,6,Tray 6,DJI_20260622122657_0006,23,3,3,240,240,360,360,254,254,346,346,0,8464,0.0,0.0,0.0,0.0,0,False,False,False
4,Day 4,6,Tray 6,DJI_20260622122657_0006,24,3,4,360,240,480,360,374,254,466,346,23,8464,0.002717391304347826,0.2717391304347826,87.34782409667969,120.0,23,True,False,True
4,Day 4,6,Tray 6,DJI_20260622122657_0006,25,3,5,480,240,600,360,494,254,586,346,106,8464,0.012523629489603024,1.2523629489603025,84.85848999023438,117.0,106,True,False,True
4,Day 4,6,Tray 6,DJI_20260622122657_0006,26,3,6,600,240,720,360,614,254,706,346,128,8464,0.015122873345935728,1.5122873345935728,87.3515625,112.0,128,True,False,True
4,Day 4,6,Tray 6,DJI_20260622122657_0006,27,3,7,720,240,840,360,734,254,826,346,0,8464,0.0,0.0,0.0,0.0,0,False,False,False
4,Day 4,6,Tray 6,DJI_20260622122657_0006,28,3,8,840,240,960,360,854,254,946,346,0,8464,0.0,0.0,0.0,0.0,0,False,False,False
4,Day 4,6,Tray 6,DJI_20260622122657_0006,29,3,9,960,240,1080,360,974,254,1066,346,0,8464,0.0,0.0,0.0,0.0,0,False,False,False
4,Day 4,6,Tray 6,DJI_20260622122657_0006,30,3,10,1080,240,1200,360,1094,254,1186,346,43,8464,0.0050803402646502835,0.5080340264650284,87.6279067993164,120.0,43,True,False,True
4,Day 4,6,Tray 6,DJI_20260622122657_0006,31,4,1,0,360,120,480,14,374,106,466,0,8464,0.0,0.0,0.0,0.0,0,False,False,False
4,Day 4,6,Tray 6,DJI_20260622122657_0006,32,4,2,120,360,240,480,134,374,226,466,0,8464,0.0,0.0,0.0,0.0,0,False,False,False
4,Day 4,6,Tray 6,DJI_20260622122657_0006,33,4,3,240,360,360,480,254,374,346,466,6,8464,0.0007088846880907373,0.07088846880907373,56.83333206176758,67.0,6,False,False,True
4,Day 4,6,Tray 6,DJI_20260622122657_0006,34,4,4,360,360,480,480,374,374,466,466,0,8464,0.0,0.0,0.0,0.0,0,False,False,True
4,Day 4,6,Tray 6,DJI_20260622122657_0006,35,4,5,480,360,600,480,494,374,586,466,130,8464,0.015359168241965973,1.5359168241965973,84.0999984741211,108.0,130,True,False,True
4,Day 4,6,Tray 6,DJI_20260622122657_0006,36,4,6,600,360,720,480,614,374,706,466,0,8464,0.0,0.0,0.0,0.0,0,False,False,False
4,Day 4,6,Tray 6,DJI_20260622122657_0006,37,4,7,720,360,840,480,734,374,826,466,0,8464,0.0,0.0,0.0,0.0,0,False,False,False
4,Day 4,6,Tray 6,DJI_20260622122657_0006,38,4,8,840,360,960,480,854,374,946,466,0,8464,0.0,0.0,0.0,0.0,0,False,False,True
4,Day 4,6,Tray 6,DJI_20260622122657_0006,39,4,9,960,360,1080,480,974,374,1066,466,0,8464,0.0,0.0,0.0,0.0,0,False,False,False
4,Day 4,6,Tray 6,DJI_20260622122657_0006,40,4,10,1080,360,1200,480,1094,374,1186,466,0,8464,0.0,0.0,0.0,0.0,0,False,False,False
4,Day 4,6,Tray 6,DJI_20260622122657_0006,41,5,1,0,480,120,600,14,494,106,586,0,8464,0.0,0.0,0.0,0.0,0,False,False,False
4,Day 4,6,Tray 6,DJI_20260622122657_0006,42,5,2,120,480,240,600,134,494,226,586,0,8464,0.0,0.0,0.0,0.0,0,False,False,False
4,Day 4,6,Tray 6,DJI_20260622122657_0006,43,5,3,240,480,360,600,254,494,346,586,45,8464,0.005316635160680529,0.5316635160680528,97.26667022705078,129.0,41,True,False,True
4,Day 4,6,Tray 6,DJI_20260622122657_0006,44,5,4,360,480,480,600,374,494,466,586,0,8464,0.0,0.0,0.0,0.0,0,False,False,False
4,Day 4,6,Tray 6,DJI_20260622122657_0006,45,5,5,480,480,600,600,494,494,586,586,0,8464,0.0,0.0,0.0,0.0,0,False,False,False
4,Day 4,6,Tray 6,DJI_20260622122657_0006,46,5,6,600,480,720,600,614,494,706,586,0,8464,0.0,0.0,0.0,0.0,0,False,False,False
4,Day 4,6,Tray 6,DJI_20260622122657_0006,47,5,7,720,480,840,600,734,494,826,586,0,8464,0.0,0.0,0.0,0.0,0,False,False,True
4,Day 4,6,Tray 6,DJI_20260622122657_0006,48,5,8,840,480,960,600,854,494,946,586,0,8464,0.0,0.0,0.0,0.0,0,False,False,True
4,Day 4,6,Tray 6,DJI_20260622122657_0006,49,5,9,960,480,1080,600,974,494,1066,586,0,8464,0.0,0.0,0.0,0.0,0,False,False,True
4,Day 4,6,Tray 6,DJI_20260622122657_0006,50,5,10,1080,480,1200,600,1094,494,1186,586,0,8464,0.0,0.0,0.0,0.0,0,False,False,False
4,Day 4,6,Tray 6,DJI_20260622122657_0006,51,6,1,0,600,120,720,14,614,106,706,0,8464,0.0,0.0,0.0,0.0,0,False,False,False
4,Day 4,6,Tray 6,DJI_20260622122657_0006,52,6,2,120,600,240,720,134,614,226,706,0,8464,0.0,0.0,0.0,0.0,0,False,False,False
4,Day 4,6,Tray 6,DJI_20260622122657_0006,53,6,3,240,600,360,720,254,614,346,706,0,8464,0.0,0.0,0.0,0.0,0,False,False,False
4,Day 4,6,Tray 6,DJI_20260622122657_0006,54,6,4,360,600,480,720,374,614,466,706,36,8464,0.004253308128544423,0.42533081285444235,93.55555725097656,123.0,36,True,False,True
4,Day 4,6,Tray 6,DJI_20260622122657_0006,55,6,5,480,600,600,720,494,614,586,706,0,8464,0.0,0.0,0.0,0.0,0,False,False,True
4,Day 4,6,Tray 6,DJI_20260622122657_0006,56,6,6,600,600,720,720,614,614,706,706,39,8464,0.004607750472589792,0.46077504725897916,91.07691955566406,112.0,38,True,False,True
4,Day 4,6,Tray 6,DJI_20260622122657_0006,57,6,7,720,600,840,720,734,614,826,706,0,8464,0.0,0.0,0.0,0.0,0,False,False,False
4,Day 4,6,Tray 6,DJI_20260622122657_0006,58,6,8,840,600,960,720,854,614,946,706,0,8464,0.0,0.0,0.0,0.0,0,False,False,False
4,Day 4,6,Tray 6,DJI_20260622122657_0006,59,6,9,960,600,1080,720,974,614,1066,706,0,8464,0.0,0.0,0.0,0.0,0,False,False,False
4,Day 4,6,Tray 6,DJI_20260622122657_0006,60,6,10,1080,600,1200,720,1094,614,1186,706,0,8464,0.0,0.0,0.0,0.0,0,False,False,False
4,Day 4,6,Tray 6,DJI_20260622122657_0006,61,7,1,0,720,120,840,14,734,106,826,0,8464,0.0,0.0,0.0,0.0,0,False,False,False
4,Day 4,6,Tray 6,DJI_20260622122657_0006,62,7,2,120,720,240,840,134,734,226,826,79,8464,0.009333648393194708,0.9333648393194708,110.39240264892578,139.0,79,True,False,True
4,Day 4,6,Tray 6,DJI_20260622122657_0006,63,7,3,240,720,360,840,254,734,346,826,0,8464,0.0,0.0,0.0,0.0,0,False,False,True
4,Day 4,6,Tray 6,DJI_20260622122657_0006,64,7,4,360,720,480,840,374,734,466,826,0,8464,0.0,0.0,0.0,0.0,0,False,False,False
4,Day 4,6,Tray 6,DJI_20260622122657_0006,65,7,5,480,720,600,840,494,734,586,826,95,8464,0.011224007561436673,1.1224007561436673,83.36842346191406,101.0,95,True,False,True
4,Day 4,6,Tray 6,DJI_20260622122657_0006,66,7,6,600,720,720,840,614,734,706,826,130,8464,0.015359168241965973,1.5359168241965973,82.72307586669922,123.0,80,True,False,True
4,Day 4,6,Tray 6,DJI_20260622122657_0006,67,7,7,720,720,840,840,734,734,826,826,0,8464,0.0,0.0,0.0,0.0,0,False,False,False
4,Day 4,6,Tray 6,DJI_20260622122657_0006,68,7,8,840,720,960,840,854,734,946,826,0,8464,0.0,0.0,0.0,0.0,0,False,False,False
4,Day 4,6,Tray 6,DJI_20260622122657_0006,69,7,9,960,720,1080,840,974,734,1066,826,0,8464,0.0,0.0,0.0,0.0,0,False,False,False
4,Day 4,6,Tray 6,DJI_20260622122657_0006,70,7,10,1080,720,1200,840,1094,734,1186,826,0,8464,0.0,0.0,0.0,0.0,0,False,False,False
4,Day 4,7,Tray 7,DJI_20260622122752_0007,1,1,1,0,0,120,120,14,14,106,106,0,8464,0.0,0.0,0.0,0.0,0,False,False,False
4,Day 4,7,Tray 7,DJI_20260622122752_0007,2,1,2,120,0,240,120,134,14,226,106,0,8464,0.0,0.0,0.0,0.0,0,False,False,False
4,Day 4,7,Tray 7,DJI_20260622122752_0007,3,1,3,240,0,360,120,254,14,346,106,0,8464,0.0,0.0,0.0,0.0,0,False,False,True
4,Day 4,7,Tray 7,DJI_20260622122752_0007,4,1,4,360,0,480,120,374,14,466,106,0,8464,0.0,0.0,0.0,0.0,0,False,False,False
4,Day 4,7,Tray 7,DJI_20260622122752_0007,5,1,5,480,0,600,120,494,14,586,106,0,8464,0.0,0.0,0.0,0.0,0,False,False,False
4,Day 4,7,Tray 7,DJI_20260622122752_0007,6,1,6,600,0,720,120,614,14,706,106,0,8464,0.0,0.0,0.0,0.0,0,False,False,False
4,Day 4,7,Tray 7,DJI_20260622122752_0007,7,1,7,720,0,840,120,734,14,826,106,0,8464,0.0,0.0,0.0,0.0,0,False,False,True
4,Day 4,7,Tray 7,DJI_20260622122752_0007,8,1,8,840,0,960,120,854,14,946,106,0,8464,0.0,0.0,0.0,0.0,0,False,False,False
4,Day 4,7,Tray 7,DJI_20260622122752_0007,9,1,9,960,0,1080,120,974,14,1066,106,26,8464,0.0030718336483931945,0.30718336483931946,89.38461303710938,96.0,23,True,True,True
4,Day 4,7,Tray 7,DJI_20260622122752_0007,10,1,10,1080,0,1200,120,1094,14,1186,106,0,8464,0.0,0.0,0.0,0.0,0,False,False,False
4,Day 4,7,Tray 7,DJI_20260622122752_0007,11,2,1,0,120,120,240,14,134,106,226,0,8464,0.0,0.0,0.0,0.0,0,False,False,True
4,Day 4,7,Tray 7,DJI_20260622122752_0007,12,2,2,120,120,240,240,134,134,226,226,0,8464,0.0,0.0,0.0,0.0,0,False,False,False
4,Day 4,7,Tray 7,DJI_20260622122752_0007,13,2,3,240,120,360,240,254,134,346,226,36,8464,0.004253308128544423,0.42533081285444235,59.0,91.0,36,True,False,True
4,Day 4,7,Tray 7,DJI_20260622122752_0007,14,2,4,360,120,480,240,374,134,466,226,237,8464,0.02800094517958412,2.8000945179584122,88.46835327148438,134.0,237,True,False,True
4,Day 4,7,Tray 7,DJI_20260622122752_0007,15,2,5,480,120,600,240,494,134,586,226,67,8464,0.007915879017013232,0.7915879017013232,81.59701538085938,122.0,67,True,False,True
4,Day 4,7,Tray 7,DJI_20260622122752_0007,16,2,6,600,120,720,240,614,134,706,226,89,8464,0.010515122873345936,1.0515122873345935,88.35955047607422,116.0,89,True,False,True
4,Day 4,7,Tray 7,DJI_20260622122752_0007,17,2,7,720,120,840,240,734,134,826,226,0,8464,0.0,0.0,0.0,0.0,0,False,False,True
4,Day 4,7,Tray 7,DJI_20260622122752_0007,18,2,8,840,120,960,240,854,134,946,226,72,8464,0.008506616257088847,0.8506616257088847,77.375,104.0,72,True,False,True
4,Day 4,7,Tray 7,DJI_20260622122752_0007,19,2,9,960,120,1080,240,974,134,1066,226,17,8464,0.002008506616257089,0.2008506616257089,71.64705657958984,86.0,14,True,True,True
4,Day 4,7,Tray 7,DJI_20260622122752_0007,20,2,10,1080,120,1200,240,1094,134,1186,226,0,8464,0.0,0.0,0.0,0.0,0,False,False,True
4,Day 4,7,Tray 7,DJI_20260622122752_0007,21,3,1,0,240,120,360,14,254,106,346,0,8464,0.0,0.0,0.0,0.0,0,False,False,False
4,Day 4,7,Tray 7,DJI_20260622122752_0007,22,3,2,120,240,240,360,134,254,226,346,34,8464,0.004017013232514178,0.4017013232514178,86.38235473632812,108.0,22,True,False,True
4,Day 4,7,Tray 7,DJI_20260622122752_0007,23,3,3,240,240,360,360,254,254,346,346,17,8464,0.002008506616257089,0.2008506616257089,84.82353210449219,103.0,13,True,False,True
4,Day 4,7,Tray 7,DJI_20260622122752_0007,24,3,4,360,240,480,360,374,254,466,346,0,8464,0.0,0.0,0.0,0.0,0,False,False,True
4,Day 4,7,Tray 7,DJI_20260622122752_0007,25,3,5,480,240,600,360,494,254,586,346,107,8464,0.012641776937618147,1.2641776937618148,78.4299087524414,111.0,60,True,False,True
4,Day 4,7,Tray 7,DJI_20260622122752_0007,26,3,6,600,240,720,360,614,254,706,346,0,8464,0.0,0.0,0.0,0.0,0,False,False,False
4,Day 4,7,Tray 7,DJI_20260622122752_0007,27,3,7,720,240,840,360,734,254,826,346,0,8464,0.0,0.0,0.0,0.0,0,False,False,True
4,Day 4,7,Tray 7,DJI_20260622122752_0007,28,3,8,840,240,960,360,854,254,946,346,0,8464,0.0,0.0,0.0,0.0,0,False,False,True
4,Day 4,7,Tray 7,DJI_20260622122752_0007,29,3,9,960,240,1080,360,974,254,1066,346,86,8464,0.010160680529300567,1.0160680529300568,86.60465240478516,123.0,86,True,False,True
4,Day 4,7,Tray 7,DJI_20260622122752_0007,30,3,10,1080,240,1200,360,1094,254,1186,346,0,8464,0.0,0.0,0.0,0.0,0,False,False,True
4,Day 4,7,Tray 7,DJI_20260622122752_0007,31,4,1,0,360,120,480,14,374,106,466,0,8464,0.0,0.0,0.0,0.0,0,False,False,True
4,Day 4,7,Tray 7,DJI_20260622122752_0007,32,4,2,120,360,240,480,134,374,226,466,0,8464,0.0,0.0,0.0,0.0,0,False,False,True
4,Day 4,7,Tray 7,DJI_20260622122752_0007,33,4,3,240,360,360,480,254,374,346,466,0,8464,0.0,0.0,0.0,0.0,0,False,False,False
4,Day 4,7,Tray 7,DJI_20260622122752_0007,34,4,4,360,360,480,480,374,374,466,466,0,8464,0.0,0.0,0.0,0.0,0,False,False,True
4,Day 4,7,Tray 7,DJI_20260622122752_0007,35,4,5,480,360,600,480,494,374,586,466,168,8464,0.01984877126654064,1.9848771266540641,88.76786041259766,116.0,168,True,False,True
4,Day 4,7,Tray 7,DJI_20260622122752_0007,36,4,6,600,360,720,480,614,374,706,466,229,8464,0.02705576559546314,2.705576559546314,89.73799133300781,131.0,229,True,False,True
4,Day 4,7,Tray 7,DJI_20260622122752_0007,37,4,7,720,360,840,480,734,374,826,466,0,8464,0.0,0.0,0.0,0.0,0,False,False,False
4,Day 4,7,Tray 7,DJI_20260622122752_0007,38,4,8,840,360,960,480,854,374,946,466,0,8464,0.0,0.0,0.0,0.0,0,False,False,False
4,Day 4,7,Tray 7,DJI_20260622122752_0007,39,4,9,960,360,1080,480,974,374,1066,466,0,8464,0.0,0.0,0.0,0.0,0,False,False,False
4,Day 4,7,Tray 7,DJI_20260622122752_0007,40,4,10,1080,360,1200,480,1094,374,1186,466,0,8464,0.0,0.0,0.0,0.0,0,False,False,True
4,Day 4,7,Tray 7,DJI_20260622122752_0007,41,5,1,0,480,120,600,14,494,106,586,0,8464,0.0,0.0,0.0,0.0,0,False,False,False
4,Day 4,7,Tray 7,DJI_20260622122752_0007,42,5,2,120,480,240,600,134,494,226,586,70,8464,0.0082703213610586,0.82703213610586,87.31428527832031,127.0,51,True,False,True
4,Day 4,7,Tray 7,DJI_20260622122752_0007,43,5,3,240,480,360,600,254,494,346,586,0,8464,0.0,0.0,0.0,0.0,0,False,False,True
4,Day 4,7,Tray 7,DJI_20260622122752_0007,44,5,4,360,480,480,600,374,494,466,586,229,8464,0.02705576559546314,2.705576559546314,94.8427963256836,123.0,229,True,False,True
4,Day 4,7,Tray 7,DJI_20260622122752_0007,45,5,5,480,480,600,600,494,494,586,586,0,8464,0.0,0.0,0.0,0.0,0,False,False,False
4,Day 4,7,Tray 7,DJI_20260622122752_0007,46,5,6,600,480,720,600,614,494,706,586,0,8464,0.0,0.0,0.0,0.0,0,False,False,False
4,Day 4,7,Tray 7,DJI_20260622122752_0007,47,5,7,720,480,840,600,734,494,826,586,0,8464,0.0,0.0,0.0,0.0,0,False,False,False
4,Day 4,7,Tray 7,DJI_20260622122752_0007,48,5,8,840,480,960,600,854,494,946,586,0,8464,0.0,0.0,0.0,0.0,0,False,False,False
4,Day 4,7,Tray 7,DJI_20260622122752_0007,49,5,9,960,480,1080,600,974,494,1066,586,24,8464,0.002835538752362949,0.28355387523629494,81.04166412353516,93.0,16,True,False,True
4,Day 4,7,Tray 7,DJI_20260622122752_0007,50,5,10,1080,480,1200,600,1094,494,1186,586,0,8464,0.0,0.0,0.0,0.0,0,False,False,True
4,Day 4,7,Tray 7,DJI_20260622122752_0007,51,6,1,0,600,120,720,14,614,106,706,0,8464,0.0,0.0,0.0,0.0,0,False,False,False
4,Day 4,7,Tray 7,DJI_20260622122752_0007,52,6,2,120,600,240,720,134,614,226,706,0,8464,0.0,0.0,0.0,0.0,0,False,False,False
4,Day 4,7,Tray 7,DJI_20260622122752_0007,53,6,3,240,600,360,720,254,614,346,706,100,8464,0.011814744801512287,1.1814744801512287,70.18000030517578,113.0,100,True,False,True
4,Day 4,7,Tray 7,DJI_20260622122752_0007,54,6,4,360,600,480,720,374,614,466,706,0,8464,0.0,0.0,0.0,0.0,0,False,False,False
4,Day 4,7,Tray 7,DJI_20260622122752_0007,55,6,5,480,600,600,720,494,614,586,706,0,8464,0.0,0.0,0.0,0.0,0,False,False,True
4,Day 4,7,Tray 7,DJI_20260622122752_0007,56,6,6,600,600,720,720,614,614,706,706,0,8464,0.0,0.0,0.0,0.0,0,False,False,False
4,Day 4,7,Tray 7,DJI_20260622122752_0007,57,6,7,720,600,840,720,734,614,826,706,0,8464,0.0,0.0,0.0,0.0,0,False,False,False
4,Day 4,7,Tray 7,DJI_20260622122752_0007,58,6,8,840,600,960,720,854,614,946,706,0,8464,0.0,0.0,0.0,0.0,0,False,False,False
4,Day 4,7,Tray 7,DJI_20260622122752_0007,59,6,9,960,600,1080,720,974,614,1066,706,0,8464,0.0,0.0,0.0,0.0,0,False,False,False
4,Day 4,7,Tray 7,DJI_20260622122752_0007,60,6,10,1080,600,1200,720,1094,614,1186,706,0,8464,0.0,0.0,0.0,0.0,0,False,False,False
4,Day 4,7,Tray 7,DJI_20260622122752_0007,61,7,1,0,720,120,840,14,734,106,826,170,8464,0.02008506616257089,2.008506616257089,96.5058822631836,124.0,170,True,False,True
4,Day 4,7,Tray 7,DJI_20260622122752_0007,62,7,2,120,720,240,840,134,734,226,826,0,8464,0.0,0.0,0.0,0.0,0,False,False,False
4,Day 4,7,Tray 7,DJI_20260622122752_0007,63,7,3,240,720,360,840,254,734,346,826,0,8464,0.0,0.0,0.0,0.0,0,False,False,False
4,Day 4,7,Tray 7,DJI_20260622122752_0007,64,7,4,360,720,480,840,374,734,466,826,97,8464,0.011460302457466919,1.146030245746692,75.13401794433594,115.0,71,True,False,True
4,Day 4,7,Tray 7,DJI_20260622122752_0007,65,7,5,480,720,600,840,494,734,586,826,0,8464,0.0,0.0,0.0,0.0,0,False,False,False
4,Day 4,7,Tray 7,DJI_20260622122752_0007,66,7,6,600,720,720,840,614,734,706,826,68,8464,0.008034026465028356,0.8034026465028355,65.45587921142578,80.0,66,True,False,True
4,Day 4,7,Tray 7,DJI_20260622122752_0007,67,7,7,720,720,840,840,734,734,826,826,41,8464,0.004844045368620038,0.4844045368620038,83.73170471191406,111.0,41,True,False,True
4,Day 4,7,Tray 7,DJI_20260622122752_0007,68,7,8,840,720,960,840,854,734,946,826,0,8464,0.0,0.0,0.0,0.0,0,False,False,False
4,Day 4,7,Tray 7,DJI_20260622122752_0007,69,7,9,960,720,1080,840,974,734,1066,826,0,8464,0.0,0.0,0.0,0.0,0,False,False,False
4,Day 4,7,Tray 7,DJI_20260622122752_0007,70,7,10,1080,720,1200,840,1094,734,1186,826,8,8464,0.000945179584120983,0.0945179584120983,73.875,107.0,6,False,False,False
4,Day 4,8,Tray 8,DJI_20260622122838_0008,1,1,1,0,0,120,120,14,14,106,106,0,8464,0.0,0.0,0.0,0.0,0,False,False,True
4,Day 4,8,Tray 8,DJI_20260622122838_0008,2,1,2,120,0,240,120,134,14,226,106,115,8464,0.01358695652173913,1.358695652173913,108.52173614501953,131.0,115,True,False,True
4,Day 4,8,Tray 8,DJI_20260622122838_0008,3,1,3,240,0,360,120,254,14,346,106,0,8464,0.0,0.0,0.0,0.0,0,False,False,False
4,Day 4,8,Tray 8,DJI_20260622122838_0008,4,1,4,360,0,480,120,374,14,466,106,40,8464,0.004725897920604915,0.4725897920604915,88.55000305175781,114.0,36,True,False,True
4,Day 4,8,Tray 8,DJI_20260622122838_0008,5,1,5,480,0,600,120,494,14,586,106,220,8464,0.02599243856332703,2.599243856332703,99.87727355957031,131.0,220,True,False,True
4,Day 4,8,Tray 8,DJI_20260622122838_0008,6,1,6,600,0,720,120,614,14,706,106,248,8464,0.02930056710775047,2.9300567107750473,105.38710021972656,135.0,248,True,False,True
4,Day 4,8,Tray 8,DJI_20260622122838_0008,7,1,7,720,0,840,120,734,14,826,106,0,8464,0.0,0.0,0.0,0.0,0,False,False,False
4,Day 4,8,Tray 8,DJI_20260622122838_0008,8,1,8,840,0,960,120,854,14,946,106,0,8464,0.0,0.0,0.0,0.0,0,False,False,False
4,Day 4,8,Tray 8,DJI_20260622122838_0008,9,1,9,960,0,1080,120,974,14,1066,106,634,8464,0.0749054820415879,7.49054820415879,106.68611907958984,149.0,477,True,False,True
4,Day 4,8,Tray 8,DJI_20260622122838_0008,10,1,10,1080,0,1200,120,1094,14,1186,106,0,8464,0.0,0.0,0.0,0.0,0,False,False,False
4,Day 4,8,Tray 8,DJI_20260622122838_0008,11,2,1,0,120,120,240,14,134,106,226,0,8464,0.0,0.0,0.0,0.0,0,False,False,False
4,Day 4,8,Tray 8,DJI_20260622122838_0008,12,2,2,120,120,240,240,134,134,226,226,0,8464,0.0,0.0,0.0,0.0,0,False,False,False
4,Day 4,8,Tray 8,DJI_20260622122838_0008,13,2,3,240,120,360,240,254,134,346,226,36,8464,0.004253308128544423,0.42533081285444235,92.25,122.0,33,True,True,True
4,Day 4,8,Tray 8,DJI_20260622122838_0008,14,2,4,360,120,480,240,374,134,466,226,0,8464,0.0,0.0,0.0,0.0,0,False,False,False
4,Day 4,8,Tray 8,DJI_20260622122838_0008,15,2,5,480,120,600,240,494,134,586,226,535,8464,0.06320888468809074,6.320888468809074,96.0,134.0,535,True,False,True
4,Day 4,8,Tray 8,DJI_20260622122838_0008,16,2,6,600,120,720,240,614,134,706,226,321,8464,0.037925330812854444,3.7925330812854443,100.62305450439453,135.0,321,True,False,True
4,Day 4,8,Tray 8,DJI_20260622122838_0008,17,2,7,720,120,840,240,734,134,826,226,0,8464,0.0,0.0,0.0,0.0,0,False,False,False
4,Day 4,8,Tray 8,DJI_20260622122838_0008,18,2,8,840,120,960,240,854,134,946,226,371,8464,0.04383270321361059,4.383270321361059,99.4609146118164,139.0,371,True,False,True
4,Day 4,8,Tray 8,DJI_20260622122838_0008,19,2,9,960,120,1080,240,974,134,1066,226,0,8464,0.0,0.0,0.0,0.0,0,False,False,False
4,Day 4,8,Tray 8,DJI_20260622122838_0008,20,2,10,1080,120,1200,240,1094,134,1186,226,0,8464,0.0,0.0,0.0,0.0,0,False,False,True
4,Day 4,8,Tray 8,DJI_20260622122838_0008,21,3,1,0,240,120,360,14,254,106,346,499,8464,0.058955576559546315,5.895557655954631,99.53707122802734,135.0,499,True,False,True
4,Day 4,8,Tray 8,DJI_20260622122838_0008,22,3,2,120,240,240,360,134,254,226,346,0,8464,0.0,0.0,0.0,0.0,0,False,False,False
4,Day 4,8,Tray 8,DJI_20260622122838_0008,23,3,3,240,240,360,360,254,254,346,346,26,8464,0.0030718336483931945,0.30718336483931946,99.88461303710938,122.0,26,True,True,True
4,Day 4,8,Tray 8,DJI_20260622122838_0008,24,3,4,360,240,480,360,374,254,466,346,90,8464,0.010633270321361058,1.0633270321361057,83.5888900756836,104.0,90,True,True,True
4,Day 4,8,Tray 8,DJI_20260622122838_0008,25,3,5,480,240,600,360,494,254,586,346,237,8464,0.02800094517958412,2.8000945179584122,109.0,152.0,123,True,False,True
4,Day 4,8,Tray 8,DJI_20260622122838_0008,26,3,6,600,240,720,360,614,254,706,346,738,8464,0.08719281663516068,8.719281663516067,106.45392608642578,135.0,738,True,False,True
4,Day 4,8,Tray 8,DJI_20260622122838_0008,27,3,7,720,240,840,360,734,254,826,346,0,8464,0.0,0.0,0.0,0.0,0,False,False,False
4,Day 4,8,Tray 8,DJI_20260622122838_0008,28,3,8,840,240,960,360,854,254,946,346,0,8464,0.0,0.0,0.0,0.0,0,False,False,False
4,Day 4,8,Tray 8,DJI_20260622122838_0008,29,3,9,960,240,1080,360,974,254,1066,346,440,8464,0.05198487712665406,5.198487712665406,102.36363983154297,130.0,210,True,False,True
4,Day 4,8,Tray 8,DJI_20260622122838_0008,30,3,10,1080,240,1200,360,1094,254,1186,346,0,8464,0.0,0.0,0.0,0.0,0,False,False,False
4,Day 4,8,Tray 8,DJI_20260622122838_0008,31,4,1,0,360,120,480,14,374,106,466,0,8464,0.0,0.0,0.0,0.0,0,False,False,False
4,Day 4,8,Tray 8,DJI_20260622122838_0008,32,4,2,120,360,240,480,134,374,226,466,0,8464,0.0,0.0,0.0,0.0,0,False,False,False
4,Day 4,8,Tray 8,DJI_20260622122838_0008,33,4,3,240,360,360,480,254,374,346,466,0,8464,0.0,0.0,0.0,0.0,0,False,False,False
4,Day 4,8,Tray 8,DJI_20260622122838_0008,34,4,4,360,360,480,480,374,374,466,466,650,8464,0.07679584120982987,7.6795841209829865,106.8092269897461,135.0,650,True,False,True
4,Day 4,8,Tray 8,DJI_20260622122838_0008,35,4,5,480,360,600,480,494,374,586,466,144,8464,0.017013232514177693,1.7013232514177694,96.17361450195312,128.0,144,True,False,True
4,Day 4,8,Tray 8,DJI_20260622122838_0008,36,4,6,600,360,720,480,614,374,706,466,531,8464,0.06273629489603025,6.2736294896030245,100.92466735839844,131.0,531,True,False,True
4,Day 4,8,Tray 8,DJI_20260622122838_0008,37,4,7,720,360,840,480,734,374,826,466,451,8464,0.05328449905482042,5.328449905482042,96.8625259399414,139.0,451,True,False,True
4,Day 4,8,Tray 8,DJI_20260622122838_0008,38,4,8,840,360,960,480,854,374,946,466,0,8464,0.0,0.0,0.0,0.0,0,False,False,False
4,Day 4,8,Tray 8,DJI_20260622122838_0008,39,4,9,960,360,1080,480,974,374,1066,466,0,8464,0.0,0.0,0.0,0.0,0,False,False,False
4,Day 4,8,Tray 8,DJI_20260622122838_0008,40,4,10,1080,360,1200,480,1094,374,1186,466,321,8464,0.037925330812854444,3.7925330812854443,92.922119140625,124.0,263,True,False,True
4,Day 4,8,Tray 8,DJI_20260622122838_0008,41,5,1,0,480,120,600,14,494,106,586,66,8464,0.0077977315689981095,0.779773156899811,76.66666412353516,113.0,26,True,True,True
4,Day 4,8,Tray 8,DJI_20260622122838_0008,42,5,2,120,480,240,600,134,494,226,586,0,8464,0.0,0.0,0.0,0.0,0,False,False,False
4,Day 4,8,Tray 8,DJI_20260622122838_0008,43,5,3,240,480,360,600,254,494,346,586,1,8464,0.00011814744801512288,0.011814744801512287,40.0,40.0,1,False,False,False
4,Day 4,8,Tray 8,DJI_20260622122838_0008,44,5,4,360,480,480,600,374,494,466,586,561,8464,0.06628071833648393,6.628071833648392,99.65596771240234,131.0,561,True,False,True
4,Day 4,8,Tray 8,DJI_20260622122838_0008,45,5,5,480,480,600,600,494,494,586,586,0,8464,0.0,0.0,0.0,0.0,0,False,False,False
4,Day 4,8,Tray 8,DJI_20260622122838_0008,46,5,6,600,480,720,600,614,494,706,586,736,8464,0.08695652173913043,8.695652173913043,105.22418212890625,149.0,736,True,False,True
4,Day 4,8,Tray 8,DJI_20260622122838_0008,47,5,7,720,480,840,600,734,494,826,586,671,8464,0.07927693761814744,7.927693761814744,94.9642333984375,139.0,671,True,False,True
4,Day 4,8,Tray 8,DJI_20260622122838_0008,48,5,8,840,480,960,600,854,494,946,586,432,8464,0.05103969754253308,5.103969754253308,104.80323791503906,144.0,432,True,False,True
4,Day 4,8,Tray 8,DJI_20260622122838_0008,49,5,9,960,480,1080,600,974,494,1066,586,0,8464,0.0,0.0,0.0,0.0,0,False,False,False
4,Day 4,8,Tray 8,DJI_20260622122838_0008,50,5,10,1080,480,1200,600,1094,494,1186,586,0,8464,0.0,0.0,0.0,0.0,0,False,False,False
4,Day 4,8,Tray 8,DJI_20260622122838_0008,51,6,1,0,600,120,720,14,614,106,706,237,8464,0.02800094517958412,2.8000945179584122,99.64134979248047,130.0,236,True,False,True
4,Day 4,8,Tray 8,DJI_20260622122838_0008,52,6,2,120,600,240,720,134,614,226,706,0,8464,0.0,0.0,0.0,0.0,0,False,False,False
4,Day 4,8,Tray 8,DJI_20260622122838_0008,53,6,3,240,600,360,720,254,614,346,706,0,8464,0.0,0.0,0.0,0.0,0,False,False,False
4,Day 4,8,Tray 8,DJI_20260622122838_0008,54,6,4,360,600,480,720,374,614,466,706,45,8464,0.005316635160680529,0.5316635160680528,60.28888702392578,78.0,45,True,True,True
4,Day 4,8,Tray 8,DJI_20260622122838_0008,55,6,5,480,600,600,720,494,614,586,706,90,8464,0.010633270321361058,1.0633270321361057,81.02222442626953,122.0,84,True,True,True
4,Day 4,8,Tray 8,DJI_20260622122838_0008,56,6,6,600,600,720,720,614,614,706,706,34,8464,0.004017013232514178,0.4017013232514178,100.5,134.0,34,True,False,True
4,Day 4,8,Tray 8,DJI_20260622122838_0008,57,6,7,720,600,840,720,734,614,826,706,108,8464,0.01275992438563327,1.275992438563327,97.5740737915039,125.0,108,True,False,True
4,Day 4,8,Tray 8,DJI_20260622122838_0008,58,6,8,840,600,960,720,854,614,946,706,137,8464,0.016186200378071832,1.618620037807183,79.74452209472656,118.0,137,True,False,True
4,Day 4,8,Tray 8,DJI_20260622122838_0008,59,6,9,960,600,1080,720,974,614,1066,706,0,8464,0.0,0.0,0.0,0.0,0,False,False,False
4,Day 4,8,Tray 8,DJI_20260622122838_0008,60,6,10,1080,600,1200,720,1094,614,1186,706,100,8464,0.011814744801512287,1.1814744801512287,91.51000213623047,117.0,63,True,True,True
4,Day 4,8,Tray 8,DJI_20260622122838_0008,61,7,1,0,720,120,840,14,734,106,826,32,8464,0.003780718336483932,0.3780718336483932,88.65625,118.0,32,True,True,True
4,Day 4,8,Tray 8,DJI_20260622122838_0008,62,7,2,120,720,240,840,134,734,226,826,0,8464,0.0,0.0,0.0,0.0,0,False,False,False
4,Day 4,8,Tray 8,DJI_20260622122838_0008,63,7,3,240,720,360,840,254,734,346,826,436,8464,0.05151228733459357,5.151228733459357,100.77523040771484,140.0,190,True,False,True
4,Day 4,8,Tray 8,DJI_20260622122838_0008,64,7,4,360,720,480,840,374,734,466,826,0,8464,0.0,0.0,0.0,0.0,0,False,False,False
4,Day 4,8,Tray 8,DJI_20260622122838_0008,65,7,5,480,720,600,840,494,734,586,826,858,8464,0.10137051039697542,10.137051039697543,107.28904724121094,135.0,858,True,False,True
4,Day 4,8,Tray 8,DJI_20260622122838_0008,66,7,6,600,720,720,840,614,734,706,826,0,8464,0.0,0.0,0.0,0.0,0,False,False,True
4,Day 4,8,Tray 8,DJI_20260622122838_0008,67,7,7,720,720,840,840,734,734,826,826,650,8464,0.07679584120982987,7.6795841209829865,107.6984634399414,135.0,632,True,False,True
4,Day 4,8,Tray 8,DJI_20260622122838_0008,68,7,8,840,720,960,840,854,734,946,826,0,8464,0.0,0.0,0.0,0.0,0,False,False,False
4,Day 4,8,Tray 8,DJI_20260622122838_0008,69,7,9,960,720,1080,840,974,734,1066,826,119,8464,0.014059546313799623,1.4059546313799622,101.48739624023438,122.0,119,True,False,True
4,Day 4,8,Tray 8,DJI_20260622122838_0008,70,7,10,1080,720,1200,840,1094,734,1186,826,0,8464,0.0,0.0,0.0,0.0,0,False,False,False
9,Day 9,1,Tray 1,DJI_20260627101229_0001,1,1,1,0,0,120,120,14,14,106,106,140,8464,0.0165406427221172,1.65406427221172,107.05714416503906,142.0,140,True,False,True
9,Day 9,1,Tray 1,DJI_20260627101229_0001,2,1,2,120,0,240,120,134,14,226,106,717,8464,0.0847117202268431,8.47117202268431,109.5076675415039,157.0,512,True,False,True
9,Day 9,1,Tray 1,DJI_20260627101229_0001,3,1,3,240,0,360,120,254,14,346,106,178,8464,0.02103024574669187,2.103024574669187,123.38201904296875,161.0,164,True,False,True
9,Day 9,1,Tray 1,DJI_20260627101229_0001,4,1,4,360,0,480,120,374,14,466,106,819,8464,0.09676275992438563,9.676275992438562,108.04762268066406,143.0,736,True,False,True
9,Day 9,1,Tray 1,DJI_20260627101229_0001,5,1,5,480,0,600,120,494,14,586,106,0,8464,0.0,0.0,0.0,0.0,0,False,False,False
9,Day 9,1,Tray 1,DJI_20260627101229_0001,6,1,6,600,0,720,120,614,14,706,106,89,8464,0.010515122873345936,1.0515122873345935,77.5505599975586,109.0,89,True,True,True
9,Day 9,1,Tray 1,DJI_20260627101229_0001,7,1,7,720,0,840,120,734,14,826,106,3,8464,0.00035444234404536864,0.03544423440453687,66.33333587646484,72.0,3,False,False,False
9,Day 9,1,Tray 1,DJI_20260627101229_0001,8,1,8,840,0,960,120,854,14,946,106,0,8464,0.0,0.0,0.0,0.0,0,False,False,False
9,Day 9,1,Tray 1,DJI_20260627101229_0001,9,1,9,960,0,1080,120,974,14,1066,106,0,8464,0.0,0.0,0.0,0.0,0,False,False,False
9,Day 9,1,Tray 1,DJI_20260627101229_0001,10,1,10,1080,0,1200,120,1094,14,1186,106,5,8464,0.0005907372400756144,0.05907372400756144,73.80000305175781,87.0,5,False,False,False
9,Day 9,1,Tray 1,DJI_20260627101229_0001,11,2,1,0,120,120,240,14,134,106,226,0,8464,0.0,0.0,0.0,0.0,0,False,False,False
9,Day 9,1,Tray 1,DJI_20260627101229_0001,12,2,2,120,120,240,240,134,134,226,226,0,8464,0.0,0.0,0.0,0.0,0,False,False,False
9,Day 9,1,Tray 1,DJI_20260627101229_0001,13,2,3,240,120,360,240,254,134,346,226,0,8464,0.0,0.0,0.0,0.0,0,False,False,False
9,Day 9,1,Tray 1,DJI_20260627101229_0001,14,2,4,360,120,480,240,374,134,466,226,92,8464,0.010869565217391304,1.0869565217391304,104.68478393554688,124.0,92,True,True,True
9,Day 9,1,Tray 1,DJI_20260627101229_0001,15,2,5,480,120,600,240,494,134,586,226,914,8464,0.10798676748582231,10.798676748582231,105.21553802490234,151.0,914,True,False,True
9,Day 9,1,Tray 1,DJI_20260627101229_0001,16,2,6,600,120,720,240,614,134,706,226,209,8464,0.02469281663516068,2.469281663516068,95.74641418457031,128.0,189,True,False,True
9,Day 9,1,Tray 1,DJI_20260627101229_0001,17,2,7,720,120,840,240,734,134,826,226,0,8464,0.0,0.0,0.0,0.0,0,False,False,False
9,Day 9,1,Tray 1,DJI_20260627101229_0001,18,2,8,840,120,960,240,854,134,946,226,82,8464,0.009688090737240076,0.9688090737240076,99.19512176513672,147.0,82,True,True,True
9,Day 9,1,Tray 1,DJI_20260627101229_0001,19,2,9,960,120,1080,240,974,134,1066,226,0,8464,0.0,0.0,0.0,0.0,0,False,False,False
9,Day 9,1,Tray 1,DJI_20260627101229_0001,20,2,10,1080,120,1200,240,1094,134,1186,226,0,8464,0.0,0.0,0.0,0.0,0,False,False,True
9,Day 9,1,Tray 1,DJI_20260627101229_0001,21,3,1,0,240,120,360,14,254,106,346,1184,8464,0.13988657844990549,13.988657844990549,107.40962982177734,142.0,1017,True,False,True
9,Day 9,1,Tray 1,DJI_20260627101229_0001,22,3,2,120,240,240,360,134,254,226,346,0,8464,0.0,0.0,0.0,0.0,0,False,False,False
9,Day 9,1,Tray 1,DJI_20260627101229_0001,23,3,3,240,240,360,360,254,254,346,346,1026,8464,0.12121928166351607,12.121928166351607,100.24366760253906,143.0,1025,True,False,True
9,Day 9,1,Tray 1,DJI_20260627101229_0001,24,3,4,360,240,480,360,374,254,466,346,0,8464,0.0,0.0,0.0,0.0,0,False,False,False
9,Day 9,1,Tray 1,DJI_20260627101229_0001,25,3,5,480,240,600,360,494,254,586,346,1,8464,0.00011814744801512288,0.011814744801512287,54.0,54.0,1,False,False,False
9,Day 9,1,Tray 1,DJI_20260627101229_0001,26,3,6,600,240,720,360,614,254,706,346,452,8464,0.05340264650283554,5.3402646502835545,98.91150665283203,142.0,452,True,False,True
9,Day 9,1,Tray 1,DJI_20260627101229_0001,27,3,7,720,240,840,360,734,254,826,346,350,8464,0.041351606805293005,4.1351606805293,108.84285736083984,142.0,350,True,False,True
9,Day 9,1,Tray 1,DJI_20260627101229_0001,28,3,8,840,240,960,360,854,254,946,346,413,8464,0.04879489603024575,4.879489603024575,100.94188690185547,141.0,413,True,False,True
9,Day 9,1,Tray 1,DJI_20260627101229_0001,29,3,9,960,240,1080,360,974,254,1066,346,0,8464,0.0,0.0,0.0,0.0,0,False,False,False
9,Day 9,1,Tray 1,DJI_20260627101229_0001,30,3,10,1080,240,1200,360,1094,254,1186,346,809,8464,0.0955812854442344,9.55812854442344,108.72187805175781,155.0,751,True,False,True
9,Day 9,1,Tray 1,DJI_20260627101229_0001,31,4,1,0,360,120,480,14,374,106,466,8,8464,0.000945179584120983,0.0945179584120983,58.75,78.0,8,False,False,False
9,Day 9,1,Tray 1,DJI_20260627101229_0001,32,4,2,120,360,240,480,134,374,226,466,0,8464,0.0,0.0,0.0,0.0,0,False,False,False
9,Day 9,1,Tray 1,DJI_20260627101229_0001,33,4,3,240,360,360,480,254,374,346,466,128,8464,0.015122873345935728,1.5122873345935728,90.2890625,135.0,128,True,True,True
9,Day 9,1,Tray 1,DJI_20260627101229_0001,34,4,4,360,360,480,480,374,374,466,466,0,8464,0.0,0.0,0.0,0.0,0,False,False,False
9,Day 9,1,Tray 1,DJI_20260627101229_0001,35,4,5,480,360,600,480,494,374,586,466,0,8464,0.0,0.0,0.0,0.0,0,False,False,False
9,Day 9,1,Tray 1,DJI_20260627101229_0001,36,4,6,600,360,720,480,614,374,706,466,139,8464,0.01642249527410208,1.642249527410208,101.43165588378906,131.0,121,True,False,True
9,Day 9,1,Tray 1,DJI_20260627101229_0001,37,4,7,720,360,840,480,734,374,826,466,309,8464,0.03650756143667297,3.650756143667297,107.21359252929688,139.0,165,True,False,True
9,Day 9,1,Tray 1,DJI_20260627101229_0001,38,4,8,840,360,960,480,854,374,946,466,263,8464,0.031072778827977314,3.107277882797731,100.74144744873047,139.0,263,True,False,True
9,Day 9,1,Tray 1,DJI_20260627101229_0001,39,4,9,960,360,1080,480,974,374,1066,466,187,8464,0.022093572778827977,2.2093572778827975,105.71122741699219,128.0,187,True,False,True
9,Day 9,1,Tray 1,DJI_20260627101229_0001,40,4,10,1080,360,1200,480,1094,374,1186,466,21,8464,0.00248109640831758,0.24810964083175802,77.71428680419922,115.0,18,True,True,True
9,Day 9,1,Tray 1,DJI_20260627101229_0001,41,5,1,0,480,120,600,14,494,106,586,784,8464,0.09262759924385633,9.262759924385634,102.53316497802734,158.0,473,True,False,True
9,Day 9,1,Tray 1,DJI_20260627101229_0001,42,5,2,120,480,240,600,134,494,226,586,0,8464,0.0,0.0,0.0,0.0,0,False,False,False
9,Day 9,1,Tray 1,DJI_20260627101229_0001,43,5,3,240,480,360,600,254,494,346,586,0,8464,0.0,0.0,0.0,0.0,0,False,False,False
9,Day 9,1,Tray 1,DJI_20260627101229_0001,44,5,4,360,480,480,600,374,494,466,586,176,8464,0.020793950850661626,2.0793950850661624,83.84658813476562,139.0,130,True,False,True
9,Day 9,1,Tray 1,DJI_20260627101229_0001,45,5,5,480,480,600,600,494,494,586,586,224,8464,0.026465028355387523,2.6465028355387523,102.77678680419922,146.0,193,True,True,True
9,Day 9,1,Tray 1,DJI_20260627101229_0001,46,5,6,600,480,720,600,614,494,706,586,1189,8464,0.1404773156899811,14.04773156899811,102.85449981689453,139.0,1189,True,False,True
9,Day 9,1,Tray 1,DJI_20260627101229_0001,47,5,7,720,480,840,600,734,494,826,586,359,8464,0.042414933837429114,4.241493383742911,91.56546020507812,124.0,359,True,False,True
9,Day 9,1,Tray 1,DJI_20260627101229_0001,48,5,8,840,480,960,600,854,494,946,586,0,8464,0.0,0.0,0.0,0.0,0,False,False,False
9,Day 9,1,Tray 1,DJI_20260627101229_0001,49,5,9,960,480,1080,600,974,494,1066,586,0,8464,0.0,0.0,0.0,0.0,0,False,False,False
9,Day 9,1,Tray 1,DJI_20260627101229_0001,50,5,10,1080,480,1200,600,1094,494,1186,586,0,8464,0.0,0.0,0.0,0.0,0,False,False,False
9,Day 9,1,Tray 1,DJI_20260627101229_0001,51,6,1,0,600,120,720,14,614,106,706,0,8464,0.0,0.0,0.0,0.0,0,False,False,False
9,Day 9,1,Tray 1,DJI_20260627101229_0001,52,6,2,120,600,240,720,134,614,226,706,0,8464,0.0,0.0,0.0,0.0,0,False,False,False
9,Day 9,1,Tray 1,DJI_20260627101229_0001,53,6,3,240,600,360,720,254,614,346,706,317,8464,0.03745274102079395,3.745274102079395,105.09779357910156,140.0,317,True,False,True
9,Day 9,1,Tray 1,DJI_20260627101229_0001,54,6,4,360,600,480,720,374,614,466,706,0,8464,0.0,0.0,0.0,0.0,0,False,False,False
9,Day 9,1,Tray 1,DJI_20260627101229_0001,55,6,5,480,600,600,720,494,614,586,706,1128,8464,0.1332703213610586,13.32703213610586,108.90957641601562,146.0,1070,True,False,True
9,Day 9,1,Tray 1,DJI_20260627101229_0001,56,6,6,600,600,720,720,614,614,706,706,0,8464,0.0,0.0,0.0,0.0,0,False,False,False
9,Day 9,1,Tray 1,DJI_20260627101229_0001,57,6,7,720,600,840,720,734,614,826,706,1798,8464,0.21242911153119093,21.242911153119092,110.25138854980469,152.0,1798,True,False,True
9,Day 9,1,Tray 1,DJI_20260627101229_0001,58,6,8,840,600,960,720,854,614,946,706,0,8464,0.0,0.0,0.0,0.0,0,False,False,False
9,Day 9,1,Tray 1,DJI_20260627101229_0001,59,6,9,960,600,1080,720,974,614,1066,706,0,8464,0.0,0.0,0.0,0.0,0,False,False,False
9,Day 9,1,Tray 1,DJI_20260627101229_0001,60,6,10,1080,600,1200,720,1094,614,1186,706,103,8464,0.012169187145557656,1.2169187145557656,83.11650848388672,136.0,61,True,True,True
9,Day 9,1,Tray 1,DJI_20260627101229_0001,61,7,1,0,720,120,840,14,734,106,826,0,8464,0.0,0.0,0.0,0.0,0,False,False,False
9,Day 9,1,Tray 1,DJI_20260627101229_0001,62,7,2,120,720,240,840,134,734,226,826,510,8464,0.060255198487712665,6.025519848771267,108.062744140625,150.0,510,True,False,True
9,Day 9,1,Tray 1,DJI_20260627101229_0001,63,7,3,240,720,360,840,254,734,346,826,0,8464,0.0,0.0,0.0,0.0,0,False,False,False
9,Day 9,1,Tray 1,DJI_20260627101229_0001,64,7,4,360,720,480,840,374,734,466,826,132,8464,0.015595463137996219,1.559546313799622,91.31818389892578,131.0,132,True,False,True
9,Day 9,1,Tray 1,DJI_20260627101229_0001,65,7,5,480,720,600,840,494,734,586,826,0,8464,0.0,0.0,0.0,0.0,0,False,False,False
9,Day 9,1,Tray 1,DJI_20260627101229_0001,66,7,6,600,720,720,840,614,734,706,826,1521,8464,0.1797022684310019,17.97022684310019,109.83695220947266,161.0,1127,True,False,True
9,Day 9,1,Tray 1,DJI_20260627101229_0001,67,7,7,720,720,840,840,734,734,826,826,0,8464,0.0,0.0,0.0,0.0,0,False,False,False
9,Day 9,1,Tray 1,DJI_20260627101229_0001,68,7,8,840,720,960,840,854,734,946,826,0,8464,0.0,0.0,0.0,0.0,0,False,False,False
9,Day 9,1,Tray 1,DJI_20260627101229_0001,69,7,9,960,720,1080,840,974,734,1066,826,303,8464,0.03579867674858223,3.579867674858223,79.80528259277344,127.0,303,True,False,True
9,Day 9,1,Tray 1,DJI_20260627101229_0001,70,7,10,1080,720,1200,840,1094,734,1186,826,129,8464,0.01524102079395085,1.524102079395085,113.71318054199219,136.0,129,True,False,True
9,Day 9,3,Tray 3,DJI_20260627101610_0003,1,1,1,0,0,120,120,14,14,106,106,11,8464,0.0012996219281663517,0.12996219281663515,74.90908813476562,93.0,11,False,False,True
9,Day 9,3,Tray 3,DJI_20260627101610_0003,2,1,2,120,0,240,120,134,14,226,106,496,8464,0.05860113421550094,5.8601134215500945,110.70161437988281,141.0,496,True,False,True
9,Day 9,3,Tray 3,DJI_20260627101610_0003,3,1,3,240,0,360,120,254,14,346,106,0,8464,0.0,0.0,0.0,0.0,0,False,False,False
9,Day 9,3,Tray 3,DJI_20260627101610_0003,4,1,4,360,0,480,120,374,14,466,106,154,8464,0.018194706994328923,1.8194706994328922,105.85713958740234,125.0,154,True,False,True
9,Day 9,3,Tray 3,DJI_20260627101610_0003,5,1,5,480,0,600,120,494,14,586,106,19,8464,0.0022448015122873348,0.22448015122873347,97.0526351928711,125.0,19,True,False,True
9,Day 9,3,Tray 3,DJI_20260627101610_0003,6,1,6,600,0,720,120,614,14,706,106,0,8464,0.0,0.0,0.0,0.0,0,False,False,False
9,Day 9,3,Tray 3,DJI_20260627101610_0003,7,1,7,720,0,840,120,734,14,826,106,0,8464,0.0,0.0,0.0,0.0,0,False,False,False
9,Day 9,3,Tray 3,DJI_20260627101610_0003,8,1,8,840,0,960,120,854,14,946,106,55,8464,0.006498109640831758,0.6498109640831757,97.78181457519531,122.0,55,True,True,True
9,Day 9,3,Tray 3,DJI_20260627101610_0003,9,1,9,960,0,1080,120,974,14,1066,106,368,8464,0.043478260869565216,4.3478260869565215,107.79076385498047,143.0,368,True,False,True
9,Day 9,3,Tray 3,DJI_20260627101610_0003,10,1,10,1080,0,1200,120,1094,14,1186,106,0,8464,0.0,0.0,0.0,0.0,0,False,False,False
9,Day 9,3,Tray 3,DJI_20260627101610_0003,11,2,1,0,120,120,240,14,134,106,226,170,8464,0.02008506616257089,2.008506616257089,103.6823501586914,127.0,170,True,True,True
9,Day 9,3,Tray 3,DJI_20260627101610_0003,12,2,2,120,120,240,240,134,134,226,226,0,8464,0.0,0.0,0.0,0.0,0,False,False,False
9,Day 9,3,Tray 3,DJI_20260627101610_0003,13,2,3,240,120,360,240,254,134,346,226,25,8464,0.002953686200378072,0.2953686200378072,74.31999969482422,105.0,25,True,False,True
9,Day 9,3,Tray 3,DJI_20260627101610_0003,14,2,4,360,120,480,240,374,134,466,226,0,8464,0.0,0.0,0.0,0.0,0,False,False,False
9,Day 9,3,Tray 3,DJI_20260627101610_0003,15,2,5,480,120,600,240,494,134,586,226,0,8464,0.0,0.0,0.0,0.0,0,False,False,True
9,Day 9,3,Tray 3,DJI_20260627101610_0003,16,2,6,600,120,720,240,614,134,706,226,0,8464,0.0,0.0,0.0,0.0,0,False,False,False
9,Day 9,3,Tray 3,DJI_20260627101610_0003,17,2,7,720,120,840,240,734,134,826,226,0,8464,0.0,0.0,0.0,0.0,0,False,False,False
9,Day 9,3,Tray 3,DJI_20260627101610_0003,18,2,8,840,120,960,240,854,134,946,226,0,8464,0.0,0.0,0.0,0.0,0,False,False,True
9,Day 9,3,Tray 3,DJI_20260627101610_0003,19,2,9,960,120,1080,240,974,134,1066,226,0,8464,0.0,0.0,0.0,0.0,0,False,False,False
9,Day 9,3,Tray 3,DJI_20260627101610_0003,20,2,10,1080,120,1200,240,1094,134,1186,226,0,8464,0.0,0.0,0.0,0.0,0,False,False,False
9,Day 9,3,Tray 3,DJI_20260627101610_0003,21,3,1,0,240,120,360,14,254,106,346,0,8464,0.0,0.0,0.0,0.0,0,False,False,True
9,Day 9,3,Tray 3,DJI_20260627101610_0003,22,3,2,120,240,240,360,134,254,226,346,180,8464,0.021266540642722116,2.1266540642722114,101.99444580078125,156.0,180,True,True,True
9,Day 9,3,Tray 3,DJI_20260627101610_0003,23,3,3,240,240,360,360,254,254,346,346,0,8464,0.0,0.0,0.0,0.0,0,False,False,False
9,Day 9,3,Tray 3,DJI_20260627101610_0003,24,3,4,360,240,480,360,374,254,466,346,531,8464,0.06273629489603025,6.2736294896030245,107.89265441894531,136.0,531,True,False,True
9,Day 9,3,Tray 3,DJI_20260627101610_0003,25,3,5,480,240,600,360,494,254,586,346,686,8464,0.08104914933837429,8.10491493383743,103.50874328613281,142.0,686,True,False,True
9,Day 9,3,Tray 3,DJI_20260627101610_0003,26,3,6,600,240,720,360,614,254,706,346,0,8464,0.0,0.0,0.0,0.0,0,False,False,True
9,Day 9,3,Tray 3,DJI_20260627101610_0003,27,3,7,720,240,840,360,734,254,826,346,0,8464,0.0,0.0,0.0,0.0,0,False,False,False
9,Day 9,3,Tray 3,DJI_20260627101610_0003,28,3,8,840,240,960,360,854,254,946,346,609,8464,0.07195179584120982,7.195179584120982,106.01477813720703,147.0,609,True,False,True
9,Day 9,3,Tray 3,DJI_20260627101610_0003,29,3,9,960,240,1080,360,974,254,1066,346,0,8464,0.0,0.0,0.0,0.0,0,False,False,False
9,Day 9,3,Tray 3,DJI_20260627101610_0003,30,3,10,1080,240,1200,360,1094,254,1186,346,0,8464,0.0,0.0,0.0,0.0,0,False,False,False
9,Day 9,3,Tray 3,DJI_20260627101610_0003,31,4,1,0,360,120,480,14,374,106,466,22,8464,0.0025992438563327033,0.2599243856332703,106.40908813476562,125.0,20,True,True,True
9,Day 9,3,Tray 3,DJI_20260627101610_0003,32,4,2,120,360,240,480,134,374,226,466,0,8464,0.0,0.0,0.0,0.0,0,False,False,False
9,Day 9,3,Tray 3,DJI_20260627101610_0003,33,4,3,240,360,360,480,254,374,346,466,37,8464,0.004371455576559546,0.43714555765595464,91.8108139038086,119.0,37,True,True,True
9,Day 9,3,Tray 3,DJI_20260627101610_0003,34,4,4,360,360,480,480,374,374,466,466,440,8464,0.05198487712665406,5.198487712665406,90.45909118652344,131.0,440,True,False,True
9,Day 9,3,Tray 3,DJI_20260627101610_0003,35,4,5,480,360,600,480,494,374,586,466,179,8464,0.021148393194706995,2.1148393194706996,94.22346496582031,129.0,179,True,False,True
9,Day 9,3,Tray 3,DJI_20260627101610_0003,36,4,6,600,360,720,480,614,374,706,466,4,8464,0.0004725897920604915,0.04725897920604915,74.0,75.0,4,False,False,True
9,Day 9,3,Tray 3,DJI_20260627101610_0003,37,4,7,720,360,840,480,734,374,826,466,0,8464,0.0,0.0,0.0,0.0,0,False,False,True
9,Day 9,3,Tray 3,DJI_20260627101610_0003,38,4,8,840,360,960,480,854,374,946,466,0,8464,0.0,0.0,0.0,0.0,0,False,False,False
9,Day 9,3,Tray 3,DJI_20260627101610_0003,39,4,9,960,360,1080,480,974,374,1066,466,17,8464,0.002008506616257089,0.2008506616257089,89.17646789550781,120.0,16,True,True,True
9,Day 9,3,Tray 3,DJI_20260627101610_0003,40,4,10,1080,360,1200,480,1094,374,1186,466,0,8464,0.0,0.0,0.0,0.0,0,False,False,True
9,Day 9,3,Tray 3,DJI_20260627101610_0003,41,5,1,0,480,120,600,14,494,106,586,0,8464,0.0,0.0,0.0,0.0,0,False,False,True
9,Day 9,3,Tray 3,DJI_20260627101610_0003,42,5,2,120,480,240,600,134,494,226,586,469,8464,0.05541115311909263,5.541115311909263,103.2921142578125,133.0,469,True,False,True
9,Day 9,3,Tray 3,DJI_20260627101610_0003,43,5,3,240,480,360,600,254,494,346,586,229,8464,0.02705576559546314,2.705576559546314,92.29694366455078,144.0,229,True,False,True
9,Day 9,3,Tray 3,DJI_20260627101610_0003,44,5,4,360,480,480,600,374,494,466,586,795,8464,0.09392722117202268,9.392722117202268,112.56226348876953,158.0,795,True,False,True
9,Day 9,3,Tray 3,DJI_20260627101610_0003,45,5,5,480,480,600,600,494,494,586,586,736,8464,0.08695652173913043,8.695652173913043,113.62228393554688,145.0,736,True,False,True
9,Day 9,3,Tray 3,DJI_20260627101610_0003,46,5,6,600,480,720,600,614,494,706,586,229,8464,0.02705576559546314,2.705576559546314,95.34061431884766,127.0,229,True,False,True
9,Day 9,3,Tray 3,DJI_20260627101610_0003,47,5,7,720,480,840,600,734,494,826,586,0,8464,0.0,0.0,0.0,0.0,0,False,False,True
9,Day 9,3,Tray 3,DJI_20260627101610_0003,48,5,8,840,480,960,600,854,494,946,586,0,8464,0.0,0.0,0.0,0.0,0,False,False,True
9,Day 9,3,Tray 3,DJI_20260627101610_0003,49,5,9,960,480,1080,600,974,494,1066,586,0,8464,0.0,0.0,0.0,0.0,0,False,False,False
9,Day 9,3,Tray 3,DJI_20260627101610_0003,50,5,10,1080,480,1200,600,1094,494,1186,586,209,8464,0.02469281663516068,2.469281663516068,115.58373260498047,141.0,208,True,False,True
9,Day 9,3,Tray 3,DJI_20260627101610_0003,51,6,1,0,600,120,720,14,614,106,706,0,8464,0.0,0.0,0.0,0.0,0,False,False,False
9,Day 9,3,Tray 3,DJI_20260627101610_0003,52,6,2,120,600,240,720,134,614,226,706,0,8464,0.0,0.0,0.0,0.0,0,False,False,False
9,Day 9,3,Tray 3,DJI_20260627101610_0003,53,6,3,240,600,360,720,254,614,346,706,451,8464,0.05328449905482042,5.328449905482042,105.5432357788086,140.0,451,True,False,True
9,Day 9,3,Tray 3,DJI_20260627101610_0003,54,6,4,360,600,480,720,374,614,466,706,0,8464,0.0,0.0,0.0,0.0,0,False,False,False
9,Day 9,3,Tray 3,DJI_20260627101610_0003,55,6,5,480,600,600,720,494,614,586,706,409,8464,0.04832230623818526,4.832230623818526,105.05134582519531,141.0,409,True,False,True
9,Day 9,3,Tray 3,DJI_20260627101610_0003,56,6,6,600,600,720,720,614,614,706,706,0,8464,0.0,0.0,0.0,0.0,0,False,False,False
9,Day 9,3,Tray 3,DJI_20260627101610_0003,57,6,7,720,600,840,720,734,614,826,706,322,8464,0.03804347826086957,3.804347826086957,115.15528106689453,160.0,320,True,False,True
9,Day 9,3,Tray 3,DJI_20260627101610_0003,58,6,8,840,600,960,720,854,614,946,706,2,8464,0.00023629489603024575,0.023629489603024575,100.5,118.0,2,False,False,True
9,Day 9,3,Tray 3,DJI_20260627101610_0003,59,6,9,960,600,1080,720,974,614,1066,706,0,8464,0.0,0.0,0.0,0.0,0,False,False,False
9,Day 9,3,Tray 3,DJI_20260627101610_0003,60,6,10,1080,600,1200,720,1094,614,1186,706,0,8464,0.0,0.0,0.0,0.0,0,False,False,False
9,Day 9,3,Tray 3,DJI_20260627101610_0003,61,7,1,0,720,120,840,14,734,106,826,0,8464,0.0,0.0,0.0,0.0,0,False,False,False
9,Day 9,3,Tray 3,DJI_20260627101610_0003,62,7,2,120,720,240,840,134,734,226,826,130,8464,0.015359168241965973,1.5359168241965973,92.97692108154297,116.0,130,True,False,True
9,Day 9,3,Tray 3,DJI_20260627101610_0003,63,7,3,240,720,360,840,254,734,346,826,0,8464,0.0,0.0,0.0,0.0,0,False,False,True
9,Day 9,3,Tray 3,DJI_20260627101610_0003,64,7,4,360,720,480,840,374,734,466,826,0,8464,0.0,0.0,0.0,0.0,0,False,False,False
9,Day 9,3,Tray 3,DJI_20260627101610_0003,65,7,5,480,720,600,840,494,734,586,826,0,8464,0.0,0.0,0.0,0.0,0,False,False,True
9,Day 9,3,Tray 3,DJI_20260627101610_0003,66,7,6,600,720,720,840,614,734,706,826,0,8464,0.0,0.0,0.0,0.0,0,False,False,False
9,Day 9,3,Tray 3,DJI_20260627101610_0003,67,7,7,720,720,840,840,734,734,826,826,0,8464,0.0,0.0,0.0,0.0,0,False,False,True
9,Day 9,3,Tray 3,DJI_20260627101610_0003,68,7,8,840,720,960,840,854,734,946,826,0,8464,0.0,0.0,0.0,0.0,0,False,False,False
9,Day 9,3,Tray 3,DJI_20260627101610_0003,69,7,9,960,720,1080,840,974,734,1066,826,113,8464,0.013350661625708886,1.3350661625708886,91.17699432373047,138.0,113,True,False,True
9,Day 9,3,Tray 3,DJI_20260627101610_0003,70,7,10,1080,720,1200,840,1094,734,1186,826,10,8464,0.0011814744801512287,0.11814744801512288,85.0999984741211,110.0,10,False,False,False
9,Day 9,5,Tray 5,DJI_20260627101808_0005,1,1,1,0,0,120,120,14,14,106,106,162,8464,0.019139886578449904,1.9139886578449905,95.24073791503906,127.0,162,True,True,True
9,Day 9,5,Tray 5,DJI_20260627101808_0005,2,1,2,120,0,240,120,134,14,226,106,0,8464,0.0,0.0,0.0,0.0,0,False,False,False
9,Day 9,5,Tray 5,DJI_20260627101808_0005,3,1,3,240,0,360,120,254,14,346,106,0,8464,0.0,0.0,0.0,0.0,0,False,False,False
9,Day 9,5,Tray 5,DJI_20260627101808_0005,4,1,4,360,0,480,120,374,14,466,106,0,8464,0.0,0.0,0.0,0.0,0,False,False,False
9,Day 9,5,Tray 5,DJI_20260627101808_0005,5,1,5,480,0,600,120,494,14,586,106,0,8464,0.0,0.0,0.0,0.0,0,False,False,True
9,Day 9,5,Tray 5,DJI_20260627101808_0005,6,1,6,600,0,720,120,614,14,706,106,319,8464,0.037689035916824196,3.7689035916824194,101.05015563964844,139.0,303,True,True,True
9,Day 9,5,Tray 5,DJI_20260627101808_0005,7,1,7,720,0,840,120,734,14,826,106,50,8464,0.005907372400756144,0.5907372400756143,104.0199966430664,134.0,50,True,True,True
9,Day 9,5,Tray 5,DJI_20260627101808_0005,8,1,8,840,0,960,120,854,14,946,106,0,8464,0.0,0.0,0.0,0.0,0,False,False,True
9,Day 9,5,Tray 5,DJI_20260627101808_0005,9,1,9,960,0,1080,120,974,14,1066,106,0,8464,0.0,0.0,0.0,0.0,0,False,False,False
9,Day 9,5,Tray 5,DJI_20260627101808_0005,10,1,10,1080,0,1200,120,1094,14,1186,106,0,8464,0.0,0.0,0.0,0.0,0,False,False,True
9,Day 9,5,Tray 5,DJI_20260627101808_0005,11,2,1,0,120,120,240,14,134,106,226,33,8464,0.0038988657844990547,0.3898865784499055,102.93939208984375,122.0,33,True,False,True
9,Day 9,5,Tray 5,DJI_20260627101808_0005,12,2,2,120,120,240,240,134,134,226,226,1398,8464,0.16517013232514177,16.517013232514177,102.68598175048828,142.0,798,True,False,True
9,Day 9,5,Tray 5,DJI_20260627101808_0005,13,2,3,240,120,360,240,254,134,346,226,516,8464,0.0609640831758034,6.09640831758034,104.75,144.0,516,True,False,True
9,Day 9,5,Tray 5,DJI_20260627101808_0005,14,2,4,360,120,480,240,374,134,466,226,809,8464,0.0955812854442344,9.55812854442344,103.71446228027344,135.0,809,True,False,True
9,Day 9,5,Tray 5,DJI_20260627101808_0005,15,2,5,480,120,600,240,494,134,586,226,1204,8464,0.14224952741020794,14.224952741020793,103.69351959228516,152.0,1204,True,False,True
9,Day 9,5,Tray 5,DJI_20260627101808_0005,16,2,6,600,120,720,240,614,134,706,226,2938,8464,0.347117202268431,34.7117202268431,108.44043731689453,146.0,2933,True,False,True
9,Day 9,5,Tray 5,DJI_20260627101808_0005,17,2,7,720,120,840,240,734,134,826,226,789,8464,0.09321833648393195,9.321833648393195,110.59188842773438,143.0,789,True,False,True
9,Day 9,5,Tray 5,DJI_20260627101808_0005,18,2,8,840,120,960,240,854,134,946,226,1487,8464,0.1756852551984877,17.56852551984877,105.44182586669922,145.0,1487,True,False,True
9,Day 9,5,Tray 5,DJI_20260627101808_0005,19,2,9,960,120,1080,240,974,134,1066,226,590,8464,0.0697069943289225,6.97069943289225,108.19491577148438,144.0,590,True,False,True
9,Day 9,5,Tray 5,DJI_20260627101808_0005,20,2,10,1080,120,1200,240,1094,134,1186,226,0,8464,0.0,0.0,0.0,0.0,0,False,False,False
9,Day 9,5,Tray 5,DJI_20260627101808_0005,21,3,1,0,240,120,360,14,254,106,346,265,8464,0.03130907372400756,3.130907372400756,112.53961944580078,144.0,265,True,False,True
9,Day 9,5,Tray 5,DJI_20260627101808_0005,22,3,2,120,240,240,360,134,254,226,346,384,8464,0.045368620037807186,4.536862003780719,95.984375,130.0,255,True,False,True
9,Day 9,5,Tray 5,DJI_20260627101808_0005,23,3,3,240,240,360,360,254,254,346,346,396,8464,0.04678638941398866,4.678638941398866,108.08838653564453,138.0,339,True,False,True
9,Day 9,5,Tray 5,DJI_20260627101808_0005,24,3,4,360,240,480,360,374,254,466,346,862,8464,0.10184310018903592,10.184310018903592,115.66705322265625,148.0,799,True,False,True
9,Day 9,5,Tray 5,DJI_20260627101808_0005,25,3,5,480,240,600,360,494,254,586,346,0,8464,0.0,0.0,0.0,0.0,0,False,False,True
9,Day 9,5,Tray 5,DJI_20260627101808_0005,26,3,6,600,240,720,360,614,254,706,346,1057,8464,0.12488185255198488,12.488185255198488,105.40113830566406,151.0,1053,True,False,True
9,Day 9,5,Tray 5,DJI_20260627101808_0005,27,3,7,720,240,840,360,734,254,826,346,649,8464,0.07667769376181474,7.667769376181474,108.79969024658203,149.0,649,True,False,True
9,Day 9,5,Tray 5,DJI_20260627101808_0005,28,3,8,840,240,960,360,854,254,946,346,190,8464,0.022448015122873345,2.2448015122873346,101.45789337158203,155.0,190,True,True,True
9,Day 9,5,Tray 5,DJI_20260627101808_0005,29,3,9,960,240,1080,360,974,254,1066,346,0,8464,0.0,0.0,0.0,0.0,0,False,False,True
9,Day 9,5,Tray 5,DJI_20260627101808_0005,30,3,10,1080,240,1200,360,1094,254,1186,346,0,8464,0.0,0.0,0.0,0.0,0,False,False,False
9,Day 9,5,Tray 5,DJI_20260627101808_0005,31,4,1,0,360,120,480,14,374,106,466,0,8464,0.0,0.0,0.0,0.0,0,False,False,False
9,Day 9,5,Tray 5,DJI_20260627101808_0005,32,4,2,120,360,240,480,134,374,226,466,0,8464,0.0,0.0,0.0,0.0,0,False,False,False
9,Day 9,5,Tray 5,DJI_20260627101808_0005,33,4,3,240,360,360,480,254,374,346,466,1457,8464,0.17214083175803402,17.214083175803403,107.20109558105469,142.0,1457,True,False,True
9,Day 9,5,Tray 5,DJI_20260627101808_0005,34,4,4,360,360,480,480,374,374,466,466,0,8464,0.0,0.0,0.0,0.0,0,False,False,True
9,Day 9,5,Tray 5,DJI_20260627101808_0005,35,4,5,480,360,600,480,494,374,586,466,17,8464,0.002008506616257089,0.2008506616257089,74.70587921142578,108.0,17,True,False,True
9,Day 9,5,Tray 5,DJI_20260627101808_0005,36,4,6,600,360,720,480,614,374,706,466,16,8464,0.001890359168241966,0.1890359168241966,84.625,109.0,16,True,False,True
9,Day 9,5,Tray 5,DJI_20260627101808_0005,37,4,7,720,360,840,480,734,374,826,466,0,8464,0.0,0.0,0.0,0.0,0,False,False,False
9,Day 9,5,Tray 5,DJI_20260627101808_0005,38,4,8,840,360,960,480,854,374,946,466,50,8464,0.005907372400756144,0.5907372400756143,64.13999938964844,85.0,49,True,False,True
9,Day 9,5,Tray 5,DJI_20260627101808_0005,39,4,9,960,360,1080,480,974,374,1066,466,564,8464,0.0666351606805293,6.66351606805293,115.9060287475586,140.0,564,True,False,True
9,Day 9,5,Tray 5,DJI_20260627101808_0005,40,4,10,1080,360,1200,480,1094,374,1186,466,282,8464,0.03331758034026465,3.331758034026465,119.06382751464844,148.0,235,True,True,True
9,Day 9,5,Tray 5,DJI_20260627101808_0005,41,5,1,0,480,120,600,14,494,106,586,491,8464,0.05801039697542533,5.801039697542533,111.15478515625,141.0,491,True,False,True
9,Day 9,5,Tray 5,DJI_20260627101808_0005,42,5,2,120,480,240,600,134,494,226,586,1156,8464,0.13657844990548204,13.657844990548204,109.07872009277344,144.0,544,True,False,True
9,Day 9,5,Tray 5,DJI_20260627101808_0005,43,5,3,240,480,360,600,254,494,346,586,0,8464,0.0,0.0,0.0,0.0,0,False,False,True
9,Day 9,5,Tray 5,DJI_20260627101808_0005,44,5,4,360,480,480,600,374,494,466,586,359,8464,0.042414933837429114,4.241493383742911,90.49024963378906,132.0,182,True,False,True
9,Day 9,5,Tray 5,DJI_20260627101808_0005,45,5,5,480,480,600,600,494,494,586,586,18,8464,0.0021266540642722116,0.21266540642722118,74.11111450195312,111.0,18,True,False,True
9,Day 9,5,Tray 5,DJI_20260627101808_0005,46,5,6,600,480,720,600,614,494,706,586,4,8464,0.0004725897920604915,0.04725897920604915,59.0,67.0,4,False,False,False
9,Day 9,5,Tray 5,DJI_20260627101808_0005,47,5,7,720,480,840,600,734,494,826,586,2435,8464,0.2876890359168242,28.76890359168242,108.65215301513672,157.0,2435,True,False,True
9,Day 9,5,Tray 5,DJI_20260627101808_0005,48,5,8,840,480,960,600,854,494,946,586,676,8464,0.07986767485822306,7.986767485822306,109.32839965820312,147.0,499,True,False,True
9,Day 9,5,Tray 5,DJI_20260627101808_0005,49,5,9,960,480,1080,600,974,494,1066,586,1207,8464,0.1426039697542533,14.26039697542533,122.13421630859375,169.0,1207,True,False,True
9,Day 9,5,Tray 5,DJI_20260627101808_0005,50,5,10,1080,480,1200,600,1094,494,1186,586,0,8464,0.0,0.0,0.0,0.0,0,False,False,False
9,Day 9,5,Tray 5,DJI_20260627101808_0005,51,6,1,0,600,120,720,14,614,106,706,0,8464,0.0,0.0,0.0,0.0,0,False,False,False
9,Day 9,5,Tray 5,DJI_20260627101808_0005,52,6,2,120,600,240,720,134,614,226,706,0,8464,0.0,0.0,0.0,0.0,0,False,False,True
9,Day 9,5,Tray 5,DJI_20260627101808_0005,53,6,3,240,600,360,720,254,614,346,706,438,8464,0.05174858223062382,5.174858223062382,115.25342559814453,134.0,438,True,False,True
9,Day 9,5,Tray 5,DJI_20260627101808_0005,54,6,4,360,600,480,720,374,614,466,706,1109,8464,0.13102551984877125,13.102551984877126,101.10820770263672,145.0,1109,True,False,True
9,Day 9,5,Tray 5,DJI_20260627101808_0005,55,6,5,480,600,600,720,494,614,586,706,1721,8464,0.20333175803402648,20.333175803402646,105.70307922363281,141.0,1518,True,False,True
9,Day 9,5,Tray 5,DJI_20260627101808_0005,56,6,6,600,600,720,720,614,614,706,706,847,8464,0.10007088846880907,10.007088846880908,112.05313110351562,143.0,847,True,False,True
9,Day 9,5,Tray 5,DJI_20260627101808_0005,57,6,7,720,600,840,720,734,614,826,706,0,8464,0.0,0.0,0.0,0.0,0,False,False,False
9,Day 9,5,Tray 5,DJI_20260627101808_0005,58,6,8,840,600,960,720,854,614,946,706,1,8464,0.00011814744801512288,0.011814744801512287,23.0,23.0,1,False,False,False
9,Day 9,5,Tray 5,DJI_20260627101808_0005,59,6,9,960,600,1080,720,974,614,1066,706,0,8464,0.0,0.0,0.0,0.0,0,False,False,True
9,Day 9,5,Tray 5,DJI_20260627101808_0005,60,6,10,1080,600,1200,720,1094,614,1186,706,0,8464,0.0,0.0,0.0,0.0,0,False,False,True
9,Day 9,5,Tray 5,DJI_20260627101808_0005,61,7,1,0,720,120,840,14,734,106,826,133,8464,0.015713610586011343,1.5713610586011344,104.75187683105469,140.0,133,True,True,True
9,Day 9,5,Tray 5,DJI_20260627101808_0005,62,7,2,120,720,240,840,134,734,226,826,65,8464,0.007679584120982986,0.7679584120982986,102.55384826660156,128.0,65,True,True,True
9,Day 9,5,Tray 5,DJI_20260627101808_0005,63,7,3,240,720,360,840,254,734,346,826,2071,8464,0.24468336483931946,24.468336483931946,104.05794525146484,135.0,1578,True,False,True
9,Day 9,5,Tray 5,DJI_20260627101808_0005,64,7,4,360,720,480,840,374,734,466,826,42,8464,0.00496219281663516,0.49621928166351603,104.61904907226562,122.0,42,True,True,True
9,Day 9,5,Tray 5,DJI_20260627101808_0005,65,7,5,480,720,600,840,494,734,586,826,638,8464,0.07537807183364839,7.537807183364839,110.75862121582031,142.0,622,True,True,True
9,Day 9,5,Tray 5,DJI_20260627101808_0005,66,7,6,600,720,720,840,614,734,706,826,439,8464,0.051866729678638944,5.1866729678638945,100.36446380615234,140.0,439,True,False,True
9,Day 9,5,Tray 5,DJI_20260627101808_0005,67,7,7,720,720,840,840,734,734,826,826,0,8464,0.0,0.0,0.0,0.0,0,False,False,False
9,Day 9,5,Tray 5,DJI_20260627101808_0005,68,7,8,840,720,960,840,854,734,946,826,867,8464,0.10243383742911154,10.243383742911154,110.53402709960938,145.0,867,True,False,True
9,Day 9,5,Tray 5,DJI_20260627101808_0005,69,7,9,960,720,1080,840,974,734,1066,826,502,8464,0.05931001890359168,5.931001890359168,118.362548828125,172.0,502,True,False,True
9,Day 9,5,Tray 5,DJI_20260627101808_0005,70,7,10,1080,720,1200,840,1094,734,1186,826,158,8464,0.018667296786389415,1.8667296786389416,110.082275390625,145.0,158,True,True,True
9,Day 9,6,Tray 6,DJI_20260627101858_0006,1,1,1,0,0,120,120,14,14,106,106,163,8464,0.01925803402646503,1.9258034026465027,114.65644073486328,152.0,163,True,True,True
9,Day 9,6,Tray 6,DJI_20260627101858_0006,2,1,2,120,0,240,120,134,14,226,106,0,8464,0.0,0.0,0.0,0.0,0,False,False,False
9,Day 9,6,Tray 6,DJI_20260627101858_0006,3,1,3,240,0,360,120,254,14,346,106,0,8464,0.0,0.0,0.0,0.0,0,False,False,False
9,Day 9,6,Tray 6,DJI_20260627101858_0006,4,1,4,360,0,480,120,374,14,466,106,504,8464,0.05954631379962193,5.954631379962192,112.14484405517578,149.0,504,True,False,True
9,Day 9,6,Tray 6,DJI_20260627101858_0006,5,1,5,480,0,600,120,494,14,586,106,689,8464,0.08140359168241966,8.140359168241966,122.86647033691406,156.0,689,True,False,True
9,Day 9,6,Tray 6,DJI_20260627101858_0006,6,1,6,600,0,720,120,614,14,706,106,0,8464,0.0,0.0,0.0,0.0,0,False,False,False
9,Day 9,6,Tray 6,DJI_20260627101858_0006,7,1,7,720,0,840,120,734,14,826,106,0,8464,0.0,0.0,0.0,0.0,0,False,False,False
9,Day 9,6,Tray 6,DJI_20260627101858_0006,8,1,8,840,0,960,120,854,14,946,106,0,8464,0.0,0.0,0.0,0.0,0,False,False,False
9,Day 9,6,Tray 6,DJI_20260627101858_0006,9,1,9,960,0,1080,120,974,14,1066,106,0,8464,0.0,0.0,0.0,0.0,0,False,False,False
9,Day 9,6,Tray 6,DJI_20260627101858_0006,10,1,10,1080,0,1200,120,1094,14,1186,106,0,8464,0.0,0.0,0.0,0.0,0,False,False,False
9,Day 9,6,Tray 6,DJI_20260627101858_0006,11,2,1,0,120,120,240,14,134,106,226,0,8464,0.0,0.0,0.0,0.0,0,False,False,False
9,Day 9,6,Tray 6,DJI_20260627101858_0006,12,2,2,120,120,240,240,134,134,226,226,66,8464,0.0077977315689981095,0.779773156899811,114.60606384277344,132.0,63,True,False,True
9,Day 9,6,Tray 6,DJI_20260627101858_0006,13,2,3,240,120,360,240,254,134,346,226,0,8464,0.0,0.0,0.0,0.0,0,False,False,True
9,Day 9,6,Tray 6,DJI_20260627101858_0006,14,2,4,360,120,480,240,374,134,466,226,0,8464,0.0,0.0,0.0,0.0,0,False,False,False
9,Day 9,6,Tray 6,DJI_20260627101858_0006,15,2,5,480,120,600,240,494,134,586,226,0,8464,0.0,0.0,0.0,0.0,0,False,False,True
9,Day 9,6,Tray 6,DJI_20260627101858_0006,16,2,6,600,120,720,240,614,134,706,226,249,8464,0.029418714555765595,2.9418714555765595,102.28915405273438,153.0,166,True,False,True
9,Day 9,6,Tray 6,DJI_20260627101858_0006,17,2,7,720,120,840,240,734,134,826,226,220,8464,0.02599243856332703,2.599243856332703,97.29090881347656,136.0,220,True,False,True
9,Day 9,6,Tray 6,DJI_20260627101858_0006,18,2,8,840,120,960,240,854,134,946,226,0,8464,0.0,0.0,0.0,0.0,0,False,False,True
9,Day 9,6,Tray 6,DJI_20260627101858_0006,19,2,9,960,120,1080,240,974,134,1066,226,55,8464,0.006498109640831758,0.6498109640831757,98.14545440673828,119.0,28,True,False,True
9,Day 9,6,Tray 6,DJI_20260627101858_0006,20,2,10,1080,120,1200,240,1094,134,1186,226,201,8464,0.0237476370510397,2.37476370510397,106.3880615234375,138.0,200,True,False,True
9,Day 9,6,Tray 6,DJI_20260627101858_0006,21,3,1,0,240,120,360,14,254,106,346,0,8464,0.0,0.0,0.0,0.0,0,False,False,False
9,Day 9,6,Tray 6,DJI_20260627101858_0006,22,3,2,120,240,240,360,134,254,226,346,35,8464,0.0041351606805293,0.41351606805293,109.82857513427734,146.0,28,True,True,True
9,Day 9,6,Tray 6,DJI_20260627101858_0006,23,3,3,240,240,360,360,254,254,346,346,0,8464,0.0,0.0,0.0,0.0,0,False,False,False
9,Day 9,6,Tray 6,DJI_20260627101858_0006,24,3,4,360,240,480,360,374,254,466,346,49,8464,0.0057892249527410206,0.5789224952741021,110.55101776123047,142.0,47,True,False,True
9,Day 9,6,Tray 6,DJI_20260627101858_0006,25,3,5,480,240,600,360,494,254,586,346,484,8464,0.05718336483931947,5.718336483931947,115.79338836669922,152.0,484,True,False,True
9,Day 9,6,Tray 6,DJI_20260627101858_0006,26,3,6,600,240,720,360,614,254,706,346,419,8464,0.049503780718336485,4.950378071833648,112.15274810791016,144.0,419,True,False,True
9,Day 9,6,Tray 6,DJI_20260627101858_0006,27,3,7,720,240,840,360,734,254,826,346,0,8464,0.0,0.0,0.0,0.0,0,False,False,False
9,Day 9,6,Tray 6,DJI_20260627101858_0006,28,3,8,840,240,960,360,854,254,946,346,0,8464,0.0,0.0,0.0,0.0,0,False,False,False
9,Day 9,6,Tray 6,DJI_20260627101858_0006,29,3,9,960,240,1080,360,974,254,1066,346,0,8464,0.0,0.0,0.0,0.0,0,False,False,False
9,Day 9,6,Tray 6,DJI_20260627101858_0006,30,3,10,1080,240,1200,360,1094,254,1186,346,101,8464,0.01193289224952741,1.193289224952741,101.23762512207031,126.0,95,True,False,True
9,Day 9,6,Tray 6,DJI_20260627101858_0006,31,4,1,0,360,120,480,14,374,106,466,0,8464,0.0,0.0,0.0,0.0,0,False,False,False
9,Day 9,6,Tray 6,DJI_20260627101858_0006,32,4,2,120,360,240,480,134,374,226,466,0,8464,0.0,0.0,0.0,0.0,0,False,False,False
9,Day 9,6,Tray 6,DJI_20260627101858_0006,33,4,3,240,360,360,480,254,374,346,466,223,8464,0.0263468809073724,2.63468809073724,101.6816177368164,153.0,223,True,False,True
9,Day 9,6,Tray 6,DJI_20260627101858_0006,34,4,4,360,360,480,480,374,374,466,466,81,8464,0.009569943289224952,0.9569943289224953,111.91358184814453,134.0,81,True,False,True
9,Day 9,6,Tray 6,DJI_20260627101858_0006,35,4,5,480,360,600,480,494,374,586,466,281,8464,0.033199432892249525,3.3199432892249527,106.7900390625,140.0,281,True,False,True
9,Day 9,6,Tray 6,DJI_20260627101858_0006,36,4,6,600,360,720,480,614,374,706,466,0,8464,0.0,0.0,0.0,0.0,0,False,False,False
9,Day 9,6,Tray 6,DJI_20260627101858_0006,37,4,7,720,360,840,480,734,374,826,466,0,8464,0.0,0.0,0.0,0.0,0,False,False,False
9,Day 9,6,Tray 6,DJI_20260627101858_0006,38,4,8,840,360,960,480,854,374,946,466,92,8464,0.010869565217391304,1.0869565217391304,102.17391204833984,129.0,92,True,False,True
9,Day 9,6,Tray 6,DJI_20260627101858_0006,39,4,9,960,360,1080,480,974,374,1066,466,0,8464,0.0,0.0,0.0,0.0,0,False,False,False
9,Day 9,6,Tray 6,DJI_20260627101858_0006,40,4,10,1080,360,1200,480,1094,374,1186,466,0,8464,0.0,0.0,0.0,0.0,0,False,False,False
9,Day 9,6,Tray 6,DJI_20260627101858_0006,41,5,1,0,480,120,600,14,494,106,586,0,8464,0.0,0.0,0.0,0.0,0,False,False,False
9,Day 9,6,Tray 6,DJI_20260627101858_0006,42,5,2,120,480,240,600,134,494,226,586,320,8464,0.03780718336483932,3.780718336483932,104.1812515258789,140.0,320,True,True,True
9,Day 9,6,Tray 6,DJI_20260627101858_0006,43,5,3,240,480,360,600,254,494,346,586,252,8464,0.029773156899810964,2.977315689981096,114.91666412353516,155.0,252,True,False,True
9,Day 9,6,Tray 6,DJI_20260627101858_0006,44,5,4,360,480,480,600,374,494,466,586,21,8464,0.00248109640831758,0.24810964083175802,77.47618865966797,108.0,21,True,True,True
9,Day 9,6,Tray 6,DJI_20260627101858_0006,45,5,5,480,480,600,600,494,494,586,586,0,8464,0.0,0.0,0.0,0.0,0,False,False,False
9,Day 9,6,Tray 6,DJI_20260627101858_0006,46,5,6,600,480,720,600,614,494,706,586,0,8464,0.0,0.0,0.0,0.0,0,False,False,False
9,Day 9,6,Tray 6,DJI_20260627101858_0006,47,5,7,720,480,840,600,734,494,826,586,66,8464,0.0077977315689981095,0.779773156899811,78.71212005615234,117.0,66,True,False,True
9,Day 9,6,Tray 6,DJI_20260627101858_0006,48,5,8,840,480,960,600,854,494,946,586,90,8464,0.010633270321361058,1.0633270321361057,102.05555725097656,131.0,90,True,False,True
9,Day 9,6,Tray 6,DJI_20260627101858_0006,49,5,9,960,480,1080,600,974,494,1066,586,0,8464,0.0,0.0,0.0,0.0,0,False,False,True
9,Day 9,6,Tray 6,DJI_20260627101858_0006,50,5,10,1080,480,1200,600,1094,494,1186,586,0,8464,0.0,0.0,0.0,0.0,0,False,False,False
9,Day 9,6,Tray 6,DJI_20260627101858_0006,51,6,1,0,600,120,720,14,614,106,706,0,8464,0.0,0.0,0.0,0.0,0,False,False,False
9,Day 9,6,Tray 6,DJI_20260627101858_0006,52,6,2,120,600,240,720,134,614,226,706,0,8464,0.0,0.0,0.0,0.0,0,False,False,False
9,Day 9,6,Tray 6,DJI_20260627101858_0006,53,6,3,240,600,360,720,254,614,346,706,180,8464,0.021266540642722116,2.1266540642722114,94.30555725097656,133.0,180,True,True,True
9,Day 9,6,Tray 6,DJI_20260627101858_0006,54,6,4,360,600,480,720,374,614,466,706,106,8464,0.012523629489603024,1.2523629489603025,107.67924499511719,141.0,106,True,False,True
9,Day 9,6,Tray 6,DJI_20260627101858_0006,55,6,5,480,600,600,720,494,614,586,706,0,8464,0.0,0.0,0.0,0.0,0,False,False,True
9,Day 9,6,Tray 6,DJI_20260627101858_0006,56,6,6,600,600,720,720,614,614,706,706,171,8464,0.02020321361058601,2.020321361058601,118.30994415283203,149.0,94,True,False,True
9,Day 9,6,Tray 6,DJI_20260627101858_0006,57,6,7,720,600,840,720,734,614,826,706,0,8464,0.0,0.0,0.0,0.0,0,False,False,False
9,Day 9,6,Tray 6,DJI_20260627101858_0006,58,6,8,840,600,960,720,854,614,946,706,0,8464,0.0,0.0,0.0,0.0,0,False,False,False
9,Day 9,6,Tray 6,DJI_20260627101858_0006,59,6,9,960,600,1080,720,974,614,1066,706,0,8464,0.0,0.0,0.0,0.0,0,False,False,False
9,Day 9,6,Tray 6,DJI_20260627101858_0006,60,6,10,1080,600,1200,720,1094,614,1186,706,0,8464,0.0,0.0,0.0,0.0,0,False,False,False
9,Day 9,6,Tray 6,DJI_20260627101858_0006,61,7,1,0,720,120,840,14,734,106,826,0,8464,0.0,0.0,0.0,0.0,0,False,False,False
9,Day 9,6,Tray 6,DJI_20260627101858_0006,62,7,2,120,720,240,840,134,734,226,826,321,8464,0.037925330812854444,3.7925330812854443,128.700927734375,178.0,319,True,False,True
9,Day 9,6,Tray 6,DJI_20260627101858_0006,63,7,3,240,720,360,840,254,734,346,826,0,8464,0.0,0.0,0.0,0.0,0,False,False,True
9,Day 9,6,Tray 6,DJI_20260627101858_0006,64,7,4,360,720,480,840,374,734,466,826,0,8464,0.0,0.0,0.0,0.0,0,False,False,False
9,Day 9,6,Tray 6,DJI_20260627101858_0006,65,7,5,480,720,600,840,494,734,586,826,140,8464,0.0165406427221172,1.65406427221172,106.72856903076172,128.0,140,True,False,True
9,Day 9,6,Tray 6,DJI_20260627101858_0006,66,7,6,600,720,720,840,614,734,706,826,503,8464,0.059428166351606804,5.94281663516068,113.55069732666016,162.0,305,True,False,True
9,Day 9,6,Tray 6,DJI_20260627101858_0006,67,7,7,720,720,840,840,734,734,826,826,0,8464,0.0,0.0,0.0,0.0,0,False,False,False
9,Day 9,6,Tray 6,DJI_20260627101858_0006,68,7,8,840,720,960,840,854,734,946,826,0,8464,0.0,0.0,0.0,0.0,0,False,False,False
9,Day 9,6,Tray 6,DJI_20260627101858_0006,69,7,9,960,720,1080,840,974,734,1066,826,0,8464,0.0,0.0,0.0,0.0,0,False,False,False
9,Day 9,6,Tray 6,DJI_20260627101858_0006,70,7,10,1080,720,1200,840,1094,734,1186,826,0,8464,0.0,0.0,0.0,0.0,0,False,False,False
9,Day 9,7,Tray 7,DJI_20260627101933_0007,1,1,1,0,0,120,120,14,14,106,106,0,8464,0.0,0.0,0.0,0.0,0,False,False,False
9,Day 9,7,Tray 7,DJI_20260627101933_0007,2,1,2,120,0,240,120,134,14,226,106,0,8464,0.0,0.0,0.0,0.0,0,False,False,False
9,Day 9,7,Tray 7,DJI_20260627101933_0007,3,1,3,240,0,360,120,254,14,346,106,0,8464,0.0,0.0,0.0,0.0,0,False,False,True
9,Day 9,7,Tray 7,DJI_20260627101933_0007,4,1,4,360,0,480,120,374,14,466,106,0,8464,0.0,0.0,0.0,0.0,0,False,False,False
9,Day 9,7,Tray 7,DJI_20260627101933_0007,5,1,5,480,0,600,120,494,14,586,106,2,8464,0.00023629489603024575,0.023629489603024575,56.0,57.0,2,False,False,False
9,Day 9,7,Tray 7,DJI_20260627101933_0007,6,1,6,600,0,720,120,614,14,706,106,0,8464,0.0,0.0,0.0,0.0,0,False,False,False
9,Day 9,7,Tray 7,DJI_20260627101933_0007,7,1,7,720,0,840,120,734,14,826,106,0,8464,0.0,0.0,0.0,0.0,0,False,False,True
9,Day 9,7,Tray 7,DJI_20260627101933_0007,8,1,8,840,0,960,120,854,14,946,106,0,8464,0.0,0.0,0.0,0.0,0,False,False,False
9,Day 9,7,Tray 7,DJI_20260627101933_0007,9,1,9,960,0,1080,120,974,14,1066,106,136,8464,0.01606805293005671,1.606805293005671,102.99264526367188,125.0,136,True,False,True
9,Day 9,7,Tray 7,DJI_20260627101933_0007,10,1,10,1080,0,1200,120,1094,14,1186,106,0,8464,0.0,0.0,0.0,0.0,0,False,False,False
9,Day 9,7,Tray 7,DJI_20260627101933_0007,11,2,1,0,120,120,240,14,134,106,226,0,8464,0.0,0.0,0.0,0.0,0,False,False,True
9,Day 9,7,Tray 7,DJI_20260627101933_0007,12,2,2,120,120,240,240,134,134,226,226,0,8464,0.0,0.0,0.0,0.0,0,False,False,False
9,Day 9,7,Tray 7,DJI_20260627101933_0007,13,2,3,240,120,360,240,254,134,346,226,90,8464,0.010633270321361058,1.0633270321361057,108.66666412353516,127.0,90,True,False,True
9,Day 9,7,Tray 7,DJI_20260627101933_0007,14,2,4,360,120,480,240,374,134,466,226,537,8464,0.06344517958412098,6.344517958412098,109.0,138.0,537,True,False,True
9,Day 9,7,Tray 7,DJI_20260627101933_0007,15,2,5,480,120,600,240,494,134,586,226,257,8464,0.030363894139886577,3.036389413988658,102.80155944824219,139.0,256,True,False,True
9,Day 9,7,Tray 7,DJI_20260627101933_0007,16,2,6,600,120,720,240,614,134,706,226,259,8464,0.030600189035916825,3.0600189035916827,93.66409301757812,152.0,259,True,False,True
9,Day 9,7,Tray 7,DJI_20260627101933_0007,17,2,7,720,120,840,240,734,134,826,226,0,8464,0.0,0.0,0.0,0.0,0,False,False,True
9,Day 9,7,Tray 7,DJI_20260627101933_0007,18,2,8,840,120,960,240,854,134,946,226,257,8464,0.030363894139886577,3.036389413988658,109.6186752319336,139.0,257,True,False,True
9,Day 9,7,Tray 7,DJI_20260627101933_0007,19,2,9,960,120,1080,240,974,134,1066,226,242,8464,0.028591682419659734,2.8591682419659734,97.4173583984375,140.0,242,True,False,True
9,Day 9,7,Tray 7,DJI_20260627101933_0007,20,2,10,1080,120,1200,240,1094,134,1186,226,0,8464,0.0,0.0,0.0,0.0,0,False,False,True
9,Day 9,7,Tray 7,DJI_20260627101933_0007,21,3,1,0,240,120,360,14,254,106,346,0,8464,0.0,0.0,0.0,0.0,0,False,False,False
9,Day 9,7,Tray 7,DJI_20260627101933_0007,22,3,2,120,240,240,360,134,254,226,346,225,8464,0.026583175803402647,2.6583175803402646,89.02666473388672,139.0,225,True,False,True
9,Day 9,7,Tray 7,DJI_20260627101933_0007,23,3,3,240,240,360,360,254,254,346,346,203,8464,0.023983931947069943,2.3983931947069945,103.06404113769531,132.0,139,True,False,True
9,Day 9,7,Tray 7,DJI_20260627101933_0007,24,3,4,360,240,480,360,374,254,466,346,0,8464,0.0,0.0,0.0,0.0,0,False,False,True
9,Day 9,7,Tray 7,DJI_20260627101933_0007,25,3,5,480,240,600,360,494,254,586,346,591,8464,0.06982514177693762,6.982514177693762,113.05245208740234,140.0,591,True,False,True
9,Day 9,7,Tray 7,DJI_20260627101933_0007,26,3,6,600,240,720,360,614,254,706,346,0,8464,0.0,0.0,0.0,0.0,0,False,False,False
9,Day 9,7,Tray 7,DJI_20260627101933_0007,27,3,7,720,240,840,360,734,254,826,346,0,8464,0.0,0.0,0.0,0.0,0,False,False,True
9,Day 9,7,Tray 7,DJI_20260627101933_0007,28,3,8,840,240,960,360,854,254,946,346,0,8464,0.0,0.0,0.0,0.0,0,False,False,True
9,Day 9,7,Tray 7,DJI_20260627101933_0007,29,3,9,960,240,1080,360,974,254,1066,346,316,8464,0.03733459357277883,3.733459357277883,99.05379486083984,143.0,316,True,False,True
9,Day 9,7,Tray 7,DJI_20260627101933_0007,30,3,10,1080,240,1200,360,1094,254,1186,346,46,8464,0.005434782608695652,0.5434782608695652,104.36956787109375,115.0,46,True,False,True
9,Day 9,7,Tray 7,DJI_20260627101933_0007,31,4,1,0,360,120,480,14,374,106,466,9,8464,0.0010633270321361058,0.10633270321361059,76.22222137451172,86.0,9,False,False,True
9,Day 9,7,Tray 7,DJI_20260627101933_0007,32,4,2,120,360,240,480,134,374,226,466,0,8464,0.0,0.0,0.0,0.0,0,False,False,True
9,Day 9,7,Tray 7,DJI_20260627101933_0007,33,4,3,240,360,360,480,254,374,346,466,0,8464,0.0,0.0,0.0,0.0,0,False,False,False
9,Day 9,7,Tray 7,DJI_20260627101933_0007,34,4,4,360,360,480,480,374,374,466,466,289,8464,0.03414461247637051,3.414461247637051,98.7716293334961,139.0,289,True,False,True
9,Day 9,7,Tray 7,DJI_20260627101933_0007,35,4,5,480,360,600,480,494,374,586,466,631,8464,0.07455103969754254,7.455103969754254,112.06021881103516,155.0,631,True,False,True
9,Day 9,7,Tray 7,DJI_20260627101933_0007,36,4,6,600,360,720,480,614,374,706,466,514,8464,0.060727788279773154,6.072778827977316,110.1926040649414,145.0,514,True,False,True
9,Day 9,7,Tray 7,DJI_20260627101933_0007,37,4,7,720,360,840,480,734,374,826,466,0,8464,0.0,0.0,0.0,0.0,0,False,False,False
9,Day 9,7,Tray 7,DJI_20260627101933_0007,38,4,8,840,360,960,480,854,374,946,466,176,8464,0.020793950850661626,2.0793950850661624,115.2272720336914,144.0,176,True,True,True
9,Day 9,7,Tray 7,DJI_20260627101933_0007,39,4,9,960,360,1080,480,974,374,1066,466,0,8464,0.0,0.0,0.0,0.0,0,False,False,False
9,Day 9,7,Tray 7,DJI_20260627101933_0007,40,4,10,1080,360,1200,480,1094,374,1186,466,0,8464,0.0,0.0,0.0,0.0,0,False,False,True
9,Day 9,7,Tray 7,DJI_20260627101933_0007,41,5,1,0,480,120,600,14,494,106,586,0,8464,0.0,0.0,0.0,0.0,0,False,False,False
9,Day 9,7,Tray 7,DJI_20260627101933_0007,42,5,2,120,480,240,600,134,494,226,586,439,8464,0.051866729678638944,5.1866729678638945,100.32573699951172,133.0,439,True,False,True
9,Day 9,7,Tray 7,DJI_20260627101933_0007,43,5,3,240,480,360,600,254,494,346,586,19,8464,0.0022448015122873348,0.22448015122873347,56.52631759643555,82.0,19,True,False,True
9,Day 9,7,Tray 7,DJI_20260627101933_0007,44,5,4,360,480,480,600,374,494,466,586,691,8464,0.08163988657844991,8.16398865784499,109.58900451660156,146.0,691,True,False,True
9,Day 9,7,Tray 7,DJI_20260627101933_0007,45,5,5,480,480,600,600,494,494,586,586,32,8464,0.003780718336483932,0.3780718336483932,73.625,108.0,32,True,True,True
9,Day 9,7,Tray 7,DJI_20260627101933_0007,46,5,6,600,480,720,600,614,494,706,586,92,8464,0.010869565217391304,1.0869565217391304,93.65217590332031,133.0,72,True,True,True
9,Day 9,7,Tray 7,DJI_20260627101933_0007,47,5,7,720,480,840,600,734,494,826,586,0,8464,0.0,0.0,0.0,0.0,0,False,False,False
9,Day 9,7,Tray 7,DJI_20260627101933_0007,48,5,8,840,480,960,600,854,494,946,586,22,8464,0.0025992438563327033,0.2599243856332703,103.36363983154297,137.0,22,True,True,True
9,Day 9,7,Tray 7,DJI_20260627101933_0007,49,5,9,960,480,1080,600,974,494,1066,586,148,8464,0.017485822306238186,1.7485822306238186,95.98648834228516,125.0,148,True,False,True
9,Day 9,7,Tray 7,DJI_20260627101933_0007,50,5,10,1080,480,1200,600,1094,494,1186,586,90,8464,0.010633270321361058,1.0633270321361057,112.94444274902344,135.0,90,True,False,True
9,Day 9,7,Tray 7,DJI_20260627101933_0007,51,6,1,0,600,120,720,14,614,106,706,0,8464,0.0,0.0,0.0,0.0,0,False,False,False
9,Day 9,7,Tray 7,DJI_20260627101933_0007,52,6,2,120,600,240,720,134,614,226,706,0,8464,0.0,0.0,0.0,0.0,0,False,False,False
9,Day 9,7,Tray 7,DJI_20260627101933_0007,53,6,3,240,600,360,720,254,614,346,706,294,8464,0.03473534971644612,3.4735349716446122,95.72789001464844,131.0,294,True,False,True
9,Day 9,7,Tray 7,DJI_20260627101933_0007,54,6,4,360,600,480,720,374,614,466,706,0,8464,0.0,0.0,0.0,0.0,0,False,False,False
9,Day 9,7,Tray 7,DJI_20260627101933_0007,55,6,5,480,600,600,720,494,614,586,706,0,8464,0.0,0.0,0.0,0.0,0,False,False,True
9,Day 9,7,Tray 7,DJI_20260627101933_0007,56,6,6,600,600,720,720,614,614,706,706,0,8464,0.0,0.0,0.0,0.0,0,False,False,False
9,Day 9,7,Tray 7,DJI_20260627101933_0007,57,6,7,720,600,840,720,734,614,826,706,0,8464,0.0,0.0,0.0,0.0,0,False,False,False
9,Day 9,7,Tray 7,DJI_20260627101933_0007,58,6,8,840,600,960,720,854,614,946,706,0,8464,0.0,0.0,0.0,0.0,0,False,False,False
9,Day 9,7,Tray 7,DJI_20260627101933_0007,59,6,9,960,600,1080,720,974,614,1066,706,0,8464,0.0,0.0,0.0,0.0,0,False,False,False
9,Day 9,7,Tray 7,DJI_20260627101933_0007,60,6,10,1080,600,1200,720,1094,614,1186,706,65,8464,0.007679584120982986,0.7679584120982986,105.78461456298828,118.0,65,True,True,True
9,Day 9,7,Tray 7,DJI_20260627101933_0007,61,7,1,0,720,120,840,14,734,106,826,432,8464,0.05103969754253308,5.103969754253308,111.46064758300781,151.0,189,True,False,True
9,Day 9,7,Tray 7,DJI_20260627101933_0007,62,7,2,120,720,240,840,134,734,226,826,0,8464,0.0,0.0,0.0,0.0,0,False,False,False
9,Day 9,7,Tray 7,DJI_20260627101933_0007,63,7,3,240,720,360,840,254,734,346,826,0,8464,0.0,0.0,0.0,0.0,0,False,False,False
9,Day 9,7,Tray 7,DJI_20260627101933_0007,64,7,4,360,720,480,840,374,734,466,826,287,8464,0.03390831758034026,3.390831758034026,113.15679168701172,155.0,286,True,False,True
9,Day 9,7,Tray 7,DJI_20260627101933_0007,65,7,5,480,720,600,840,494,734,586,826,0,8464,0.0,0.0,0.0,0.0,0,False,False,False
9,Day 9,7,Tray 7,DJI_20260627101933_0007,66,7,6,600,720,720,840,614,734,706,826,287,8464,0.03390831758034026,3.390831758034026,103.72473907470703,142.0,168,True,False,True
9,Day 9,7,Tray 7,DJI_20260627101933_0007,67,7,7,720,720,840,840,734,734,826,826,333,8464,0.03934310018903592,3.9343100189035916,114.15315246582031,142.0,200,True,False,True
9,Day 9,7,Tray 7,DJI_20260627101933_0007,68,7,8,840,720,960,840,854,734,946,826,0,8464,0.0,0.0,0.0,0.0,0,False,False,False
9,Day 9,7,Tray 7,DJI_20260627101933_0007,69,7,9,960,720,1080,840,974,734,1066,826,1,8464,0.00011814744801512288,0.011814744801512287,99.0,99.0,1,False,False,False
9,Day 9,7,Tray 7,DJI_20260627101933_0007,70,7,10,1080,720,1200,840,1094,734,1186,826,4,8464,0.0004725897920604915,0.04725897920604915,107.25,123.0,2,False,False,False
9,Day 9,8,Tray 8,DJI_20260627102037_0008,1,1,1,0,0,120,120,14,14,106,106,0,8464,0.0,0.0,0.0,0.0,0,False,False,True
9,Day 9,8,Tray 8,DJI_20260627102037_0008,2,1,2,120,0,240,120,134,14,226,106,375,8464,0.04430529300567108,4.430529300567108,101.83999633789062,127.0,375,True,False,True
9,Day 9,8,Tray 8,DJI_20260627102037_0008,3,1,3,240,0,360,120,254,14,346,106,96,8464,0.011342155009451797,1.1342155009451798,114.28125,133.0,96,True,True,True
9,Day 9,8,Tray 8,DJI_20260627102037_0008,4,1,4,360,0,480,120,374,14,466,106,572,8464,0.06758034026465029,6.758034026465029,107.88111877441406,141.0,572,True,False,True
9,Day 9,8,Tray 8,DJI_20260627102037_0008,5,1,5,480,0,600,120,494,14,586,106,0,8464,0.0,0.0,0.0,0.0,0,False,False,True
9,Day 9,8,Tray 8,DJI_20260627102037_0008,6,1,6,600,0,720,120,614,14,706,106,485,8464,0.05730151228733459,5.730151228733459,108.56700897216797,138.0,485,True,False,True
9,Day 9,8,Tray 8,DJI_20260627102037_0008,7,1,7,720,0,840,120,734,14,826,106,0,8464,0.0,0.0,0.0,0.0,0,False,False,False
9,Day 9,8,Tray 8,DJI_20260627102037_0008,8,1,8,840,0,960,120,854,14,946,106,0,8464,0.0,0.0,0.0,0.0,0,False,False,False
9,Day 9,8,Tray 8,DJI_20260627102037_0008,9,1,9,960,0,1080,120,974,14,1066,106,272,8464,0.03213610586011342,3.213610586011342,103.29779052734375,131.0,232,True,False,True
9,Day 9,8,Tray 8,DJI_20260627102037_0008,10,1,10,1080,0,1200,120,1094,14,1186,106,0,8464,0.0,0.0,0.0,0.0,0,False,False,False
9,Day 9,8,Tray 8,DJI_20260627102037_0008,11,2,1,0,120,120,240,14,134,106,226,0,8464,0.0,0.0,0.0,0.0,0,False,False,False
9,Day 9,8,Tray 8,DJI_20260627102037_0008,12,2,2,120,120,240,240,134,134,226,226,0,8464,0.0,0.0,0.0,0.0,0,False,False,False
9,Day 9,8,Tray 8,DJI_20260627102037_0008,13,2,3,240,120,360,240,254,134,346,226,305,8464,0.036034971644612473,3.6034971644612472,125.70491790771484,149.0,294,True,False,True
9,Day 9,8,Tray 8,DJI_20260627102037_0008,14,2,4,360,120,480,240,374,134,466,226,276,8464,0.03260869565217391,3.260869565217391,110.07608795166016,138.0,201,True,True,True
9,Day 9,8,Tray 8,DJI_20260627102037_0008,15,2,5,480,120,600,240,494,134,586,226,1795,8464,0.21207466918714557,21.20746691871456,113.17660522460938,152.0,1674,True,False,True
9,Day 9,8,Tray 8,DJI_20260627102037_0008,16,2,6,600,120,720,240,614,134,706,226,1197,8464,0.14142249527410208,14.142249527410208,120.81954956054688,165.0,1197,True,False,True
9,Day 9,8,Tray 8,DJI_20260627102037_0008,17,2,7,720,120,840,240,734,134,826,226,24,8464,0.002835538752362949,0.28355387523629494,78.125,104.0,24,True,True,True
9,Day 9,8,Tray 8,DJI_20260627102037_0008,18,2,8,840,120,960,240,854,134,946,226,1567,8464,0.18513705103969755,18.513705103969755,121.42501831054688,175.0,1499,True,False,True
9,Day 9,8,Tray 8,DJI_20260627102037_0008,19,2,9,960,120,1080,240,974,134,1066,226,0,8464,0.0,0.0,0.0,0.0,0,False,False,False
9,Day 9,8,Tray 8,DJI_20260627102037_0008,20,2,10,1080,120,1200,240,1094,134,1186,226,0,8464,0.0,0.0,0.0,0.0,0,False,False,True
9,Day 9,8,Tray 8,DJI_20260627102037_0008,21,3,1,0,240,120,360,14,254,106,346,1241,8464,0.14662098298676748,14.662098298676748,116.2908935546875,169.0,1241,True,False,True
9,Day 9,8,Tray 8,DJI_20260627102037_0008,22,3,2,120,240,240,360,134,254,226,346,0,8464,0.0,0.0,0.0,0.0,0,False,False,False
9,Day 9,8,Tray 8,DJI_20260627102037_0008,23,3,3,240,240,360,360,254,254,346,346,109,8464,0.012878071833648393,1.2878071833648392,101.48623657226562,133.0,109,True,False,True
9,Day 9,8,Tray 8,DJI_20260627102037_0008,24,3,4,360,240,480,360,374,254,466,346,134,8464,0.015831758034026464,1.5831758034026464,114.17910766601562,142.0,134,True,False,True
9,Day 9,8,Tray 8,DJI_20260627102037_0008,25,3,5,480,240,600,360,494,254,586,346,572,8464,0.06758034026465029,6.758034026465029,110.0716781616211,138.0,572,True,False,True
9,Day 9,8,Tray 8,DJI_20260627102037_0008,26,3,6,600,240,720,360,614,254,706,346,1631,8464,0.1926984877126654,19.26984877126654,111.92948913574219,151.0,1631,True,False,True
9,Day 9,8,Tray 8,DJI_20260627102037_0008,27,3,7,720,240,840,360,734,254,826,346,0,8464,0.0,0.0,0.0,0.0,0,False,False,False
9,Day 9,8,Tray 8,DJI_20260627102037_0008,28,3,8,840,240,960,360,854,254,946,346,0,8464,0.0,0.0,0.0,0.0,0,False,False,False
9,Day 9,8,Tray 8,DJI_20260627102037_0008,29,3,9,960,240,1080,360,974,254,1066,346,974,8464,0.11507561436672968,11.507561436672969,111.24537658691406,149.0,596,True,False,True
9,Day 9,8,Tray 8,DJI_20260627102037_0008,30,3,10,1080,240,1200,360,1094,254,1186,346,0,8464,0.0,0.0,0.0,0.0,0,False,False,False
9,Day 9,8,Tray 8,DJI_20260627102037_0008,31,4,1,0,360,120,480,14,374,106,466,0,8464,0.0,0.0,0.0,0.0,0,False,False,False
9,Day 9,8,Tray 8,DJI_20260627102037_0008,32,4,2,120,360,240,480,134,374,226,466,42,8464,0.00496219281663516,0.49621928166351603,100.95237731933594,149.0,42,True,True,True
9,Day 9,8,Tray 8,DJI_20260627102037_0008,33,4,3,240,360,360,480,254,374,346,466,121,8464,0.014295841209829867,1.4295841209829867,107.85124206542969,153.0,114,True,True,True
9,Day 9,8,Tray 8,DJI_20260627102037_0008,34,4,4,360,360,480,480,374,374,466,466,31,8464,0.003662570888468809,0.3662570888468809,68.09677124023438,82.0,31,True,False,True
9,Day 9,8,Tray 8,DJI_20260627102037_0008,35,4,5,480,360,600,480,494,374,586,466,548,8464,0.06474480151228733,6.474480151228732,112.08941650390625,148.0,548,True,False,True
9,Day 9,8,Tray 8,DJI_20260627102037_0008,36,4,6,600,360,720,480,614,374,706,466,1248,8464,0.14744801512287334,14.744801512287333,114.38220977783203,149.0,1248,True,False,True
9,Day 9,8,Tray 8,DJI_20260627102037_0008,37,4,7,720,360,840,480,734,374,826,466,976,8464,0.11531190926275993,11.531190926275993,113.57479858398438,149.0,976,True,False,True
9,Day 9,8,Tray 8,DJI_20260627102037_0008,38,4,8,840,360,960,480,854,374,946,466,0,8464,0.0,0.0,0.0,0.0,0,False,False,False
9,Day 9,8,Tray 8,DJI_20260627102037_0008,39,4,9,960,360,1080,480,974,374,1066,466,0,8464,0.0,0.0,0.0,0.0,0,False,False,False
9,Day 9,8,Tray 8,DJI_20260627102037_0008,40,4,10,1080,360,1200,480,1094,374,1186,466,450,8464,0.053166351606805294,5.316635160680529,110.35333251953125,151.0,276,True,False,True
9,Day 9,8,Tray 8,DJI_20260627102037_0008,41,5,1,0,480,120,600,14,494,106,586,203,8464,0.023983931947069943,2.3983931947069945,112.82266235351562,149.0,203,True,False,True
9,Day 9,8,Tray 8,DJI_20260627102037_0008,42,5,2,120,480,240,600,134,494,226,586,0,8464,0.0,0.0,0.0,0.0,0,False,False,False
9,Day 9,8,Tray 8,DJI_20260627102037_0008,43,5,3,240,480,360,600,254,494,346,586,75,8464,0.008861058601134215,0.8861058601134215,101.93333435058594,130.0,75,True,True,True
9,Day 9,8,Tray 8,DJI_20260627102037_0008,44,5,4,360,480,480,600,374,494,466,586,34,8464,0.004017013232514178,0.4017013232514178,71.5882339477539,83.0,34,True,False,True
9,Day 9,8,Tray 8,DJI_20260627102037_0008,45,5,5,480,480,600,600,494,494,586,586,0,8464,0.0,0.0,0.0,0.0,0,False,False,False
9,Day 9,8,Tray 8,DJI_20260627102037_0008,46,5,6,600,480,720,600,614,494,706,586,1782,8464,0.21053875236294897,21.053875236294896,115.82772064208984,165.0,1782,True,False,True
9,Day 9,8,Tray 8,DJI_20260627102037_0008,47,5,7,720,480,840,600,734,494,826,586,2588,8464,0.305765595463138,30.576559546313796,114.92426300048828,157.0,2588,True,False,True
9,Day 9,8,Tray 8,DJI_20260627102037_0008,48,5,8,840,480,960,600,854,494,946,586,1606,8464,0.18974480151228734,18.974480151228732,115.77521514892578,146.0,1606,True,False,True
9,Day 9,8,Tray 8,DJI_20260627102037_0008,49,5,9,960,480,1080,600,974,494,1066,586,0,8464,0.0,0.0,0.0,0.0,0,False,False,False
9,Day 9,8,Tray 8,DJI_20260627102037_0008,50,5,10,1080,480,1200,600,1094,494,1186,586,85,8464,0.010042533081285445,1.0042533081285445,92.28235626220703,112.0,85,True,True,True
9,Day 9,8,Tray 8,DJI_20260627102037_0008,51,6,1,0,600,120,720,14,614,106,706,430,8464,0.050803402646502835,5.0803402646502835,123.73255920410156,155.0,430,True,False,True
9,Day 9,8,Tray 8,DJI_20260627102037_0008,52,6,2,120,600,240,720,134,614,226,706,0,8464,0.0,0.0,0.0,0.0,0,False,False,False
9,Day 9,8,Tray 8,DJI_20260627102037_0008,53,6,3,240,600,360,720,254,614,346,706,0,8464,0.0,0.0,0.0,0.0,0,False,False,False
9,Day 9,8,Tray 8,DJI_20260627102037_0008,54,6,4,360,600,480,720,374,614,466,706,189,8464,0.022329867674858225,2.2329867674858224,104.21693420410156,131.0,114,True,False,True
9,Day 9,8,Tray 8,DJI_20260627102037_0008,55,6,5,480,600,600,720,494,614,586,706,312,8464,0.036862003780718335,3.6862003780718333,100.50640869140625,130.0,164,True,False,True
9,Day 9,8,Tray 8,DJI_20260627102037_0008,56,6,6,600,600,720,720,614,614,706,706,185,8464,0.021857277882797732,2.185727788279773,122.32972717285156,151.0,185,True,False,True
9,Day 9,8,Tray 8,DJI_20260627102037_0008,57,6,7,720,600,840,720,734,614,826,706,667,8464,0.07880434782608696,7.880434782608696,119.25337219238281,158.0,622,True,False,True
9,Day 9,8,Tray 8,DJI_20260627102037_0008,58,6,8,840,600,960,720,854,614,946,706,767,8464,0.09061909262759925,9.061909262759924,114.30508422851562,173.0,767,True,False,True
9,Day 9,8,Tray 8,DJI_20260627102037_0008,59,6,9,960,600,1080,720,974,614,1066,706,0,8464,0.0,0.0,0.0,0.0,0,False,False,False
9,Day 9,8,Tray 8,DJI_20260627102037_0008,60,6,10,1080,600,1200,720,1094,614,1186,706,438,8464,0.05174858223062382,5.174858223062382,111.32876586914062,160.0,410,True,False,True
9,Day 9,8,Tray 8,DJI_20260627102037_0008,61,7,1,0,720,120,840,14,734,106,826,258,8464,0.0304820415879017,3.04820415879017,125.031005859375,159.0,258,True,False,True
9,Day 9,8,Tray 8,DJI_20260627102037_0008,62,7,2,120,720,240,840,134,734,226,826,0,8464,0.0,0.0,0.0,0.0,0,False,False,False
9,Day 9,8,Tray 8,DJI_20260627102037_0008,63,7,3,240,720,360,840,254,734,346,826,971,8464,0.11472117202268431,11.47211720226843,111.28218078613281,158.0,554,True,False,True
9,Day 9,8,Tray 8,DJI_20260627102037_0008,64,7,4,360,720,480,840,374,734,466,826,0,8464,0.0,0.0,0.0,0.0,0,False,False,False
9,Day 9,8,Tray 8,DJI_20260627102037_0008,65,7,5,480,720,600,840,494,734,586,826,2005,8464,0.23688563327032136,23.688563327032135,121.33267211914062,168.0,2005,True,False,True
9,Day 9,8,Tray 8,DJI_20260627102037_0008,66,7,6,600,720,720,840,614,734,706,826,240,8464,0.02835538752362949,2.835538752362949,105.6875,162.0,122,True,False,True
9,Day 9,8,Tray 8,DJI_20260627102037_0008,67,7,7,720,720,840,840,734,734,826,826,1059,8464,0.1251181474480151,12.51181474480151,117.81303405761719,153.0,1018,True,False,True
9,Day 9,8,Tray 8,DJI_20260627102037_0008,68,7,8,840,720,960,840,854,734,946,826,0,8464,0.0,0.0,0.0,0.0,0,False,False,False
9,Day 9,8,Tray 8,DJI_20260627102037_0008,69,7,9,960,720,1080,840,974,734,1066,826,706,8464,0.08341209829867675,8.341209829867676,121.7464599609375,149.0,706,True,False,True
9,Day 9,8,Tray 8,DJI_20260627102037_0008,70,7,10,1080,720,1200,840,1094,734,1186,826,33,8464,0.0038988657844990547,0.3898865784499055,112.09091186523438,138.0,33,True,True,True
