day_order,day,tray_no,tray,capture_id,cell_id,row,column,x0,y0,x1,y1,inner_x0,inner_y0,inner_x1,inner_y1
1,Day 1,1,Tray 1,DJI_20260618123542_0001,1,1,1,0,0,120,120,14,14,106,106
1,Day 1,1,Tray 1,DJI_20260618123542_0001,2,1,2,120,0,240,120,134,14,226,106
1,Day 1,1,Tray 1,DJI_20260618123542_0001,3,1,3,240,0,360,120,254,14,346,106
1,Day 1,1,Tray 1,DJI_20260618123542_0001,4,1,4,360,0,480,120,374,14,466,106
1,Day 1,1,Tray 1,DJI_20260618123542_0001,5,1,5,480,0,600,120,494,14,586,106
1,Day 1,1,Tray 1,DJI_20260618123542_0001,6,1,6,600,0,720,120,614,14,706,106
1,Day 1,1,Tray 1,DJI_20260618123542_0001,7,1,7,720,0,840,120,734,14,826,106
1,Day 1,1,Tray 1,DJI_20260618123542_0001,8,1,8,840,0,960,120,854,14,946,106
1,Day 1,1,Tray 1,DJI_20260618123542_0001,9,1,9,960,0,1080,120,974,14,1066,106
1,Day 1,1,Tray 1,DJI_20260618123542_0001,10,1,10,1080,0,1200,120,1094,14,1186,106
1,Day 1,1,Tray 1,DJI_20260618123542_0001,11,2,1,0,120,120,240,14,134,106,226
1,Day 1,1,Tray 1,DJI_20260618123542_0001,12,2,2,120,120,240,240,134,134,226,226
1,Day 1,1,Tray 1,DJI_20260618123542_0001,13,2,3,240,120,360,240,254,134,346,226
1,Day 1,1,Tray 1,DJI_20260618123542_0001,14,2,4,360,120,480,240,374,134,466,226
1,Day 1,1,Tray 1,DJI_20260618123542_0001,15,2,5,480,120,600,240,494,134,586,226
1,Day 1,1,Tray 1,DJI_20260618123542_0001,16,2,6,600,120,720,240,614,134,706,226
1,Day 1,1,Tray 1,DJI_20260618123542_0001,17,2,7,720,120,840,240,734,134,826,226
1,Day 1,1,Tray 1,DJI_20260618123542_0001,18,2,8,840,120,960,240,854,134,946,226
1,Day 1,1,Tray 1,DJI_20260618123542_0001,19,2,9,960,120,1080,240,974,134,1066,226
1,Day 1,1,Tray 1,DJI_20260618123542_0001,20,2,10,1080,120,1200,240,1094,134,1186,226
1,Day 1,1,Tray 1,DJI_20260618123542_0001,21,3,1,0,240,120,360,14,254,106,346
1,Day 1,1,Tray 1,DJI_20260618123542_0001,22,3,2,120,240,240,360,134,254,226,346
1,Day 1,1,Tray 1,DJI_20260618123542_0001,23,3,3,240,240,360,360,254,254,346,346
1,Day 1,1,Tray 1,DJI_20260618123542_0001,24,3,4,360,240,480,360,374,254,466,346
1,Day 1,1,Tray 1,DJI_20260618123542_0001,25,3,5,480,240,600,360,494,254,586,346
1,Day 1,1,Tray 1,DJI_20260618123542_0001,26,3,6,600,240,720,360,614,254,706,346
1,Day 1,1,Tray 1,DJI_20260618123542_0001,27,3,7,720,240,840,360,734,254,826,346
1,Day 1,1,Tray 1,DJI_20260618123542_0001,28,3,8,840,240,960,360,854,254,946,346
1,Day 1,1,Tray 1,DJI_20260618123542_0001,29,3,9,960,240,1080,360,974,254,1066,346
1,Day 1,1,Tray 1,DJI_20260618123542_0001,30,3,10,1080,240,1200,360,1094,254,1186,346
1,Day 1,1,Tray 1,DJI_20260618123542_0001,31,4,1,0,360,120,480,14,374,106,466
1,Day 1,1,Tray 1,DJI_20260618123542_0001,32,4,2,120,360,240,480,134,374,226,466
1,Day 1,1,Tray 1,DJI_20260618123542_0001,33,4,3,240,360,360,480,254,374,346,466
1,Day 1,1,Tray 1,DJI_20260618123542_0001,34,4,4,360,360,480,480,374,374,466,466
1,Day 1,1,Tray 1,DJI_20260618123542_0001,35,4,5,480,360,600,480,494,374,586,466
1,Day 1,1,Tray 1,DJI_20260618123542_0001,36,4,6,600,360,720,480,614,374,706,466
1,Day 1,1,Tray 1,DJI_20260618123542_0001,37,4,7,720,360,840,480,734,374,826,466
1,Day 1,1,Tray 1,DJI_20260618123542_0001,38,4,8,840,360,960,480,854,374,946,466
1,Day 1,1,Tray 1,DJI_20260618123542_0001,39,4,9,960,360,1080,480,974,374,1066,466
1,Day 1,1,Tray 1,DJI_20260618123542_0001,40,4,10,1080,360,1200,480,1094,374,1186,466
1,Day 1,1,Tray 1,DJI_20260618123542_0001,41,5,1,0,480,120,600,14,494,106,586
1,Day 1,1,Tray 1,DJI_20260618123542_0001,42,5,2,120,480,240,600,134,494,226,586
1,Day 1,1,Tray 1,DJI_20260618123542_0001,43,5,3,240,480,360,600,254,494,346,586
1,Day 1,1,Tray 1,DJI_20260618123542_0001,44,5,4,360,480,480,600,374,494,466,586
1,Day 1,1,Tray 1,DJI_20260618123542_0001,45,5,5,480,480,600,600,494,494,586,586
1,Day 1,1,Tray 1,DJI_20260618123542_0001,46,5,6,600,480,720,600,614,494,706,586
1,Day 1,1,Tray 1,DJI_20260618123542_0001,47,5,7,720,480,840,600,734,494,826,586
1,Day 1,1,Tray 1,DJI_20260618123542_0001,48,5,8,840,480,960,600,854,494,946,586
1,Day 1,1,Tray 1,DJI_20260618123542_0001,49,5,9,960,480,1080,600,974,494,1066,586
1,Day 1,1,Tray 1,DJI_20260618123542_0001,50,5,10,1080,480,1200,600,1094,494,1186,586
1,Day 1,1,Tray 1,DJI_20260618123542_0001,51,6,1,0,600,120,720,14,614,106,706
1,Day 1,1,Tray 1,DJI_20260618123542_0001,52,6,2,120,600,240,720,134,614,226,706
1,Day 1,1,Tray 1,DJI_20260618123542_0001,53,6,3,240,600,360,720,254,614,346,706
1,Day 1,1,Tray 1,DJI_20260618123542_0001,54,6,4,360,600,480,720,374,614,466,706
1,Day 1,1,Tray 1,DJI_20260618123542_0001,55,6,5,480,600,600,720,494,614,586,706
1,Day 1,1,Tray 1,DJI_20260618123542_0001,56,6,6,600,600,720,720,614,614,706,706
1,Day 1,1,Tray 1,DJI_20260618123542_0001,57,6,7,720,600,840,720,734,614,826,706
1,Day 1,1,Tray 1,DJI_20260618123542_0001,58,6,8,840,600,960,720,854,614,946,706
1,Day 1,1,Tray 1,DJI_20260618123542_0001,59,6,9,960,600,1080,720,974,614,1066,706
1,Day 1,1,Tray 1,DJI_20260618123542_0001,60,6,10,1080,600,1200,720,1094,614,1186,706
1,Day 1,1,Tray 1,DJI_20260618123542_0001,61,7,1,0,720,120,840,14,734,106,826
1,Day 1,1,Tray 1,DJI_20260618123542_0001,62,7,2,120,720,240,840,134,734,226,826
1,Day 1,1,Tray 1,DJI_20260618123542_0001,63,7,3,240,720,360,840,254,734,346,826
1,Day 1,1,Tray 1,DJI_20260618123542_0001,64,7,4,360,720,480,840,374,734,466,826
1,Day 1,1,Tray 1,DJI_20260618123542_0001,65,7,5,480,720,600,840,494,734,586,826
1,Day 1,1,Tray 1,DJI_20260618123542_0001,66,7,6,600,720,720,840,614,734,706,826
1,Day 1,1,Tray 1,DJI_20260618123542_0001,67,7,7,720,720,840,840,734,734,826,826
1,Day 1,1,Tray 1,DJI_20260618123542_0001,68,7,8,840,720,960,840,854,734,946,826
1,Day 1,1,Tray 1,DJI_20260618123542_0001,69,7,9,960,720,1080,840,974,734,1066,826
1,Day 1,1,Tray 1,DJI_20260618123542_0001,70,7,10,1080,720,1200,840,1094,734,1186,826
1,Day 1,2,Tray 2,DJI_20260618123812_0002,1,1,1,0,0,120,120,14,14,106,106
1,Day 1,2,Tray 2,DJI_20260618123812_0002,2,1,2,120,0,240,120,134,14,226,106
1,Day 1,2,Tray 2,DJI_20260618123812_0002,3,1,3,240,0,360,120,254,14,346,106
1,Day 1,2,Tray 2,DJI_20260618123812_0002,4,1,4,360,0,480,120,374,14,466,106
1,Day 1,2,Tray 2,DJI_20260618123812_0002,5,1,5,480,0,600,120,494,14,586,106
1,Day 1,2,Tray 2,DJI_20260618123812_0002,6,1,6,600,0,720,120,614,14,706,106
1,Day 1,2,Tray 2,DJI_20260618123812_0002,7,1,7,720,0,840,120,734,14,826,106
1,Day 1,2,Tray 2,DJI_20260618123812_0002,8,1,8,840,0,960,120,854,14,946,106
1,Day 1,2,Tray 2,DJI_20260618123812_0002,9,1,9,960,0,1080,120,974,14,1066,106
1,Day 1,2,Tray 2,DJI_20260618123812_0002,10,1,10,1080,0,1200,120,1094,14,1186,106
1,Day 1,2,Tray 2,DJI_20260618123812_0002,11,2,1,0,120,120,240,14,134,106,226
1,Day 1,2,Tray 2,DJI_20260618123812_0002,12,2,2,120,120,240,240,134,134,226,226
1,Day 1,2,Tray 2,DJI_20260618123812_0002,13,2,3,240,120,360,240,254,134,346,226
1,Day 1,2,Tray 2,DJI_20260618123812_0002,14,2,4,360,120,480,240,374,134,466,226
1,Day 1,2,Tray 2,DJI_20260618123812_0002,15,2,5,480,120,600,240,494,134,586,226
1,Day 1,2,Tray 2,DJI_20260618123812_0002,16,2,6,600,120,720,240,614,134,706,226
1,Day 1,2,Tray 2,DJI_20260618123812_0002,17,2,7,720,120,840,240,734,134,826,226
1,Day 1,2,Tray 2,DJI_20260618123812_0002,18,2,8,840,120,960,240,854,134,946,226
1,Day 1,2,Tray 2,DJI_20260618123812_0002,19,2,9,960,120,1080,240,974,134,1066,226
1,Day 1,2,Tray 2,DJI_20260618123812_0002,20,2,10,1080,120,1200,240,1094,134,1186,226
1,Day 1,2,Tray 2,DJI_20260618123812_0002,21,3,1,0,240,120,360,14,254,106,346
1,Day 1,2,Tray 2,DJI_20260618123812_0002,22,3,2,120,240,240,360,134,254,226,346
1,Day 1,2,Tray 2,DJI_20260618123812_0002,23,3,3,240,240,360,360,254,254,346,346
1,Day 1,2,Tray 2,DJI_20260618123812_0002,24,3,4,360,240,480,360,374,254,466,346
1,Day 1,2,Tray 2,DJI_20260618123812_0002,25,3,5,480,240,600,360,494,254,586,346
1,Day 1,2,Tray 2,DJI_20260618123812_0002,26,3,6,600,240,720,360,614,254,706,346
1,Day 1,2,Tray 2,DJI_20260618123812_0002,27,3,7,720,240,840,360,734,254,826,346
1,Day 1,2,Tray 2,DJI_20260618123812_0002,28,3,8,840,240,960,360,854,254,946,346
1,Day 1,2,Tray 2,DJI_20260618123812_0002,29,3,9,960,240,1080,360,974,254,1066,346
1,Day 1,2,Tray 2,DJI_20260618123812_0002,30,3,10,1080,240,1200,360,1094,254,1186,346
1,Day 1,2,Tray 2,DJI_20260618123812_0002,31,4,1,0,360,120,480,14,374,106,466
1,Day 1,2,Tray 2,DJI_20260618123812_0002,32,4,2,120,360,240,480,134,374,226,466
1,Day 1,2,Tray 2,DJI_20260618123812_0002,33,4,3,240,360,360,480,254,374,346,466
1,Day 1,2,Tray 2,DJI_20260618123812_0002,34,4,4,360,360,480,480,374,374,466,466
1,Day 1,2,Tray 2,DJI_20260618123812_0002,35,4,5,480,360,600,480,494,374,586,466
1,Day 1,2,Tray 2,DJI_20260618123812_0002,36,4,6,600,360,720,480,614,374,706,466
1,Day 1,2,Tray 2,DJI_20260618123812_0002,37,4,7,720,360,840,480,734,374,826,466
1,Day 1,2,Tray 2,DJI_20260618123812_0002,38,4,8,840,360,960,480,854,374,946,466
1,Day 1,2,Tray 2,DJI_20260618123812_0002,39,4,9,960,360,1080,480,974,374,1066,466
1,Day 1,2,Tray 2,DJI_20260618123812_0002,40,4,10,1080,360,1200,480,1094,374,1186,466
1,Day 1,2,Tray 2,DJI_20260618123812_0002,41,5,1,0,480,120,600,14,494,106,586
1,Day 1,2,Tray 2,DJI_20260618123812_0002,42,5,2,120,480,240,600,134,494,226,586
1,Day 1,2,Tray 2,DJI_20260618123812_0002,43,5,3,240,480,360,600,254,494,346,586
1,Day 1,2,Tray 2,DJI_20260618123812_0002,44,5,4,360,480,480,600,374,494,466,586
1,Day 1,2,Tray 2,DJI_20260618123812_0002,45,5,5,480,480,600,600,494,494,586,586
1,Day 1,2,Tray 2,DJI_20260618123812_0002,46,5,6,600,480,720,600,614,494,706,586
1,Day 1,2,Tray 2,DJI_20260618123812_0002,47,5,7,720,480,840,600,734,494,826,586
1,Day 1,2,Tray 2,DJI_20260618123812_0002,48,5,8,840,480,960,600,854,494,946,586
1,Day 1,2,Tray 2,DJI_20260618123812_0002,49,5,9,960,480,1080,600,974,494,1066,586
1,Day 1,2,Tray 2,DJI_20260618123812_0002,50,5,10,1080,480,1200,600,1094,494,1186,586
1,Day 1,2,Tray 2,DJI_20260618123812_0002,51,6,1,0,600,120,720,14,614,106,706
1,Day 1,2,Tray 2,DJI_20260618123812_0002,52,6,2,120,600,240,720,134,614,226,706
1,Day 1,2,Tray 2,DJI_20260618123812_0002,53,6,3,240,600,360,720,254,614,346,706
1,Day 1,2,Tray 2,DJI_20260618123812_0002,54,6,4,360,600,480,720,374,614,466,706
1,Day 1,2,Tray 2,DJI_20260618123812_0002,55,6,5,480,600,600,720,494,614,586,706
1,Day 1,2,Tray 2,DJI_20260618123812_0002,56,6,6,600,600,720,720,614,614,706,706
1,Day 1,2,Tray 2,DJI_20260618123812_0002,57,6,7,720,600,840,720,734,614,826,706
1,Day 1,2,Tray 2,DJI_20260618123812_0002,58,6,8,840,600,960,720,854,614,946,706
1,Day 1,2,Tray 2,DJI_20260618123812_0002,59,6,9,960,600,1080,720,974,614,1066,706
1,Day 1,2,Tray 2,DJI_20260618123812_0002,60,6,10,1080,600,1200,720,1094,614,1186,706
1,Day 1,2,Tray 2,DJI_20260618123812_0002,61,7,1,0,720,120,840,14,734,106,826
1,Day 1,2,Tray 2,DJI_20260618123812_0002,62,7,2,120,720,240,840,134,734,226,826
1,Day 1,2,Tray 2,DJI_20260618123812_0002,63,7,3,240,720,360,840,254,734,346,826
1,Day 1,2,Tray 2,DJI_20260618123812_0002,64,7,4,360,720,480,840,374,734,466,826
1,Day 1,2,Tray 2,DJI_20260618123812_0002,65,7,5,480,720,600,840,494,734,586,826
1,Day 1,2,Tray 2,DJI_20260618123812_0002,66,7,6,600,720,720,840,614,734,706,826
1,Day 1,2,Tray 2,DJI_20260618123812_0002,67,7,7,720,720,840,840,734,734,826,826
1,Day 1,2,Tray 2,DJI_20260618123812_0002,68,7,8,840,720,960,840,854,734,946,826
1,Day 1,2,Tray 2,DJI_20260618123812_0002,69,7,9,960,720,1080,840,974,734,1066,826
1,Day 1,2,Tray 2,DJI_20260618123812_0002,70,7,10,1080,720,1200,840,1094,734,1186,826
1,Day 1,3,Tray 3,DJI_20260618124121_0003,1,1,1,0,0,120,120,14,14,106,106
1,Day 1,3,Tray 3,DJI_20260618124121_0003,2,1,2,120,0,240,120,134,14,226,106
1,Day 1,3,Tray 3,DJI_20260618124121_0003,3,1,3,240,0,360,120,254,14,346,106
1,Day 1,3,Tray 3,DJI_20260618124121_0003,4,1,4,360,0,480,120,374,14,466,106
1,Day 1,3,Tray 3,DJI_20260618124121_0003,5,1,5,480,0,600,120,494,14,586,106
1,Day 1,3,Tray 3,DJI_20260618124121_0003,6,1,6,600,0,720,120,614,14,706,106
1,Day 1,3,Tray 3,DJI_20260618124121_0003,7,1,7,720,0,840,120,734,14,826,106
1,Day 1,3,Tray 3,DJI_20260618124121_0003,8,1,8,840,0,960,120,854,14,946,106
1,Day 1,3,Tray 3,DJI_20260618124121_0003,9,1,9,960,0,1080,120,974,14,1066,106
1,Day 1,3,Tray 3,DJI_20260618124121_0003,10,1,10,1080,0,1200,120,1094,14,1186,106
1,Day 1,3,Tray 3,DJI_20260618124121_0003,11,2,1,0,120,120,240,14,134,106,226
1,Day 1,3,Tray 3,DJI_20260618124121_0003,12,2,2,120,120,240,240,134,134,226,226
1,Day 1,3,Tray 3,DJI_20260618124121_0003,13,2,3,240,120,360,240,254,134,346,226
1,Day 1,3,Tray 3,DJI_20260618124121_0003,14,2,4,360,120,480,240,374,134,466,226
1,Day 1,3,Tray 3,DJI_20260618124121_0003,15,2,5,480,120,600,240,494,134,586,226
1,Day 1,3,Tray 3,DJI_20260618124121_0003,16,2,6,600,120,720,240,614,134,706,226
1,Day 1,3,Tray 3,DJI_20260618124121_0003,17,2,7,720,120,840,240,734,134,826,226
1,Day 1,3,Tray 3,DJI_20260618124121_0003,18,2,8,840,120,960,240,854,134,946,226
1,Day 1,3,Tray 3,DJI_20260618124121_0003,19,2,9,960,120,1080,240,974,134,1066,226
1,Day 1,3,Tray 3,DJI_20260618124121_0003,20,2,10,1080,120,1200,240,1094,134,1186,226
1,Day 1,3,Tray 3,DJI_20260618124121_0003,21,3,1,0,240,120,360,14,254,106,346
1,Day 1,3,Tray 3,DJI_20260618124121_0003,22,3,2,120,240,240,360,134,254,226,346
1,Day 1,3,Tray 3,DJI_20260618124121_0003,23,3,3,240,240,360,360,254,254,346,346
1,Day 1,3,Tray 3,DJI_20260618124121_0003,24,3,4,360,240,480,360,374,254,466,346
1,Day 1,3,Tray 3,DJI_20260618124121_0003,25,3,5,480,240,600,360,494,254,586,346
1,Day 1,3,Tray 3,DJI_20260618124121_0003,26,3,6,600,240,720,360,614,254,706,346
1,Day 1,3,Tray 3,DJI_20260618124121_0003,27,3,7,720,240,840,360,734,254,826,346
1,Day 1,3,Tray 3,DJI_20260618124121_0003,28,3,8,840,240,960,360,854,254,946,346
1,Day 1,3,Tray 3,DJI_20260618124121_0003,29,3,9,960,240,1080,360,974,254,1066,346
1,Day 1,3,Tray 3,DJI_20260618124121_0003,30,3,10,1080,240,1200,360,1094,254,1186,346
1,Day 1,3,Tray 3,DJI_20260618124121_0003,31,4,1,0,360,120,480,14,374,106,466
1,Day 1,3,Tray 3,DJI_20260618124121_0003,32,4,2,120,360,240,480,134,374,226,466
1,Day 1,3,Tray 3,DJI_20260618124121_0003,33,4,3,240,360,360,480,254,374,346,466
1,Day 1,3,Tray 3,DJI_20260618124121_0003,34,4,4,360,360,480,480,374,374,466,466
1,Day 1,3,Tray 3,DJI_20260618124121_0003,35,4,5,480,360,600,480,494,374,586,466
1,Day 1,3,Tray 3,DJI_20260618124121_0003,36,4,6,600,360,720,480,614,374,706,466
1,Day 1,3,Tray 3,DJI_20260618124121_0003,37,4,7,720,360,840,480,734,374,826,466
1,Day 1,3,Tray 3,DJI_20260618124121_0003,38,4,8,840,360,960,480,854,374,946,466
1,Day 1,3,Tray 3,DJI_20260618124121_0003,39,4,9,960,360,1080,480,974,374,1066,466
1,Day 1,3,Tray 3,DJI_20260618124121_0003,40,4,10,1080,360,1200,480,1094,374,1186,466
1,Day 1,3,Tray 3,DJI_20260618124121_0003,41,5,1,0,480,120,600,14,494,106,586
1,Day 1,3,Tray 3,DJI_20260618124121_0003,42,5,2,120,480,240,600,134,494,226,586
1,Day 1,3,Tray 3,DJI_20260618124121_0003,43,5,3,240,480,360,600,254,494,346,586
1,Day 1,3,Tray 3,DJI_20260618124121_0003,44,5,4,360,480,480,600,374,494,466,586
1,Day 1,3,Tray 3,DJI_20260618124121_0003,45,5,5,480,480,600,600,494,494,586,586
1,Day 1,3,Tray 3,DJI_20260618124121_0003,46,5,6,600,480,720,600,614,494,706,586
1,Day 1,3,Tray 3,DJI_20260618124121_0003,47,5,7,720,480,840,600,734,494,826,586
1,Day 1,3,Tray 3,DJI_20260618124121_0003,48,5,8,840,480,960,600,854,494,946,586
1,Day 1,3,Tray 3,DJI_20260618124121_0003,49,5,9,960,480,1080,600,974,494,1066,586
1,Day 1,3,Tray 3,DJI_20260618124121_0003,50,5,10,1080,480,1200,600,1094,494,1186,586
1,Day 1,3,Tray 3,DJI_20260618124121_0003,51,6,1,0,600,120,720,14,614,106,706
1,Day 1,3,Tray 3,DJI_20260618124121_0003,52,6,2,120,600,240,720,134,614,226,706
1,Day 1,3,Tray 3,DJI_20260618124121_0003,53,6,3,240,600,360,720,254,614,346,706
1,Day 1,3,Tray 3,DJI_20260618124121_0003,54,6,4,360,600,480,720,374,614,466,706
1,Day 1,3,Tray 3,DJI_20260618124121_0003,55,6,5,480,600,600,720,494,614,586,706
1,Day 1,3,Tray 3,DJI_20260618124121_0003,56,6,6,600,600,720,720,614,614,706,706
1,Day 1,3,Tray 3,DJI_20260618124121_0003,57,6,7,720,600,840,720,734,614,826,706
1,Day 1,3,Tray 3,DJI_20260618124121_0003,58,6,8,840,600,960,720,854,614,946,706
1,Day 1,3,Tray 3,DJI_20260618124121_0003,59,6,9,960,600,1080,720,974,614,1066,706
1,Day 1,3,Tray 3,DJI_20260618124121_0003,60,6,10,1080,600,1200,720,1094,614,1186,706
1,Day 1,3,Tray 3,DJI_20260618124121_0003,61,7,1,0,720,120,840,14,734,106,826
1,Day 1,3,Tray 3,DJI_20260618124121_0003,62,7,2,120,720,240,840,134,734,226,826
1,Day 1,3,Tray 3,DJI_20260618124121_0003,63,7,3,240,720,360,840,254,734,346,826
1,Day 1,3,Tray 3,DJI_20260618124121_0003,64,7,4,360,720,480,840,374,734,466,826
1,Day 1,3,Tray 3,DJI_20260618124121_0003,65,7,5,480,720,600,840,494,734,586,826
1,Day 1,3,Tray 3,DJI_20260618124121_0003,66,7,6,600,720,720,840,614,734,706,826
1,Day 1,3,Tray 3,DJI_20260618124121_0003,67,7,7,720,720,840,840,734,734,826,826
1,Day 1,3,Tray 3,DJI_20260618124121_0003,68,7,8,840,720,960,840,854,734,946,826
1,Day 1,3,Tray 3,DJI_20260618124121_0003,69,7,9,960,720,1080,840,974,734,1066,826
1,Day 1,3,Tray 3,DJI_20260618124121_0003,70,7,10,1080,720,1200,840,1094,734,1186,826
1,Day 1,4,Tray 4,DJI_20260618124235_0004,1,1,1,0,0,120,120,14,14,106,106
1,Day 1,4,Tray 4,DJI_20260618124235_0004,2,1,2,120,0,240,120,134,14,226,106
1,Day 1,4,Tray 4,DJI_20260618124235_0004,3,1,3,240,0,360,120,254,14,346,106
1,Day 1,4,Tray 4,DJI_20260618124235_0004,4,1,4,360,0,480,120,374,14,466,106
1,Day 1,4,Tray 4,DJI_20260618124235_0004,5,1,5,480,0,600,120,494,14,586,106
1,Day 1,4,Tray 4,DJI_20260618124235_0004,6,1,6,600,0,720,120,614,14,706,106
1,Day 1,4,Tray 4,DJI_20260618124235_0004,7,1,7,720,0,840,120,734,14,826,106
1,Day 1,4,Tray 4,DJI_20260618124235_0004,8,1,8,840,0,960,120,854,14,946,106
1,Day 1,4,Tray 4,DJI_20260618124235_0004,9,1,9,960,0,1080,120,974,14,1066,106
1,Day 1,4,Tray 4,DJI_20260618124235_0004,10,1,10,1080,0,1200,120,1094,14,1186,106
1,Day 1,4,Tray 4,DJI_20260618124235_0004,11,2,1,0,120,120,240,14,134,106,226
1,Day 1,4,Tray 4,DJI_20260618124235_0004,12,2,2,120,120,240,240,134,134,226,226
1,Day 1,4,Tray 4,DJI_20260618124235_0004,13,2,3,240,120,360,240,254,134,346,226
1,Day 1,4,Tray 4,DJI_20260618124235_0004,14,2,4,360,120,480,240,374,134,466,226
1,Day 1,4,Tray 4,DJI_20260618124235_0004,15,2,5,480,120,600,240,494,134,586,226
1,Day 1,4,Tray 4,DJI_20260618124235_0004,16,2,6,600,120,720,240,614,134,706,226
1,Day 1,4,Tray 4,DJI_20260618124235_0004,17,2,7,720,120,840,240,734,134,826,226
1,Day 1,4,Tray 4,DJI_20260618124235_0004,18,2,8,840,120,960,240,854,134,946,226
1,Day 1,4,Tray 4,DJI_20260618124235_0004,19,2,9,960,120,1080,240,974,134,1066,226
1,Day 1,4,Tray 4,DJI_20260618124235_0004,20,2,10,1080,120,1200,240,1094,134,1186,226
1,Day 1,4,Tray 4,DJI_20260618124235_0004,21,3,1,0,240,120,360,14,254,106,346
1,Day 1,4,Tray 4,DJI_20260618124235_0004,22,3,2,120,240,240,360,134,254,226,346
1,Day 1,4,Tray 4,DJI_20260618124235_0004,23,3,3,240,240,360,360,254,254,346,346
1,Day 1,4,Tray 4,DJI_20260618124235_0004,24,3,4,360,240,480,360,374,254,466,346
1,Day 1,4,Tray 4,DJI_20260618124235_0004,25,3,5,480,240,600,360,494,254,586,346
1,Day 1,4,Tray 4,DJI_20260618124235_0004,26,3,6,600,240,720,360,614,254,706,346
1,Day 1,4,Tray 4,DJI_20260618124235_0004,27,3,7,720,240,840,360,734,254,826,346
1,Day 1,4,Tray 4,DJI_20260618124235_0004,28,3,8,840,240,960,360,854,254,946,346
1,Day 1,4,Tray 4,DJI_20260618124235_0004,29,3,9,960,240,1080,360,974,254,1066,346
1,Day 1,4,Tray 4,DJI_20260618124235_0004,30,3,10,1080,240,1200,360,1094,254,1186,346
1,Day 1,4,Tray 4,DJI_20260618124235_0004,31,4,1,0,360,120,480,14,374,106,466
1,Day 1,4,Tray 4,DJI_20260618124235_0004,32,4,2,120,360,240,480,134,374,226,466
1,Day 1,4,Tray 4,DJI_20260618124235_0004,33,4,3,240,360,360,480,254,374,346,466
1,Day 1,4,Tray 4,DJI_20260618124235_0004,34,4,4,360,360,480,480,374,374,466,466
1,Day 1,4,Tray 4,DJI_20260618124235_0004,35,4,5,480,360,600,480,494,374,586,466
1,Day 1,4,Tray 4,DJI_20260618124235_0004,36,4,6,600,360,720,480,614,374,706,466
1,Day 1,4,Tray 4,DJI_20260618124235_0004,37,4,7,720,360,840,480,734,374,826,466
1,Day 1,4,Tray 4,DJI_20260618124235_0004,38,4,8,840,360,960,480,854,374,946,466
1,Day 1,4,Tray 4,DJI_20260618124235_0004,39,4,9,960,360,1080,480,974,374,1066,466
1,Day 1,4,Tray 4,DJI_20260618124235_0004,40,4,10,1080,360,1200,480,1094,374,1186,466
1,Day 1,4,Tray 4,DJI_20260618124235_0004,41,5,1,0,480,120,600,14,494,106,586
1,Day 1,4,Tray 4,DJI_20260618124235_0004,42,5,2,120,480,240,600,134,494,226,586
1,Day 1,4,Tray 4,DJI_20260618124235_0004,43,5,3,240,480,360,600,254,494,346,586
1,Day 1,4,Tray 4,DJI_20260618124235_0004,44,5,4,360,480,480,600,374,494,466,586
1,Day 1,4,Tray 4,DJI_20260618124235_0004,45,5,5,480,480,600,600,494,494,586,586
1,Day 1,4,Tray 4,DJI_20260618124235_0004,46,5,6,600,480,720,600,614,494,706,586
1,Day 1,4,Tray 4,DJI_20260618124235_0004,47,5,7,720,480,840,600,734,494,826,586
1,Day 1,4,Tray 4,DJI_20260618124235_0004,48,5,8,840,480,960,600,854,494,946,586
1,Day 1,4,Tray 4,DJI_20260618124235_0004,49,5,9,960,480,1080,600,974,494,1066,586
1,Day 1,4,Tray 4,DJI_20260618124235_0004,50,5,10,1080,480,1200,600,1094,494,1186,586
1,Day 1,4,Tray 4,DJI_20260618124235_0004,51,6,1,0,600,120,720,14,614,106,706
1,Day 1,4,Tray 4,DJI_20260618124235_0004,52,6,2,120,600,240,720,134,614,226,706
1,Day 1,4,Tray 4,DJI_20260618124235_0004,53,6,3,240,600,360,720,254,614,346,706
1,Day 1,4,Tray 4,DJI_20260618124235_0004,54,6,4,360,600,480,720,374,614,466,706
1,Day 1,4,Tray 4,DJI_20260618124235_0004,55,6,5,480,600,600,720,494,614,586,706
1,Day 1,4,Tray 4,DJI_20260618124235_0004,56,6,6,600,600,720,720,614,614,706,706
1,Day 1,4,Tray 4,DJI_20260618124235_0004,57,6,7,720,600,840,720,734,614,826,706
1,Day 1,4,Tray 4,DJI_20260618124235_0004,58,6,8,840,600,960,720,854,614,946,706
1,Day 1,4,Tray 4,DJI_20260618124235_0004,59,6,9,960,600,1080,720,974,614,1066,706
1,Day 1,4,Tray 4,DJI_20260618124235_0004,60,6,10,1080,600,1200,720,1094,614,1186,706
1,Day 1,4,Tray 4,DJI_20260618124235_0004,61,7,1,0,720,120,840,14,734,106,826
1,Day 1,4,Tray 4,DJI_20260618124235_0004,62,7,2,120,720,240,840,134,734,226,826
1,Day 1,4,Tray 4,DJI_20260618124235_0004,63,7,3,240,720,360,840,254,734,346,826
1,Day 1,4,Tray 4,DJI_20260618124235_0004,64,7,4,360,720,480,840,374,734,466,826
1,Day 1,4,Tray 4,DJI_20260618124235_0004,65,7,5,480,720,600,840,494,734,586,826
1,Day 1,4,Tray 4,DJI_20260618124235_0004,66,7,6,600,720,720,840,614,734,706,826
1,Day 1,4,Tray 4,DJI_20260618124235_0004,67,7,7,720,720,840,840,734,734,826,826
1,Day 1,4,Tray 4,DJI_20260618124235_0004,68,7,8,840,720,960,840,854,734,946,826
1,Day 1,4,Tray 4,DJI_20260618124235_0004,69,7,9,960,720,1080,840,974,734,1066,826
1,Day 1,4,Tray 4,DJI_20260618124235_0004,70,7,10,1080,720,1200,840,1094,734,1186,826
1,Day 1,5,Tray 5,DJI_20260618124331_0005,1,1,1,0,0,120,120,14,14,106,106
1,Day 1,5,Tray 5,DJI_20260618124331_0005,2,1,2,120,0,240,120,134,14,226,106
1,Day 1,5,Tray 5,DJI_20260618124331_0005,3,1,3,240,0,360,120,254,14,346,106
1,Day 1,5,Tray 5,DJI_20260618124331_0005,4,1,4,360,0,480,120,374,14,466,106
1,Day 1,5,Tray 5,DJI_20260618124331_0005,5,1,5,480,0,600,120,494,14,586,106
1,Day 1,5,Tray 5,DJI_20260618124331_0005,6,1,6,600,0,720,120,614,14,706,106
1,Day 1,5,Tray 5,DJI_20260618124331_0005,7,1,7,720,0,840,120,734,14,826,106
1,Day 1,5,Tray 5,DJI_20260618124331_0005,8,1,8,840,0,960,120,854,14,946,106
1,Day 1,5,Tray 5,DJI_20260618124331_0005,9,1,9,960,0,1080,120,974,14,1066,106
1,Day 1,5,Tray 5,DJI_20260618124331_0005,10,1,10,1080,0,1200,120,1094,14,1186,106
1,Day 1,5,Tray 5,DJI_20260618124331_0005,11,2,1,0,120,120,240,14,134,106,226
1,Day 1,5,Tray 5,DJI_20260618124331_0005,12,2,2,120,120,240,240,134,134,226,226
1,Day 1,5,Tray 5,DJI_20260618124331_0005,13,2,3,240,120,360,240,254,134,346,226
1,Day 1,5,Tray 5,DJI_20260618124331_0005,14,2,4,360,120,480,240,374,134,466,226
1,Day 1,5,Tray 5,DJI_20260618124331_0005,15,2,5,480,120,600,240,494,134,586,226
1,Day 1,5,Tray 5,DJI_20260618124331_0005,16,2,6,600,120,720,240,614,134,706,226
1,Day 1,5,Tray 5,DJI_20260618124331_0005,17,2,7,720,120,840,240,734,134,826,226
1,Day 1,5,Tray 5,DJI_20260618124331_0005,18,2,8,840,120,960,240,854,134,946,226
1,Day 1,5,Tray 5,DJI_20260618124331_0005,19,2,9,960,120,1080,240,974,134,1066,226
1,Day 1,5,Tray 5,DJI_20260618124331_0005,20,2,10,1080,120,1200,240,1094,134,1186,226
1,Day 1,5,Tray 5,DJI_20260618124331_0005,21,3,1,0,240,120,360,14,254,106,346
1,Day 1,5,Tray 5,DJI_20260618124331_0005,22,3,2,120,240,240,360,134,254,226,346
1,Day 1,5,Tray 5,DJI_20260618124331_0005,23,3,3,240,240,360,360,254,254,346,346
1,Day 1,5,Tray 5,DJI_20260618124331_0005,24,3,4,360,240,480,360,374,254,466,346
1,Day 1,5,Tray 5,DJI_20260618124331_0005,25,3,5,480,240,600,360,494,254,586,346
1,Day 1,5,Tray 5,DJI_20260618124331_0005,26,3,6,600,240,720,360,614,254,706,346
1,Day 1,5,Tray 5,DJI_20260618124331_0005,27,3,7,720,240,840,360,734,254,826,346
1,Day 1,5,Tray 5,DJI_20260618124331_0005,28,3,8,840,240,960,360,854,254,946,346
1,Day 1,5,Tray 5,DJI_20260618124331_0005,29,3,9,960,240,1080,360,974,254,1066,346
1,Day 1,5,Tray 5,DJI_20260618124331_0005,30,3,10,1080,240,1200,360,1094,254,1186,346
1,Day 1,5,Tray 5,DJI_20260618124331_0005,31,4,1,0,360,120,480,14,374,106,466
1,Day 1,5,Tray 5,DJI_20260618124331_0005,32,4,2,120,360,240,480,134,374,226,466
1,Day 1,5,Tray 5,DJI_20260618124331_0005,33,4,3,240,360,360,480,254,374,346,466
1,Day 1,5,Tray 5,DJI_20260618124331_0005,34,4,4,360,360,480,480,374,374,466,466
1,Day 1,5,Tray 5,DJI_20260618124331_0005,35,4,5,480,360,600,480,494,374,586,466
1,Day 1,5,Tray 5,DJI_20260618124331_0005,36,4,6,600,360,720,480,614,374,706,466
1,Day 1,5,Tray 5,DJI_20260618124331_0005,37,4,7,720,360,840,480,734,374,826,466
1,Day 1,5,Tray 5,DJI_20260618124331_0005,38,4,8,840,360,960,480,854,374,946,466
1,Day 1,5,Tray 5,DJI_20260618124331_0005,39,4,9,960,360,1080,480,974,374,1066,466
1,Day 1,5,Tray 5,DJI_20260618124331_0005,40,4,10,1080,360,1200,480,1094,374,1186,466
1,Day 1,5,Tray 5,DJI_20260618124331_0005,41,5,1,0,480,120,600,14,494,106,586
1,Day 1,5,Tray 5,DJI_20260618124331_0005,42,5,2,120,480,240,600,134,494,226,586
1,Day 1,5,Tray 5,DJI_20260618124331_0005,43,5,3,240,480,360,600,254,494,346,586
1,Day 1,5,Tray 5,DJI_20260618124331_0005,44,5,4,360,480,480,600,374,494,466,586
1,Day 1,5,Tray 5,DJI_20260618124331_0005,45,5,5,480,480,600,600,494,494,586,586
1,Day 1,5,Tray 5,DJI_20260618124331_0005,46,5,6,600,480,720,600,614,494,706,586
1,Day 1,5,Tray 5,DJI_20260618124331_0005,47,5,7,720,480,840,600,734,494,826,586
1,Day 1,5,Tray 5,DJI_20260618124331_0005,48,5,8,840,480,960,600,854,494,946,586
1,Day 1,5,Tray 5,DJI_20260618124331_0005,49,5,9,960,480,1080,600,974,494,1066,586
1,Day 1,5,Tray 5,DJI_20260618124331_0005,50,5,10,1080,480,1200,600,1094,494,1186,586
1,Day 1,5,Tray 5,DJI_20260618124331_0005,51,6,1,0,600,120,720,14,614,106,706
1,Day 1,5,Tray 5,DJI_20260618124331_0005,52,6,2,120,600,240,720,134,614,226,706
1,Day 1,5,Tray 5,DJI_20260618124331_0005,53,6,3,240,600,360,720,254,614,346,706
1,Day 1,5,Tray 5,DJI_20260618124331_0005,54,6,4,360,600,480,720,374,614,466,706
1,Day 1,5,Tray 5,DJI_20260618124331_0005,55,6,5,480,600,600,720,494,614,586,706
1,Day 1,5,Tray 5,DJI_20260618124331_0005,56,6,6,600,600,720,720,614,614,706,706
1,Day 1,5,Tray 5,DJI_20260618124331_0005,57,6,7,720,600,840,720,734,614,826,706
1,Day 1,5,Tray 5,DJI_20260618124331_0005,58,6,8,840,600,960,720,854,614,946,706
1,Day 1,5,Tray 5,DJI_20260618124331_0005,59,6,9,960,600,1080,720,974,614,1066,706
1,Day 1,5,Tray 5,DJI_20260618124331_0005,60,6,10,1080,600,1200,720,1094,614,1186,706
1,Day 1,5,Tray 5,DJI_20260618124331_0005,61,7,1,0,720,120,840,14,734,106,826
1,Day 1,5,Tray 5,DJI_20260618124331_0005,62,7,2,120,720,240,840,134,734,226,826
1,Day 1,5,Tray 5,DJI_20260618124331_0005,63,7,3,240,720,360,840,254,734,346,826
1,Day 1,5,Tray 5,DJI_20260618124331_0005,64,7,4,360,720,480,840,374,734,466,826
1,Day 1,5,Tray 5,DJI_20260618124331_0005,65,7,5,480,720,600,840,494,734,586,826
1,Day 1,5,Tray 5,DJI_20260618124331_0005,66,7,6,600,720,720,840,614,734,706,826
1,Day 1,5,Tray 5,DJI_20260618124331_0005,67,7,7,720,720,840,840,734,734,826,826
1,Day 1,5,Tray 5,DJI_20260618124331_0005,68,7,8,840,720,960,840,854,734,946,826
1,Day 1,5,Tray 5,DJI_20260618124331_0005,69,7,9,960,720,1080,840,974,734,1066,826
1,Day 1,5,Tray 5,DJI_20260618124331_0005,70,7,10,1080,720,1200,840,1094,734,1186,826
1,Day 1,6,Tray 6,DJI_20260618124449_0006,1,1,1,0,0,120,120,14,14,106,106
1,Day 1,6,Tray 6,DJI_20260618124449_0006,2,1,2,120,0,240,120,134,14,226,106
1,Day 1,6,Tray 6,DJI_20260618124449_0006,3,1,3,240,0,360,120,254,14,346,106
1,Day 1,6,Tray 6,DJI_20260618124449_0006,4,1,4,360,0,480,120,374,14,466,106
1,Day 1,6,Tray 6,DJI_20260618124449_0006,5,1,5,480,0,600,120,494,14,586,106
1,Day 1,6,Tray 6,DJI_20260618124449_0006,6,1,6,600,0,720,120,614,14,706,106
1,Day 1,6,Tray 6,DJI_20260618124449_0006,7,1,7,720,0,840,120,734,14,826,106
1,Day 1,6,Tray 6,DJI_20260618124449_0006,8,1,8,840,0,960,120,854,14,946,106
1,Day 1,6,Tray 6,DJI_20260618124449_0006,9,1,9,960,0,1080,120,974,14,1066,106
1,Day 1,6,Tray 6,DJI_20260618124449_0006,10,1,10,1080,0,1200,120,1094,14,1186,106
1,Day 1,6,Tray 6,DJI_20260618124449_0006,11,2,1,0,120,120,240,14,134,106,226
1,Day 1,6,Tray 6,DJI_20260618124449_0006,12,2,2,120,120,240,240,134,134,226,226
1,Day 1,6,Tray 6,DJI_20260618124449_0006,13,2,3,240,120,360,240,254,134,346,226
1,Day 1,6,Tray 6,DJI_20260618124449_0006,14,2,4,360,120,480,240,374,134,466,226
1,Day 1,6,Tray 6,DJI_20260618124449_0006,15,2,5,480,120,600,240,494,134,586,226
1,Day 1,6,Tray 6,DJI_20260618124449_0006,16,2,6,600,120,720,240,614,134,706,226
1,Day 1,6,Tray 6,DJI_20260618124449_0006,17,2,7,720,120,840,240,734,134,826,226
1,Day 1,6,Tray 6,DJI_20260618124449_0006,18,2,8,840,120,960,240,854,134,946,226
1,Day 1,6,Tray 6,DJI_20260618124449_0006,19,2,9,960,120,1080,240,974,134,1066,226
1,Day 1,6,Tray 6,DJI_20260618124449_0006,20,2,10,1080,120,1200,240,1094,134,1186,226
1,Day 1,6,Tray 6,DJI_20260618124449_0006,21,3,1,0,240,120,360,14,254,106,346
1,Day 1,6,Tray 6,DJI_20260618124449_0006,22,3,2,120,240,240,360,134,254,226,346
1,Day 1,6,Tray 6,DJI_20260618124449_0006,23,3,3,240,240,360,360,254,254,346,346
1,Day 1,6,Tray 6,DJI_20260618124449_0006,24,3,4,360,240,480,360,374,254,466,346
1,Day 1,6,Tray 6,DJI_20260618124449_0006,25,3,5,480,240,600,360,494,254,586,346
1,Day 1,6,Tray 6,DJI_20260618124449_0006,26,3,6,600,240,720,360,614,254,706,346
1,Day 1,6,Tray 6,DJI_20260618124449_0006,27,3,7,720,240,840,360,734,254,826,346
1,Day 1,6,Tray 6,DJI_20260618124449_0006,28,3,8,840,240,960,360,854,254,946,346
1,Day 1,6,Tray 6,DJI_20260618124449_0006,29,3,9,960,240,1080,360,974,254,1066,346
1,Day 1,6,Tray 6,DJI_20260618124449_0006,30,3,10,1080,240,1200,360,1094,254,1186,346
1,Day 1,6,Tray 6,DJI_20260618124449_0006,31,4,1,0,360,120,480,14,374,106,466
1,Day 1,6,Tray 6,DJI_20260618124449_0006,32,4,2,120,360,240,480,134,374,226,466
1,Day 1,6,Tray 6,DJI_20260618124449_0006,33,4,3,240,360,360,480,254,374,346,466
1,Day 1,6,Tray 6,DJI_20260618124449_0006,34,4,4,360,360,480,480,374,374,466,466
1,Day 1,6,Tray 6,DJI_20260618124449_0006,35,4,5,480,360,600,480,494,374,586,466
1,Day 1,6,Tray 6,DJI_20260618124449_0006,36,4,6,600,360,720,480,614,374,706,466
1,Day 1,6,Tray 6,DJI_20260618124449_0006,37,4,7,720,360,840,480,734,374,826,466
1,Day 1,6,Tray 6,DJI_20260618124449_0006,38,4,8,840,360,960,480,854,374,946,466
1,Day 1,6,Tray 6,DJI_20260618124449_0006,39,4,9,960,360,1080,480,974,374,1066,466
1,Day 1,6,Tray 6,DJI_20260618124449_0006,40,4,10,1080,360,1200,480,1094,374,1186,466
1,Day 1,6,Tray 6,DJI_20260618124449_0006,41,5,1,0,480,120,600,14,494,106,586
1,Day 1,6,Tray 6,DJI_20260618124449_0006,42,5,2,120,480,240,600,134,494,226,586
1,Day 1,6,Tray 6,DJI_20260618124449_0006,43,5,3,240,480,360,600,254,494,346,586
1,Day 1,6,Tray 6,DJI_20260618124449_0006,44,5,4,360,480,480,600,374,494,466,586
1,Day 1,6,Tray 6,DJI_20260618124449_0006,45,5,5,480,480,600,600,494,494,586,586
1,Day 1,6,Tray 6,DJI_20260618124449_0006,46,5,6,600,480,720,600,614,494,706,586
1,Day 1,6,Tray 6,DJI_20260618124449_0006,47,5,7,720,480,840,600,734,494,826,586
1,Day 1,6,Tray 6,DJI_20260618124449_0006,48,5,8,840,480,960,600,854,494,946,586
1,Day 1,6,Tray 6,DJI_20260618124449_0006,49,5,9,960,480,1080,600,974,494,1066,586
1,Day 1,6,Tray 6,DJI_20260618124449_0006,50,5,10,1080,480,1200,600,1094,494,1186,586
1,Day 1,6,Tray 6,DJI_20260618124449_0006,51,6,1,0,600,120,720,14,614,106,706
1,Day 1,6,Tray 6,DJI_20260618124449_0006,52,6,2,120,600,240,720,134,614,226,706
1,Day 1,6,Tray 6,DJI_20260618124449_0006,53,6,3,240,600,360,720,254,614,346,706
1,Day 1,6,Tray 6,DJI_20260618124449_0006,54,6,4,360,600,480,720,374,614,466,706
1,Day 1,6,Tray 6,DJI_20260618124449_0006,55,6,5,480,600,600,720,494,614,586,706
1,Day 1,6,Tray 6,DJI_20260618124449_0006,56,6,6,600,600,720,720,614,614,706,706
1,Day 1,6,Tray 6,DJI_20260618124449_0006,57,6,7,720,600,840,720,734,614,826,706
1,Day 1,6,Tray 6,DJI_20260618124449_0006,58,6,8,840,600,960,720,854,614,946,706
1,Day 1,6,Tray 6,DJI_20260618124449_0006,59,6,9,960,600,1080,720,974,614,1066,706
1,Day 1,6,Tray 6,DJI_20260618124449_0006,60,6,10,1080,600,1200,720,1094,614,1186,706
1,Day 1,6,Tray 6,DJI_20260618124449_0006,61,7,1,0,720,120,840,14,734,106,826
1,Day 1,6,Tray 6,DJI_20260618124449_0006,62,7,2,120,720,240,840,134,734,226,826
1,Day 1,6,Tray 6,DJI_20260618124449_0006,63,7,3,240,720,360,840,254,734,346,826
1,Day 1,6,Tray 6,DJI_20260618124449_0006,64,7,4,360,720,480,840,374,734,466,826
1,Day 1,6,Tray 6,DJI_20260618124449_0006,65,7,5,480,720,600,840,494,734,586,826
1,Day 1,6,Tray 6,DJI_20260618124449_0006,66,7,6,600,720,720,840,614,734,706,826
1,Day 1,6,Tray 6,DJI_20260618124449_0006,67,7,7,720,720,840,840,734,734,826,826
1,Day 1,6,Tray 6,DJI_20260618124449_0006,68,7,8,840,720,960,840,854,734,946,826
1,Day 1,6,Tray 6,DJI_20260618124449_0006,69,7,9,960,720,1080,840,974,734,1066,826
1,Day 1,6,Tray 6,DJI_20260618124449_0006,70,7,10,1080,720,1200,840,1094,734,1186,826
1,Day 1,7,Tray 7,DJI_20260618124541_0007,1,1,1,0,0,120,120,14,14,106,106
1,Day 1,7,Tray 7,DJI_20260618124541_0007,2,1,2,120,0,240,120,134,14,226,106
1,Day 1,7,Tray 7,DJI_20260618124541_0007,3,1,3,240,0,360,120,254,14,346,106
1,Day 1,7,Tray 7,DJI_20260618124541_0007,4,1,4,360,0,480,120,374,14,466,106
1,Day 1,7,Tray 7,DJI_20260618124541_0007,5,1,5,480,0,600,120,494,14,586,106
1,Day 1,7,Tray 7,DJI_20260618124541_0007,6,1,6,600,0,720,120,614,14,706,106
1,Day 1,7,Tray 7,DJI_20260618124541_0007,7,1,7,720,0,840,120,734,14,826,106
1,Day 1,7,Tray 7,DJI_20260618124541_0007,8,1,8,840,0,960,120,854,14,946,106
1,Day 1,7,Tray 7,DJI_20260618124541_0007,9,1,9,960,0,1080,120,974,14,1066,106
1,Day 1,7,Tray 7,DJI_20260618124541_0007,10,1,10,1080,0,1200,120,1094,14,1186,106
1,Day 1,7,Tray 7,DJI_20260618124541_0007,11,2,1,0,120,120,240,14,134,106,226
1,Day 1,7,Tray 7,DJI_20260618124541_0007,12,2,2,120,120,240,240,134,134,226,226
1,Day 1,7,Tray 7,DJI_20260618124541_0007,13,2,3,240,120,360,240,254,134,346,226
1,Day 1,7,Tray 7,DJI_20260618124541_0007,14,2,4,360,120,480,240,374,134,466,226
1,Day 1,7,Tray 7,DJI_20260618124541_0007,15,2,5,480,120,600,240,494,134,586,226
1,Day 1,7,Tray 7,DJI_20260618124541_0007,16,2,6,600,120,720,240,614,134,706,226
1,Day 1,7,Tray 7,DJI_20260618124541_0007,17,2,7,720,120,840,240,734,134,826,226
1,Day 1,7,Tray 7,DJI_20260618124541_0007,18,2,8,840,120,960,240,854,134,946,226
1,Day 1,7,Tray 7,DJI_20260618124541_0007,19,2,9,960,120,1080,240,974,134,1066,226
1,Day 1,7,Tray 7,DJI_20260618124541_0007,20,2,10,1080,120,1200,240,1094,134,1186,226
1,Day 1,7,Tray 7,DJI_20260618124541_0007,21,3,1,0,240,120,360,14,254,106,346
1,Day 1,7,Tray 7,DJI_20260618124541_0007,22,3,2,120,240,240,360,134,254,226,346
1,Day 1,7,Tray 7,DJI_20260618124541_0007,23,3,3,240,240,360,360,254,254,346,346
1,Day 1,7,Tray 7,DJI_20260618124541_0007,24,3,4,360,240,480,360,374,254,466,346
1,Day 1,7,Tray 7,DJI_20260618124541_0007,25,3,5,480,240,600,360,494,254,586,346
1,Day 1,7,Tray 7,DJI_20260618124541_0007,26,3,6,600,240,720,360,614,254,706,346
1,Day 1,7,Tray 7,DJI_20260618124541_0007,27,3,7,720,240,840,360,734,254,826,346
1,Day 1,7,Tray 7,DJI_20260618124541_0007,28,3,8,840,240,960,360,854,254,946,346
1,Day 1,7,Tray 7,DJI_20260618124541_0007,29,3,9,960,240,1080,360,974,254,1066,346
1,Day 1,7,Tray 7,DJI_20260618124541_0007,30,3,10,1080,240,1200,360,1094,254,1186,346
1,Day 1,7,Tray 7,DJI_20260618124541_0007,31,4,1,0,360,120,480,14,374,106,466
1,Day 1,7,Tray 7,DJI_20260618124541_0007,32,4,2,120,360,240,480,134,374,226,466
1,Day 1,7,Tray 7,DJI_20260618124541_0007,33,4,3,240,360,360,480,254,374,346,466
1,Day 1,7,Tray 7,DJI_20260618124541_0007,34,4,4,360,360,480,480,374,374,466,466
1,Day 1,7,Tray 7,DJI_20260618124541_0007,35,4,5,480,360,600,480,494,374,586,466
1,Day 1,7,Tray 7,DJI_20260618124541_0007,36,4,6,600,360,720,480,614,374,706,466
1,Day 1,7,Tray 7,DJI_20260618124541_0007,37,4,7,720,360,840,480,734,374,826,466
1,Day 1,7,Tray 7,DJI_20260618124541_0007,38,4,8,840,360,960,480,854,374,946,466
1,Day 1,7,Tray 7,DJI_20260618124541_0007,39,4,9,960,360,1080,480,974,374,1066,466
1,Day 1,7,Tray 7,DJI_20260618124541_0007,40,4,10,1080,360,1200,480,1094,374,1186,466
1,Day 1,7,Tray 7,DJI_20260618124541_0007,41,5,1,0,480,120,600,14,494,106,586
1,Day 1,7,Tray 7,DJI_20260618124541_0007,42,5,2,120,480,240,600,134,494,226,586
1,Day 1,7,Tray 7,DJI_20260618124541_0007,43,5,3,240,480,360,600,254,494,346,586
1,Day 1,7,Tray 7,DJI_20260618124541_0007,44,5,4,360,480,480,600,374,494,466,586
1,Day 1,7,Tray 7,DJI_20260618124541_0007,45,5,5,480,480,600,600,494,494,586,586
1,Day 1,7,Tray 7,DJI_20260618124541_0007,46,5,6,600,480,720,600,614,494,706,586
1,Day 1,7,Tray 7,DJI_20260618124541_0007,47,5,7,720,480,840,600,734,494,826,586
1,Day 1,7,Tray 7,DJI_20260618124541_0007,48,5,8,840,480,960,600,854,494,946,586
1,Day 1,7,Tray 7,DJI_20260618124541_0007,49,5,9,960,480,1080,600,974,494,1066,586
1,Day 1,7,Tray 7,DJI_20260618124541_0007,50,5,10,1080,480,1200,600,1094,494,1186,586
1,Day 1,7,Tray 7,DJI_20260618124541_0007,51,6,1,0,600,120,720,14,614,106,706
1,Day 1,7,Tray 7,DJI_20260618124541_0007,52,6,2,120,600,240,720,134,614,226,706
1,Day 1,7,Tray 7,DJI_20260618124541_0007,53,6,3,240,600,360,720,254,614,346,706
1,Day 1,7,Tray 7,DJI_20260618124541_0007,54,6,4,360,600,480,720,374,614,466,706
1,Day 1,7,Tray 7,DJI_20260618124541_0007,55,6,5,480,600,600,720,494,614,586,706
1,Day 1,7,Tray 7,DJI_20260618124541_0007,56,6,6,600,600,720,720,614,614,706,706
1,Day 1,7,Tray 7,DJI_20260618124541_0007,57,6,7,720,600,840,720,734,614,826,706
1,Day 1,7,Tray 7,DJI_20260618124541_0007,58,6,8,840,600,960,720,854,614,946,706
1,Day 1,7,Tray 7,DJI_20260618124541_0007,59,6,9,960,600,1080,720,974,614,1066,706
1,Day 1,7,Tray 7,DJI_20260618124541_0007,60,6,10,1080,600,1200,720,1094,614,1186,706
1,Day 1,7,Tray 7,DJI_20260618124541_0007,61,7,1,0,720,120,840,14,734,106,826
1,Day 1,7,Tray 7,DJI_20260618124541_0007,62,7,2,120,720,240,840,134,734,226,826
1,Day 1,7,Tray 7,DJI_20260618124541_0007,63,7,3,240,720,360,840,254,734,346,826
1,Day 1,7,Tray 7,DJI_20260618124541_0007,64,7,4,360,720,480,840,374,734,466,826
1,Day 1,7,Tray 7,DJI_20260618124541_0007,65,7,5,480,720,600,840,494,734,586,826
1,Day 1,7,Tray 7,DJI_20260618124541_0007,66,7,6,600,720,720,840,614,734,706,826
1,Day 1,7,Tray 7,DJI_20260618124541_0007,67,7,7,720,720,840,840,734,734,826,826
1,Day 1,7,Tray 7,DJI_20260618124541_0007,68,7,8,840,720,960,840,854,734,946,826
1,Day 1,7,Tray 7,DJI_20260618124541_0007,69,7,9,960,720,1080,840,974,734,1066,826
1,Day 1,7,Tray 7,DJI_20260618124541_0007,70,7,10,1080,720,1200,840,1094,734,1186,826
1,Day 1,8,Tray 8,DJI_20260618124632_0008,1,1,1,0,0,120,120,14,14,106,106
1,Day 1,8,Tray 8,DJI_20260618124632_0008,2,1,2,120,0,240,120,134,14,226,106
1,Day 1,8,Tray 8,DJI_20260618124632_0008,3,1,3,240,0,360,120,254,14,346,106
1,Day 1,8,Tray 8,DJI_20260618124632_0008,4,1,4,360,0,480,120,374,14,466,106
1,Day 1,8,Tray 8,DJI_20260618124632_0008,5,1,5,480,0,600,120,494,14,586,106
1,Day 1,8,Tray 8,DJI_20260618124632_0008,6,1,6,600,0,720,120,614,14,706,106
1,Day 1,8,Tray 8,DJI_20260618124632_0008,7,1,7,720,0,840,120,734,14,826,106
1,Day 1,8,Tray 8,DJI_20260618124632_0008,8,1,8,840,0,960,120,854,14,946,106
1,Day 1,8,Tray 8,DJI_20260618124632_0008,9,1,9,960,0,1080,120,974,14,1066,106
1,Day 1,8,Tray 8,DJI_20260618124632_0008,10,1,10,1080,0,1200,120,1094,14,1186,106
1,Day 1,8,Tray 8,DJI_20260618124632_0008,11,2,1,0,120,120,240,14,134,106,226
1,Day 1,8,Tray 8,DJI_20260618124632_0008,12,2,2,120,120,240,240,134,134,226,226
1,Day 1,8,Tray 8,DJI_20260618124632_0008,13,2,3,240,120,360,240,254,134,346,226
1,Day 1,8,Tray 8,DJI_20260618124632_0008,14,2,4,360,120,480,240,374,134,466,226
1,Day 1,8,Tray 8,DJI_20260618124632_0008,15,2,5,480,120,600,240,494,134,586,226
1,Day 1,8,Tray 8,DJI_20260618124632_0008,16,2,6,600,120,720,240,614,134,706,226
1,Day 1,8,Tray 8,DJI_20260618124632_0008,17,2,7,720,120,840,240,734,134,826,226
1,Day 1,8,Tray 8,DJI_20260618124632_0008,18,2,8,840,120,960,240,854,134,946,226
1,Day 1,8,Tray 8,DJI_20260618124632_0008,19,2,9,960,120,1080,240,974,134,1066,226
1,Day 1,8,Tray 8,DJI_20260618124632_0008,20,2,10,1080,120,1200,240,1094,134,1186,226
1,Day 1,8,Tray 8,DJI_20260618124632_0008,21,3,1,0,240,120,360,14,254,106,346
1,Day 1,8,Tray 8,DJI_20260618124632_0008,22,3,2,120,240,240,360,134,254,226,346
1,Day 1,8,Tray 8,DJI_20260618124632_0008,23,3,3,240,240,360,360,254,254,346,346
1,Day 1,8,Tray 8,DJI_20260618124632_0008,24,3,4,360,240,480,360,374,254,466,346
1,Day 1,8,Tray 8,DJI_20260618124632_0008,25,3,5,480,240,600,360,494,254,586,346
1,Day 1,8,Tray 8,DJI_20260618124632_0008,26,3,6,600,240,720,360,614,254,706,346
1,Day 1,8,Tray 8,DJI_20260618124632_0008,27,3,7,720,240,840,360,734,254,826,346
1,Day 1,8,Tray 8,DJI_20260618124632_0008,28,3,8,840,240,960,360,854,254,946,346
1,Day 1,8,Tray 8,DJI_20260618124632_0008,29,3,9,960,240,1080,360,974,254,1066,346
1,Day 1,8,Tray 8,DJI_20260618124632_0008,30,3,10,1080,240,1200,360,1094,254,1186,346
1,Day 1,8,Tray 8,DJI_20260618124632_0008,31,4,1,0,360,120,480,14,374,106,466
1,Day 1,8,Tray 8,DJI_20260618124632_0008,32,4,2,120,360,240,480,134,374,226,466
1,Day 1,8,Tray 8,DJI_20260618124632_0008,33,4,3,240,360,360,480,254,374,346,466
1,Day 1,8,Tray 8,DJI_20260618124632_0008,34,4,4,360,360,480,480,374,374,466,466
1,Day 1,8,Tray 8,DJI_20260618124632_0008,35,4,5,480,360,600,480,494,374,586,466
1,Day 1,8,Tray 8,DJI_20260618124632_0008,36,4,6,600,360,720,480,614,374,706,466
1,Day 1,8,Tray 8,DJI_20260618124632_0008,37,4,7,720,360,840,480,734,374,826,466
1,Day 1,8,Tray 8,DJI_20260618124632_0008,38,4,8,840,360,960,480,854,374,946,466
1,Day 1,8,Tray 8,DJI_20260618124632_0008,39,4,9,960,360,1080,480,974,374,1066,466
1,Day 1,8,Tray 8,DJI_20260618124632_0008,40,4,10,1080,360,1200,480,1094,374,1186,466
1,Day 1,8,Tray 8,DJI_20260618124632_0008,41,5,1,0,480,120,600,14,494,106,586
1,Day 1,8,Tray 8,DJI_20260618124632_0008,42,5,2,120,480,240,600,134,494,226,586
1,Day 1,8,Tray 8,DJI_20260618124632_0008,43,5,3,240,480,360,600,254,494,346,586
1,Day 1,8,Tray 8,DJI_20260618124632_0008,44,5,4,360,480,480,600,374,494,466,586
1,Day 1,8,Tray 8,DJI_20260618124632_0008,45,5,5,480,480,600,600,494,494,586,586
1,Day 1,8,Tray 8,DJI_20260618124632_0008,46,5,6,600,480,720,600,614,494,706,586
1,Day 1,8,Tray 8,DJI_20260618124632_0008,47,5,7,720,480,840,600,734,494,826,586
1,Day 1,8,Tray 8,DJI_20260618124632_0008,48,5,8,840,480,960,600,854,494,946,586
1,Day 1,8,Tray 8,DJI_20260618124632_0008,49,5,9,960,480,1080,600,974,494,1066,586
1,Day 1,8,Tray 8,DJI_20260618124632_0008,50,5,10,1080,480,1200,600,1094,494,1186,586
1,Day 1,8,Tray 8,DJI_20260618124632_0008,51,6,1,0,600,120,720,14,614,106,706
1,Day 1,8,Tray 8,DJI_20260618124632_0008,52,6,2,120,600,240,720,134,614,226,706
1,Day 1,8,Tray 8,DJI_20260618124632_0008,53,6,3,240,600,360,720,254,614,346,706
1,Day 1,8,Tray 8,DJI_20260618124632_0008,54,6,4,360,600,480,720,374,614,466,706
1,Day 1,8,Tray 8,DJI_20260618124632_0008,55,6,5,480,600,600,720,494,614,586,706
1,Day 1,8,Tray 8,DJI_20260618124632_0008,56,6,6,600,600,720,720,614,614,706,706
1,Day 1,8,Tray 8,DJI_20260618124632_0008,57,6,7,720,600,840,720,734,614,826,706
1,Day 1,8,Tray 8,DJI_20260618124632_0008,58,6,8,840,600,960,720,854,614,946,706
1,Day 1,8,Tray 8,DJI_20260618124632_0008,59,6,9,960,600,1080,720,974,614,1066,706
1,Day 1,8,Tray 8,DJI_20260618124632_0008,60,6,10,1080,600,1200,720,1094,614,1186,706
1,Day 1,8,Tray 8,DJI_20260618124632_0008,61,7,1,0,720,120,840,14,734,106,826
1,Day 1,8,Tray 8,DJI_20260618124632_0008,62,7,2,120,720,240,840,134,734,226,826
1,Day 1,8,Tray 8,DJI_20260618124632_0008,63,7,3,240,720,360,840,254,734,346,826
1,Day 1,8,Tray 8,DJI_20260618124632_0008,64,7,4,360,720,480,840,374,734,466,826
1,Day 1,8,Tray 8,DJI_20260618124632_0008,65,7,5,480,720,600,840,494,734,586,826
1,Day 1,8,Tray 8,DJI_20260618124632_0008,66,7,6,600,720,720,840,614,734,706,826
1,Day 1,8,Tray 8,DJI_20260618124632_0008,67,7,7,720,720,840,840,734,734,826,826
1,Day 1,8,Tray 8,DJI_20260618124632_0008,68,7,8,840,720,960,840,854,734,946,826
1,Day 1,8,Tray 8,DJI_20260618124632_0008,69,7,9,960,720,1080,840,974,734,1066,826
1,Day 1,8,Tray 8,DJI_20260618124632_0008,70,7,10,1080,720,1200,840,1094,734,1186,826
2,Day 2,1,Tray 1,DJI_20260620131000_0001,1,1,1,0,0,120,120,14,14,106,106
2,Day 2,1,Tray 1,DJI_20260620131000_0001,2,1,2,120,0,240,120,134,14,226,106
2,Day 2,1,Tray 1,DJI_20260620131000_0001,3,1,3,240,0,360,120,254,14,346,106
2,Day 2,1,Tray 1,DJI_20260620131000_0001,4,1,4,360,0,480,120,374,14,466,106
2,Day 2,1,Tray 1,DJI_20260620131000_0001,5,1,5,480,0,600,120,494,14,586,106
2,Day 2,1,Tray 1,DJI_20260620131000_0001,6,1,6,600,0,720,120,614,14,706,106
2,Day 2,1,Tray 1,DJI_20260620131000_0001,7,1,7,720,0,840,120,734,14,826,106
2,Day 2,1,Tray 1,DJI_20260620131000_0001,8,1,8,840,0,960,120,854,14,946,106
2,Day 2,1,Tray 1,DJI_20260620131000_0001,9,1,9,960,0,1080,120,974,14,1066,106
2,Day 2,1,Tray 1,DJI_20260620131000_0001,10,1,10,1080,0,1200,120,1094,14,1186,106
2,Day 2,1,Tray 1,DJI_20260620131000_0001,11,2,1,0,120,120,240,14,134,106,226
2,Day 2,1,Tray 1,DJI_20260620131000_0001,12,2,2,120,120,240,240,134,134,226,226
2,Day 2,1,Tray 1,DJI_20260620131000_0001,13,2,3,240,120,360,240,254,134,346,226
2,Day 2,1,Tray 1,DJI_20260620131000_0001,14,2,4,360,120,480,240,374,134,466,226
2,Day 2,1,Tray 1,DJI_20260620131000_0001,15,2,5,480,120,600,240,494,134,586,226
2,Day 2,1,Tray 1,DJI_20260620131000_0001,16,2,6,600,120,720,240,614,134,706,226
2,Day 2,1,Tray 1,DJI_20260620131000_0001,17,2,7,720,120,840,240,734,134,826,226
2,Day 2,1,Tray 1,DJI_20260620131000_0001,18,2,8,840,120,960,240,854,134,946,226
2,Day 2,1,Tray 1,DJI_20260620131000_0001,19,2,9,960,120,1080,240,974,134,1066,226
2,Day 2,1,Tray 1,DJI_20260620131000_0001,20,2,10,1080,120,1200,240,1094,134,1186,226
2,Day 2,1,Tray 1,DJI_20260620131000_0001,21,3,1,0,240,120,360,14,254,106,346
2,Day 2,1,Tray 1,DJI_20260620131000_0001,22,3,2,120,240,240,360,134,254,226,346
2,Day 2,1,Tray 1,DJI_20260620131000_0001,23,3,3,240,240,360,360,254,254,346,346
2,Day 2,1,Tray 1,DJI_20260620131000_0001,24,3,4,360,240,480,360,374,254,466,346
2,Day 2,1,Tray 1,DJI_20260620131000_0001,25,3,5,480,240,600,360,494,254,586,346
2,Day 2,1,Tray 1,DJI_20260620131000_0001,26,3,6,600,240,720,360,614,254,706,346
2,Day 2,1,Tray 1,DJI_20260620131000_0001,27,3,7,720,240,840,360,734,254,826,346
2,Day 2,1,Tray 1,DJI_20260620131000_0001,28,3,8,840,240,960,360,854,254,946,346
2,Day 2,1,Tray 1,DJI_20260620131000_0001,29,3,9,960,240,1080,360,974,254,1066,346
2,Day 2,1,Tray 1,DJI_20260620131000_0001,30,3,10,1080,240,1200,360,1094,254,1186,346
2,Day 2,1,Tray 1,DJI_20260620131000_0001,31,4,1,0,360,120,480,14,374,106,466
2,Day 2,1,Tray 1,DJI_20260620131000_0001,32,4,2,120,360,240,480,134,374,226,466
2,Day 2,1,Tray 1,DJI_20260620131000_0001,33,4,3,240,360,360,480,254,374,346,466
2,Day 2,1,Tray 1,DJI_20260620131000_0001,34,4,4,360,360,480,480,374,374,466,466
2,Day 2,1,Tray 1,DJI_20260620131000_0001,35,4,5,480,360,600,480,494,374,586,466
2,Day 2,1,Tray 1,DJI_20260620131000_0001,36,4,6,600,360,720,480,614,374,706,466
2,Day 2,1,Tray 1,DJI_20260620131000_0001,37,4,7,720,360,840,480,734,374,826,466
2,Day 2,1,Tray 1,DJI_20260620131000_0001,38,4,8,840,360,960,480,854,374,946,466
2,Day 2,1,Tray 1,DJI_20260620131000_0001,39,4,9,960,360,1080,480,974,374,1066,466
2,Day 2,1,Tray 1,DJI_20260620131000_0001,40,4,10,1080,360,1200,480,1094,374,1186,466
2,Day 2,1,Tray 1,DJI_20260620131000_0001,41,5,1,0,480,120,600,14,494,106,586
2,Day 2,1,Tray 1,DJI_20260620131000_0001,42,5,2,120,480,240,600,134,494,226,586
2,Day 2,1,Tray 1,DJI_20260620131000_0001,43,5,3,240,480,360,600,254,494,346,586
2,Day 2,1,Tray 1,DJI_20260620131000_0001,44,5,4,360,480,480,600,374,494,466,586
2,Day 2,1,Tray 1,DJI_20260620131000_0001,45,5,5,480,480,600,600,494,494,586,586
2,Day 2,1,Tray 1,DJI_20260620131000_0001,46,5,6,600,480,720,600,614,494,706,586
2,Day 2,1,Tray 1,DJI_20260620131000_0001,47,5,7,720,480,840,600,734,494,826,586
2,Day 2,1,Tray 1,DJI_20260620131000_0001,48,5,8,840,480,960,600,854,494,946,586
2,Day 2,1,Tray 1,DJI_20260620131000_0001,49,5,9,960,480,1080,600,974,494,1066,586
2,Day 2,1,Tray 1,DJI_20260620131000_0001,50,5,10,1080,480,1200,600,1094,494,1186,586
2,Day 2,1,Tray 1,DJI_20260620131000_0001,51,6,1,0,600,120,720,14,614,106,706
2,Day 2,1,Tray 1,DJI_20260620131000_0001,52,6,2,120,600,240,720,134,614,226,706
2,Day 2,1,Tray 1,DJI_20260620131000_0001,53,6,3,240,600,360,720,254,614,346,706
2,Day 2,1,Tray 1,DJI_20260620131000_0001,54,6,4,360,600,480,720,374,614,466,706
2,Day 2,1,Tray 1,DJI_20260620131000_0001,55,6,5,480,600,600,720,494,614,586,706
2,Day 2,1,Tray 1,DJI_20260620131000_0001,56,6,6,600,600,720,720,614,614,706,706
2,Day 2,1,Tray 1,DJI_20260620131000_0001,57,6,7,720,600,840,720,734,614,826,706
2,Day 2,1,Tray 1,DJI_20260620131000_0001,58,6,8,840,600,960,720,854,614,946,706
2,Day 2,1,Tray 1,DJI_20260620131000_0001,59,6,9,960,600,1080,720,974,614,1066,706
2,Day 2,1,Tray 1,DJI_20260620131000_0001,60,6,10,1080,600,1200,720,1094,614,1186,706
2,Day 2,1,Tray 1,DJI_20260620131000_0001,61,7,1,0,720,120,840,14,734,106,826
2,Day 2,1,Tray 1,DJI_20260620131000_0001,62,7,2,120,720,240,840,134,734,226,826
2,Day 2,1,Tray 1,DJI_20260620131000_0001,63,7,3,240,720,360,840,254,734,346,826
2,Day 2,1,Tray 1,DJI_20260620131000_0001,64,7,4,360,720,480,840,374,734,466,826
2,Day 2,1,Tray 1,DJI_20260620131000_0001,65,7,5,480,720,600,840,494,734,586,826
2,Day 2,1,Tray 1,DJI_20260620131000_0001,66,7,6,600,720,720,840,614,734,706,826
2,Day 2,1,Tray 1,DJI_20260620131000_0001,67,7,7,720,720,840,840,734,734,826,826
2,Day 2,1,Tray 1,DJI_20260620131000_0001,68,7,8,840,720,960,840,854,734,946,826
2,Day 2,1,Tray 1,DJI_20260620131000_0001,69,7,9,960,720,1080,840,974,734,1066,826
2,Day 2,1,Tray 1,DJI_20260620131000_0001,70,7,10,1080,720,1200,840,1094,734,1186,826
2,Day 2,2,Tray 2,DJI_20260620131052_0002,1,1,1,0,0,120,120,14,14,106,106
2,Day 2,2,Tray 2,DJI_20260620131052_0002,2,1,2,120,0,240,120,134,14,226,106
2,Day 2,2,Tray 2,DJI_20260620131052_0002,3,1,3,240,0,360,120,254,14,346,106
2,Day 2,2,Tray 2,DJI_20260620131052_0002,4,1,4,360,0,480,120,374,14,466,106
2,Day 2,2,Tray 2,DJI_20260620131052_0002,5,1,5,480,0,600,120,494,14,586,106
2,Day 2,2,Tray 2,DJI_20260620131052_0002,6,1,6,600,0,720,120,614,14,706,106
2,Day 2,2,Tray 2,DJI_20260620131052_0002,7,1,7,720,0,840,120,734,14,826,106
2,Day 2,2,Tray 2,DJI_20260620131052_0002,8,1,8,840,0,960,120,854,14,946,106
2,Day 2,2,Tray 2,DJI_20260620131052_0002,9,1,9,960,0,1080,120,974,14,1066,106
2,Day 2,2,Tray 2,DJI_20260620131052_0002,10,1,10,1080,0,1200,120,1094,14,1186,106
2,Day 2,2,Tray 2,DJI_20260620131052_0002,11,2,1,0,120,120,240,14,134,106,226
2,Day 2,2,Tray 2,DJI_20260620131052_0002,12,2,2,120,120,240,240,134,134,226,226
2,Day 2,2,Tray 2,DJI_20260620131052_0002,13,2,3,240,120,360,240,254,134,346,226
2,Day 2,2,Tray 2,DJI_20260620131052_0002,14,2,4,360,120,480,240,374,134,466,226
2,Day 2,2,Tray 2,DJI_20260620131052_0002,15,2,5,480,120,600,240,494,134,586,226
2,Day 2,2,Tray 2,DJI_20260620131052_0002,16,2,6,600,120,720,240,614,134,706,226
2,Day 2,2,Tray 2,DJI_20260620131052_0002,17,2,7,720,120,840,240,734,134,826,226
2,Day 2,2,Tray 2,DJI_20260620131052_0002,18,2,8,840,120,960,240,854,134,946,226
2,Day 2,2,Tray 2,DJI_20260620131052_0002,19,2,9,960,120,1080,240,974,134,1066,226
2,Day 2,2,Tray 2,DJI_20260620131052_0002,20,2,10,1080,120,1200,240,1094,134,1186,226
2,Day 2,2,Tray 2,DJI_20260620131052_0002,21,3,1,0,240,120,360,14,254,106,346
2,Day 2,2,Tray 2,DJI_20260620131052_0002,22,3,2,120,240,240,360,134,254,226,346
2,Day 2,2,Tray 2,DJI_20260620131052_0002,23,3,3,240,240,360,360,254,254,346,346
2,Day 2,2,Tray 2,DJI_20260620131052_0002,24,3,4,360,240,480,360,374,254,466,346
2,Day 2,2,Tray 2,DJI_20260620131052_0002,25,3,5,480,240,600,360,494,254,586,346
2,Day 2,2,Tray 2,DJI_20260620131052_0002,26,3,6,600,240,720,360,614,254,706,346
2,Day 2,2,Tray 2,DJI_20260620131052_0002,27,3,7,720,240,840,360,734,254,826,346
2,Day 2,2,Tray 2,DJI_20260620131052_0002,28,3,8,840,240,960,360,854,254,946,346
2,Day 2,2,Tray 2,DJI_20260620131052_0002,29,3,9,960,240,1080,360,974,254,1066,346
2,Day 2,2,Tray 2,DJI_20260620131052_0002,30,3,10,1080,240,1200,360,1094,254,1186,346
2,Day 2,2,Tray 2,DJI_20260620131052_0002,31,4,1,0,360,120,480,14,374,106,466
2,Day 2,2,Tray 2,DJI_20260620131052_0002,32,4,2,120,360,240,480,134,374,226,466
2,Day 2,2,Tray 2,DJI_20260620131052_0002,33,4,3,240,360,360,480,254,374,346,466
2,Day 2,2,Tray 2,DJI_20260620131052_0002,34,4,4,360,360,480,480,374,374,466,466
2,Day 2,2,Tray 2,DJI_20260620131052_0002,35,4,5,480,360,600,480,494,374,586,466
2,Day 2,2,Tray 2,DJI_20260620131052_0002,36,4,6,600,360,720,480,614,374,706,466
2,Day 2,2,Tray 2,DJI_20260620131052_0002,37,4,7,720,360,840,480,734,374,826,466
2,Day 2,2,Tray 2,DJI_20260620131052_0002,38,4,8,840,360,960,480,854,374,946,466
2,Day 2,2,Tray 2,DJI_20260620131052_0002,39,4,9,960,360,1080,480,974,374,1066,466
2,Day 2,2,Tray 2,DJI_20260620131052_0002,40,4,10,1080,360,1200,480,1094,374,1186,466
2,Day 2,2,Tray 2,DJI_20260620131052_0002,41,5,1,0,480,120,600,14,494,106,586
2,Day 2,2,Tray 2,DJI_20260620131052_0002,42,5,2,120,480,240,600,134,494,226,586
2,Day 2,2,Tray 2,DJI_20260620131052_0002,43,5,3,240,480,360,600,254,494,346,586
2,Day 2,2,Tray 2,DJI_20260620131052_0002,44,5,4,360,480,480,600,374,494,466,586
2,Day 2,2,Tray 2,DJI_20260620131052_0002,45,5,5,480,480,600,600,494,494,586,586
2,Day 2,2,Tray 2,DJI_20260620131052_0002,46,5,6,600,480,720,600,614,494,706,586
2,Day 2,2,Tray 2,DJI_20260620131052_0002,47,5,7,720,480,840,600,734,494,826,586
2,Day 2,2,Tray 2,DJI_20260620131052_0002,48,5,8,840,480,960,600,854,494,946,586
2,Day 2,2,Tray 2,DJI_20260620131052_0002,49,5,9,960,480,1080,600,974,494,1066,586
2,Day 2,2,Tray 2,DJI_20260620131052_0002,50,5,10,1080,480,1200,600,1094,494,1186,586
2,Day 2,2,Tray 2,DJI_20260620131052_0002,51,6,1,0,600,120,720,14,614,106,706
2,Day 2,2,Tray 2,DJI_20260620131052_0002,52,6,2,120,600,240,720,134,614,226,706
2,Day 2,2,Tray 2,DJI_20260620131052_0002,53,6,3,240,600,360,720,254,614,346,706
2,Day 2,2,Tray 2,DJI_20260620131052_0002,54,6,4,360,600,480,720,374,614,466,706
2,Day 2,2,Tray 2,DJI_20260620131052_0002,55,6,5,480,600,600,720,494,614,586,706
2,Day 2,2,Tray 2,DJI_20260620131052_0002,56,6,6,600,600,720,720,614,614,706,706
2,Day 2,2,Tray 2,DJI_20260620131052_0002,57,6,7,720,600,840,720,734,614,826,706
2,Day 2,2,Tray 2,DJI_20260620131052_0002,58,6,8,840,600,960,720,854,614,946,706
2,Day 2,2,Tray 2,DJI_20260620131052_0002,59,6,9,960,600,1080,720,974,614,1066,706
2,Day 2,2,Tray 2,DJI_20260620131052_0002,60,6,10,1080,600,1200,720,1094,614,1186,706
2,Day 2,2,Tray 2,DJI_20260620131052_0002,61,7,1,0,720,120,840,14,734,106,826
2,Day 2,2,Tray 2,DJI_20260620131052_0002,62,7,2,120,720,240,840,134,734,226,826
2,Day 2,2,Tray 2,DJI_20260620131052_0002,63,7,3,240,720,360,840,254,734,346,826
2,Day 2,2,Tray 2,DJI_20260620131052_0002,64,7,4,360,720,480,840,374,734,466,826
2,Day 2,2,Tray 2,DJI_20260620131052_0002,65,7,5,480,720,600,840,494,734,586,826
2,Day 2,2,Tray 2,DJI_20260620131052_0002,66,7,6,600,720,720,840,614,734,706,826
2,Day 2,2,Tray 2,DJI_20260620131052_0002,67,7,7,720,720,840,840,734,734,826,826
2,Day 2,2,Tray 2,DJI_20260620131052_0002,68,7,8,840,720,960,840,854,734,946,826
2,Day 2,2,Tray 2,DJI_20260620131052_0002,69,7,9,960,720,1080,840,974,734,1066,826
2,Day 2,2,Tray 2,DJI_20260620131052_0002,70,7,10,1080,720,1200,840,1094,734,1186,826
2,Day 2,3,Tray 3,DJI_20260620131152_0003,1,1,1,0,0,120,120,14,14,106,106
2,Day 2,3,Tray 3,DJI_20260620131152_0003,2,1,2,120,0,240,120,134,14,226,106
2,Day 2,3,Tray 3,DJI_20260620131152_0003,3,1,3,240,0,360,120,254,14,346,106
2,Day 2,3,Tray 3,DJI_20260620131152_0003,4,1,4,360,0,480,120,374,14,466,106
2,Day 2,3,Tray 3,DJI_20260620131152_0003,5,1,5,480,0,600,120,494,14,586,106
2,Day 2,3,Tray 3,DJI_20260620131152_0003,6,1,6,600,0,720,120,614,14,706,106
2,Day 2,3,Tray 3,DJI_20260620131152_0003,7,1,7,720,0,840,120,734,14,826,106
2,Day 2,3,Tray 3,DJI_20260620131152_0003,8,1,8,840,0,960,120,854,14,946,106
2,Day 2,3,Tray 3,DJI_20260620131152_0003,9,1,9,960,0,1080,120,974,14,1066,106
2,Day 2,3,Tray 3,DJI_20260620131152_0003,10,1,10,1080,0,1200,120,1094,14,1186,106
2,Day 2,3,Tray 3,DJI_20260620131152_0003,11,2,1,0,120,120,240,14,134,106,226
2,Day 2,3,Tray 3,DJI_20260620131152_0003,12,2,2,120,120,240,240,134,134,226,226
2,Day 2,3,Tray 3,DJI_20260620131152_0003,13,2,3,240,120,360,240,254,134,346,226
2,Day 2,3,Tray 3,DJI_20260620131152_0003,14,2,4,360,120,480,240,374,134,466,226
2,Day 2,3,Tray 3,DJI_20260620131152_0003,15,2,5,480,120,600,240,494,134,586,226
2,Day 2,3,Tray 3,DJI_20260620131152_0003,16,2,6,600,120,720,240,614,134,706,226
2,Day 2,3,Tray 3,DJI_20260620131152_0003,17,2,7,720,120,840,240,734,134,826,226
2,Day 2,3,Tray 3,DJI_20260620131152_0003,18,2,8,840,120,960,240,854,134,946,226
2,Day 2,3,Tray 3,DJI_20260620131152_0003,19,2,9,960,120,1080,240,974,134,1066,226
2,Day 2,3,Tray 3,DJI_20260620131152_0003,20,2,10,1080,120,1200,240,1094,134,1186,226
2,Day 2,3,Tray 3,DJI_20260620131152_0003,21,3,1,0,240,120,360,14,254,106,346
2,Day 2,3,Tray 3,DJI_20260620131152_0003,22,3,2,120,240,240,360,134,254,226,346
2,Day 2,3,Tray 3,DJI_20260620131152_0003,23,3,3,240,240,360,360,254,254,346,346
2,Day 2,3,Tray 3,DJI_20260620131152_0003,24,3,4,360,240,480,360,374,254,466,346
2,Day 2,3,Tray 3,DJI_20260620131152_0003,25,3,5,480,240,600,360,494,254,586,346
2,Day 2,3,Tray 3,DJI_20260620131152_0003,26,3,6,600,240,720,360,614,254,706,346
2,Day 2,3,Tray 3,DJI_20260620131152_0003,27,3,7,720,240,840,360,734,254,826,346
2,Day 2,3,Tray 3,DJI_20260620131152_0003,28,3,8,840,240,960,360,854,254,946,346
2,Day 2,3,Tray 3,DJI_20260620131152_0003,29,3,9,960,240,1080,360,974,254,1066,346
2,Day 2,3,Tray 3,DJI_20260620131152_0003,30,3,10,1080,240,1200,360,1094,254,1186,346
2,Day 2,3,Tray 3,DJI_20260620131152_0003,31,4,1,0,360,120,480,14,374,106,466
2,Day 2,3,Tray 3,DJI_20260620131152_0003,32,4,2,120,360,240,480,134,374,226,466
2,Day 2,3,Tray 3,DJI_20260620131152_0003,33,4,3,240,360,360,480,254,374,346,466
2,Day 2,3,Tray 3,DJI_20260620131152_0003,34,4,4,360,360,480,480,374,374,466,466
2,Day 2,3,Tray 3,DJI_20260620131152_0003,35,4,5,480,360,600,480,494,374,586,466
2,Day 2,3,Tray 3,DJI_20260620131152_0003,36,4,6,600,360,720,480,614,374,706,466
2,Day 2,3,Tray 3,DJI_20260620131152_0003,37,4,7,720,360,840,480,734,374,826,466
2,Day 2,3,Tray 3,DJI_20260620131152_0003,38,4,8,840,360,960,480,854,374,946,466
2,Day 2,3,Tray 3,DJI_20260620131152_0003,39,4,9,960,360,1080,480,974,374,1066,466
2,Day 2,3,Tray 3,DJI_20260620131152_0003,40,4,10,1080,360,1200,480,1094,374,1186,466
2,Day 2,3,Tray 3,DJI_20260620131152_0003,41,5,1,0,480,120,600,14,494,106,586
2,Day 2,3,Tray 3,DJI_20260620131152_0003,42,5,2,120,480,240,600,134,494,226,586
2,Day 2,3,Tray 3,DJI_20260620131152_0003,43,5,3,240,480,360,600,254,494,346,586
2,Day 2,3,Tray 3,DJI_20260620131152_0003,44,5,4,360,480,480,600,374,494,466,586
2,Day 2,3,Tray 3,DJI_20260620131152_0003,45,5,5,480,480,600,600,494,494,586,586
2,Day 2,3,Tray 3,DJI_20260620131152_0003,46,5,6,600,480,720,600,614,494,706,586
2,Day 2,3,Tray 3,DJI_20260620131152_0003,47,5,7,720,480,840,600,734,494,826,586
2,Day 2,3,Tray 3,DJI_20260620131152_0003,48,5,8,840,480,960,600,854,494,946,586
2,Day 2,3,Tray 3,DJI_20260620131152_0003,49,5,9,960,480,1080,600,974,494,1066,586
2,Day 2,3,Tray 3,DJI_20260620131152_0003,50,5,10,1080,480,1200,600,1094,494,1186,586
2,Day 2,3,Tray 3,DJI_20260620131152_0003,51,6,1,0,600,120,720,14,614,106,706
2,Day 2,3,Tray 3,DJI_20260620131152_0003,52,6,2,120,600,240,720,134,614,226,706
2,Day 2,3,Tray 3,DJI_20260620131152_0003,53,6,3,240,600,360,720,254,614,346,706
2,Day 2,3,Tray 3,DJI_20260620131152_0003,54,6,4,360,600,480,720,374,614,466,706
2,Day 2,3,Tray 3,DJI_20260620131152_0003,55,6,5,480,600,600,720,494,614,586,706
2,Day 2,3,Tray 3,DJI_20260620131152_0003,56,6,6,600,600,720,720,614,614,706,706
2,Day 2,3,Tray 3,DJI_20260620131152_0003,57,6,7,720,600,840,720,734,614,826,706
2,Day 2,3,Tray 3,DJI_20260620131152_0003,58,6,8,840,600,960,720,854,614,946,706
2,Day 2,3,Tray 3,DJI_20260620131152_0003,59,6,9,960,600,1080,720,974,614,1066,706
2,Day 2,3,Tray 3,DJI_20260620131152_0003,60,6,10,1080,600,1200,720,1094,614,1186,706
2,Day 2,3,Tray 3,DJI_20260620131152_0003,61,7,1,0,720,120,840,14,734,106,826
2,Day 2,3,Tray 3,DJI_20260620131152_0003,62,7,2,120,720,240,840,134,734,226,826
2,Day 2,3,Tray 3,DJI_20260620131152_0003,63,7,3,240,720,360,840,254,734,346,826
2,Day 2,3,Tray 3,DJI_20260620131152_0003,64,7,4,360,720,480,840,374,734,466,826
2,Day 2,3,Tray 3,DJI_20260620131152_0003,65,7,5,480,720,600,840,494,734,586,826
2,Day 2,3,Tray 3,DJI_20260620131152_0003,66,7,6,600,720,720,840,614,734,706,826
2,Day 2,3,Tray 3,DJI_20260620131152_0003,67,7,7,720,720,840,840,734,734,826,826
2,Day 2,3,Tray 3,DJI_20260620131152_0003,68,7,8,840,720,960,840,854,734,946,826
2,Day 2,3,Tray 3,DJI_20260620131152_0003,69,7,9,960,720,1080,840,974,734,1066,826
2,Day 2,3,Tray 3,DJI_20260620131152_0003,70,7,10,1080,720,1200,840,1094,734,1186,826
2,Day 2,4,Tray 4,DJI_20260620131233_0004,1,1,1,0,0,120,120,14,14,106,106
2,Day 2,4,Tray 4,DJI_20260620131233_0004,2,1,2,120,0,240,120,134,14,226,106
2,Day 2,4,Tray 4,DJI_20260620131233_0004,3,1,3,240,0,360,120,254,14,346,106
2,Day 2,4,Tray 4,DJI_20260620131233_0004,4,1,4,360,0,480,120,374,14,466,106
2,Day 2,4,Tray 4,DJI_20260620131233_0004,5,1,5,480,0,600,120,494,14,586,106
2,Day 2,4,Tray 4,DJI_20260620131233_0004,6,1,6,600,0,720,120,614,14,706,106
2,Day 2,4,Tray 4,DJI_20260620131233_0004,7,1,7,720,0,840,120,734,14,826,106
2,Day 2,4,Tray 4,DJI_20260620131233_0004,8,1,8,840,0,960,120,854,14,946,106
2,Day 2,4,Tray 4,DJI_20260620131233_0004,9,1,9,960,0,1080,120,974,14,1066,106
2,Day 2,4,Tray 4,DJI_20260620131233_0004,10,1,10,1080,0,1200,120,1094,14,1186,106
2,Day 2,4,Tray 4,DJI_20260620131233_0004,11,2,1,0,120,120,240,14,134,106,226
2,Day 2,4,Tray 4,DJI_20260620131233_0004,12,2,2,120,120,240,240,134,134,226,226
2,Day 2,4,Tray 4,DJI_20260620131233_0004,13,2,3,240,120,360,240,254,134,346,226
2,Day 2,4,Tray 4,DJI_20260620131233_0004,14,2,4,360,120,480,240,374,134,466,226
2,Day 2,4,Tray 4,DJI_20260620131233_0004,15,2,5,480,120,600,240,494,134,586,226
2,Day 2,4,Tray 4,DJI_20260620131233_0004,16,2,6,600,120,720,240,614,134,706,226
2,Day 2,4,Tray 4,DJI_20260620131233_0004,17,2,7,720,120,840,240,734,134,826,226
2,Day 2,4,Tray 4,DJI_20260620131233_0004,18,2,8,840,120,960,240,854,134,946,226
2,Day 2,4,Tray 4,DJI_20260620131233_0004,19,2,9,960,120,1080,240,974,134,1066,226
2,Day 2,4,Tray 4,DJI_20260620131233_0004,20,2,10,1080,120,1200,240,1094,134,1186,226
2,Day 2,4,Tray 4,DJI_20260620131233_0004,21,3,1,0,240,120,360,14,254,106,346
2,Day 2,4,Tray 4,DJI_20260620131233_0004,22,3,2,120,240,240,360,134,254,226,346
2,Day 2,4,Tray 4,DJI_20260620131233_0004,23,3,3,240,240,360,360,254,254,346,346
2,Day 2,4,Tray 4,DJI_20260620131233_0004,24,3,4,360,240,480,360,374,254,466,346
2,Day 2,4,Tray 4,DJI_20260620131233_0004,25,3,5,480,240,600,360,494,254,586,346
2,Day 2,4,Tray 4,DJI_20260620131233_0004,26,3,6,600,240,720,360,614,254,706,346
2,Day 2,4,Tray 4,DJI_20260620131233_0004,27,3,7,720,240,840,360,734,254,826,346
2,Day 2,4,Tray 4,DJI_20260620131233_0004,28,3,8,840,240,960,360,854,254,946,346
2,Day 2,4,Tray 4,DJI_20260620131233_0004,29,3,9,960,240,1080,360,974,254,1066,346
2,Day 2,4,Tray 4,DJI_20260620131233_0004,30,3,10,1080,240,1200,360,1094,254,1186,346
2,Day 2,4,Tray 4,DJI_20260620131233_0004,31,4,1,0,360,120,480,14,374,106,466
2,Day 2,4,Tray 4,DJI_20260620131233_0004,32,4,2,120,360,240,480,134,374,226,466
2,Day 2,4,Tray 4,DJI_20260620131233_0004,33,4,3,240,360,360,480,254,374,346,466
2,Day 2,4,Tray 4,DJI_20260620131233_0004,34,4,4,360,360,480,480,374,374,466,466
2,Day 2,4,Tray 4,DJI_20260620131233_0004,35,4,5,480,360,600,480,494,374,586,466
2,Day 2,4,Tray 4,DJI_20260620131233_0004,36,4,6,600,360,720,480,614,374,706,466
2,Day 2,4,Tray 4,DJI_20260620131233_0004,37,4,7,720,360,840,480,734,374,826,466
2,Day 2,4,Tray 4,DJI_20260620131233_0004,38,4,8,840,360,960,480,854,374,946,466
2,Day 2,4,Tray 4,DJI_20260620131233_0004,39,4,9,960,360,1080,480,974,374,1066,466
2,Day 2,4,Tray 4,DJI_20260620131233_0004,40,4,10,1080,360,1200,480,1094,374,1186,466
2,Day 2,4,Tray 4,DJI_20260620131233_0004,41,5,1,0,480,120,600,14,494,106,586
2,Day 2,4,Tray 4,DJI_20260620131233_0004,42,5,2,120,480,240,600,134,494,226,586
2,Day 2,4,Tray 4,DJI_20260620131233_0004,43,5,3,240,480,360,600,254,494,346,586
2,Day 2,4,Tray 4,DJI_20260620131233_0004,44,5,4,360,480,480,600,374,494,466,586
2,Day 2,4,Tray 4,DJI_20260620131233_0004,45,5,5,480,480,600,600,494,494,586,586
2,Day 2,4,Tray 4,DJI_20260620131233_0004,46,5,6,600,480,720,600,614,494,706,586
2,Day 2,4,Tray 4,DJI_20260620131233_0004,47,5,7,720,480,840,600,734,494,826,586
2,Day 2,4,Tray 4,DJI_20260620131233_0004,48,5,8,840,480,960,600,854,494,946,586
2,Day 2,4,Tray 4,DJI_20260620131233_0004,49,5,9,960,480,1080,600,974,494,1066,586
2,Day 2,4,Tray 4,DJI_20260620131233_0004,50,5,10,1080,480,1200,600,1094,494,1186,586
2,Day 2,4,Tray 4,DJI_20260620131233_0004,51,6,1,0,600,120,720,14,614,106,706
2,Day 2,4,Tray 4,DJI_20260620131233_0004,52,6,2,120,600,240,720,134,614,226,706
2,Day 2,4,Tray 4,DJI_20260620131233_0004,53,6,3,240,600,360,720,254,614,346,706
2,Day 2,4,Tray 4,DJI_20260620131233_0004,54,6,4,360,600,480,720,374,614,466,706
2,Day 2,4,Tray 4,DJI_20260620131233_0004,55,6,5,480,600,600,720,494,614,586,706
2,Day 2,4,Tray 4,DJI_20260620131233_0004,56,6,6,600,600,720,720,614,614,706,706
2,Day 2,4,Tray 4,DJI_20260620131233_0004,57,6,7,720,600,840,720,734,614,826,706
2,Day 2,4,Tray 4,DJI_20260620131233_0004,58,6,8,840,600,960,720,854,614,946,706
2,Day 2,4,Tray 4,DJI_20260620131233_0004,59,6,9,960,600,1080,720,974,614,1066,706
2,Day 2,4,Tray 4,DJI_20260620131233_0004,60,6,10,1080,600,1200,720,1094,614,1186,706
2,Day 2,4,Tray 4,DJI_20260620131233_0004,61,7,1,0,720,120,840,14,734,106,826
2,Day 2,4,Tray 4,DJI_20260620131233_0004,62,7,2,120,720,240,840,134,734,226,826
2,Day 2,4,Tray 4,DJI_20260620131233_0004,63,7,3,240,720,360,840,254,734,346,826
2,Day 2,4,Tray 4,DJI_20260620131233_0004,64,7,4,360,720,480,840,374,734,466,826
2,Day 2,4,Tray 4,DJI_20260620131233_0004,65,7,5,480,720,600,840,494,734,586,826
2,Day 2,4,Tray 4,DJI_20260620131233_0004,66,7,6,600,720,720,840,614,734,706,826
2,Day 2,4,Tray 4,DJI_20260620131233_0004,67,7,7,720,720,840,840,734,734,826,826
2,Day 2,4,Tray 4,DJI_20260620131233_0004,68,7,8,840,720,960,840,854,734,946,826
2,Day 2,4,Tray 4,DJI_20260620131233_0004,69,7,9,960,720,1080,840,974,734,1066,826
2,Day 2,4,Tray 4,DJI_20260620131233_0004,70,7,10,1080,720,1200,840,1094,734,1186,826
2,Day 2,5,Tray 5,DJI_20260620131340_0005,1,1,1,0,0,120,120,14,14,106,106
2,Day 2,5,Tray 5,DJI_20260620131340_0005,2,1,2,120,0,240,120,134,14,226,106
2,Day 2,5,Tray 5,DJI_20260620131340_0005,3,1,3,240,0,360,120,254,14,346,106
2,Day 2,5,Tray 5,DJI_20260620131340_0005,4,1,4,360,0,480,120,374,14,466,106
2,Day 2,5,Tray 5,DJI_20260620131340_0005,5,1,5,480,0,600,120,494,14,586,106
2,Day 2,5,Tray 5,DJI_20260620131340_0005,6,1,6,600,0,720,120,614,14,706,106
2,Day 2,5,Tray 5,DJI_20260620131340_0005,7,1,7,720,0,840,120,734,14,826,106
2,Day 2,5,Tray 5,DJI_20260620131340_0005,8,1,8,840,0,960,120,854,14,946,106
2,Day 2,5,Tray 5,DJI_20260620131340_0005,9,1,9,960,0,1080,120,974,14,1066,106
2,Day 2,5,Tray 5,DJI_20260620131340_0005,10,1,10,1080,0,1200,120,1094,14,1186,106
2,Day 2,5,Tray 5,DJI_20260620131340_0005,11,2,1,0,120,120,240,14,134,106,226
2,Day 2,5,Tray 5,DJI_20260620131340_0005,12,2,2,120,120,240,240,134,134,226,226
2,Day 2,5,Tray 5,DJI_20260620131340_0005,13,2,3,240,120,360,240,254,134,346,226
2,Day 2,5,Tray 5,DJI_20260620131340_0005,14,2,4,360,120,480,240,374,134,466,226
2,Day 2,5,Tray 5,DJI_20260620131340_0005,15,2,5,480,120,600,240,494,134,586,226
2,Day 2,5,Tray 5,DJI_20260620131340_0005,16,2,6,600,120,720,240,614,134,706,226
2,Day 2,5,Tray 5,DJI_20260620131340_0005,17,2,7,720,120,840,240,734,134,826,226
2,Day 2,5,Tray 5,DJI_20260620131340_0005,18,2,8,840,120,960,240,854,134,946,226
2,Day 2,5,Tray 5,DJI_20260620131340_0005,19,2,9,960,120,1080,240,974,134,1066,226
2,Day 2,5,Tray 5,DJI_20260620131340_0005,20,2,10,1080,120,1200,240,1094,134,1186,226
2,Day 2,5,Tray 5,DJI_20260620131340_0005,21,3,1,0,240,120,360,14,254,106,346
2,Day 2,5,Tray 5,DJI_20260620131340_0005,22,3,2,120,240,240,360,134,254,226,346
2,Day 2,5,Tray 5,DJI_20260620131340_0005,23,3,3,240,240,360,360,254,254,346,346
2,Day 2,5,Tray 5,DJI_20260620131340_0005,24,3,4,360,240,480,360,374,254,466,346
2,Day 2,5,Tray 5,DJI_20260620131340_0005,25,3,5,480,240,600,360,494,254,586,346
2,Day 2,5,Tray 5,DJI_20260620131340_0005,26,3,6,600,240,720,360,614,254,706,346
2,Day 2,5,Tray 5,DJI_20260620131340_0005,27,3,7,720,240,840,360,734,254,826,346
2,Day 2,5,Tray 5,DJI_20260620131340_0005,28,3,8,840,240,960,360,854,254,946,346
2,Day 2,5,Tray 5,DJI_20260620131340_0005,29,3,9,960,240,1080,360,974,254,1066,346
2,Day 2,5,Tray 5,DJI_20260620131340_0005,30,3,10,1080,240,1200,360,1094,254,1186,346
2,Day 2,5,Tray 5,DJI_20260620131340_0005,31,4,1,0,360,120,480,14,374,106,466
2,Day 2,5,Tray 5,DJI_20260620131340_0005,32,4,2,120,360,240,480,134,374,226,466
2,Day 2,5,Tray 5,DJI_20260620131340_0005,33,4,3,240,360,360,480,254,374,346,466
2,Day 2,5,Tray 5,DJI_20260620131340_0005,34,4,4,360,360,480,480,374,374,466,466
2,Day 2,5,Tray 5,DJI_20260620131340_0005,35,4,5,480,360,600,480,494,374,586,466
2,Day 2,5,Tray 5,DJI_20260620131340_0005,36,4,6,600,360,720,480,614,374,706,466
2,Day 2,5,Tray 5,DJI_20260620131340_0005,37,4,7,720,360,840,480,734,374,826,466
2,Day 2,5,Tray 5,DJI_20260620131340_0005,38,4,8,840,360,960,480,854,374,946,466
2,Day 2,5,Tray 5,DJI_20260620131340_0005,39,4,9,960,360,1080,480,974,374,1066,466
2,Day 2,5,Tray 5,DJI_20260620131340_0005,40,4,10,1080,360,1200,480,1094,374,1186,466
2,Day 2,5,Tray 5,DJI_20260620131340_0005,41,5,1,0,480,120,600,14,494,106,586
2,Day 2,5,Tray 5,DJI_20260620131340_0005,42,5,2,120,480,240,600,134,494,226,586
2,Day 2,5,Tray 5,DJI_20260620131340_0005,43,5,3,240,480,360,600,254,494,346,586
2,Day 2,5,Tray 5,DJI_20260620131340_0005,44,5,4,360,480,480,600,374,494,466,586
2,Day 2,5,Tray 5,DJI_20260620131340_0005,45,5,5,480,480,600,600,494,494,586,586
2,Day 2,5,Tray 5,DJI_20260620131340_0005,46,5,6,600,480,720,600,614,494,706,586
2,Day 2,5,Tray 5,DJI_20260620131340_0005,47,5,7,720,480,840,600,734,494,826,586
2,Day 2,5,Tray 5,DJI_20260620131340_0005,48,5,8,840,480,960,600,854,494,946,586
2,Day 2,5,Tray 5,DJI_20260620131340_0005,49,5,9,960,480,1080,600,974,494,1066,586
2,Day 2,5,Tray 5,DJI_20260620131340_0005,50,5,10,1080,480,1200,600,1094,494,1186,586
2,Day 2,5,Tray 5,DJI_20260620131340_0005,51,6,1,0,600,120,720,14,614,106,706
2,Day 2,5,Tray 5,DJI_20260620131340_0005,52,6,2,120,600,240,720,134,614,226,706
2,Day 2,5,Tray 5,DJI_20260620131340_0005,53,6,3,240,600,360,720,254,614,346,706
2,Day 2,5,Tray 5,DJI_20260620131340_0005,54,6,4,360,600,480,720,374,614,466,706
2,Day 2,5,Tray 5,DJI_20260620131340_0005,55,6,5,480,600,600,720,494,614,586,706
2,Day 2,5,Tray 5,DJI_20260620131340_0005,56,6,6,600,600,720,720,614,614,706,706
2,Day 2,5,Tray 5,DJI_20260620131340_0005,57,6,7,720,600,840,720,734,614,826,706
2,Day 2,5,Tray 5,DJI_20260620131340_0005,58,6,8,840,600,960,720,854,614,946,706
2,Day 2,5,Tray 5,DJI_20260620131340_0005,59,6,9,960,600,1080,720,974,614,1066,706
2,Day 2,5,Tray 5,DJI_20260620131340_0005,60,6,10,1080,600,1200,720,1094,614,1186,706
2,Day 2,5,Tray 5,DJI_20260620131340_0005,61,7,1,0,720,120,840,14,734,106,826
2,Day 2,5,Tray 5,DJI_20260620131340_0005,62,7,2,120,720,240,840,134,734,226,826
2,Day 2,5,Tray 5,DJI_20260620131340_0005,63,7,3,240,720,360,840,254,734,346,826
2,Day 2,5,Tray 5,DJI_20260620131340_0005,64,7,4,360,720,480,840,374,734,466,826
2,Day 2,5,Tray 5,DJI_20260620131340_0005,65,7,5,480,720,600,840,494,734,586,826
2,Day 2,5,Tray 5,DJI_20260620131340_0005,66,7,6,600,720,720,840,614,734,706,826
2,Day 2,5,Tray 5,DJI_20260620131340_0005,67,7,7,720,720,840,840,734,734,826,826
2,Day 2,5,Tray 5,DJI_20260620131340_0005,68,7,8,840,720,960,840,854,734,946,826
2,Day 2,5,Tray 5,DJI_20260620131340_0005,69,7,9,960,720,1080,840,974,734,1066,826
2,Day 2,5,Tray 5,DJI_20260620131340_0005,70,7,10,1080,720,1200,840,1094,734,1186,826
2,Day 2,6,Tray 6,DJI_20260620131437_0006,1,1,1,0,0,120,120,14,14,106,106
2,Day 2,6,Tray 6,DJI_20260620131437_0006,2,1,2,120,0,240,120,134,14,226,106
2,Day 2,6,Tray 6,DJI_20260620131437_0006,3,1,3,240,0,360,120,254,14,346,106
2,Day 2,6,Tray 6,DJI_20260620131437_0006,4,1,4,360,0,480,120,374,14,466,106
2,Day 2,6,Tray 6,DJI_20260620131437_0006,5,1,5,480,0,600,120,494,14,586,106
2,Day 2,6,Tray 6,DJI_20260620131437_0006,6,1,6,600,0,720,120,614,14,706,106
2,Day 2,6,Tray 6,DJI_20260620131437_0006,7,1,7,720,0,840,120,734,14,826,106
2,Day 2,6,Tray 6,DJI_20260620131437_0006,8,1,8,840,0,960,120,854,14,946,106
2,Day 2,6,Tray 6,DJI_20260620131437_0006,9,1,9,960,0,1080,120,974,14,1066,106
2,Day 2,6,Tray 6,DJI_20260620131437_0006,10,1,10,1080,0,1200,120,1094,14,1186,106
2,Day 2,6,Tray 6,DJI_20260620131437_0006,11,2,1,0,120,120,240,14,134,106,226
2,Day 2,6,Tray 6,DJI_20260620131437_0006,12,2,2,120,120,240,240,134,134,226,226
2,Day 2,6,Tray 6,DJI_20260620131437_0006,13,2,3,240,120,360,240,254,134,346,226
2,Day 2,6,Tray 6,DJI_20260620131437_0006,14,2,4,360,120,480,240,374,134,466,226
2,Day 2,6,Tray 6,DJI_20260620131437_0006,15,2,5,480,120,600,240,494,134,586,226
2,Day 2,6,Tray 6,DJI_20260620131437_0006,16,2,6,600,120,720,240,614,134,706,226
2,Day 2,6,Tray 6,DJI_20260620131437_0006,17,2,7,720,120,840,240,734,134,826,226
2,Day 2,6,Tray 6,DJI_20260620131437_0006,18,2,8,840,120,960,240,854,134,946,226
2,Day 2,6,Tray 6,DJI_20260620131437_0006,19,2,9,960,120,1080,240,974,134,1066,226
2,Day 2,6,Tray 6,DJI_20260620131437_0006,20,2,10,1080,120,1200,240,1094,134,1186,226
2,Day 2,6,Tray 6,DJI_20260620131437_0006,21,3,1,0,240,120,360,14,254,106,346
2,Day 2,6,Tray 6,DJI_20260620131437_0006,22,3,2,120,240,240,360,134,254,226,346
2,Day 2,6,Tray 6,DJI_20260620131437_0006,23,3,3,240,240,360,360,254,254,346,346
2,Day 2,6,Tray 6,DJI_20260620131437_0006,24,3,4,360,240,480,360,374,254,466,346
2,Day 2,6,Tray 6,DJI_20260620131437_0006,25,3,5,480,240,600,360,494,254,586,346
2,Day 2,6,Tray 6,DJI_20260620131437_0006,26,3,6,600,240,720,360,614,254,706,346
2,Day 2,6,Tray 6,DJI_20260620131437_0006,27,3,7,720,240,840,360,734,254,826,346
2,Day 2,6,Tray 6,DJI_20260620131437_0006,28,3,8,840,240,960,360,854,254,946,346
2,Day 2,6,Tray 6,DJI_20260620131437_0006,29,3,9,960,240,1080,360,974,254,1066,346
2,Day 2,6,Tray 6,DJI_20260620131437_0006,30,3,10,1080,240,1200,360,1094,254,1186,346
2,Day 2,6,Tray 6,DJI_20260620131437_0006,31,4,1,0,360,120,480,14,374,106,466
2,Day 2,6,Tray 6,DJI_20260620131437_0006,32,4,2,120,360,240,480,134,374,226,466
2,Day 2,6,Tray 6,DJI_20260620131437_0006,33,4,3,240,360,360,480,254,374,346,466
2,Day 2,6,Tray 6,DJI_20260620131437_0006,34,4,4,360,360,480,480,374,374,466,466
2,Day 2,6,Tray 6,DJI_20260620131437_0006,35,4,5,480,360,600,480,494,374,586,466
2,Day 2,6,Tray 6,DJI_20260620131437_0006,36,4,6,600,360,720,480,614,374,706,466
2,Day 2,6,Tray 6,DJI_20260620131437_0006,37,4,7,720,360,840,480,734,374,826,466
2,Day 2,6,Tray 6,DJI_20260620131437_0006,38,4,8,840,360,960,480,854,374,946,466
2,Day 2,6,Tray 6,DJI_20260620131437_0006,39,4,9,960,360,1080,480,974,374,1066,466
2,Day 2,6,Tray 6,DJI_20260620131437_0006,40,4,10,1080,360,1200,480,1094,374,1186,466
2,Day 2,6,Tray 6,DJI_20260620131437_0006,41,5,1,0,480,120,600,14,494,106,586
2,Day 2,6,Tray 6,DJI_20260620131437_0006,42,5,2,120,480,240,600,134,494,226,586
2,Day 2,6,Tray 6,DJI_20260620131437_0006,43,5,3,240,480,360,600,254,494,346,586
2,Day 2,6,Tray 6,DJI_20260620131437_0006,44,5,4,360,480,480,600,374,494,466,586
2,Day 2,6,Tray 6,DJI_20260620131437_0006,45,5,5,480,480,600,600,494,494,586,586
2,Day 2,6,Tray 6,DJI_20260620131437_0006,46,5,6,600,480,720,600,614,494,706,586
2,Day 2,6,Tray 6,DJI_20260620131437_0006,47,5,7,720,480,840,600,734,494,826,586
2,Day 2,6,Tray 6,DJI_20260620131437_0006,48,5,8,840,480,960,600,854,494,946,586
2,Day 2,6,Tray 6,DJI_20260620131437_0006,49,5,9,960,480,1080,600,974,494,1066,586
2,Day 2,6,Tray 6,DJI_20260620131437_0006,50,5,10,1080,480,1200,600,1094,494,1186,586
2,Day 2,6,Tray 6,DJI_20260620131437_0006,51,6,1,0,600,120,720,14,614,106,706
2,Day 2,6,Tray 6,DJI_20260620131437_0006,52,6,2,120,600,240,720,134,614,226,706
2,Day 2,6,Tray 6,DJI_20260620131437_0006,53,6,3,240,600,360,720,254,614,346,706
2,Day 2,6,Tray 6,DJI_20260620131437_0006,54,6,4,360,600,480,720,374,614,466,706
2,Day 2,6,Tray 6,DJI_20260620131437_0006,55,6,5,480,600,600,720,494,614,586,706
2,Day 2,6,Tray 6,DJI_20260620131437_0006,56,6,6,600,600,720,720,614,614,706,706
2,Day 2,6,Tray 6,DJI_20260620131437_0006,57,6,7,720,600,840,720,734,614,826,706
2,Day 2,6,Tray 6,DJI_20260620131437_0006,58,6,8,840,600,960,720,854,614,946,706
2,Day 2,6,Tray 6,DJI_20260620131437_0006,59,6,9,960,600,1080,720,974,614,1066,706
2,Day 2,6,Tray 6,DJI_20260620131437_0006,60,6,10,1080,600,1200,720,1094,614,1186,706
2,Day 2,6,Tray 6,DJI_20260620131437_0006,61,7,1,0,720,120,840,14,734,106,826
2,Day 2,6,Tray 6,DJI_20260620131437_0006,62,7,2,120,720,240,840,134,734,226,826
2,Day 2,6,Tray 6,DJI_20260620131437_0006,63,7,3,240,720,360,840,254,734,346,826
2,Day 2,6,Tray 6,DJI_20260620131437_0006,64,7,4,360,720,480,840,374,734,466,826
2,Day 2,6,Tray 6,DJI_20260620131437_0006,65,7,5,480,720,600,840,494,734,586,826
2,Day 2,6,Tray 6,DJI_20260620131437_0006,66,7,6,600,720,720,840,614,734,706,826
2,Day 2,6,Tray 6,DJI_20260620131437_0006,67,7,7,720,720,840,840,734,734,826,826
2,Day 2,6,Tray 6,DJI_20260620131437_0006,68,7,8,840,720,960,840,854,734,946,826
2,Day 2,6,Tray 6,DJI_20260620131437_0006,69,7,9,960,720,1080,840,974,734,1066,826
2,Day 2,6,Tray 6,DJI_20260620131437_0006,70,7,10,1080,720,1200,840,1094,734,1186,826
2,Day 2,7,Tray 7,DJI_20260620131539_0007,1,1,1,0,0,120,120,14,14,106,106
2,Day 2,7,Tray 7,DJI_20260620131539_0007,2,1,2,120,0,240,120,134,14,226,106
2,Day 2,7,Tray 7,DJI_20260620131539_0007,3,1,3,240,0,360,120,254,14,346,106
2,Day 2,7,Tray 7,DJI_20260620131539_0007,4,1,4,360,0,480,120,374,14,466,106
2,Day 2,7,Tray 7,DJI_20260620131539_0007,5,1,5,480,0,600,120,494,14,586,106
2,Day 2,7,Tray 7,DJI_20260620131539_0007,6,1,6,600,0,720,120,614,14,706,106
2,Day 2,7,Tray 7,DJI_20260620131539_0007,7,1,7,720,0,840,120,734,14,826,106
2,Day 2,7,Tray 7,DJI_20260620131539_0007,8,1,8,840,0,960,120,854,14,946,106
2,Day 2,7,Tray 7,DJI_20260620131539_0007,9,1,9,960,0,1080,120,974,14,1066,106
2,Day 2,7,Tray 7,DJI_20260620131539_0007,10,1,10,1080,0,1200,120,1094,14,1186,106
2,Day 2,7,Tray 7,DJI_20260620131539_0007,11,2,1,0,120,120,240,14,134,106,226
2,Day 2,7,Tray 7,DJI_20260620131539_0007,12,2,2,120,120,240,240,134,134,226,226
2,Day 2,7,Tray 7,DJI_20260620131539_0007,13,2,3,240,120,360,240,254,134,346,226
2,Day 2,7,Tray 7,DJI_20260620131539_0007,14,2,4,360,120,480,240,374,134,466,226
2,Day 2,7,Tray 7,DJI_20260620131539_0007,15,2,5,480,120,600,240,494,134,586,226
2,Day 2,7,Tray 7,DJI_20260620131539_0007,16,2,6,600,120,720,240,614,134,706,226
2,Day 2,7,Tray 7,DJI_20260620131539_0007,17,2,7,720,120,840,240,734,134,826,226
2,Day 2,7,Tray 7,DJI_20260620131539_0007,18,2,8,840,120,960,240,854,134,946,226
2,Day 2,7,Tray 7,DJI_20260620131539_0007,19,2,9,960,120,1080,240,974,134,1066,226
2,Day 2,7,Tray 7,DJI_20260620131539_0007,20,2,10,1080,120,1200,240,1094,134,1186,226
2,Day 2,7,Tray 7,DJI_20260620131539_0007,21,3,1,0,240,120,360,14,254,106,346
2,Day 2,7,Tray 7,DJI_20260620131539_0007,22,3,2,120,240,240,360,134,254,226,346
2,Day 2,7,Tray 7,DJI_20260620131539_0007,23,3,3,240,240,360,360,254,254,346,346
2,Day 2,7,Tray 7,DJI_20260620131539_0007,24,3,4,360,240,480,360,374,254,466,346
2,Day 2,7,Tray 7,DJI_20260620131539_0007,25,3,5,480,240,600,360,494,254,586,346
2,Day 2,7,Tray 7,DJI_20260620131539_0007,26,3,6,600,240,720,360,614,254,706,346
2,Day 2,7,Tray 7,DJI_20260620131539_0007,27,3,7,720,240,840,360,734,254,826,346
2,Day 2,7,Tray 7,DJI_20260620131539_0007,28,3,8,840,240,960,360,854,254,946,346
2,Day 2,7,Tray 7,DJI_20260620131539_0007,29,3,9,960,240,1080,360,974,254,1066,346
2,Day 2,7,Tray 7,DJI_20260620131539_0007,30,3,10,1080,240,1200,360,1094,254,1186,346
2,Day 2,7,Tray 7,DJI_20260620131539_0007,31,4,1,0,360,120,480,14,374,106,466
2,Day 2,7,Tray 7,DJI_20260620131539_0007,32,4,2,120,360,240,480,134,374,226,466
2,Day 2,7,Tray 7,DJI_20260620131539_0007,33,4,3,240,360,360,480,254,374,346,466
2,Day 2,7,Tray 7,DJI_20260620131539_0007,34,4,4,360,360,480,480,374,374,466,466
2,Day 2,7,Tray 7,DJI_20260620131539_0007,35,4,5,480,360,600,480,494,374,586,466
2,Day 2,7,Tray 7,DJI_20260620131539_0007,36,4,6,600,360,720,480,614,374,706,466
2,Day 2,7,Tray 7,DJI_20260620131539_0007,37,4,7,720,360,840,480,734,374,826,466
2,Day 2,7,Tray 7,DJI_20260620131539_0007,38,4,8,840,360,960,480,854,374,946,466
2,Day 2,7,Tray 7,DJI_20260620131539_0007,39,4,9,960,360,1080,480,974,374,1066,466
2,Day 2,7,Tray 7,DJI_20260620131539_0007,40,4,10,1080,360,1200,480,1094,374,1186,466
2,Day 2,7,Tray 7,DJI_20260620131539_0007,41,5,1,0,480,120,600,14,494,106,586
2,Day 2,7,Tray 7,DJI_20260620131539_0007,42,5,2,120,480,240,600,134,494,226,586
2,Day 2,7,Tray 7,DJI_20260620131539_0007,43,5,3,240,480,360,600,254,494,346,586
2,Day 2,7,Tray 7,DJI_20260620131539_0007,44,5,4,360,480,480,600,374,494,466,586
2,Day 2,7,Tray 7,DJI_20260620131539_0007,45,5,5,480,480,600,600,494,494,586,586
2,Day 2,7,Tray 7,DJI_20260620131539_0007,46,5,6,600,480,720,600,614,494,706,586
2,Day 2,7,Tray 7,DJI_20260620131539_0007,47,5,7,720,480,840,600,734,494,826,586
2,Day 2,7,Tray 7,DJI_20260620131539_0007,48,5,8,840,480,960,600,854,494,946,586
2,Day 2,7,Tray 7,DJI_20260620131539_0007,49,5,9,960,480,1080,600,974,494,1066,586
2,Day 2,7,Tray 7,DJI_20260620131539_0007,50,5,10,1080,480,1200,600,1094,494,1186,586
2,Day 2,7,Tray 7,DJI_20260620131539_0007,51,6,1,0,600,120,720,14,614,106,706
2,Day 2,7,Tray 7,DJI_20260620131539_0007,52,6,2,120,600,240,720,134,614,226,706
2,Day 2,7,Tray 7,DJI_20260620131539_0007,53,6,3,240,600,360,720,254,614,346,706
2,Day 2,7,Tray 7,DJI_20260620131539_0007,54,6,4,360,600,480,720,374,614,466,706
2,Day 2,7,Tray 7,DJI_20260620131539_0007,55,6,5,480,600,600,720,494,614,586,706
2,Day 2,7,Tray 7,DJI_20260620131539_0007,56,6,6,600,600,720,720,614,614,706,706
2,Day 2,7,Tray 7,DJI_20260620131539_0007,57,6,7,720,600,840,720,734,614,826,706
2,Day 2,7,Tray 7,DJI_20260620131539_0007,58,6,8,840,600,960,720,854,614,946,706
2,Day 2,7,Tray 7,DJI_20260620131539_0007,59,6,9,960,600,1080,720,974,614,1066,706
2,Day 2,7,Tray 7,DJI_20260620131539_0007,60,6,10,1080,600,1200,720,1094,614,1186,706
2,Day 2,7,Tray 7,DJI_20260620131539_0007,61,7,1,0,720,120,840,14,734,106,826
2,Day 2,7,Tray 7,DJI_20260620131539_0007,62,7,2,120,720,240,840,134,734,226,826
2,Day 2,7,Tray 7,DJI_20260620131539_0007,63,7,3,240,720,360,840,254,734,346,826
2,Day 2,7,Tray 7,DJI_20260620131539_0007,64,7,4,360,720,480,840,374,734,466,826
2,Day 2,7,Tray 7,DJI_20260620131539_0007,65,7,5,480,720,600,840,494,734,586,826
2,Day 2,7,Tray 7,DJI_20260620131539_0007,66,7,6,600,720,720,840,614,734,706,826
2,Day 2,7,Tray 7,DJI_20260620131539_0007,67,7,7,720,720,840,840,734,734,826,826
2,Day 2,7,Tray 7,DJI_20260620131539_0007,68,7,8,840,720,960,840,854,734,946,826
2,Day 2,7,Tray 7,DJI_20260620131539_0007,69,7,9,960,720,1080,840,974,734,1066,826
2,Day 2,7,Tray 7,DJI_20260620131539_0007,70,7,10,1080,720,1200,840,1094,734,1186,826
2,Day 2,8,Tray 8,DJI_20260620131623_0008,1,1,1,0,0,120,120,14,14,106,106
2,Day 2,8,Tray 8,DJI_20260620131623_0008,2,1,2,120,0,240,120,134,14,226,106
2,Day 2,8,Tray 8,DJI_20260620131623_0008,3,1,3,240,0,360,120,254,14,346,106
2,Day 2,8,Tray 8,DJI_20260620131623_0008,4,1,4,360,0,480,120,374,14,466,106
2,Day 2,8,Tray 8,DJI_20260620131623_0008,5,1,5,480,0,600,120,494,14,586,106
2,Day 2,8,Tray 8,DJI_20260620131623_0008,6,1,6,600,0,720,120,614,14,706,106
2,Day 2,8,Tray 8,DJI_20260620131623_0008,7,1,7,720,0,840,120,734,14,826,106
2,Day 2,8,Tray 8,DJI_20260620131623_0008,8,1,8,840,0,960,120,854,14,946,106
2,Day 2,8,Tray 8,DJI_20260620131623_0008,9,1,9,960,0,1080,120,974,14,1066,106
2,Day 2,8,Tray 8,DJI_20260620131623_0008,10,1,10,1080,0,1200,120,1094,14,1186,106
2,Day 2,8,Tray 8,DJI_20260620131623_0008,11,2,1,0,120,120,240,14,134,106,226
2,Day 2,8,Tray 8,DJI_20260620131623_0008,12,2,2,120,120,240,240,134,134,226,226
2,Day 2,8,Tray 8,DJI_20260620131623_0008,13,2,3,240,120,360,240,254,134,346,226
2,Day 2,8,Tray 8,DJI_20260620131623_0008,14,2,4,360,120,480,240,374,134,466,226
2,Day 2,8,Tray 8,DJI_20260620131623_0008,15,2,5,480,120,600,240,494,134,586,226
2,Day 2,8,Tray 8,DJI_20260620131623_0008,16,2,6,600,120,720,240,614,134,706,226
2,Day 2,8,Tray 8,DJI_20260620131623_0008,17,2,7,720,120,840,240,734,134,826,226
2,Day 2,8,Tray 8,DJI_20260620131623_0008,18,2,8,840,120,960,240,854,134,946,226
2,Day 2,8,Tray 8,DJI_20260620131623_0008,19,2,9,960,120,1080,240,974,134,1066,226
2,Day 2,8,Tray 8,DJI_20260620131623_0008,20,2,10,1080,120,1200,240,1094,134,1186,226
2,Day 2,8,Tray 8,DJI_20260620131623_0008,21,3,1,0,240,120,360,14,254,106,346
2,Day 2,8,Tray 8,DJI_20260620131623_0008,22,3,2,120,240,240,360,134,254,226,346
2,Day 2,8,Tray 8,DJI_20260620131623_0008,23,3,3,240,240,360,360,254,254,346,346
2,Day 2,8,Tray 8,DJI_20260620131623_0008,24,3,4,360,240,480,360,374,254,466,346
2,Day 2,8,Tray 8,DJI_20260620131623_0008,25,3,5,480,240,600,360,494,254,586,346
2,Day 2,8,Tray 8,DJI_20260620131623_0008,26,3,6,600,240,720,360,614,254,706,346
2,Day 2,8,Tray 8,DJI_20260620131623_0008,27,3,7,720,240,840,360,734,254,826,346
2,Day 2,8,Tray 8,DJI_20260620131623_0008,28,3,8,840,240,960,360,854,254,946,346
2,Day 2,8,Tray 8,DJI_20260620131623_0008,29,3,9,960,240,1080,360,974,254,1066,346
2,Day 2,8,Tray 8,DJI_20260620131623_0008,30,3,10,1080,240,1200,360,1094,254,1186,346
2,Day 2,8,Tray 8,DJI_20260620131623_0008,31,4,1,0,360,120,480,14,374,106,466
2,Day 2,8,Tray 8,DJI_20260620131623_0008,32,4,2,120,360,240,480,134,374,226,466
2,Day 2,8,Tray 8,DJI_20260620131623_0008,33,4,3,240,360,360,480,254,374,346,466
2,Day 2,8,Tray 8,DJI_20260620131623_0008,34,4,4,360,360,480,480,374,374,466,466
2,Day 2,8,Tray 8,DJI_20260620131623_0008,35,4,5,480,360,600,480,494,374,586,466
2,Day 2,8,Tray 8,DJI_20260620131623_0008,36,4,6,600,360,720,480,614,374,706,466
2,Day 2,8,Tray 8,DJI_20260620131623_0008,37,4,7,720,360,840,480,734,374,826,466
2,Day 2,8,Tray 8,DJI_20260620131623_0008,38,4,8,840,360,960,480,854,374,946,466
2,Day 2,8,Tray 8,DJI_20260620131623_0008,39,4,9,960,360,1080,480,974,374,1066,466
2,Day 2,8,Tray 8,DJI_20260620131623_0008,40,4,10,1080,360,1200,480,1094,374,1186,466
2,Day 2,8,Tray 8,DJI_20260620131623_0008,41,5,1,0,480,120,600,14,494,106,586
2,Day 2,8,Tray 8,DJI_20260620131623_0008,42,5,2,120,480,240,600,134,494,226,586
2,Day 2,8,Tray 8,DJI_20260620131623_0008,43,5,3,240,480,360,600,254,494,346,586
2,Day 2,8,Tray 8,DJI_20260620131623_0008,44,5,4,360,480,480,600,374,494,466,586
2,Day 2,8,Tray 8,DJI_20260620131623_0008,45,5,5,480,480,600,600,494,494,586,586
2,Day 2,8,Tray 8,DJI_20260620131623_0008,46,5,6,600,480,720,600,614,494,706,586
2,Day 2,8,Tray 8,DJI_20260620131623_0008,47,5,7,720,480,840,600,734,494,826,586
2,Day 2,8,Tray 8,DJI_20260620131623_0008,48,5,8,840,480,960,600,854,494,946,586
2,Day 2,8,Tray 8,DJI_20260620131623_0008,49,5,9,960,480,1080,600,974,494,1066,586
2,Day 2,8,Tray 8,DJI_20260620131623_0008,50,5,10,1080,480,1200,600,1094,494,1186,586
2,Day 2,8,Tray 8,DJI_20260620131623_0008,51,6,1,0,600,120,720,14,614,106,706
2,Day 2,8,Tray 8,DJI_20260620131623_0008,52,6,2,120,600,240,720,134,614,226,706
2,Day 2,8,Tray 8,DJI_20260620131623_0008,53,6,3,240,600,360,720,254,614,346,706
2,Day 2,8,Tray 8,DJI_20260620131623_0008,54,6,4,360,600,480,720,374,614,466,706
2,Day 2,8,Tray 8,DJI_20260620131623_0008,55,6,5,480,600,600,720,494,614,586,706
2,Day 2,8,Tray 8,DJI_20260620131623_0008,56,6,6,600,600,720,720,614,614,706,706
2,Day 2,8,Tray 8,DJI_20260620131623_0008,57,6,7,720,600,840,720,734,614,826,706
2,Day 2,8,Tray 8,DJI_20260620131623_0008,58,6,8,840,600,960,720,854,614,946,706
2,Day 2,8,Tray 8,DJI_20260620131623_0008,59,6,9,960,600,1080,720,974,614,1066,706
2,Day 2,8,Tray 8,DJI_20260620131623_0008,60,6,10,1080,600,1200,720,1094,614,1186,706
2,Day 2,8,Tray 8,DJI_20260620131623_0008,61,7,1,0,720,120,840,14,734,106,826
2,Day 2,8,Tray 8,DJI_20260620131623_0008,62,7,2,120,720,240,840,134,734,226,826
2,Day 2,8,Tray 8,DJI_20260620131623_0008,63,7,3,240,720,360,840,254,734,346,826
2,Day 2,8,Tray 8,DJI_20260620131623_0008,64,7,4,360,720,480,840,374,734,466,826
2,Day 2,8,Tray 8,DJI_20260620131623_0008,65,7,5,480,720,600,840,494,734,586,826
2,Day 2,8,Tray 8,DJI_20260620131623_0008,66,7,6,600,720,720,840,614,734,706,826
2,Day 2,8,Tray 8,DJI_20260620131623_0008,67,7,7,720,720,840,840,734,734,826,826
2,Day 2,8,Tray 8,DJI_20260620131623_0008,68,7,8,840,720,960,840,854,734,946,826
2,Day 2,8,Tray 8,DJI_20260620131623_0008,69,7,9,960,720,1080,840,974,734,1066,826
2,Day 2,8,Tray 8,DJI_20260620131623_0008,70,7,10,1080,720,1200,840,1094,734,1186,826
3,Day 3,4,Tray 4,DJI_20260621125808_0004,1,1,1,0,0,120,120,14,14,106,106
3,Day 3,4,Tray 4,DJI_20260621125808_0004,2,1,2,120,0,240,120,134,14,226,106
3,Day 3,4,Tray 4,DJI_20260621125808_0004,3,1,3,240,0,360,120,254,14,346,106
3,Day 3,4,Tray 4,DJI_20260621125808_0004,4,1,4,360,0,480,120,374,14,466,106
3,Day 3,4,Tray 4,DJI_20260621125808_0004,5,1,5,480,0,600,120,494,14,586,106
3,Day 3,4,Tray 4,DJI_20260621125808_0004,6,1,6,600,0,720,120,614,14,706,106
3,Day 3,4,Tray 4,DJI_20260621125808_0004,7,1,7,720,0,840,120,734,14,826,106
3,Day 3,4,Tray 4,DJI_20260621125808_0004,8,1,8,840,0,960,120,854,14,946,106
3,Day 3,4,Tray 4,DJI_20260621125808_0004,9,1,9,960,0,1080,120,974,14,1066,106
3,Day 3,4,Tray 4,DJI_20260621125808_0004,10,1,10,1080,0,1200,120,1094,14,1186,106
3,Day 3,4,Tray 4,DJI_20260621125808_0004,11,2,1,0,120,120,240,14,134,106,226
3,Day 3,4,Tray 4,DJI_20260621125808_0004,12,2,2,120,120,240,240,134,134,226,226
3,Day 3,4,Tray 4,DJI_20260621125808_0004,13,2,3,240,120,360,240,254,134,346,226
3,Day 3,4,Tray 4,DJI_20260621125808_0004,14,2,4,360,120,480,240,374,134,466,226
3,Day 3,4,Tray 4,DJI_20260621125808_0004,15,2,5,480,120,600,240,494,134,586,226
3,Day 3,4,Tray 4,DJI_20260621125808_0004,16,2,6,600,120,720,240,614,134,706,226
3,Day 3,4,Tray 4,DJI_20260621125808_0004,17,2,7,720,120,840,240,734,134,826,226
3,Day 3,4,Tray 4,DJI_20260621125808_0004,18,2,8,840,120,960,240,854,134,946,226
3,Day 3,4,Tray 4,DJI_20260621125808_0004,19,2,9,960,120,1080,240,974,134,1066,226
3,Day 3,4,Tray 4,DJI_20260621125808_0004,20,2,10,1080,120,1200,240,1094,134,1186,226
3,Day 3,4,Tray 4,DJI_20260621125808_0004,21,3,1,0,240,120,360,14,254,106,346
3,Day 3,4,Tray 4,DJI_20260621125808_0004,22,3,2,120,240,240,360,134,254,226,346
3,Day 3,4,Tray 4,DJI_20260621125808_0004,23,3,3,240,240,360,360,254,254,346,346
3,Day 3,4,Tray 4,DJI_20260621125808_0004,24,3,4,360,240,480,360,374,254,466,346
3,Day 3,4,Tray 4,DJI_20260621125808_0004,25,3,5,480,240,600,360,494,254,586,346
3,Day 3,4,Tray 4,DJI_20260621125808_0004,26,3,6,600,240,720,360,614,254,706,346
3,Day 3,4,Tray 4,DJI_20260621125808_0004,27,3,7,720,240,840,360,734,254,826,346
3,Day 3,4,Tray 4,DJI_20260621125808_0004,28,3,8,840,240,960,360,854,254,946,346
3,Day 3,4,Tray 4,DJI_20260621125808_0004,29,3,9,960,240,1080,360,974,254,1066,346
3,Day 3,4,Tray 4,DJI_20260621125808_0004,30,3,10,1080,240,1200,360,1094,254,1186,346
3,Day 3,4,Tray 4,DJI_20260621125808_0004,31,4,1,0,360,120,480,14,374,106,466
3,Day 3,4,Tray 4,DJI_20260621125808_0004,32,4,2,120,360,240,480,134,374,226,466
3,Day 3,4,Tray 4,DJI_20260621125808_0004,33,4,3,240,360,360,480,254,374,346,466
3,Day 3,4,Tray 4,DJI_20260621125808_0004,34,4,4,360,360,480,480,374,374,466,466
3,Day 3,4,Tray 4,DJI_20260621125808_0004,35,4,5,480,360,600,480,494,374,586,466
3,Day 3,4,Tray 4,DJI_20260621125808_0004,36,4,6,600,360,720,480,614,374,706,466
3,Day 3,4,Tray 4,DJI_20260621125808_0004,37,4,7,720,360,840,480,734,374,826,466
3,Day 3,4,Tray 4,DJI_20260621125808_0004,38,4,8,840,360,960,480,854,374,946,466
3,Day 3,4,Tray 4,DJI_20260621125808_0004,39,4,9,960,360,1080,480,974,374,1066,466
3,Day 3,4,Tray 4,DJI_20260621125808_0004,40,4,10,1080,360,1200,480,1094,374,1186,466
3,Day 3,4,Tray 4,DJI_20260621125808_0004,41,5,1,0,480,120,600,14,494,106,586
3,Day 3,4,Tray 4,DJI_20260621125808_0004,42,5,2,120,480,240,600,134,494,226,586
3,Day 3,4,Tray 4,DJI_20260621125808_0004,43,5,3,240,480,360,600,254,494,346,586
3,Day 3,4,Tray 4,DJI_20260621125808_0004,44,5,4,360,480,480,600,374,494,466,586
3,Day 3,4,Tray 4,DJI_20260621125808_0004,45,5,5,480,480,600,600,494,494,586,586
3,Day 3,4,Tray 4,DJI_20260621125808_0004,46,5,6,600,480,720,600,614,494,706,586
3,Day 3,4,Tray 4,DJI_20260621125808_0004,47,5,7,720,480,840,600,734,494,826,586
3,Day 3,4,Tray 4,DJI_20260621125808_0004,48,5,8,840,480,960,600,854,494,946,586
3,Day 3,4,Tray 4,DJI_20260621125808_0004,49,5,9,960,480,1080,600,974,494,1066,586
3,Day 3,4,Tray 4,DJI_20260621125808_0004,50,5,10,1080,480,1200,600,1094,494,1186,586
3,Day 3,4,Tray 4,DJI_20260621125808_0004,51,6,1,0,600,120,720,14,614,106,706
3,Day 3,4,Tray 4,DJI_20260621125808_0004,52,6,2,120,600,240,720,134,614,226,706
3,Day 3,4,Tray 4,DJI_20260621125808_0004,53,6,3,240,600,360,720,254,614,346,706
3,Day 3,4,Tray 4,DJI_20260621125808_0004,54,6,4,360,600,480,720,374,614,466,706
3,Day 3,4,Tray 4,DJI_20260621125808_0004,55,6,5,480,600,600,720,494,614,586,706
3,Day 3,4,Tray 4,DJI_20260621125808_0004,56,6,6,600,600,720,720,614,614,706,706
3,Day 3,4,Tray 4,DJI_20260621125808_0004,57,6,7,720,600,840,720,734,614,826,706
3,Day 3,4,Tray 4,DJI_20260621125808_0004,58,6,8,840,600,960,720,854,614,946,706
3,Day 3,4,Tray 4,DJI_20260621125808_0004,59,6,9,960,600,1080,720,974,614,1066,706
3,Day 3,4,Tray 4,DJI_20260621125808_0004,60,6,10,1080,600,1200,720,1094,614,1186,706
3,Day 3,4,Tray 4,DJI_20260621125808_0004,61,7,1,0,720,120,840,14,734,106,826
3,Day 3,4,Tray 4,DJI_20260621125808_0004,62,7,2,120,720,240,840,134,734,226,826
3,Day 3,4,Tray 4,DJI_20260621125808_0004,63,7,3,240,720,360,840,254,734,346,826
3,Day 3,4,Tray 4,DJI_20260621125808_0004,64,7,4,360,720,480,840,374,734,466,826
3,Day 3,4,Tray 4,DJI_20260621125808_0004,65,7,5,480,720,600,840,494,734,586,826
3,Day 3,4,Tray 4,DJI_20260621125808_0004,66,7,6,600,720,720,840,614,734,706,826
3,Day 3,4,Tray 4,DJI_20260621125808_0004,67,7,7,720,720,840,840,734,734,826,826
3,Day 3,4,Tray 4,DJI_20260621125808_0004,68,7,8,840,720,960,840,854,734,946,826
3,Day 3,4,Tray 4,DJI_20260621125808_0004,69,7,9,960,720,1080,840,974,734,1066,826
3,Day 3,4,Tray 4,DJI_20260621125808_0004,70,7,10,1080,720,1200,840,1094,734,1186,826
3,Day 3,5,Tray 5,DJI_20260621125931_0005,1,1,1,0,0,120,120,14,14,106,106
3,Day 3,5,Tray 5,DJI_20260621125931_0005,2,1,2,120,0,240,120,134,14,226,106
3,Day 3,5,Tray 5,DJI_20260621125931_0005,3,1,3,240,0,360,120,254,14,346,106
3,Day 3,5,Tray 5,DJI_20260621125931_0005,4,1,4,360,0,480,120,374,14,466,106
3,Day 3,5,Tray 5,DJI_20260621125931_0005,5,1,5,480,0,600,120,494,14,586,106
3,Day 3,5,Tray 5,DJI_20260621125931_0005,6,1,6,600,0,720,120,614,14,706,106
3,Day 3,5,Tray 5,DJI_20260621125931_0005,7,1,7,720,0,840,120,734,14,826,106
3,Day 3,5,Tray 5,DJI_20260621125931_0005,8,1,8,840,0,960,120,854,14,946,106
3,Day 3,5,Tray 5,DJI_20260621125931_0005,9,1,9,960,0,1080,120,974,14,1066,106
3,Day 3,5,Tray 5,DJI_20260621125931_0005,10,1,10,1080,0,1200,120,1094,14,1186,106
3,Day 3,5,Tray 5,DJI_20260621125931_0005,11,2,1,0,120,120,240,14,134,106,226
3,Day 3,5,Tray 5,DJI_20260621125931_0005,12,2,2,120,120,240,240,134,134,226,226
3,Day 3,5,Tray 5,DJI_20260621125931_0005,13,2,3,240,120,360,240,254,134,346,226
3,Day 3,5,Tray 5,DJI_20260621125931_0005,14,2,4,360,120,480,240,374,134,466,226
3,Day 3,5,Tray 5,DJI_20260621125931_0005,15,2,5,480,120,600,240,494,134,586,226
3,Day 3,5,Tray 5,DJI_20260621125931_0005,16,2,6,600,120,720,240,614,134,706,226
3,Day 3,5,Tray 5,DJI_20260621125931_0005,17,2,7,720,120,840,240,734,134,826,226
3,Day 3,5,Tray 5,DJI_20260621125931_0005,18,2,8,840,120,960,240,854,134,946,226
3,Day 3,5,Tray 5,DJI_20260621125931_0005,19,2,9,960,120,1080,240,974,134,1066,226
3,Day 3,5,Tray 5,DJI_20260621125931_0005,20,2,10,1080,120,1200,240,1094,134,1186,226
3,Day 3,5,Tray 5,DJI_20260621125931_0005,21,3,1,0,240,120,360,14,254,106,346
3,Day 3,5,Tray 5,DJI_20260621125931_0005,22,3,2,120,240,240,360,134,254,226,346
3,Day 3,5,Tray 5,DJI_20260621125931_0005,23,3,3,240,240,360,360,254,254,346,346
3,Day 3,5,Tray 5,DJI_20260621125931_0005,24,3,4,360,240,480,360,374,254,466,346
3,Day 3,5,Tray 5,DJI_20260621125931_0005,25,3,5,480,240,600,360,494,254,586,346
3,Day 3,5,Tray 5,DJI_20260621125931_0005,26,3,6,600,240,720,360,614,254,706,346
3,Day 3,5,Tray 5,DJI_20260621125931_0005,27,3,7,720,240,840,360,734,254,826,346
3,Day 3,5,Tray 5,DJI_20260621125931_0005,28,3,8,840,240,960,360,854,254,946,346
3,Day 3,5,Tray 5,DJI_20260621125931_0005,29,3,9,960,240,1080,360,974,254,1066,346
3,Day 3,5,Tray 5,DJI_20260621125931_0005,30,3,10,1080,240,1200,360,1094,254,1186,346
3,Day 3,5,Tray 5,DJI_20260621125931_0005,31,4,1,0,360,120,480,14,374,106,466
3,Day 3,5,Tray 5,DJI_20260621125931_0005,32,4,2,120,360,240,480,134,374,226,466
3,Day 3,5,Tray 5,DJI_20260621125931_0005,33,4,3,240,360,360,480,254,374,346,466
3,Day 3,5,Tray 5,DJI_20260621125931_0005,34,4,4,360,360,480,480,374,374,466,466
3,Day 3,5,Tray 5,DJI_20260621125931_0005,35,4,5,480,360,600,480,494,374,586,466
3,Day 3,5,Tray 5,DJI_20260621125931_0005,36,4,6,600,360,720,480,614,374,706,466
3,Day 3,5,Tray 5,DJI_20260621125931_0005,37,4,7,720,360,840,480,734,374,826,466
3,Day 3,5,Tray 5,DJI_20260621125931_0005,38,4,8,840,360,960,480,854,374,946,466
3,Day 3,5,Tray 5,DJI_20260621125931_0005,39,4,9,960,360,1080,480,974,374,1066,466
3,Day 3,5,Tray 5,DJI_20260621125931_0005,40,4,10,1080,360,1200,480,1094,374,1186,466
3,Day 3,5,Tray 5,DJI_20260621125931_0005,41,5,1,0,480,120,600,14,494,106,586
3,Day 3,5,Tray 5,DJI_20260621125931_0005,42,5,2,120,480,240,600,134,494,226,586
3,Day 3,5,Tray 5,DJI_20260621125931_0005,43,5,3,240,480,360,600,254,494,346,586
3,Day 3,5,Tray 5,DJI_20260621125931_0005,44,5,4,360,480,480,600,374,494,466,586
3,Day 3,5,Tray 5,DJI_20260621125931_0005,45,5,5,480,480,600,600,494,494,586,586
3,Day 3,5,Tray 5,DJI_20260621125931_0005,46,5,6,600,480,720,600,614,494,706,586
3,Day 3,5,Tray 5,DJI_20260621125931_0005,47,5,7,720,480,840,600,734,494,826,586
3,Day 3,5,Tray 5,DJI_20260621125931_0005,48,5,8,840,480,960,600,854,494,946,586
3,Day 3,5,Tray 5,DJI_20260621125931_0005,49,5,9,960,480,1080,600,974,494,1066,586
3,Day 3,5,Tray 5,DJI_20260621125931_0005,50,5,10,1080,480,1200,600,1094,494,1186,586
3,Day 3,5,Tray 5,DJI_20260621125931_0005,51,6,1,0,600,120,720,14,614,106,706
3,Day 3,5,Tray 5,DJI_20260621125931_0005,52,6,2,120,600,240,720,134,614,226,706
3,Day 3,5,Tray 5,DJI_20260621125931_0005,53,6,3,240,600,360,720,254,614,346,706
3,Day 3,5,Tray 5,DJI_20260621125931_0005,54,6,4,360,600,480,720,374,614,466,706
3,Day 3,5,Tray 5,DJI_20260621125931_0005,55,6,5,480,600,600,720,494,614,586,706
3,Day 3,5,Tray 5,DJI_20260621125931_0005,56,6,6,600,600,720,720,614,614,706,706
3,Day 3,5,Tray 5,DJI_20260621125931_0005,57,6,7,720,600,840,720,734,614,826,706
3,Day 3,5,Tray 5,DJI_20260621125931_0005,58,6,8,840,600,960,720,854,614,946,706
3,Day 3,5,Tray 5,DJI_20260621125931_0005,59,6,9,960,600,1080,720,974,614,1066,706
3,Day 3,5,Tray 5,DJI_20260621125931_0005,60,6,10,1080,600,1200,720,1094,614,1186,706
3,Day 3,5,Tray 5,DJI_20260621125931_0005,61,7,1,0,720,120,840,14,734,106,826
3,Day 3,5,Tray 5,DJI_20260621125931_0005,62,7,2,120,720,240,840,134,734,226,826
3,Day 3,5,Tray 5,DJI_20260621125931_0005,63,7,3,240,720,360,840,254,734,346,826
3,Day 3,5,Tray 5,DJI_20260621125931_0005,64,7,4,360,720,480,840,374,734,466,826
3,Day 3,5,Tray 5,DJI_20260621125931_0005,65,7,5,480,720,600,840,494,734,586,826
3,Day 3,5,Tray 5,DJI_20260621125931_0005,66,7,6,600,720,720,840,614,734,706,826
3,Day 3,5,Tray 5,DJI_20260621125931_0005,67,7,7,720,720,840,840,734,734,826,826
3,Day 3,5,Tray 5,DJI_20260621125931_0005,68,7,8,840,720,960,840,854,734,946,826
3,Day 3,5,Tray 5,DJI_20260621125931_0005,69,7,9,960,720,1080,840,974,734,1066,826
3,Day 3,5,Tray 5,DJI_20260621125931_0005,70,7,10,1080,720,1200,840,1094,734,1186,826
3,Day 3,7,Tray 7,DJI_20260621130015_0007,1,1,1,0,0,120,120,14,14,106,106
3,Day 3,7,Tray 7,DJI_20260621130015_0007,2,1,2,120,0,240,120,134,14,226,106
3,Day 3,7,Tray 7,DJI_20260621130015_0007,3,1,3,240,0,360,120,254,14,346,106
3,Day 3,7,Tray 7,DJI_20260621130015_0007,4,1,4,360,0,480,120,374,14,466,106
3,Day 3,7,Tray 7,DJI_20260621130015_0007,5,1,5,480,0,600,120,494,14,586,106
3,Day 3,7,Tray 7,DJI_20260621130015_0007,6,1,6,600,0,720,120,614,14,706,106
3,Day 3,7,Tray 7,DJI_20260621130015_0007,7,1,7,720,0,840,120,734,14,826,106
3,Day 3,7,Tray 7,DJI_20260621130015_0007,8,1,8,840,0,960,120,854,14,946,106
3,Day 3,7,Tray 7,DJI_20260621130015_0007,9,1,9,960,0,1080,120,974,14,1066,106
3,Day 3,7,Tray 7,DJI_20260621130015_0007,10,1,10,1080,0,1200,120,1094,14,1186,106
3,Day 3,7,Tray 7,DJI_20260621130015_0007,11,2,1,0,120,120,240,14,134,106,226
3,Day 3,7,Tray 7,DJI_20260621130015_0007,12,2,2,120,120,240,240,134,134,226,226
3,Day 3,7,Tray 7,DJI_20260621130015_0007,13,2,3,240,120,360,240,254,134,346,226
3,Day 3,7,Tray 7,DJI_20260621130015_0007,14,2,4,360,120,480,240,374,134,466,226
3,Day 3,7,Tray 7,DJI_20260621130015_0007,15,2,5,480,120,600,240,494,134,586,226
3,Day 3,7,Tray 7,DJI_20260621130015_0007,16,2,6,600,120,720,240,614,134,706,226
3,Day 3,7,Tray 7,DJI_20260621130015_0007,17,2,7,720,120,840,240,734,134,826,226
3,Day 3,7,Tray 7,DJI_20260621130015_0007,18,2,8,840,120,960,240,854,134,946,226
3,Day 3,7,Tray 7,DJI_20260621130015_0007,19,2,9,960,120,1080,240,974,134,1066,226
3,Day 3,7,Tray 7,DJI_20260621130015_0007,20,2,10,1080,120,1200,240,1094,134,1186,226
3,Day 3,7,Tray 7,DJI_20260621130015_0007,21,3,1,0,240,120,360,14,254,106,346
3,Day 3,7,Tray 7,DJI_20260621130015_0007,22,3,2,120,240,240,360,134,254,226,346
3,Day 3,7,Tray 7,DJI_20260621130015_0007,23,3,3,240,240,360,360,254,254,346,346
3,Day 3,7,Tray 7,DJI_20260621130015_0007,24,3,4,360,240,480,360,374,254,466,346
3,Day 3,7,Tray 7,DJI_20260621130015_0007,25,3,5,480,240,600,360,494,254,586,346
3,Day 3,7,Tray 7,DJI_20260621130015_0007,26,3,6,600,240,720,360,614,254,706,346
3,Day 3,7,Tray 7,DJI_20260621130015_0007,27,3,7,720,240,840,360,734,254,826,346
3,Day 3,7,Tray 7,DJI_20260621130015_0007,28,3,8,840,240,960,360,854,254,946,346
3,Day 3,7,Tray 7,DJI_20260621130015_0007,29,3,9,960,240,1080,360,974,254,1066,346
3,Day 3,7,Tray 7,DJI_20260621130015_0007,30,3,10,1080,240,1200,360,1094,254,1186,346
3,Day 3,7,Tray 7,DJI_20260621130015_0007,31,4,1,0,360,120,480,14,374,106,466
3,Day 3,7,Tray 7,DJI_20260621130015_0007,32,4,2,120,360,240,480,134,374,226,466
3,Day 3,7,Tray 7,DJI_20260621130015_0007,33,4,3,240,360,360,480,254,374,346,466
3,Day 3,7,Tray 7,DJI_20260621130015_0007,34,4,4,360,360,480,480,374,374,466,466
3,Day 3,7,Tray 7,DJI_20260621130015_0007,35,4,5,480,360,600,480,494,374,586,466
3,Day 3,7,Tray 7,DJI_20260621130015_0007,36,4,6,600,360,720,480,614,374,706,466
3,Day 3,7,Tray 7,DJI_20260621130015_0007,37,4,7,720,360,840,480,734,374,826,466
3,Day 3,7,Tray 7,DJI_20260621130015_0007,38,4,8,840,360,960,480,854,374,946,466
3,Day 3,7,Tray 7,DJI_20260621130015_0007,39,4,9,960,360,1080,480,974,374,1066,466
3,Day 3,7,Tray 7,DJI_20260621130015_0007,40,4,10,1080,360,1200,480,1094,374,1186,466
3,Day 3,7,Tray 7,DJI_20260621130015_0007,41,5,1,0,480,120,600,14,494,106,586
3,Day 3,7,Tray 7,DJI_20260621130015_0007,42,5,2,120,480,240,600,134,494,226,586
3,Day 3,7,Tray 7,DJI_20260621130015_0007,43,5,3,240,480,360,600,254,494,346,586
3,Day 3,7,Tray 7,DJI_20260621130015_0007,44,5,4,360,480,480,600,374,494,466,586
3,Day 3,7,Tray 7,DJI_20260621130015_0007,45,5,5,480,480,600,600,494,494,586,586
3,Day 3,7,Tray 7,DJI_20260621130015_0007,46,5,6,600,480,720,600,614,494,706,586
3,Day 3,7,Tray 7,DJI_20260621130015_0007,47,5,7,720,480,840,600,734,494,826,586
3,Day 3,7,Tray 7,DJI_20260621130015_0007,48,5,8,840,480,960,600,854,494,946,586
3,Day 3,7,Tray 7,DJI_20260621130015_0007,49,5,9,960,480,1080,600,974,494,1066,586
3,Day 3,7,Tray 7,DJI_20260621130015_0007,50,5,10,1080,480,1200,600,1094,494,1186,586
3,Day 3,7,Tray 7,DJI_20260621130015_0007,51,6,1,0,600,120,720,14,614,106,706
3,Day 3,7,Tray 7,DJI_20260621130015_0007,52,6,2,120,600,240,720,134,614,226,706
3,Day 3,7,Tray 7,DJI_20260621130015_0007,53,6,3,240,600,360,720,254,614,346,706
3,Day 3,7,Tray 7,DJI_20260621130015_0007,54,6,4,360,600,480,720,374,614,466,706
3,Day 3,7,Tray 7,DJI_20260621130015_0007,55,6,5,480,600,600,720,494,614,586,706
3,Day 3,7,Tray 7,DJI_20260621130015_0007,56,6,6,600,600,720,720,614,614,706,706
3,Day 3,7,Tray 7,DJI_20260621130015_0007,57,6,7,720,600,840,720,734,614,826,706
3,Day 3,7,Tray 7,DJI_20260621130015_0007,58,6,8,840,600,960,720,854,614,946,706
3,Day 3,7,Tray 7,DJI_20260621130015_0007,59,6,9,960,600,1080,720,974,614,1066,706
3,Day 3,7,Tray 7,DJI_20260621130015_0007,60,6,10,1080,600,1200,720,1094,614,1186,706
3,Day 3,7,Tray 7,DJI_20260621130015_0007,61,7,1,0,720,120,840,14,734,106,826
3,Day 3,7,Tray 7,DJI_20260621130015_0007,62,7,2,120,720,240,840,134,734,226,826
3,Day 3,7,Tray 7,DJI_20260621130015_0007,63,7,3,240,720,360,840,254,734,346,826
3,Day 3,7,Tray 7,DJI_20260621130015_0007,64,7,4,360,720,480,840,374,734,466,826
3,Day 3,7,Tray 7,DJI_20260621130015_0007,65,7,5,480,720,600,840,494,734,586,826
3,Day 3,7,Tray 7,DJI_20260621130015_0007,66,7,6,600,720,720,840,614,734,706,826
3,Day 3,7,Tray 7,DJI_20260621130015_0007,67,7,7,720,720,840,840,734,734,826,826
3,Day 3,7,Tray 7,DJI_20260621130015_0007,68,7,8,840,720,960,840,854,734,946,826
3,Day 3,7,Tray 7,DJI_20260621130015_0007,69,7,9,960,720,1080,840,974,734,1066,826
3,Day 3,7,Tray 7,DJI_20260621130015_0007,70,7,10,1080,720,1200,840,1094,734,1186,826
3,Day 3,9,Tray 9,DJI_20260621130058_0009,1,1,1,0,0,120,120,14,14,106,106
3,Day 3,9,Tray 9,DJI_20260621130058_0009,2,1,2,120,0,240,120,134,14,226,106
3,Day 3,9,Tray 9,DJI_20260621130058_0009,3,1,3,240,0,360,120,254,14,346,106
3,Day 3,9,Tray 9,DJI_20260621130058_0009,4,1,4,360,0,480,120,374,14,466,106
3,Day 3,9,Tray 9,DJI_20260621130058_0009,5,1,5,480,0,600,120,494,14,586,106
3,Day 3,9,Tray 9,DJI_20260621130058_0009,6,1,6,600,0,720,120,614,14,706,106
3,Day 3,9,Tray 9,DJI_20260621130058_0009,7,1,7,720,0,840,120,734,14,826,106
3,Day 3,9,Tray 9,DJI_20260621130058_0009,8,1,8,840,0,960,120,854,14,946,106
3,Day 3,9,Tray 9,DJI_20260621130058_0009,9,1,9,960,0,1080,120,974,14,1066,106
3,Day 3,9,Tray 9,DJI_20260621130058_0009,10,1,10,1080,0,1200,120,1094,14,1186,106
3,Day 3,9,Tray 9,DJI_20260621130058_0009,11,2,1,0,120,120,240,14,134,106,226
3,Day 3,9,Tray 9,DJI_20260621130058_0009,12,2,2,120,120,240,240,134,134,226,226
3,Day 3,9,Tray 9,DJI_20260621130058_0009,13,2,3,240,120,360,240,254,134,346,226
3,Day 3,9,Tray 9,DJI_20260621130058_0009,14,2,4,360,120,480,240,374,134,466,226
3,Day 3,9,Tray 9,DJI_20260621130058_0009,15,2,5,480,120,600,240,494,134,586,226
3,Day 3,9,Tray 9,DJI_20260621130058_0009,16,2,6,600,120,720,240,614,134,706,226
3,Day 3,9,Tray 9,DJI_20260621130058_0009,17,2,7,720,120,840,240,734,134,826,226
3,Day 3,9,Tray 9,DJI_20260621130058_0009,18,2,8,840,120,960,240,854,134,946,226
3,Day 3,9,Tray 9,DJI_20260621130058_0009,19,2,9,960,120,1080,240,974,134,1066,226
3,Day 3,9,Tray 9,DJI_20260621130058_0009,20,2,10,1080,120,1200,240,1094,134,1186,226
3,Day 3,9,Tray 9,DJI_20260621130058_0009,21,3,1,0,240,120,360,14,254,106,346
3,Day 3,9,Tray 9,DJI_20260621130058_0009,22,3,2,120,240,240,360,134,254,226,346
3,Day 3,9,Tray 9,DJI_20260621130058_0009,23,3,3,240,240,360,360,254,254,346,346
3,Day 3,9,Tray 9,DJI_20260621130058_0009,24,3,4,360,240,480,360,374,254,466,346
3,Day 3,9,Tray 9,DJI_20260621130058_0009,25,3,5,480,240,600,360,494,254,586,346
3,Day 3,9,Tray 9,DJI_20260621130058_0009,26,3,6,600,240,720,360,614,254,706,346
3,Day 3,9,Tray 9,DJI_20260621130058_0009,27,3,7,720,240,840,360,734,254,826,346
3,Day 3,9,Tray 9,DJI_20260621130058_0009,28,3,8,840,240,960,360,854,254,946,346
3,Day 3,9,Tray 9,DJI_20260621130058_0009,29,3,9,960,240,1080,360,974,254,1066,346
3,Day 3,9,Tray 9,DJI_20260621130058_0009,30,3,10,1080,240,1200,360,1094,254,1186,346
3,Day 3,9,Tray 9,DJI_20260621130058_0009,31,4,1,0,360,120,480,14,374,106,466
3,Day 3,9,Tray 9,DJI_20260621130058_0009,32,4,2,120,360,240,480,134,374,226,466
3,Day 3,9,Tray 9,DJI_20260621130058_0009,33,4,3,240,360,360,480,254,374,346,466
3,Day 3,9,Tray 9,DJI_20260621130058_0009,34,4,4,360,360,480,480,374,374,466,466
3,Day 3,9,Tray 9,DJI_20260621130058_0009,35,4,5,480,360,600,480,494,374,586,466
3,Day 3,9,Tray 9,DJI_20260621130058_0009,36,4,6,600,360,720,480,614,374,706,466
3,Day 3,9,Tray 9,DJI_20260621130058_0009,37,4,7,720,360,840,480,734,374,826,466
3,Day 3,9,Tray 9,DJI_20260621130058_0009,38,4,8,840,360,960,480,854,374,946,466
3,Day 3,9,Tray 9,DJI_20260621130058_0009,39,4,9,960,360,1080,480,974,374,1066,466
3,Day 3,9,Tray 9,DJI_20260621130058_0009,40,4,10,1080,360,1200,480,1094,374,1186,466
3,Day 3,9,Tray 9,DJI_20260621130058_0009,41,5,1,0,480,120,600,14,494,106,586
3,Day 3,9,Tray 9,DJI_20260621130058_0009,42,5,2,120,480,240,600,134,494,226,586
3,Day 3,9,Tray 9,DJI_20260621130058_0009,43,5,3,240,480,360,600,254,494,346,586
3,Day 3,9,Tray 9,DJI_20260621130058_0009,44,5,4,360,480,480,600,374,494,466,586
3,Day 3,9,Tray 9,DJI_20260621130058_0009,45,5,5,480,480,600,600,494,494,586,586
3,Day 3,9,Tray 9,DJI_20260621130058_0009,46,5,6,600,480,720,600,614,494,706,586
3,Day 3,9,Tray 9,DJI_20260621130058_0009,47,5,7,720,480,840,600,734,494,826,586
3,Day 3,9,Tray 9,DJI_20260621130058_0009,48,5,8,840,480,960,600,854,494,946,586
3,Day 3,9,Tray 9,DJI_20260621130058_0009,49,5,9,960,480,1080,600,974,494,1066,586
3,Day 3,9,Tray 9,DJI_20260621130058_0009,50,5,10,1080,480,1200,600,1094,494,1186,586
3,Day 3,9,Tray 9,DJI_20260621130058_0009,51,6,1,0,600,120,720,14,614,106,706
3,Day 3,9,Tray 9,DJI_20260621130058_0009,52,6,2,120,600,240,720,134,614,226,706
3,Day 3,9,Tray 9,DJI_20260621130058_0009,53,6,3,240,600,360,720,254,614,346,706
3,Day 3,9,Tray 9,DJI_20260621130058_0009,54,6,4,360,600,480,720,374,614,466,706
3,Day 3,9,Tray 9,DJI_20260621130058_0009,55,6,5,480,600,600,720,494,614,586,706
3,Day 3,9,Tray 9,DJI_20260621130058_0009,56,6,6,600,600,720,720,614,614,706,706
3,Day 3,9,Tray 9,DJI_20260621130058_0009,57,6,7,720,600,840,720,734,614,826,706
3,Day 3,9,Tray 9,DJI_20260621130058_0009,58,6,8,840,600,960,720,854,614,946,706
3,Day 3,9,Tray 9,DJI_20260621130058_0009,59,6,9,960,600,1080,720,974,614,1066,706
3,Day 3,9,Tray 9,DJI_20260621130058_0009,60,6,10,1080,600,1200,720,1094,614,1186,706
3,Day 3,9,Tray 9,DJI_20260621130058_0009,61,7,1,0,720,120,840,14,734,106,826
3,Day 3,9,Tray 9,DJI_20260621130058_0009,62,7,2,120,720,240,840,134,734,226,826
3,Day 3,9,Tray 9,DJI_20260621130058_0009,63,7,3,240,720,360,840,254,734,346,826
3,Day 3,9,Tray 9,DJI_20260621130058_0009,64,7,4,360,720,480,840,374,734,466,826
3,Day 3,9,Tray 9,DJI_20260621130058_0009,65,7,5,480,720,600,840,494,734,586,826
3,Day 3,9,Tray 9,DJI_20260621130058_0009,66,7,6,600,720,720,840,614,734,706,826
3,Day 3,9,Tray 9,DJI_20260621130058_0009,67,7,7,720,720,840,840,734,734,826,826
3,Day 3,9,Tray 9,DJI_20260621130058_0009,68,7,8,840,720,960,840,854,734,946,826
3,Day 3,9,Tray 9,DJI_20260621130058_0009,69,7,9,960,720,1080,840,974,734,1066,826
3,Day 3,9,Tray 9,DJI_20260621130058_0009,70,7,10,1080,720,1200,840,1094,734,1186,826
4,Day 4,1,Tray 1,DJI_20260622122222_0001,1,1,1,0,0,120,120,14,14,106,106
4,Day 4,1,Tray 1,DJI_20260622122222_0001,2,1,2,120,0,240,120,134,14,226,106
4,Day 4,1,Tray 1,DJI_20260622122222_0001,3,1,3,240,0,360,120,254,14,346,106
4,Day 4,1,Tray 1,DJI_20260622122222_0001,4,1,4,360,0,480,120,374,14,466,106
4,Day 4,1,Tray 1,DJI_20260622122222_0001,5,1,5,480,0,600,120,494,14,586,106
4,Day 4,1,Tray 1,DJI_20260622122222_0001,6,1,6,600,0,720,120,614,14,706,106
4,Day 4,1,Tray 1,DJI_20260622122222_0001,7,1,7,720,0,840,120,734,14,826,106
4,Day 4,1,Tray 1,DJI_20260622122222_0001,8,1,8,840,0,960,120,854,14,946,106
4,Day 4,1,Tray 1,DJI_20260622122222_0001,9,1,9,960,0,1080,120,974,14,1066,106
4,Day 4,1,Tray 1,DJI_20260622122222_0001,10,1,10,1080,0,1200,120,1094,14,1186,106
4,Day 4,1,Tray 1,DJI_20260622122222_0001,11,2,1,0,120,120,240,14,134,106,226
4,Day 4,1,Tray 1,DJI_20260622122222_0001,12,2,2,120,120,240,240,134,134,226,226
4,Day 4,1,Tray 1,DJI_20260622122222_0001,13,2,3,240,120,360,240,254,134,346,226
4,Day 4,1,Tray 1,DJI_20260622122222_0001,14,2,4,360,120,480,240,374,134,466,226
4,Day 4,1,Tray 1,DJI_20260622122222_0001,15,2,5,480,120,600,240,494,134,586,226
4,Day 4,1,Tray 1,DJI_20260622122222_0001,16,2,6,600,120,720,240,614,134,706,226
4,Day 4,1,Tray 1,DJI_20260622122222_0001,17,2,7,720,120,840,240,734,134,826,226
4,Day 4,1,Tray 1,DJI_20260622122222_0001,18,2,8,840,120,960,240,854,134,946,226
4,Day 4,1,Tray 1,DJI_20260622122222_0001,19,2,9,960,120,1080,240,974,134,1066,226
4,Day 4,1,Tray 1,DJI_20260622122222_0001,20,2,10,1080,120,1200,240,1094,134,1186,226
4,Day 4,1,Tray 1,DJI_20260622122222_0001,21,3,1,0,240,120,360,14,254,106,346
4,Day 4,1,Tray 1,DJI_20260622122222_0001,22,3,2,120,240,240,360,134,254,226,346
4,Day 4,1,Tray 1,DJI_20260622122222_0001,23,3,3,240,240,360,360,254,254,346,346
4,Day 4,1,Tray 1,DJI_20260622122222_0001,24,3,4,360,240,480,360,374,254,466,346
4,Day 4,1,Tray 1,DJI_20260622122222_0001,25,3,5,480,240,600,360,494,254,586,346
4,Day 4,1,Tray 1,DJI_20260622122222_0001,26,3,6,600,240,720,360,614,254,706,346
4,Day 4,1,Tray 1,DJI_20260622122222_0001,27,3,7,720,240,840,360,734,254,826,346
4,Day 4,1,Tray 1,DJI_20260622122222_0001,28,3,8,840,240,960,360,854,254,946,346
4,Day 4,1,Tray 1,DJI_20260622122222_0001,29,3,9,960,240,1080,360,974,254,1066,346
4,Day 4,1,Tray 1,DJI_20260622122222_0001,30,3,10,1080,240,1200,360,1094,254,1186,346
4,Day 4,1,Tray 1,DJI_20260622122222_0001,31,4,1,0,360,120,480,14,374,106,466
4,Day 4,1,Tray 1,DJI_20260622122222_0001,32,4,2,120,360,240,480,134,374,226,466
4,Day 4,1,Tray 1,DJI_20260622122222_0001,33,4,3,240,360,360,480,254,374,346,466
4,Day 4,1,Tray 1,DJI_20260622122222_0001,34,4,4,360,360,480,480,374,374,466,466
4,Day 4,1,Tray 1,DJI_20260622122222_0001,35,4,5,480,360,600,480,494,374,586,466
4,Day 4,1,Tray 1,DJI_20260622122222_0001,36,4,6,600,360,720,480,614,374,706,466
4,Day 4,1,Tray 1,DJI_20260622122222_0001,37,4,7,720,360,840,480,734,374,826,466
4,Day 4,1,Tray 1,DJI_20260622122222_0001,38,4,8,840,360,960,480,854,374,946,466
4,Day 4,1,Tray 1,DJI_20260622122222_0001,39,4,9,960,360,1080,480,974,374,1066,466
4,Day 4,1,Tray 1,DJI_20260622122222_0001,40,4,10,1080,360,1200,480,1094,374,1186,466
4,Day 4,1,Tray 1,DJI_20260622122222_0001,41,5,1,0,480,120,600,14,494,106,586
4,Day 4,1,Tray 1,DJI_20260622122222_0001,42,5,2,120,480,240,600,134,494,226,586
4,Day 4,1,Tray 1,DJI_20260622122222_0001,43,5,3,240,480,360,600,254,494,346,586
4,Day 4,1,Tray 1,DJI_20260622122222_0001,44,5,4,360,480,480,600,374,494,466,586
4,Day 4,1,Tray 1,DJI_20260622122222_0001,45,5,5,480,480,600,600,494,494,586,586
4,Day 4,1,Tray 1,DJI_20260622122222_0001,46,5,6,600,480,720,600,614,494,706,586
4,Day 4,1,Tray 1,DJI_20260622122222_0001,47,5,7,720,480,840,600,734,494,826,586
4,Day 4,1,Tray 1,DJI_20260622122222_0001,48,5,8,840,480,960,600,854,494,946,586
4,Day 4,1,Tray 1,DJI_20260622122222_0001,49,5,9,960,480,1080,600,974,494,1066,586
4,Day 4,1,Tray 1,DJI_20260622122222_0001,50,5,10,1080,480,1200,600,1094,494,1186,586
4,Day 4,1,Tray 1,DJI_20260622122222_0001,51,6,1,0,600,120,720,14,614,106,706
4,Day 4,1,Tray 1,DJI_20260622122222_0001,52,6,2,120,600,240,720,134,614,226,706
4,Day 4,1,Tray 1,DJI_20260622122222_0001,53,6,3,240,600,360,720,254,614,346,706
4,Day 4,1,Tray 1,DJI_20260622122222_0001,54,6,4,360,600,480,720,374,614,466,706
4,Day 4,1,Tray 1,DJI_20260622122222_0001,55,6,5,480,600,600,720,494,614,586,706
4,Day 4,1,Tray 1,DJI_20260622122222_0001,56,6,6,600,600,720,720,614,614,706,706
4,Day 4,1,Tray 1,DJI_20260622122222_0001,57,6,7,720,600,840,720,734,614,826,706
4,Day 4,1,Tray 1,DJI_20260622122222_0001,58,6,8,840,600,960,720,854,614,946,706
4,Day 4,1,Tray 1,DJI_20260622122222_0001,59,6,9,960,600,1080,720,974,614,1066,706
4,Day 4,1,Tray 1,DJI_20260622122222_0001,60,6,10,1080,600,1200,720,1094,614,1186,706
4,Day 4,1,Tray 1,DJI_20260622122222_0001,61,7,1,0,720,120,840,14,734,106,826
4,Day 4,1,Tray 1,DJI_20260622122222_0001,62,7,2,120,720,240,840,134,734,226,826
4,Day 4,1,Tray 1,DJI_20260622122222_0001,63,7,3,240,720,360,840,254,734,346,826
4,Day 4,1,Tray 1,DJI_20260622122222_0001,64,7,4,360,720,480,840,374,734,466,826
4,Day 4,1,Tray 1,DJI_20260622122222_0001,65,7,5,480,720,600,840,494,734,586,826
4,Day 4,1,Tray 1,DJI_20260622122222_0001,66,7,6,600,720,720,840,614,734,706,826
4,Day 4,1,Tray 1,DJI_20260622122222_0001,67,7,7,720,720,840,840,734,734,826,826
4,Day 4,1,Tray 1,DJI_20260622122222_0001,68,7,8,840,720,960,840,854,734,946,826
4,Day 4,1,Tray 1,DJI_20260622122222_0001,69,7,9,960,720,1080,840,974,734,1066,826
4,Day 4,1,Tray 1,DJI_20260622122222_0001,70,7,10,1080,720,1200,840,1094,734,1186,826
4,Day 4,2,Tray 2,DJI_20260622122329_0002,1,1,1,0,0,120,120,14,14,106,106
4,Day 4,2,Tray 2,DJI_20260622122329_0002,2,1,2,120,0,240,120,134,14,226,106
4,Day 4,2,Tray 2,DJI_20260622122329_0002,3,1,3,240,0,360,120,254,14,346,106
4,Day 4,2,Tray 2,DJI_20260622122329_0002,4,1,4,360,0,480,120,374,14,466,106
4,Day 4,2,Tray 2,DJI_20260622122329_0002,5,1,5,480,0,600,120,494,14,586,106
4,Day 4,2,Tray 2,DJI_20260622122329_0002,6,1,6,600,0,720,120,614,14,706,106
4,Day 4,2,Tray 2,DJI_20260622122329_0002,7,1,7,720,0,840,120,734,14,826,106
4,Day 4,2,Tray 2,DJI_20260622122329_0002,8,1,8,840,0,960,120,854,14,946,106
4,Day 4,2,Tray 2,DJI_20260622122329_0002,9,1,9,960,0,1080,120,974,14,1066,106
4,Day 4,2,Tray 2,DJI_20260622122329_0002,10,1,10,1080,0,1200,120,1094,14,1186,106
4,Day 4,2,Tray 2,DJI_20260622122329_0002,11,2,1,0,120,120,240,14,134,106,226
4,Day 4,2,Tray 2,DJI_20260622122329_0002,12,2,2,120,120,240,240,134,134,226,226
4,Day 4,2,Tray 2,DJI_20260622122329_0002,13,2,3,240,120,360,240,254,134,346,226
4,Day 4,2,Tray 2,DJI_20260622122329_0002,14,2,4,360,120,480,240,374,134,466,226
4,Day 4,2,Tray 2,DJI_20260622122329_0002,15,2,5,480,120,600,240,494,134,586,226
4,Day 4,2,Tray 2,DJI_20260622122329_0002,16,2,6,600,120,720,240,614,134,706,226
4,Day 4,2,Tray 2,DJI_20260622122329_0002,17,2,7,720,120,840,240,734,134,826,226
4,Day 4,2,Tray 2,DJI_20260622122329_0002,18,2,8,840,120,960,240,854,134,946,226
4,Day 4,2,Tray 2,DJI_20260622122329_0002,19,2,9,960,120,1080,240,974,134,1066,226
4,Day 4,2,Tray 2,DJI_20260622122329_0002,20,2,10,1080,120,1200,240,1094,134,1186,226
4,Day 4,2,Tray 2,DJI_20260622122329_0002,21,3,1,0,240,120,360,14,254,106,346
4,Day 4,2,Tray 2,DJI_20260622122329_0002,22,3,2,120,240,240,360,134,254,226,346
4,Day 4,2,Tray 2,DJI_20260622122329_0002,23,3,3,240,240,360,360,254,254,346,346
4,Day 4,2,Tray 2,DJI_20260622122329_0002,24,3,4,360,240,480,360,374,254,466,346
4,Day 4,2,Tray 2,DJI_20260622122329_0002,25,3,5,480,240,600,360,494,254,586,346
4,Day 4,2,Tray 2,DJI_20260622122329_0002,26,3,6,600,240,720,360,614,254,706,346
4,Day 4,2,Tray 2,DJI_20260622122329_0002,27,3,7,720,240,840,360,734,254,826,346
4,Day 4,2,Tray 2,DJI_20260622122329_0002,28,3,8,840,240,960,360,854,254,946,346
4,Day 4,2,Tray 2,DJI_20260622122329_0002,29,3,9,960,240,1080,360,974,254,1066,346
4,Day 4,2,Tray 2,DJI_20260622122329_0002,30,3,10,1080,240,1200,360,1094,254,1186,346
4,Day 4,2,Tray 2,DJI_20260622122329_0002,31,4,1,0,360,120,480,14,374,106,466
4,Day 4,2,Tray 2,DJI_20260622122329_0002,32,4,2,120,360,240,480,134,374,226,466
4,Day 4,2,Tray 2,DJI_20260622122329_0002,33,4,3,240,360,360,480,254,374,346,466
4,Day 4,2,Tray 2,DJI_20260622122329_0002,34,4,4,360,360,480,480,374,374,466,466
4,Day 4,2,Tray 2,DJI_20260622122329_0002,35,4,5,480,360,600,480,494,374,586,466
4,Day 4,2,Tray 2,DJI_20260622122329_0002,36,4,6,600,360,720,480,614,374,706,466
4,Day 4,2,Tray 2,DJI_20260622122329_0002,37,4,7,720,360,840,480,734,374,826,466
4,Day 4,2,Tray 2,DJI_20260622122329_0002,38,4,8,840,360,960,480,854,374,946,466
4,Day 4,2,Tray 2,DJI_20260622122329_0002,39,4,9,960,360,1080,480,974,374,1066,466
4,Day 4,2,Tray 2,DJI_20260622122329_0002,40,4,10,1080,360,1200,480,1094,374,1186,466
4,Day 4,2,Tray 2,DJI_20260622122329_0002,41,5,1,0,480,120,600,14,494,106,586
4,Day 4,2,Tray 2,DJI_20260622122329_0002,42,5,2,120,480,240,600,134,494,226,586
4,Day 4,2,Tray 2,DJI_20260622122329_0002,43,5,3,240,480,360,600,254,494,346,586
4,Day 4,2,Tray 2,DJI_20260622122329_0002,44,5,4,360,480,480,600,374,494,466,586
4,Day 4,2,Tray 2,DJI_20260622122329_0002,45,5,5,480,480,600,600,494,494,586,586
4,Day 4,2,Tray 2,DJI_20260622122329_0002,46,5,6,600,480,720,600,614,494,706,586
4,Day 4,2,Tray 2,DJI_20260622122329_0002,47,5,7,720,480,840,600,734,494,826,586
4,Day 4,2,Tray 2,DJI_20260622122329_0002,48,5,8,840,480,960,600,854,494,946,586
4,Day 4,2,Tray 2,DJI_20260622122329_0002,49,5,9,960,480,1080,600,974,494,1066,586
4,Day 4,2,Tray 2,DJI_20260622122329_0002,50,5,10,1080,480,1200,600,1094,494,1186,586
4,Day 4,2,Tray 2,DJI_20260622122329_0002,51,6,1,0,600,120,720,14,614,106,706
4,Day 4,2,Tray 2,DJI_20260622122329_0002,52,6,2,120,600,240,720,134,614,226,706
4,Day 4,2,Tray 2,DJI_20260622122329_0002,53,6,3,240,600,360,720,254,614,346,706
4,Day 4,2,Tray 2,DJI_20260622122329_0002,54,6,4,360,600,480,720,374,614,466,706
4,Day 4,2,Tray 2,DJI_20260622122329_0002,55,6,5,480,600,600,720,494,614,586,706
4,Day 4,2,Tray 2,DJI_20260622122329_0002,56,6,6,600,600,720,720,614,614,706,706
4,Day 4,2,Tray 2,DJI_20260622122329_0002,57,6,7,720,600,840,720,734,614,826,706
4,Day 4,2,Tray 2,DJI_20260622122329_0002,58,6,8,840,600,960,720,854,614,946,706
4,Day 4,2,Tray 2,DJI_20260622122329_0002,59,6,9,960,600,1080,720,974,614,1066,706
4,Day 4,2,Tray 2,DJI_20260622122329_0002,60,6,10,1080,600,1200,720,1094,614,1186,706
4,Day 4,2,Tray 2,DJI_20260622122329_0002,61,7,1,0,720,120,840,14,734,106,826
4,Day 4,2,Tray 2,DJI_20260622122329_0002,62,7,2,120,720,240,840,134,734,226,826
4,Day 4,2,Tray 2,DJI_20260622122329_0002,63,7,3,240,720,360,840,254,734,346,826
4,Day 4,2,Tray 2,DJI_20260622122329_0002,64,7,4,360,720,480,840,374,734,466,826
4,Day 4,2,Tray 2,DJI_20260622122329_0002,65,7,5,480,720,600,840,494,734,586,826
4,Day 4,2,Tray 2,DJI_20260622122329_0002,66,7,6,600,720,720,840,614,734,706,826
4,Day 4,2,Tray 2,DJI_20260622122329_0002,67,7,7,720,720,840,840,734,734,826,826
4,Day 4,2,Tray 2,DJI_20260622122329_0002,68,7,8,840,720,960,840,854,734,946,826
4,Day 4,2,Tray 2,DJI_20260622122329_0002,69,7,9,960,720,1080,840,974,734,1066,826
4,Day 4,2,Tray 2,DJI_20260622122329_0002,70,7,10,1080,720,1200,840,1094,734,1186,826
4,Day 4,3,Tray 3,DJI_20260622122437_0003,1,1,1,0,0,120,120,14,14,106,106
4,Day 4,3,Tray 3,DJI_20260622122437_0003,2,1,2,120,0,240,120,134,14,226,106
4,Day 4,3,Tray 3,DJI_20260622122437_0003,3,1,3,240,0,360,120,254,14,346,106
4,Day 4,3,Tray 3,DJI_20260622122437_0003,4,1,4,360,0,480,120,374,14,466,106
4,Day 4,3,Tray 3,DJI_20260622122437_0003,5,1,5,480,0,600,120,494,14,586,106
4,Day 4,3,Tray 3,DJI_20260622122437_0003,6,1,6,600,0,720,120,614,14,706,106
4,Day 4,3,Tray 3,DJI_20260622122437_0003,7,1,7,720,0,840,120,734,14,826,106
4,Day 4,3,Tray 3,DJI_20260622122437_0003,8,1,8,840,0,960,120,854,14,946,106
4,Day 4,3,Tray 3,DJI_20260622122437_0003,9,1,9,960,0,1080,120,974,14,1066,106
4,Day 4,3,Tray 3,DJI_20260622122437_0003,10,1,10,1080,0,1200,120,1094,14,1186,106
4,Day 4,3,Tray 3,DJI_20260622122437_0003,11,2,1,0,120,120,240,14,134,106,226
4,Day 4,3,Tray 3,DJI_20260622122437_0003,12,2,2,120,120,240,240,134,134,226,226
4,Day 4,3,Tray 3,DJI_20260622122437_0003,13,2,3,240,120,360,240,254,134,346,226
4,Day 4,3,Tray 3,DJI_20260622122437_0003,14,2,4,360,120,480,240,374,134,466,226
4,Day 4,3,Tray 3,DJI_20260622122437_0003,15,2,5,480,120,600,240,494,134,586,226
4,Day 4,3,Tray 3,DJI_20260622122437_0003,16,2,6,600,120,720,240,614,134,706,226
4,Day 4,3,Tray 3,DJI_20260622122437_0003,17,2,7,720,120,840,240,734,134,826,226
4,Day 4,3,Tray 3,DJI_20260622122437_0003,18,2,8,840,120,960,240,854,134,946,226
4,Day 4,3,Tray 3,DJI_20260622122437_0003,19,2,9,960,120,1080,240,974,134,1066,226
4,Day 4,3,Tray 3,DJI_20260622122437_0003,20,2,10,1080,120,1200,240,1094,134,1186,226
4,Day 4,3,Tray 3,DJI_20260622122437_0003,21,3,1,0,240,120,360,14,254,106,346
4,Day 4,3,Tray 3,DJI_20260622122437_0003,22,3,2,120,240,240,360,134,254,226,346
4,Day 4,3,Tray 3,DJI_20260622122437_0003,23,3,3,240,240,360,360,254,254,346,346
4,Day 4,3,Tray 3,DJI_20260622122437_0003,24,3,4,360,240,480,360,374,254,466,346
4,Day 4,3,Tray 3,DJI_20260622122437_0003,25,3,5,480,240,600,360,494,254,586,346
4,Day 4,3,Tray 3,DJI_20260622122437_0003,26,3,6,600,240,720,360,614,254,706,346
4,Day 4,3,Tray 3,DJI_20260622122437_0003,27,3,7,720,240,840,360,734,254,826,346
4,Day 4,3,Tray 3,DJI_20260622122437_0003,28,3,8,840,240,960,360,854,254,946,346
4,Day 4,3,Tray 3,DJI_20260622122437_0003,29,3,9,960,240,1080,360,974,254,1066,346
4,Day 4,3,Tray 3,DJI_20260622122437_0003,30,3,10,1080,240,1200,360,1094,254,1186,346
4,Day 4,3,Tray 3,DJI_20260622122437_0003,31,4,1,0,360,120,480,14,374,106,466
4,Day 4,3,Tray 3,DJI_20260622122437_0003,32,4,2,120,360,240,480,134,374,226,466
4,Day 4,3,Tray 3,DJI_20260622122437_0003,33,4,3,240,360,360,480,254,374,346,466
4,Day 4,3,Tray 3,DJI_20260622122437_0003,34,4,4,360,360,480,480,374,374,466,466
4,Day 4,3,Tray 3,DJI_20260622122437_0003,35,4,5,480,360,600,480,494,374,586,466
4,Day 4,3,Tray 3,DJI_20260622122437_0003,36,4,6,600,360,720,480,614,374,706,466
4,Day 4,3,Tray 3,DJI_20260622122437_0003,37,4,7,720,360,840,480,734,374,826,466
4,Day 4,3,Tray 3,DJI_20260622122437_0003,38,4,8,840,360,960,480,854,374,946,466
4,Day 4,3,Tray 3,DJI_20260622122437_0003,39,4,9,960,360,1080,480,974,374,1066,466
4,Day 4,3,Tray 3,DJI_20260622122437_0003,40,4,10,1080,360,1200,480,1094,374,1186,466
4,Day 4,3,Tray 3,DJI_20260622122437_0003,41,5,1,0,480,120,600,14,494,106,586
4,Day 4,3,Tray 3,DJI_20260622122437_0003,42,5,2,120,480,240,600,134,494,226,586
4,Day 4,3,Tray 3,DJI_20260622122437_0003,43,5,3,240,480,360,600,254,494,346,586
4,Day 4,3,Tray 3,DJI_20260622122437_0003,44,5,4,360,480,480,600,374,494,466,586
4,Day 4,3,Tray 3,DJI_20260622122437_0003,45,5,5,480,480,600,600,494,494,586,586
4,Day 4,3,Tray 3,DJI_20260622122437_0003,46,5,6,600,480,720,600,614,494,706,586
4,Day 4,3,Tray 3,DJI_20260622122437_0003,47,5,7,720,480,840,600,734,494,826,586
4,Day 4,3,Tray 3,DJI_20260622122437_0003,48,5,8,840,480,960,600,854,494,946,586
4,Day 4,3,Tray 3,DJI_20260622122437_0003,49,5,9,960,480,1080,600,974,494,1066,586
4,Day 4,3,Tray 3,DJI_20260622122437_0003,50,5,10,1080,480,1200,600,1094,494,1186,586
4,Day 4,3,Tray 3,DJI_20260622122437_0003,51,6,1,0,600,120,720,14,614,106,706
4,Day 4,3,Tray 3,DJI_20260622122437_0003,52,6,2,120,600,240,720,134,614,226,706
4,Day 4,3,Tray 3,DJI_20260622122437_0003,53,6,3,240,600,360,720,254,614,346,706
4,Day 4,3,Tray 3,DJI_20260622122437_0003,54,6,4,360,600,480,720,374,614,466,706
4,Day 4,3,Tray 3,DJI_20260622122437_0003,55,6,5,480,600,600,720,494,614,586,706
4,Day 4,3,Tray 3,DJI_20260622122437_0003,56,6,6,600,600,720,720,614,614,706,706
4,Day 4,3,Tray 3,DJI_20260622122437_0003,57,6,7,720,600,840,720,734,614,826,706
4,Day 4,3,Tray 3,DJI_20260622122437_0003,58,6,8,840,600,960,720,854,614,946,706
4,Day 4,3,Tray 3,DJI_20260622122437_0003,59,6,9,960,600,1080,720,974,614,1066,706
4,Day 4,3,Tray 3,DJI_20260622122437_0003,60,6,10,1080,600,1200,720,1094,614,1186,706
4,Day 4,3,Tray 3,DJI_20260622122437_0003,61,7,1,0,720,120,840,14,734,106,826
4,Day 4,3,Tray 3,DJI_20260622122437_0003,62,7,2,120,720,240,840,134,734,226,826
4,Day 4,3,Tray 3,DJI_20260622122437_0003,63,7,3,240,720,360,840,254,734,346,826
4,Day 4,3,Tray 3,DJI_20260622122437_0003,64,7,4,360,720,480,840,374,734,466,826
4,Day 4,3,Tray 3,DJI_20260622122437_0003,65,7,5,480,720,600,840,494,734,586,826
4,Day 4,3,Tray 3,DJI_20260622122437_0003,66,7,6,600,720,720,840,614,734,706,826
4,Day 4,3,Tray 3,DJI_20260622122437_0003,67,7,7,720,720,840,840,734,734,826,826
4,Day 4,3,Tray 3,DJI_20260622122437_0003,68,7,8,840,720,960,840,854,734,946,826
4,Day 4,3,Tray 3,DJI_20260622122437_0003,69,7,9,960,720,1080,840,974,734,1066,826
4,Day 4,3,Tray 3,DJI_20260622122437_0003,70,7,10,1080,720,1200,840,1094,734,1186,826
4,Day 4,5,Tray 5,DJI_20260622122624_0005,1,1,1,0,0,120,120,14,14,106,106
4,Day 4,5,Tray 5,DJI_20260622122624_0005,2,1,2,120,0,240,120,134,14,226,106
4,Day 4,5,Tray 5,DJI_20260622122624_0005,3,1,3,240,0,360,120,254,14,346,106
4,Day 4,5,Tray 5,DJI_20260622122624_0005,4,1,4,360,0,480,120,374,14,466,106
4,Day 4,5,Tray 5,DJI_20260622122624_0005,5,1,5,480,0,600,120,494,14,586,106
4,Day 4,5,Tray 5,DJI_20260622122624_0005,6,1,6,600,0,720,120,614,14,706,106
4,Day 4,5,Tray 5,DJI_20260622122624_0005,7,1,7,720,0,840,120,734,14,826,106
4,Day 4,5,Tray 5,DJI_20260622122624_0005,8,1,8,840,0,960,120,854,14,946,106
4,Day 4,5,Tray 5,DJI_20260622122624_0005,9,1,9,960,0,1080,120,974,14,1066,106
4,Day 4,5,Tray 5,DJI_20260622122624_0005,10,1,10,1080,0,1200,120,1094,14,1186,106
4,Day 4,5,Tray 5,DJI_20260622122624_0005,11,2,1,0,120,120,240,14,134,106,226
4,Day 4,5,Tray 5,DJI_20260622122624_0005,12,2,2,120,120,240,240,134,134,226,226
4,Day 4,5,Tray 5,DJI_20260622122624_0005,13,2,3,240,120,360,240,254,134,346,226
4,Day 4,5,Tray 5,DJI_20260622122624_0005,14,2,4,360,120,480,240,374,134,466,226
4,Day 4,5,Tray 5,DJI_20260622122624_0005,15,2,5,480,120,600,240,494,134,586,226
4,Day 4,5,Tray 5,DJI_20260622122624_0005,16,2,6,600,120,720,240,614,134,706,226
4,Day 4,5,Tray 5,DJI_20260622122624_0005,17,2,7,720,120,840,240,734,134,826,226
4,Day 4,5,Tray 5,DJI_20260622122624_0005,18,2,8,840,120,960,240,854,134,946,226
4,Day 4,5,Tray 5,DJI_20260622122624_0005,19,2,9,960,120,1080,240,974,134,1066,226
4,Day 4,5,Tray 5,DJI_20260622122624_0005,20,2,10,1080,120,1200,240,1094,134,1186,226
4,Day 4,5,Tray 5,DJI_20260622122624_0005,21,3,1,0,240,120,360,14,254,106,346
4,Day 4,5,Tray 5,DJI_20260622122624_0005,22,3,2,120,240,240,360,134,254,226,346
4,Day 4,5,Tray 5,DJI_20260622122624_0005,23,3,3,240,240,360,360,254,254,346,346
4,Day 4,5,Tray 5,DJI_20260622122624_0005,24,3,4,360,240,480,360,374,254,466,346
4,Day 4,5,Tray 5,DJI_20260622122624_0005,25,3,5,480,240,600,360,494,254,586,346
4,Day 4,5,Tray 5,DJI_20260622122624_0005,26,3,6,600,240,720,360,614,254,706,346
4,Day 4,5,Tray 5,DJI_20260622122624_0005,27,3,7,720,240,840,360,734,254,826,346
4,Day 4,5,Tray 5,DJI_20260622122624_0005,28,3,8,840,240,960,360,854,254,946,346
4,Day 4,5,Tray 5,DJI_20260622122624_0005,29,3,9,960,240,1080,360,974,254,1066,346
4,Day 4,5,Tray 5,DJI_20260622122624_0005,30,3,10,1080,240,1200,360,1094,254,1186,346
4,Day 4,5,Tray 5,DJI_20260622122624_0005,31,4,1,0,360,120,480,14,374,106,466
4,Day 4,5,Tray 5,DJI_20260622122624_0005,32,4,2,120,360,240,480,134,374,226,466
4,Day 4,5,Tray 5,DJI_20260622122624_0005,33,4,3,240,360,360,480,254,374,346,466
4,Day 4,5,Tray 5,DJI_20260622122624_0005,34,4,4,360,360,480,480,374,374,466,466
4,Day 4,5,Tray 5,DJI_20260622122624_0005,35,4,5,480,360,600,480,494,374,586,466
4,Day 4,5,Tray 5,DJI_20260622122624_0005,36,4,6,600,360,720,480,614,374,706,466
4,Day 4,5,Tray 5,DJI_20260622122624_0005,37,4,7,720,360,840,480,734,374,826,466
4,Day 4,5,Tray 5,DJI_20260622122624_0005,38,4,8,840,360,960,480,854,374,946,466
4,Day 4,5,Tray 5,DJI_20260622122624_0005,39,4,9,960,360,1080,480,974,374,1066,466
4,Day 4,5,Tray 5,DJI_20260622122624_0005,40,4,10,1080,360,1200,480,1094,374,1186,466
4,Day 4,5,Tray 5,DJI_20260622122624_0005,41,5,1,0,480,120,600,14,494,106,586
4,Day 4,5,Tray 5,DJI_20260622122624_0005,42,5,2,120,480,240,600,134,494,226,586
4,Day 4,5,Tray 5,DJI_20260622122624_0005,43,5,3,240,480,360,600,254,494,346,586
4,Day 4,5,Tray 5,DJI_20260622122624_0005,44,5,4,360,480,480,600,374,494,466,586
4,Day 4,5,Tray 5,DJI_20260622122624_0005,45,5,5,480,480,600,600,494,494,586,586
4,Day 4,5,Tray 5,DJI_20260622122624_0005,46,5,6,600,480,720,600,614,494,706,586
4,Day 4,5,Tray 5,DJI_20260622122624_0005,47,5,7,720,480,840,600,734,494,826,586
4,Day 4,5,Tray 5,DJI_20260622122624_0005,48,5,8,840,480,960,600,854,494,946,586
4,Day 4,5,Tray 5,DJI_20260622122624_0005,49,5,9,960,480,1080,600,974,494,1066,586
4,Day 4,5,Tray 5,DJI_20260622122624_0005,50,5,10,1080,480,1200,600,1094,494,1186,586
4,Day 4,5,Tray 5,DJI_20260622122624_0005,51,6,1,0,600,120,720,14,614,106,706
4,Day 4,5,Tray 5,DJI_20260622122624_0005,52,6,2,120,600,240,720,134,614,226,706
4,Day 4,5,Tray 5,DJI_20260622122624_0005,53,6,3,240,600,360,720,254,614,346,706
4,Day 4,5,Tray 5,DJI_20260622122624_0005,54,6,4,360,600,480,720,374,614,466,706
4,Day 4,5,Tray 5,DJI_20260622122624_0005,55,6,5,480,600,600,720,494,614,586,706
4,Day 4,5,Tray 5,DJI_20260622122624_0005,56,6,6,600,600,720,720,614,614,706,706
4,Day 4,5,Tray 5,DJI_20260622122624_0005,57,6,7,720,600,840,720,734,614,826,706
4,Day 4,5,Tray 5,DJI_20260622122624_0005,58,6,8,840,600,960,720,854,614,946,706
4,Day 4,5,Tray 5,DJI_20260622122624_0005,59,6,9,960,600,1080,720,974,614,1066,706
4,Day 4,5,Tray 5,DJI_20260622122624_0005,60,6,10,1080,600,1200,720,1094,614,1186,706
4,Day 4,5,Tray 5,DJI_20260622122624_0005,61,7,1,0,720,120,840,14,734,106,826
4,Day 4,5,Tray 5,DJI_20260622122624_0005,62,7,2,120,720,240,840,134,734,226,826
4,Day 4,5,Tray 5,DJI_20260622122624_0005,63,7,3,240,720,360,840,254,734,346,826
4,Day 4,5,Tray 5,DJI_20260622122624_0005,64,7,4,360,720,480,840,374,734,466,826
4,Day 4,5,Tray 5,DJI_20260622122624_0005,65,7,5,480,720,600,840,494,734,586,826
4,Day 4,5,Tray 5,DJI_20260622122624_0005,66,7,6,600,720,720,840,614,734,706,826
4,Day 4,5,Tray 5,DJI_20260622122624_0005,67,7,7,720,720,840,840,734,734,826,826
4,Day 4,5,Tray 5,DJI_20260622122624_0005,68,7,8,840,720,960,840,854,734,946,826
4,Day 4,5,Tray 5,DJI_20260622122624_0005,69,7,9,960,720,1080,840,974,734,1066,826
4,Day 4,5,Tray 5,DJI_20260622122624_0005,70,7,10,1080,720,1200,840,1094,734,1186,826
4,Day 4,6,Tray 6,DJI_20260622122657_0006,1,1,1,0,0,120,120,14,14,106,106
4,Day 4,6,Tray 6,DJI_20260622122657_0006,2,1,2,120,0,240,120,134,14,226,106
4,Day 4,6,Tray 6,DJI_20260622122657_0006,3,1,3,240,0,360,120,254,14,346,106
4,Day 4,6,Tray 6,DJI_20260622122657_0006,4,1,4,360,0,480,120,374,14,466,106
4,Day 4,6,Tray 6,DJI_20260622122657_0006,5,1,5,480,0,600,120,494,14,586,106
4,Day 4,6,Tray 6,DJI_20260622122657_0006,6,1,6,600,0,720,120,614,14,706,106
4,Day 4,6,Tray 6,DJI_20260622122657_0006,7,1,7,720,0,840,120,734,14,826,106
4,Day 4,6,Tray 6,DJI_20260622122657_0006,8,1,8,840,0,960,120,854,14,946,106
4,Day 4,6,Tray 6,DJI_20260622122657_0006,9,1,9,960,0,1080,120,974,14,1066,106
4,Day 4,6,Tray 6,DJI_20260622122657_0006,10,1,10,1080,0,1200,120,1094,14,1186,106
4,Day 4,6,Tray 6,DJI_20260622122657_0006,11,2,1,0,120,120,240,14,134,106,226
4,Day 4,6,Tray 6,DJI_20260622122657_0006,12,2,2,120,120,240,240,134,134,226,226
4,Day 4,6,Tray 6,DJI_20260622122657_0006,13,2,3,240,120,360,240,254,134,346,226
4,Day 4,6,Tray 6,DJI_20260622122657_0006,14,2,4,360,120,480,240,374,134,466,226
4,Day 4,6,Tray 6,DJI_20260622122657_0006,15,2,5,480,120,600,240,494,134,586,226
4,Day 4,6,Tray 6,DJI_20260622122657_0006,16,2,6,600,120,720,240,614,134,706,226
4,Day 4,6,Tray 6,DJI_20260622122657_0006,17,2,7,720,120,840,240,734,134,826,226
4,Day 4,6,Tray 6,DJI_20260622122657_0006,18,2,8,840,120,960,240,854,134,946,226
4,Day 4,6,Tray 6,DJI_20260622122657_0006,19,2,9,960,120,1080,240,974,134,1066,226
4,Day 4,6,Tray 6,DJI_20260622122657_0006,20,2,10,1080,120,1200,240,1094,134,1186,226
4,Day 4,6,Tray 6,DJI_20260622122657_0006,21,3,1,0,240,120,360,14,254,106,346
4,Day 4,6,Tray 6,DJI_20260622122657_0006,22,3,2,120,240,240,360,134,254,226,346
4,Day 4,6,Tray 6,DJI_20260622122657_0006,23,3,3,240,240,360,360,254,254,346,346
4,Day 4,6,Tray 6,DJI_20260622122657_0006,24,3,4,360,240,480,360,374,254,466,346
4,Day 4,6,Tray 6,DJI_20260622122657_0006,25,3,5,480,240,600,360,494,254,586,346
4,Day 4,6,Tray 6,DJI_20260622122657_0006,26,3,6,600,240,720,360,614,254,706,346
4,Day 4,6,Tray 6,DJI_20260622122657_0006,27,3,7,720,240,840,360,734,254,826,346
4,Day 4,6,Tray 6,DJI_20260622122657_0006,28,3,8,840,240,960,360,854,254,946,346
4,Day 4,6,Tray 6,DJI_20260622122657_0006,29,3,9,960,240,1080,360,974,254,1066,346
4,Day 4,6,Tray 6,DJI_20260622122657_0006,30,3,10,1080,240,1200,360,1094,254,1186,346
4,Day 4,6,Tray 6,DJI_20260622122657_0006,31,4,1,0,360,120,480,14,374,106,466
4,Day 4,6,Tray 6,DJI_20260622122657_0006,32,4,2,120,360,240,480,134,374,226,466
4,Day 4,6,Tray 6,DJI_20260622122657_0006,33,4,3,240,360,360,480,254,374,346,466
4,Day 4,6,Tray 6,DJI_20260622122657_0006,34,4,4,360,360,480,480,374,374,466,466
4,Day 4,6,Tray 6,DJI_20260622122657_0006,35,4,5,480,360,600,480,494,374,586,466
4,Day 4,6,Tray 6,DJI_20260622122657_0006,36,4,6,600,360,720,480,614,374,706,466
4,Day 4,6,Tray 6,DJI_20260622122657_0006,37,4,7,720,360,840,480,734,374,826,466
4,Day 4,6,Tray 6,DJI_20260622122657_0006,38,4,8,840,360,960,480,854,374,946,466
4,Day 4,6,Tray 6,DJI_20260622122657_0006,39,4,9,960,360,1080,480,974,374,1066,466
4,Day 4,6,Tray 6,DJI_20260622122657_0006,40,4,10,1080,360,1200,480,1094,374,1186,466
4,Day 4,6,Tray 6,DJI_20260622122657_0006,41,5,1,0,480,120,600,14,494,106,586
4,Day 4,6,Tray 6,DJI_20260622122657_0006,42,5,2,120,480,240,600,134,494,226,586
4,Day 4,6,Tray 6,DJI_20260622122657_0006,43,5,3,240,480,360,600,254,494,346,586
4,Day 4,6,Tray 6,DJI_20260622122657_0006,44,5,4,360,480,480,600,374,494,466,586
4,Day 4,6,Tray 6,DJI_20260622122657_0006,45,5,5,480,480,600,600,494,494,586,586
4,Day 4,6,Tray 6,DJI_20260622122657_0006,46,5,6,600,480,720,600,614,494,706,586
4,Day 4,6,Tray 6,DJI_20260622122657_0006,47,5,7,720,480,840,600,734,494,826,586
4,Day 4,6,Tray 6,DJI_20260622122657_0006,48,5,8,840,480,960,600,854,494,946,586
4,Day 4,6,Tray 6,DJI_20260622122657_0006,49,5,9,960,480,1080,600,974,494,1066,586
4,Day 4,6,Tray 6,DJI_20260622122657_0006,50,5,10,1080,480,1200,600,1094,494,1186,586
4,Day 4,6,Tray 6,DJI_20260622122657_0006,51,6,1,0,600,120,720,14,614,106,706
4,Day 4,6,Tray 6,DJI_20260622122657_0006,52,6,2,120,600,240,720,134,614,226,706
4,Day 4,6,Tray 6,DJI_20260622122657_0006,53,6,3,240,600,360,720,254,614,346,706
4,Day 4,6,Tray 6,DJI_20260622122657_0006,54,6,4,360,600,480,720,374,614,466,706
4,Day 4,6,Tray 6,DJI_20260622122657_0006,55,6,5,480,600,600,720,494,614,586,706
4,Day 4,6,Tray 6,DJI_20260622122657_0006,56,6,6,600,600,720,720,614,614,706,706
4,Day 4,6,Tray 6,DJI_20260622122657_0006,57,6,7,720,600,840,720,734,614,826,706
4,Day 4,6,Tray 6,DJI_20260622122657_0006,58,6,8,840,600,960,720,854,614,946,706
4,Day 4,6,Tray 6,DJI_20260622122657_0006,59,6,9,960,600,1080,720,974,614,1066,706
4,Day 4,6,Tray 6,DJI_20260622122657_0006,60,6,10,1080,600,1200,720,1094,614,1186,706
4,Day 4,6,Tray 6,DJI_20260622122657_0006,61,7,1,0,720,120,840,14,734,106,826
4,Day 4,6,Tray 6,DJI_20260622122657_0006,62,7,2,120,720,240,840,134,734,226,826
4,Day 4,6,Tray 6,DJI_20260622122657_0006,63,7,3,240,720,360,840,254,734,346,826
4,Day 4,6,Tray 6,DJI_20260622122657_0006,64,7,4,360,720,480,840,374,734,466,826
4,Day 4,6,Tray 6,DJI_20260622122657_0006,65,7,5,480,720,600,840,494,734,586,826
4,Day 4,6,Tray 6,DJI_20260622122657_0006,66,7,6,600,720,720,840,614,734,706,826
4,Day 4,6,Tray 6,DJI_20260622122657_0006,67,7,7,720,720,840,840,734,734,826,826
4,Day 4,6,Tray 6,DJI_20260622122657_0006,68,7,8,840,720,960,840,854,734,946,826
4,Day 4,6,Tray 6,DJI_20260622122657_0006,69,7,9,960,720,1080,840,974,734,1066,826
4,Day 4,6,Tray 6,DJI_20260622122657_0006,70,7,10,1080,720,1200,840,1094,734,1186,826
4,Day 4,7,Tray 7,DJI_20260622122752_0007,1,1,1,0,0,120,120,14,14,106,106
4,Day 4,7,Tray 7,DJI_20260622122752_0007,2,1,2,120,0,240,120,134,14,226,106
4,Day 4,7,Tray 7,DJI_20260622122752_0007,3,1,3,240,0,360,120,254,14,346,106
4,Day 4,7,Tray 7,DJI_20260622122752_0007,4,1,4,360,0,480,120,374,14,466,106
4,Day 4,7,Tray 7,DJI_20260622122752_0007,5,1,5,480,0,600,120,494,14,586,106
4,Day 4,7,Tray 7,DJI_20260622122752_0007,6,1,6,600,0,720,120,614,14,706,106
4,Day 4,7,Tray 7,DJI_20260622122752_0007,7,1,7,720,0,840,120,734,14,826,106
4,Day 4,7,Tray 7,DJI_20260622122752_0007,8,1,8,840,0,960,120,854,14,946,106
4,Day 4,7,Tray 7,DJI_20260622122752_0007,9,1,9,960,0,1080,120,974,14,1066,106
4,Day 4,7,Tray 7,DJI_20260622122752_0007,10,1,10,1080,0,1200,120,1094,14,1186,106
4,Day 4,7,Tray 7,DJI_20260622122752_0007,11,2,1,0,120,120,240,14,134,106,226
4,Day 4,7,Tray 7,DJI_20260622122752_0007,12,2,2,120,120,240,240,134,134,226,226
4,Day 4,7,Tray 7,DJI_20260622122752_0007,13,2,3,240,120,360,240,254,134,346,226
4,Day 4,7,Tray 7,DJI_20260622122752_0007,14,2,4,360,120,480,240,374,134,466,226
4,Day 4,7,Tray 7,DJI_20260622122752_0007,15,2,5,480,120,600,240,494,134,586,226
4,Day 4,7,Tray 7,DJI_20260622122752_0007,16,2,6,600,120,720,240,614,134,706,226
4,Day 4,7,Tray 7,DJI_20260622122752_0007,17,2,7,720,120,840,240,734,134,826,226
4,Day 4,7,Tray 7,DJI_20260622122752_0007,18,2,8,840,120,960,240,854,134,946,226
4,Day 4,7,Tray 7,DJI_20260622122752_0007,19,2,9,960,120,1080,240,974,134,1066,226
4,Day 4,7,Tray 7,DJI_20260622122752_0007,20,2,10,1080,120,1200,240,1094,134,1186,226
4,Day 4,7,Tray 7,DJI_20260622122752_0007,21,3,1,0,240,120,360,14,254,106,346
4,Day 4,7,Tray 7,DJI_20260622122752_0007,22,3,2,120,240,240,360,134,254,226,346
4,Day 4,7,Tray 7,DJI_20260622122752_0007,23,3,3,240,240,360,360,254,254,346,346
4,Day 4,7,Tray 7,DJI_20260622122752_0007,24,3,4,360,240,480,360,374,254,466,346
4,Day 4,7,Tray 7,DJI_20260622122752_0007,25,3,5,480,240,600,360,494,254,586,346
4,Day 4,7,Tray 7,DJI_20260622122752_0007,26,3,6,600,240,720,360,614,254,706,346
4,Day 4,7,Tray 7,DJI_20260622122752_0007,27,3,7,720,240,840,360,734,254,826,346
4,Day 4,7,Tray 7,DJI_20260622122752_0007,28,3,8,840,240,960,360,854,254,946,346
4,Day 4,7,Tray 7,DJI_20260622122752_0007,29,3,9,960,240,1080,360,974,254,1066,346
4,Day 4,7,Tray 7,DJI_20260622122752_0007,30,3,10,1080,240,1200,360,1094,254,1186,346
4,Day 4,7,Tray 7,DJI_20260622122752_0007,31,4,1,0,360,120,480,14,374,106,466
4,Day 4,7,Tray 7,DJI_20260622122752_0007,32,4,2,120,360,240,480,134,374,226,466
4,Day 4,7,Tray 7,DJI_20260622122752_0007,33,4,3,240,360,360,480,254,374,346,466
4,Day 4,7,Tray 7,DJI_20260622122752_0007,34,4,4,360,360,480,480,374,374,466,466
4,Day 4,7,Tray 7,DJI_20260622122752_0007,35,4,5,480,360,600,480,494,374,586,466
4,Day 4,7,Tray 7,DJI_20260622122752_0007,36,4,6,600,360,720,480,614,374,706,466
4,Day 4,7,Tray 7,DJI_20260622122752_0007,37,4,7,720,360,840,480,734,374,826,466
4,Day 4,7,Tray 7,DJI_20260622122752_0007,38,4,8,840,360,960,480,854,374,946,466
4,Day 4,7,Tray 7,DJI_20260622122752_0007,39,4,9,960,360,1080,480,974,374,1066,466
4,Day 4,7,Tray 7,DJI_20260622122752_0007,40,4,10,1080,360,1200,480,1094,374,1186,466
4,Day 4,7,Tray 7,DJI_20260622122752_0007,41,5,1,0,480,120,600,14,494,106,586
4,Day 4,7,Tray 7,DJI_20260622122752_0007,42,5,2,120,480,240,600,134,494,226,586
4,Day 4,7,Tray 7,DJI_20260622122752_0007,43,5,3,240,480,360,600,254,494,346,586
4,Day 4,7,Tray 7,DJI_20260622122752_0007,44,5,4,360,480,480,600,374,494,466,586
4,Day 4,7,Tray 7,DJI_20260622122752_0007,45,5,5,480,480,600,600,494,494,586,586
4,Day 4,7,Tray 7,DJI_20260622122752_0007,46,5,6,600,480,720,600,614,494,706,586
4,Day 4,7,Tray 7,DJI_20260622122752_0007,47,5,7,720,480,840,600,734,494,826,586
4,Day 4,7,Tray 7,DJI_20260622122752_0007,48,5,8,840,480,960,600,854,494,946,586
4,Day 4,7,Tray 7,DJI_20260622122752_0007,49,5,9,960,480,1080,600,974,494,1066,586
4,Day 4,7,Tray 7,DJI_20260622122752_0007,50,5,10,1080,480,1200,600,1094,494,1186,586
4,Day 4,7,Tray 7,DJI_20260622122752_0007,51,6,1,0,600,120,720,14,614,106,706
4,Day 4,7,Tray 7,DJI_20260622122752_0007,52,6,2,120,600,240,720,134,614,226,706
4,Day 4,7,Tray 7,DJI_20260622122752_0007,53,6,3,240,600,360,720,254,614,346,706
4,Day 4,7,Tray 7,DJI_20260622122752_0007,54,6,4,360,600,480,720,374,614,466,706
4,Day 4,7,Tray 7,DJI_20260622122752_0007,55,6,5,480,600,600,720,494,614,586,706
4,Day 4,7,Tray 7,DJI_20260622122752_0007,56,6,6,600,600,720,720,614,614,706,706
4,Day 4,7,Tray 7,DJI_20260622122752_0007,57,6,7,720,600,840,720,734,614,826,706
4,Day 4,7,Tray 7,DJI_20260622122752_0007,58,6,8,840,600,960,720,854,614,946,706
4,Day 4,7,Tray 7,DJI_20260622122752_0007,59,6,9,960,600,1080,720,974,614,1066,706
4,Day 4,7,Tray 7,DJI_20260622122752_0007,60,6,10,1080,600,1200,720,1094,614,1186,706
4,Day 4,7,Tray 7,DJI_20260622122752_0007,61,7,1,0,720,120,840,14,734,106,826
4,Day 4,7,Tray 7,DJI_20260622122752_0007,62,7,2,120,720,240,840,134,734,226,826
4,Day 4,7,Tray 7,DJI_20260622122752_0007,63,7,3,240,720,360,840,254,734,346,826
4,Day 4,7,Tray 7,DJI_20260622122752_0007,64,7,4,360,720,480,840,374,734,466,826
4,Day 4,7,Tray 7,DJI_20260622122752_0007,65,7,5,480,720,600,840,494,734,586,826
4,Day 4,7,Tray 7,DJI_20260622122752_0007,66,7,6,600,720,720,840,614,734,706,826
4,Day 4,7,Tray 7,DJI_20260622122752_0007,67,7,7,720,720,840,840,734,734,826,826
4,Day 4,7,Tray 7,DJI_20260622122752_0007,68,7,8,840,720,960,840,854,734,946,826
4,Day 4,7,Tray 7,DJI_20260622122752_0007,69,7,9,960,720,1080,840,974,734,1066,826
4,Day 4,7,Tray 7,DJI_20260622122752_0007,70,7,10,1080,720,1200,840,1094,734,1186,826
4,Day 4,8,Tray 8,DJI_20260622122838_0008,1,1,1,0,0,120,120,14,14,106,106
4,Day 4,8,Tray 8,DJI_20260622122838_0008,2,1,2,120,0,240,120,134,14,226,106
4,Day 4,8,Tray 8,DJI_20260622122838_0008,3,1,3,240,0,360,120,254,14,346,106
4,Day 4,8,Tray 8,DJI_20260622122838_0008,4,1,4,360,0,480,120,374,14,466,106
4,Day 4,8,Tray 8,DJI_20260622122838_0008,5,1,5,480,0,600,120,494,14,586,106
4,Day 4,8,Tray 8,DJI_20260622122838_0008,6,1,6,600,0,720,120,614,14,706,106
4,Day 4,8,Tray 8,DJI_20260622122838_0008,7,1,7,720,0,840,120,734,14,826,106
4,Day 4,8,Tray 8,DJI_20260622122838_0008,8,1,8,840,0,960,120,854,14,946,106
4,Day 4,8,Tray 8,DJI_20260622122838_0008,9,1,9,960,0,1080,120,974,14,1066,106
4,Day 4,8,Tray 8,DJI_20260622122838_0008,10,1,10,1080,0,1200,120,1094,14,1186,106
4,Day 4,8,Tray 8,DJI_20260622122838_0008,11,2,1,0,120,120,240,14,134,106,226
4,Day 4,8,Tray 8,DJI_20260622122838_0008,12,2,2,120,120,240,240,134,134,226,226
4,Day 4,8,Tray 8,DJI_20260622122838_0008,13,2,3,240,120,360,240,254,134,346,226
4,Day 4,8,Tray 8,DJI_20260622122838_0008,14,2,4,360,120,480,240,374,134,466,226
4,Day 4,8,Tray 8,DJI_20260622122838_0008,15,2,5,480,120,600,240,494,134,586,226
4,Day 4,8,Tray 8,DJI_20260622122838_0008,16,2,6,600,120,720,240,614,134,706,226
4,Day 4,8,Tray 8,DJI_20260622122838_0008,17,2,7,720,120,840,240,734,134,826,226
4,Day 4,8,Tray 8,DJI_20260622122838_0008,18,2,8,840,120,960,240,854,134,946,226
4,Day 4,8,Tray 8,DJI_20260622122838_0008,19,2,9,960,120,1080,240,974,134,1066,226
4,Day 4,8,Tray 8,DJI_20260622122838_0008,20,2,10,1080,120,1200,240,1094,134,1186,226
4,Day 4,8,Tray 8,DJI_20260622122838_0008,21,3,1,0,240,120,360,14,254,106,346
4,Day 4,8,Tray 8,DJI_20260622122838_0008,22,3,2,120,240,240,360,134,254,226,346
4,Day 4,8,Tray 8,DJI_20260622122838_0008,23,3,3,240,240,360,360,254,254,346,346
4,Day 4,8,Tray 8,DJI_20260622122838_0008,24,3,4,360,240,480,360,374,254,466,346
4,Day 4,8,Tray 8,DJI_20260622122838_0008,25,3,5,480,240,600,360,494,254,586,346
4,Day 4,8,Tray 8,DJI_20260622122838_0008,26,3,6,600,240,720,360,614,254,706,346
4,Day 4,8,Tray 8,DJI_20260622122838_0008,27,3,7,720,240,840,360,734,254,826,346
4,Day 4,8,Tray 8,DJI_20260622122838_0008,28,3,8,840,240,960,360,854,254,946,346
4,Day 4,8,Tray 8,DJI_20260622122838_0008,29,3,9,960,240,1080,360,974,254,1066,346
4,Day 4,8,Tray 8,DJI_20260622122838_0008,30,3,10,1080,240,1200,360,1094,254,1186,346
4,Day 4,8,Tray 8,DJI_20260622122838_0008,31,4,1,0,360,120,480,14,374,106,466
4,Day 4,8,Tray 8,DJI_20260622122838_0008,32,4,2,120,360,240,480,134,374,226,466
4,Day 4,8,Tray 8,DJI_20260622122838_0008,33,4,3,240,360,360,480,254,374,346,466
4,Day 4,8,Tray 8,DJI_20260622122838_0008,34,4,4,360,360,480,480,374,374,466,466
4,Day 4,8,Tray 8,DJI_20260622122838_0008,35,4,5,480,360,600,480,494,374,586,466
4,Day 4,8,Tray 8,DJI_20260622122838_0008,36,4,6,600,360,720,480,614,374,706,466
4,Day 4,8,Tray 8,DJI_20260622122838_0008,37,4,7,720,360,840,480,734,374,826,466
4,Day 4,8,Tray 8,DJI_20260622122838_0008,38,4,8,840,360,960,480,854,374,946,466
4,Day 4,8,Tray 8,DJI_20260622122838_0008,39,4,9,960,360,1080,480,974,374,1066,466
4,Day 4,8,Tray 8,DJI_20260622122838_0008,40,4,10,1080,360,1200,480,1094,374,1186,466
4,Day 4,8,Tray 8,DJI_20260622122838_0008,41,5,1,0,480,120,600,14,494,106,586
4,Day 4,8,Tray 8,DJI_20260622122838_0008,42,5,2,120,480,240,600,134,494,226,586
4,Day 4,8,Tray 8,DJI_20260622122838_0008,43,5,3,240,480,360,600,254,494,346,586
4,Day 4,8,Tray 8,DJI_20260622122838_0008,44,5,4,360,480,480,600,374,494,466,586
4,Day 4,8,Tray 8,DJI_20260622122838_0008,45,5,5,480,480,600,600,494,494,586,586
4,Day 4,8,Tray 8,DJI_20260622122838_0008,46,5,6,600,480,720,600,614,494,706,586
4,Day 4,8,Tray 8,DJI_20260622122838_0008,47,5,7,720,480,840,600,734,494,826,586
4,Day 4,8,Tray 8,DJI_20260622122838_0008,48,5,8,840,480,960,600,854,494,946,586
4,Day 4,8,Tray 8,DJI_20260622122838_0008,49,5,9,960,480,1080,600,974,494,1066,586
4,Day 4,8,Tray 8,DJI_20260622122838_0008,50,5,10,1080,480,1200,600,1094,494,1186,586
4,Day 4,8,Tray 8,DJI_20260622122838_0008,51,6,1,0,600,120,720,14,614,106,706
4,Day 4,8,Tray 8,DJI_20260622122838_0008,52,6,2,120,600,240,720,134,614,226,706
4,Day 4,8,Tray 8,DJI_20260622122838_0008,53,6,3,240,600,360,720,254,614,346,706
4,Day 4,8,Tray 8,DJI_20260622122838_0008,54,6,4,360,600,480,720,374,614,466,706
4,Day 4,8,Tray 8,DJI_20260622122838_0008,55,6,5,480,600,600,720,494,614,586,706
4,Day 4,8,Tray 8,DJI_20260622122838_0008,56,6,6,600,600,720,720,614,614,706,706
4,Day 4,8,Tray 8,DJI_20260622122838_0008,57,6,7,720,600,840,720,734,614,826,706
4,Day 4,8,Tray 8,DJI_20260622122838_0008,58,6,8,840,600,960,720,854,614,946,706
4,Day 4,8,Tray 8,DJI_20260622122838_0008,59,6,9,960,600,1080,720,974,614,1066,706
4,Day 4,8,Tray 8,DJI_20260622122838_0008,60,6,10,1080,600,1200,720,1094,614,1186,706
4,Day 4,8,Tray 8,DJI_20260622122838_0008,61,7,1,0,720,120,840,14,734,106,826
4,Day 4,8,Tray 8,DJI_20260622122838_0008,62,7,2,120,720,240,840,134,734,226,826
4,Day 4,8,Tray 8,DJI_20260622122838_0008,63,7,3,240,720,360,840,254,734,346,826
4,Day 4,8,Tray 8,DJI_20260622122838_0008,64,7,4,360,720,480,840,374,734,466,826
4,Day 4,8,Tray 8,DJI_20260622122838_0008,65,7,5,480,720,600,840,494,734,586,826
4,Day 4,8,Tray 8,DJI_20260622122838_0008,66,7,6,600,720,720,840,614,734,706,826
4,Day 4,8,Tray 8,DJI_20260622122838_0008,67,7,7,720,720,840,840,734,734,826,826
4,Day 4,8,Tray 8,DJI_20260622122838_0008,68,7,8,840,720,960,840,854,734,946,826
4,Day 4,8,Tray 8,DJI_20260622122838_0008,69,7,9,960,720,1080,840,974,734,1066,826
4,Day 4,8,Tray 8,DJI_20260622122838_0008,70,7,10,1080,720,1200,840,1094,734,1186,826
9,Day 9,1,Tray 1,DJI_20260627101229_0001,1,1,1,0,0,120,120,14,14,106,106
9,Day 9,1,Tray 1,DJI_20260627101229_0001,2,1,2,120,0,240,120,134,14,226,106
9,Day 9,1,Tray 1,DJI_20260627101229_0001,3,1,3,240,0,360,120,254,14,346,106
9,Day 9,1,Tray 1,DJI_20260627101229_0001,4,1,4,360,0,480,120,374,14,466,106
9,Day 9,1,Tray 1,DJI_20260627101229_0001,5,1,5,480,0,600,120,494,14,586,106
9,Day 9,1,Tray 1,DJI_20260627101229_0001,6,1,6,600,0,720,120,614,14,706,106
9,Day 9,1,Tray 1,DJI_20260627101229_0001,7,1,7,720,0,840,120,734,14,826,106
9,Day 9,1,Tray 1,DJI_20260627101229_0001,8,1,8,840,0,960,120,854,14,946,106
9,Day 9,1,Tray 1,DJI_20260627101229_0001,9,1,9,960,0,1080,120,974,14,1066,106
9,Day 9,1,Tray 1,DJI_20260627101229_0001,10,1,10,1080,0,1200,120,1094,14,1186,106
9,Day 9,1,Tray 1,DJI_20260627101229_0001,11,2,1,0,120,120,240,14,134,106,226
9,Day 9,1,Tray 1,DJI_20260627101229_0001,12,2,2,120,120,240,240,134,134,226,226
9,Day 9,1,Tray 1,DJI_20260627101229_0001,13,2,3,240,120,360,240,254,134,346,226
9,Day 9,1,Tray 1,DJI_20260627101229_0001,14,2,4,360,120,480,240,374,134,466,226
9,Day 9,1,Tray 1,DJI_20260627101229_0001,15,2,5,480,120,600,240,494,134,586,226
9,Day 9,1,Tray 1,DJI_20260627101229_0001,16,2,6,600,120,720,240,614,134,706,226
9,Day 9,1,Tray 1,DJI_20260627101229_0001,17,2,7,720,120,840,240,734,134,826,226
9,Day 9,1,Tray 1,DJI_20260627101229_0001,18,2,8,840,120,960,240,854,134,946,226
9,Day 9,1,Tray 1,DJI_20260627101229_0001,19,2,9,960,120,1080,240,974,134,1066,226
9,Day 9,1,Tray 1,DJI_20260627101229_0001,20,2,10,1080,120,1200,240,1094,134,1186,226
9,Day 9,1,Tray 1,DJI_20260627101229_0001,21,3,1,0,240,120,360,14,254,106,346
9,Day 9,1,Tray 1,DJI_20260627101229_0001,22,3,2,120,240,240,360,134,254,226,346
9,Day 9,1,Tray 1,DJI_20260627101229_0001,23,3,3,240,240,360,360,254,254,346,346
9,Day 9,1,Tray 1,DJI_20260627101229_0001,24,3,4,360,240,480,360,374,254,466,346
9,Day 9,1,Tray 1,DJI_20260627101229_0001,25,3,5,480,240,600,360,494,254,586,346
9,Day 9,1,Tray 1,DJI_20260627101229_0001,26,3,6,600,240,720,360,614,254,706,346
9,Day 9,1,Tray 1,DJI_20260627101229_0001,27,3,7,720,240,840,360,734,254,826,346
9,Day 9,1,Tray 1,DJI_20260627101229_0001,28,3,8,840,240,960,360,854,254,946,346
9,Day 9,1,Tray 1,DJI_20260627101229_0001,29,3,9,960,240,1080,360,974,254,1066,346
9,Day 9,1,Tray 1,DJI_20260627101229_0001,30,3,10,1080,240,1200,360,1094,254,1186,346
9,Day 9,1,Tray 1,DJI_20260627101229_0001,31,4,1,0,360,120,480,14,374,106,466
9,Day 9,1,Tray 1,DJI_20260627101229_0001,32,4,2,120,360,240,480,134,374,226,466
9,Day 9,1,Tray 1,DJI_20260627101229_0001,33,4,3,240,360,360,480,254,374,346,466
9,Day 9,1,Tray 1,DJI_20260627101229_0001,34,4,4,360,360,480,480,374,374,466,466
9,Day 9,1,Tray 1,DJI_20260627101229_0001,35,4,5,480,360,600,480,494,374,586,466
9,Day 9,1,Tray 1,DJI_20260627101229_0001,36,4,6,600,360,720,480,614,374,706,466
9,Day 9,1,Tray 1,DJI_20260627101229_0001,37,4,7,720,360,840,480,734,374,826,466
9,Day 9,1,Tray 1,DJI_20260627101229_0001,38,4,8,840,360,960,480,854,374,946,466
9,Day 9,1,Tray 1,DJI_20260627101229_0001,39,4,9,960,360,1080,480,974,374,1066,466
9,Day 9,1,Tray 1,DJI_20260627101229_0001,40,4,10,1080,360,1200,480,1094,374,1186,466
9,Day 9,1,Tray 1,DJI_20260627101229_0001,41,5,1,0,480,120,600,14,494,106,586
9,Day 9,1,Tray 1,DJI_20260627101229_0001,42,5,2,120,480,240,600,134,494,226,586
9,Day 9,1,Tray 1,DJI_20260627101229_0001,43,5,3,240,480,360,600,254,494,346,586
9,Day 9,1,Tray 1,DJI_20260627101229_0001,44,5,4,360,480,480,600,374,494,466,586
9,Day 9,1,Tray 1,DJI_20260627101229_0001,45,5,5,480,480,600,600,494,494,586,586
9,Day 9,1,Tray 1,DJI_20260627101229_0001,46,5,6,600,480,720,600,614,494,706,586
9,Day 9,1,Tray 1,DJI_20260627101229_0001,47,5,7,720,480,840,600,734,494,826,586
9,Day 9,1,Tray 1,DJI_20260627101229_0001,48,5,8,840,480,960,600,854,494,946,586
9,Day 9,1,Tray 1,DJI_20260627101229_0001,49,5,9,960,480,1080,600,974,494,1066,586
9,Day 9,1,Tray 1,DJI_20260627101229_0001,50,5,10,1080,480,1200,600,1094,494,1186,586
9,Day 9,1,Tray 1,DJI_20260627101229_0001,51,6,1,0,600,120,720,14,614,106,706
9,Day 9,1,Tray 1,DJI_20260627101229_0001,52,6,2,120,600,240,720,134,614,226,706
9,Day 9,1,Tray 1,DJI_20260627101229_0001,53,6,3,240,600,360,720,254,614,346,706
9,Day 9,1,Tray 1,DJI_20260627101229_0001,54,6,4,360,600,480,720,374,614,466,706
9,Day 9,1,Tray 1,DJI_20260627101229_0001,55,6,5,480,600,600,720,494,614,586,706
9,Day 9,1,Tray 1,DJI_20260627101229_0001,56,6,6,600,600,720,720,614,614,706,706
9,Day 9,1,Tray 1,DJI_20260627101229_0001,57,6,7,720,600,840,720,734,614,826,706
9,Day 9,1,Tray 1,DJI_20260627101229_0001,58,6,8,840,600,960,720,854,614,946,706
9,Day 9,1,Tray 1,DJI_20260627101229_0001,59,6,9,960,600,1080,720,974,614,1066,706
9,Day 9,1,Tray 1,DJI_20260627101229_0001,60,6,10,1080,600,1200,720,1094,614,1186,706
9,Day 9,1,Tray 1,DJI_20260627101229_0001,61,7,1,0,720,120,840,14,734,106,826
9,Day 9,1,Tray 1,DJI_20260627101229_0001,62,7,2,120,720,240,840,134,734,226,826
9,Day 9,1,Tray 1,DJI_20260627101229_0001,63,7,3,240,720,360,840,254,734,346,826
9,Day 9,1,Tray 1,DJI_20260627101229_0001,64,7,4,360,720,480,840,374,734,466,826
9,Day 9,1,Tray 1,DJI_20260627101229_0001,65,7,5,480,720,600,840,494,734,586,826
9,Day 9,1,Tray 1,DJI_20260627101229_0001,66,7,6,600,720,720,840,614,734,706,826
9,Day 9,1,Tray 1,DJI_20260627101229_0001,67,7,7,720,720,840,840,734,734,826,826
9,Day 9,1,Tray 1,DJI_20260627101229_0001,68,7,8,840,720,960,840,854,734,946,826
9,Day 9,1,Tray 1,DJI_20260627101229_0001,69,7,9,960,720,1080,840,974,734,1066,826
9,Day 9,1,Tray 1,DJI_20260627101229_0001,70,7,10,1080,720,1200,840,1094,734,1186,826
9,Day 9,3,Tray 3,DJI_20260627101610_0003,1,1,1,0,0,120,120,14,14,106,106
9,Day 9,3,Tray 3,DJI_20260627101610_0003,2,1,2,120,0,240,120,134,14,226,106
9,Day 9,3,Tray 3,DJI_20260627101610_0003,3,1,3,240,0,360,120,254,14,346,106
9,Day 9,3,Tray 3,DJI_20260627101610_0003,4,1,4,360,0,480,120,374,14,466,106
9,Day 9,3,Tray 3,DJI_20260627101610_0003,5,1,5,480,0,600,120,494,14,586,106
9,Day 9,3,Tray 3,DJI_20260627101610_0003,6,1,6,600,0,720,120,614,14,706,106
9,Day 9,3,Tray 3,DJI_20260627101610_0003,7,1,7,720,0,840,120,734,14,826,106
9,Day 9,3,Tray 3,DJI_20260627101610_0003,8,1,8,840,0,960,120,854,14,946,106
9,Day 9,3,Tray 3,DJI_20260627101610_0003,9,1,9,960,0,1080,120,974,14,1066,106
9,Day 9,3,Tray 3,DJI_20260627101610_0003,10,1,10,1080,0,1200,120,1094,14,1186,106
9,Day 9,3,Tray 3,DJI_20260627101610_0003,11,2,1,0,120,120,240,14,134,106,226
9,Day 9,3,Tray 3,DJI_20260627101610_0003,12,2,2,120,120,240,240,134,134,226,226
9,Day 9,3,Tray 3,DJI_20260627101610_0003,13,2,3,240,120,360,240,254,134,346,226
9,Day 9,3,Tray 3,DJI_20260627101610_0003,14,2,4,360,120,480,240,374,134,466,226
9,Day 9,3,Tray 3,DJI_20260627101610_0003,15,2,5,480,120,600,240,494,134,586,226
9,Day 9,3,Tray 3,DJI_20260627101610_0003,16,2,6,600,120,720,240,614,134,706,226
9,Day 9,3,Tray 3,DJI_20260627101610_0003,17,2,7,720,120,840,240,734,134,826,226
9,Day 9,3,Tray 3,DJI_20260627101610_0003,18,2,8,840,120,960,240,854,134,946,226
9,Day 9,3,Tray 3,DJI_20260627101610_0003,19,2,9,960,120,1080,240,974,134,1066,226
9,Day 9,3,Tray 3,DJI_20260627101610_0003,20,2,10,1080,120,1200,240,1094,134,1186,226
9,Day 9,3,Tray 3,DJI_20260627101610_0003,21,3,1,0,240,120,360,14,254,106,346
9,Day 9,3,Tray 3,DJI_20260627101610_0003,22,3,2,120,240,240,360,134,254,226,346
9,Day 9,3,Tray 3,DJI_20260627101610_0003,23,3,3,240,240,360,360,254,254,346,346
9,Day 9,3,Tray 3,DJI_20260627101610_0003,24,3,4,360,240,480,360,374,254,466,346
9,Day 9,3,Tray 3,DJI_20260627101610_0003,25,3,5,480,240,600,360,494,254,586,346
9,Day 9,3,Tray 3,DJI_20260627101610_0003,26,3,6,600,240,720,360,614,254,706,346
9,Day 9,3,Tray 3,DJI_20260627101610_0003,27,3,7,720,240,840,360,734,254,826,346
9,Day 9,3,Tray 3,DJI_20260627101610_0003,28,3,8,840,240,960,360,854,254,946,346
9,Day 9,3,Tray 3,DJI_20260627101610_0003,29,3,9,960,240,1080,360,974,254,1066,346
9,Day 9,3,Tray 3,DJI_20260627101610_0003,30,3,10,1080,240,1200,360,1094,254,1186,346
9,Day 9,3,Tray 3,DJI_20260627101610_0003,31,4,1,0,360,120,480,14,374,106,466
9,Day 9,3,Tray 3,DJI_20260627101610_0003,32,4,2,120,360,240,480,134,374,226,466
9,Day 9,3,Tray 3,DJI_20260627101610_0003,33,4,3,240,360,360,480,254,374,346,466
9,Day 9,3,Tray 3,DJI_20260627101610_0003,34,4,4,360,360,480,480,374,374,466,466
9,Day 9,3,Tray 3,DJI_20260627101610_0003,35,4,5,480,360,600,480,494,374,586,466
9,Day 9,3,Tray 3,DJI_20260627101610_0003,36,4,6,600,360,720,480,614,374,706,466
9,Day 9,3,Tray 3,DJI_20260627101610_0003,37,4,7,720,360,840,480,734,374,826,466
9,Day 9,3,Tray 3,DJI_20260627101610_0003,38,4,8,840,360,960,480,854,374,946,466
9,Day 9,3,Tray 3,DJI_20260627101610_0003,39,4,9,960,360,1080,480,974,374,1066,466
9,Day 9,3,Tray 3,DJI_20260627101610_0003,40,4,10,1080,360,1200,480,1094,374,1186,466
9,Day 9,3,Tray 3,DJI_20260627101610_0003,41,5,1,0,480,120,600,14,494,106,586
9,Day 9,3,Tray 3,DJI_20260627101610_0003,42,5,2,120,480,240,600,134,494,226,586
9,Day 9,3,Tray 3,DJI_20260627101610_0003,43,5,3,240,480,360,600,254,494,346,586
9,Day 9,3,Tray 3,DJI_20260627101610_0003,44,5,4,360,480,480,600,374,494,466,586
9,Day 9,3,Tray 3,DJI_20260627101610_0003,45,5,5,480,480,600,600,494,494,586,586
9,Day 9,3,Tray 3,DJI_20260627101610_0003,46,5,6,600,480,720,600,614,494,706,586
9,Day 9,3,Tray 3,DJI_20260627101610_0003,47,5,7,720,480,840,600,734,494,826,586
9,Day 9,3,Tray 3,DJI_20260627101610_0003,48,5,8,840,480,960,600,854,494,946,586
9,Day 9,3,Tray 3,DJI_20260627101610_0003,49,5,9,960,480,1080,600,974,494,1066,586
9,Day 9,3,Tray 3,DJI_20260627101610_0003,50,5,10,1080,480,1200,600,1094,494,1186,586
9,Day 9,3,Tray 3,DJI_20260627101610_0003,51,6,1,0,600,120,720,14,614,106,706
9,Day 9,3,Tray 3,DJI_20260627101610_0003,52,6,2,120,600,240,720,134,614,226,706
9,Day 9,3,Tray 3,DJI_20260627101610_0003,53,6,3,240,600,360,720,254,614,346,706
9,Day 9,3,Tray 3,DJI_20260627101610_0003,54,6,4,360,600,480,720,374,614,466,706
9,Day 9,3,Tray 3,DJI_20260627101610_0003,55,6,5,480,600,600,720,494,614,586,706
9,Day 9,3,Tray 3,DJI_20260627101610_0003,56,6,6,600,600,720,720,614,614,706,706
9,Day 9,3,Tray 3,DJI_20260627101610_0003,57,6,7,720,600,840,720,734,614,826,706
9,Day 9,3,Tray 3,DJI_20260627101610_0003,58,6,8,840,600,960,720,854,614,946,706
9,Day 9,3,Tray 3,DJI_20260627101610_0003,59,6,9,960,600,1080,720,974,614,1066,706
9,Day 9,3,Tray 3,DJI_20260627101610_0003,60,6,10,1080,600,1200,720,1094,614,1186,706
9,Day 9,3,Tray 3,DJI_20260627101610_0003,61,7,1,0,720,120,840,14,734,106,826
9,Day 9,3,Tray 3,DJI_20260627101610_0003,62,7,2,120,720,240,840,134,734,226,826
9,Day 9,3,Tray 3,DJI_20260627101610_0003,63,7,3,240,720,360,840,254,734,346,826
9,Day 9,3,Tray 3,DJI_20260627101610_0003,64,7,4,360,720,480,840,374,734,466,826
9,Day 9,3,Tray 3,DJI_20260627101610_0003,65,7,5,480,720,600,840,494,734,586,826
9,Day 9,3,Tray 3,DJI_20260627101610_0003,66,7,6,600,720,720,840,614,734,706,826
9,Day 9,3,Tray 3,DJI_20260627101610_0003,67,7,7,720,720,840,840,734,734,826,826
9,Day 9,3,Tray 3,DJI_20260627101610_0003,68,7,8,840,720,960,840,854,734,946,826
9,Day 9,3,Tray 3,DJI_20260627101610_0003,69,7,9,960,720,1080,840,974,734,1066,826
9,Day 9,3,Tray 3,DJI_20260627101610_0003,70,7,10,1080,720,1200,840,1094,734,1186,826
9,Day 9,5,Tray 5,DJI_20260627101808_0005,1,1,1,0,0,120,120,14,14,106,106
9,Day 9,5,Tray 5,DJI_20260627101808_0005,2,1,2,120,0,240,120,134,14,226,106
9,Day 9,5,Tray 5,DJI_20260627101808_0005,3,1,3,240,0,360,120,254,14,346,106
9,Day 9,5,Tray 5,DJI_20260627101808_0005,4,1,4,360,0,480,120,374,14,466,106
9,Day 9,5,Tray 5,DJI_20260627101808_0005,5,1,5,480,0,600,120,494,14,586,106
9,Day 9,5,Tray 5,DJI_20260627101808_0005,6,1,6,600,0,720,120,614,14,706,106
9,Day 9,5,Tray 5,DJI_20260627101808_0005,7,1,7,720,0,840,120,734,14,826,106
9,Day 9,5,Tray 5,DJI_20260627101808_0005,8,1,8,840,0,960,120,854,14,946,106
9,Day 9,5,Tray 5,DJI_20260627101808_0005,9,1,9,960,0,1080,120,974,14,1066,106
9,Day 9,5,Tray 5,DJI_20260627101808_0005,10,1,10,1080,0,1200,120,1094,14,1186,106
9,Day 9,5,Tray 5,DJI_20260627101808_0005,11,2,1,0,120,120,240,14,134,106,226
9,Day 9,5,Tray 5,DJI_20260627101808_0005,12,2,2,120,120,240,240,134,134,226,226
9,Day 9,5,Tray 5,DJI_20260627101808_0005,13,2,3,240,120,360,240,254,134,346,226
9,Day 9,5,Tray 5,DJI_20260627101808_0005,14,2,4,360,120,480,240,374,134,466,226
9,Day 9,5,Tray 5,DJI_20260627101808_0005,15,2,5,480,120,600,240,494,134,586,226
9,Day 9,5,Tray 5,DJI_20260627101808_0005,16,2,6,600,120,720,240,614,134,706,226
9,Day 9,5,Tray 5,DJI_20260627101808_0005,17,2,7,720,120,840,240,734,134,826,226
9,Day 9,5,Tray 5,DJI_20260627101808_0005,18,2,8,840,120,960,240,854,134,946,226
9,Day 9,5,Tray 5,DJI_20260627101808_0005,19,2,9,960,120,1080,240,974,134,1066,226
9,Day 9,5,Tray 5,DJI_20260627101808_0005,20,2,10,1080,120,1200,240,1094,134,1186,226
9,Day 9,5,Tray 5,DJI_20260627101808_0005,21,3,1,0,240,120,360,14,254,106,346
9,Day 9,5,Tray 5,DJI_20260627101808_0005,22,3,2,120,240,240,360,134,254,226,346
9,Day 9,5,Tray 5,DJI_20260627101808_0005,23,3,3,240,240,360,360,254,254,346,346
9,Day 9,5,Tray 5,DJI_20260627101808_0005,24,3,4,360,240,480,360,374,254,466,346
9,Day 9,5,Tray 5,DJI_20260627101808_0005,25,3,5,480,240,600,360,494,254,586,346
9,Day 9,5,Tray 5,DJI_20260627101808_0005,26,3,6,600,240,720,360,614,254,706,346
9,Day 9,5,Tray 5,DJI_20260627101808_0005,27,3,7,720,240,840,360,734,254,826,346
9,Day 9,5,Tray 5,DJI_20260627101808_0005,28,3,8,840,240,960,360,854,254,946,346
9,Day 9,5,Tray 5,DJI_20260627101808_0005,29,3,9,960,240,1080,360,974,254,1066,346
9,Day 9,5,Tray 5,DJI_20260627101808_0005,30,3,10,1080,240,1200,360,1094,254,1186,346
9,Day 9,5,Tray 5,DJI_20260627101808_0005,31,4,1,0,360,120,480,14,374,106,466
9,Day 9,5,Tray 5,DJI_20260627101808_0005,32,4,2,120,360,240,480,134,374,226,466
9,Day 9,5,Tray 5,DJI_20260627101808_0005,33,4,3,240,360,360,480,254,374,346,466
9,Day 9,5,Tray 5,DJI_20260627101808_0005,34,4,4,360,360,480,480,374,374,466,466
9,Day 9,5,Tray 5,DJI_20260627101808_0005,35,4,5,480,360,600,480,494,374,586,466
9,Day 9,5,Tray 5,DJI_20260627101808_0005,36,4,6,600,360,720,480,614,374,706,466
9,Day 9,5,Tray 5,DJI_20260627101808_0005,37,4,7,720,360,840,480,734,374,826,466
9,Day 9,5,Tray 5,DJI_20260627101808_0005,38,4,8,840,360,960,480,854,374,946,466
9,Day 9,5,Tray 5,DJI_20260627101808_0005,39,4,9,960,360,1080,480,974,374,1066,466
9,Day 9,5,Tray 5,DJI_20260627101808_0005,40,4,10,1080,360,1200,480,1094,374,1186,466
9,Day 9,5,Tray 5,DJI_20260627101808_0005,41,5,1,0,480,120,600,14,494,106,586
9,Day 9,5,Tray 5,DJI_20260627101808_0005,42,5,2,120,480,240,600,134,494,226,586
9,Day 9,5,Tray 5,DJI_20260627101808_0005,43,5,3,240,480,360,600,254,494,346,586
9,Day 9,5,Tray 5,DJI_20260627101808_0005,44,5,4,360,480,480,600,374,494,466,586
9,Day 9,5,Tray 5,DJI_20260627101808_0005,45,5,5,480,480,600,600,494,494,586,586
9,Day 9,5,Tray 5,DJI_20260627101808_0005,46,5,6,600,480,720,600,614,494,706,586
9,Day 9,5,Tray 5,DJI_20260627101808_0005,47,5,7,720,480,840,600,734,494,826,586
9,Day 9,5,Tray 5,DJI_20260627101808_0005,48,5,8,840,480,960,600,854,494,946,586
9,Day 9,5,Tray 5,DJI_20260627101808_0005,49,5,9,960,480,1080,600,974,494,1066,586
9,Day 9,5,Tray 5,DJI_20260627101808_0005,50,5,10,1080,480,1200,600,1094,494,1186,586
9,Day 9,5,Tray 5,DJI_20260627101808_0005,51,6,1,0,600,120,720,14,614,106,706
9,Day 9,5,Tray 5,DJI_20260627101808_0005,52,6,2,120,600,240,720,134,614,226,706
9,Day 9,5,Tray 5,DJI_20260627101808_0005,53,6,3,240,600,360,720,254,614,346,706
9,Day 9,5,Tray 5,DJI_20260627101808_0005,54,6,4,360,600,480,720,374,614,466,706
9,Day 9,5,Tray 5,DJI_20260627101808_0005,55,6,5,480,600,600,720,494,614,586,706
9,Day 9,5,Tray 5,DJI_20260627101808_0005,56,6,6,600,600,720,720,614,614,706,706
9,Day 9,5,Tray 5,DJI_20260627101808_0005,57,6,7,720,600,840,720,734,614,826,706
9,Day 9,5,Tray 5,DJI_20260627101808_0005,58,6,8,840,600,960,720,854,614,946,706
9,Day 9,5,Tray 5,DJI_20260627101808_0005,59,6,9,960,600,1080,720,974,614,1066,706
9,Day 9,5,Tray 5,DJI_20260627101808_0005,60,6,10,1080,600,1200,720,1094,614,1186,706
9,Day 9,5,Tray 5,DJI_20260627101808_0005,61,7,1,0,720,120,840,14,734,106,826
9,Day 9,5,Tray 5,DJI_20260627101808_0005,62,7,2,120,720,240,840,134,734,226,826
9,Day 9,5,Tray 5,DJI_20260627101808_0005,63,7,3,240,720,360,840,254,734,346,826
9,Day 9,5,Tray 5,DJI_20260627101808_0005,64,7,4,360,720,480,840,374,734,466,826
9,Day 9,5,Tray 5,DJI_20260627101808_0005,65,7,5,480,720,600,840,494,734,586,826
9,Day 9,5,Tray 5,DJI_20260627101808_0005,66,7,6,600,720,720,840,614,734,706,826
9,Day 9,5,Tray 5,DJI_20260627101808_0005,67,7,7,720,720,840,840,734,734,826,826
9,Day 9,5,Tray 5,DJI_20260627101808_0005,68,7,8,840,720,960,840,854,734,946,826
9,Day 9,5,Tray 5,DJI_20260627101808_0005,69,7,9,960,720,1080,840,974,734,1066,826
9,Day 9,5,Tray 5,DJI_20260627101808_0005,70,7,10,1080,720,1200,840,1094,734,1186,826
9,Day 9,6,Tray 6,DJI_20260627101858_0006,1,1,1,0,0,120,120,14,14,106,106
9,Day 9,6,Tray 6,DJI_20260627101858_0006,2,1,2,120,0,240,120,134,14,226,106
9,Day 9,6,Tray 6,DJI_20260627101858_0006,3,1,3,240,0,360,120,254,14,346,106
9,Day 9,6,Tray 6,DJI_20260627101858_0006,4,1,4,360,0,480,120,374,14,466,106
9,Day 9,6,Tray 6,DJI_20260627101858_0006,5,1,5,480,0,600,120,494,14,586,106
9,Day 9,6,Tray 6,DJI_20260627101858_0006,6,1,6,600,0,720,120,614,14,706,106
9,Day 9,6,Tray 6,DJI_20260627101858_0006,7,1,7,720,0,840,120,734,14,826,106
9,Day 9,6,Tray 6,DJI_20260627101858_0006,8,1,8,840,0,960,120,854,14,946,106
9,Day 9,6,Tray 6,DJI_20260627101858_0006,9,1,9,960,0,1080,120,974,14,1066,106
9,Day 9,6,Tray 6,DJI_20260627101858_0006,10,1,10,1080,0,1200,120,1094,14,1186,106
9,Day 9,6,Tray 6,DJI_20260627101858_0006,11,2,1,0,120,120,240,14,134,106,226
9,Day 9,6,Tray 6,DJI_20260627101858_0006,12,2,2,120,120,240,240,134,134,226,226
9,Day 9,6,Tray 6,DJI_20260627101858_0006,13,2,3,240,120,360,240,254,134,346,226
9,Day 9,6,Tray 6,DJI_20260627101858_0006,14,2,4,360,120,480,240,374,134,466,226
9,Day 9,6,Tray 6,DJI_20260627101858_0006,15,2,5,480,120,600,240,494,134,586,226
9,Day 9,6,Tray 6,DJI_20260627101858_0006,16,2,6,600,120,720,240,614,134,706,226
9,Day 9,6,Tray 6,DJI_20260627101858_0006,17,2,7,720,120,840,240,734,134,826,226
9,Day 9,6,Tray 6,DJI_20260627101858_0006,18,2,8,840,120,960,240,854,134,946,226
9,Day 9,6,Tray 6,DJI_20260627101858_0006,19,2,9,960,120,1080,240,974,134,1066,226
9,Day 9,6,Tray 6,DJI_20260627101858_0006,20,2,10,1080,120,1200,240,1094,134,1186,226
9,Day 9,6,Tray 6,DJI_20260627101858_0006,21,3,1,0,240,120,360,14,254,106,346
9,Day 9,6,Tray 6,DJI_20260627101858_0006,22,3,2,120,240,240,360,134,254,226,346
9,Day 9,6,Tray 6,DJI_20260627101858_0006,23,3,3,240,240,360,360,254,254,346,346
9,Day 9,6,Tray 6,DJI_20260627101858_0006,24,3,4,360,240,480,360,374,254,466,346
9,Day 9,6,Tray 6,DJI_20260627101858_0006,25,3,5,480,240,600,360,494,254,586,346
9,Day 9,6,Tray 6,DJI_20260627101858_0006,26,3,6,600,240,720,360,614,254,706,346
9,Day 9,6,Tray 6,DJI_20260627101858_0006,27,3,7,720,240,840,360,734,254,826,346
9,Day 9,6,Tray 6,DJI_20260627101858_0006,28,3,8,840,240,960,360,854,254,946,346
9,Day 9,6,Tray 6,DJI_20260627101858_0006,29,3,9,960,240,1080,360,974,254,1066,346
9,Day 9,6,Tray 6,DJI_20260627101858_0006,30,3,10,1080,240,1200,360,1094,254,1186,346
9,Day 9,6,Tray 6,DJI_20260627101858_0006,31,4,1,0,360,120,480,14,374,106,466
9,Day 9,6,Tray 6,DJI_20260627101858_0006,32,4,2,120,360,240,480,134,374,226,466
9,Day 9,6,Tray 6,DJI_20260627101858_0006,33,4,3,240,360,360,480,254,374,346,466
9,Day 9,6,Tray 6,DJI_20260627101858_0006,34,4,4,360,360,480,480,374,374,466,466
9,Day 9,6,Tray 6,DJI_20260627101858_0006,35,4,5,480,360,600,480,494,374,586,466
9,Day 9,6,Tray 6,DJI_20260627101858_0006,36,4,6,600,360,720,480,614,374,706,466
9,Day 9,6,Tray 6,DJI_20260627101858_0006,37,4,7,720,360,840,480,734,374,826,466
9,Day 9,6,Tray 6,DJI_20260627101858_0006,38,4,8,840,360,960,480,854,374,946,466
9,Day 9,6,Tray 6,DJI_20260627101858_0006,39,4,9,960,360,1080,480,974,374,1066,466
9,Day 9,6,Tray 6,DJI_20260627101858_0006,40,4,10,1080,360,1200,480,1094,374,1186,466
9,Day 9,6,Tray 6,DJI_20260627101858_0006,41,5,1,0,480,120,600,14,494,106,586
9,Day 9,6,Tray 6,DJI_20260627101858_0006,42,5,2,120,480,240,600,134,494,226,586
9,Day 9,6,Tray 6,DJI_20260627101858_0006,43,5,3,240,480,360,600,254,494,346,586
9,Day 9,6,Tray 6,DJI_20260627101858_0006,44,5,4,360,480,480,600,374,494,466,586
9,Day 9,6,Tray 6,DJI_20260627101858_0006,45,5,5,480,480,600,600,494,494,586,586
9,Day 9,6,Tray 6,DJI_20260627101858_0006,46,5,6,600,480,720,600,614,494,706,586
9,Day 9,6,Tray 6,DJI_20260627101858_0006,47,5,7,720,480,840,600,734,494,826,586
9,Day 9,6,Tray 6,DJI_20260627101858_0006,48,5,8,840,480,960,600,854,494,946,586
9,Day 9,6,Tray 6,DJI_20260627101858_0006,49,5,9,960,480,1080,600,974,494,1066,586
9,Day 9,6,Tray 6,DJI_20260627101858_0006,50,5,10,1080,480,1200,600,1094,494,1186,586
9,Day 9,6,Tray 6,DJI_20260627101858_0006,51,6,1,0,600,120,720,14,614,106,706
9,Day 9,6,Tray 6,DJI_20260627101858_0006,52,6,2,120,600,240,720,134,614,226,706
9,Day 9,6,Tray 6,DJI_20260627101858_0006,53,6,3,240,600,360,720,254,614,346,706
9,Day 9,6,Tray 6,DJI_20260627101858_0006,54,6,4,360,600,480,720,374,614,466,706
9,Day 9,6,Tray 6,DJI_20260627101858_0006,55,6,5,480,600,600,720,494,614,586,706
9,Day 9,6,Tray 6,DJI_20260627101858_0006,56,6,6,600,600,720,720,614,614,706,706
9,Day 9,6,Tray 6,DJI_20260627101858_0006,57,6,7,720,600,840,720,734,614,826,706
9,Day 9,6,Tray 6,DJI_20260627101858_0006,58,6,8,840,600,960,720,854,614,946,706
9,Day 9,6,Tray 6,DJI_20260627101858_0006,59,6,9,960,600,1080,720,974,614,1066,706
9,Day 9,6,Tray 6,DJI_20260627101858_0006,60,6,10,1080,600,1200,720,1094,614,1186,706
9,Day 9,6,Tray 6,DJI_20260627101858_0006,61,7,1,0,720,120,840,14,734,106,826
9,Day 9,6,Tray 6,DJI_20260627101858_0006,62,7,2,120,720,240,840,134,734,226,826
9,Day 9,6,Tray 6,DJI_20260627101858_0006,63,7,3,240,720,360,840,254,734,346,826
9,Day 9,6,Tray 6,DJI_20260627101858_0006,64,7,4,360,720,480,840,374,734,466,826
9,Day 9,6,Tray 6,DJI_20260627101858_0006,65,7,5,480,720,600,840,494,734,586,826
9,Day 9,6,Tray 6,DJI_20260627101858_0006,66,7,6,600,720,720,840,614,734,706,826
9,Day 9,6,Tray 6,DJI_20260627101858_0006,67,7,7,720,720,840,840,734,734,826,826
9,Day 9,6,Tray 6,DJI_20260627101858_0006,68,7,8,840,720,960,840,854,734,946,826
9,Day 9,6,Tray 6,DJI_20260627101858_0006,69,7,9,960,720,1080,840,974,734,1066,826
9,Day 9,6,Tray 6,DJI_20260627101858_0006,70,7,10,1080,720,1200,840,1094,734,1186,826
9,Day 9,7,Tray 7,DJI_20260627101933_0007,1,1,1,0,0,120,120,14,14,106,106
9,Day 9,7,Tray 7,DJI_20260627101933_0007,2,1,2,120,0,240,120,134,14,226,106
9,Day 9,7,Tray 7,DJI_20260627101933_0007,3,1,3,240,0,360,120,254,14,346,106
9,Day 9,7,Tray 7,DJI_20260627101933_0007,4,1,4,360,0,480,120,374,14,466,106
9,Day 9,7,Tray 7,DJI_20260627101933_0007,5,1,5,480,0,600,120,494,14,586,106
9,Day 9,7,Tray 7,DJI_20260627101933_0007,6,1,6,600,0,720,120,614,14,706,106
9,Day 9,7,Tray 7,DJI_20260627101933_0007,7,1,7,720,0,840,120,734,14,826,106
9,Day 9,7,Tray 7,DJI_20260627101933_0007,8,1,8,840,0,960,120,854,14,946,106
9,Day 9,7,Tray 7,DJI_20260627101933_0007,9,1,9,960,0,1080,120,974,14,1066,106
9,Day 9,7,Tray 7,DJI_20260627101933_0007,10,1,10,1080,0,1200,120,1094,14,1186,106
9,Day 9,7,Tray 7,DJI_20260627101933_0007,11,2,1,0,120,120,240,14,134,106,226
9,Day 9,7,Tray 7,DJI_20260627101933_0007,12,2,2,120,120,240,240,134,134,226,226
9,Day 9,7,Tray 7,DJI_20260627101933_0007,13,2,3,240,120,360,240,254,134,346,226
9,Day 9,7,Tray 7,DJI_20260627101933_0007,14,2,4,360,120,480,240,374,134,466,226
9,Day 9,7,Tray 7,DJI_20260627101933_0007,15,2,5,480,120,600,240,494,134,586,226
9,Day 9,7,Tray 7,DJI_20260627101933_0007,16,2,6,600,120,720,240,614,134,706,226
9,Day 9,7,Tray 7,DJI_20260627101933_0007,17,2,7,720,120,840,240,734,134,826,226
9,Day 9,7,Tray 7,DJI_20260627101933_0007,18,2,8,840,120,960,240,854,134,946,226
9,Day 9,7,Tray 7,DJI_20260627101933_0007,19,2,9,960,120,1080,240,974,134,1066,226
9,Day 9,7,Tray 7,DJI_20260627101933_0007,20,2,10,1080,120,1200,240,1094,134,1186,226
9,Day 9,7,Tray 7,DJI_20260627101933_0007,21,3,1,0,240,120,360,14,254,106,346
9,Day 9,7,Tray 7,DJI_20260627101933_0007,22,3,2,120,240,240,360,134,254,226,346
9,Day 9,7,Tray 7,DJI_20260627101933_0007,23,3,3,240,240,360,360,254,254,346,346
9,Day 9,7,Tray 7,DJI_20260627101933_0007,24,3,4,360,240,480,360,374,254,466,346
9,Day 9,7,Tray 7,DJI_20260627101933_0007,25,3,5,480,240,600,360,494,254,586,346
9,Day 9,7,Tray 7,DJI_20260627101933_0007,26,3,6,600,240,720,360,614,254,706,346
9,Day 9,7,Tray 7,DJI_20260627101933_0007,27,3,7,720,240,840,360,734,254,826,346
9,Day 9,7,Tray 7,DJI_20260627101933_0007,28,3,8,840,240,960,360,854,254,946,346
9,Day 9,7,Tray 7,DJI_20260627101933_0007,29,3,9,960,240,1080,360,974,254,1066,346
9,Day 9,7,Tray 7,DJI_20260627101933_0007,30,3,10,1080,240,1200,360,1094,254,1186,346
9,Day 9,7,Tray 7,DJI_20260627101933_0007,31,4,1,0,360,120,480,14,374,106,466
9,Day 9,7,Tray 7,DJI_20260627101933_0007,32,4,2,120,360,240,480,134,374,226,466
9,Day 9,7,Tray 7,DJI_20260627101933_0007,33,4,3,240,360,360,480,254,374,346,466
9,Day 9,7,Tray 7,DJI_20260627101933_0007,34,4,4,360,360,480,480,374,374,466,466
9,Day 9,7,Tray 7,DJI_20260627101933_0007,35,4,5,480,360,600,480,494,374,586,466
9,Day 9,7,Tray 7,DJI_20260627101933_0007,36,4,6,600,360,720,480,614,374,706,466
9,Day 9,7,Tray 7,DJI_20260627101933_0007,37,4,7,720,360,840,480,734,374,826,466
9,Day 9,7,Tray 7,DJI_20260627101933_0007,38,4,8,840,360,960,480,854,374,946,466
9,Day 9,7,Tray 7,DJI_20260627101933_0007,39,4,9,960,360,1080,480,974,374,1066,466
9,Day 9,7,Tray 7,DJI_20260627101933_0007,40,4,10,1080,360,1200,480,1094,374,1186,466
9,Day 9,7,Tray 7,DJI_20260627101933_0007,41,5,1,0,480,120,600,14,494,106,586
9,Day 9,7,Tray 7,DJI_20260627101933_0007,42,5,2,120,480,240,600,134,494,226,586
9,Day 9,7,Tray 7,DJI_20260627101933_0007,43,5,3,240,480,360,600,254,494,346,586
9,Day 9,7,Tray 7,DJI_20260627101933_0007,44,5,4,360,480,480,600,374,494,466,586
9,Day 9,7,Tray 7,DJI_20260627101933_0007,45,5,5,480,480,600,600,494,494,586,586
9,Day 9,7,Tray 7,DJI_20260627101933_0007,46,5,6,600,480,720,600,614,494,706,586
9,Day 9,7,Tray 7,DJI_20260627101933_0007,47,5,7,720,480,840,600,734,494,826,586
9,Day 9,7,Tray 7,DJI_20260627101933_0007,48,5,8,840,480,960,600,854,494,946,586
9,Day 9,7,Tray 7,DJI_20260627101933_0007,49,5,9,960,480,1080,600,974,494,1066,586
9,Day 9,7,Tray 7,DJI_20260627101933_0007,50,5,10,1080,480,1200,600,1094,494,1186,586
9,Day 9,7,Tray 7,DJI_20260627101933_0007,51,6,1,0,600,120,720,14,614,106,706
9,Day 9,7,Tray 7,DJI_20260627101933_0007,52,6,2,120,600,240,720,134,614,226,706
9,Day 9,7,Tray 7,DJI_20260627101933_0007,53,6,3,240,600,360,720,254,614,346,706
9,Day 9,7,Tray 7,DJI_20260627101933_0007,54,6,4,360,600,480,720,374,614,466,706
9,Day 9,7,Tray 7,DJI_20260627101933_0007,55,6,5,480,600,600,720,494,614,586,706
9,Day 9,7,Tray 7,DJI_20260627101933_0007,56,6,6,600,600,720,720,614,614,706,706
9,Day 9,7,Tray 7,DJI_20260627101933_0007,57,6,7,720,600,840,720,734,614,826,706
9,Day 9,7,Tray 7,DJI_20260627101933_0007,58,6,8,840,600,960,720,854,614,946,706
9,Day 9,7,Tray 7,DJI_20260627101933_0007,59,6,9,960,600,1080,720,974,614,1066,706
9,Day 9,7,Tray 7,DJI_20260627101933_0007,60,6,10,1080,600,1200,720,1094,614,1186,706
9,Day 9,7,Tray 7,DJI_20260627101933_0007,61,7,1,0,720,120,840,14,734,106,826
9,Day 9,7,Tray 7,DJI_20260627101933_0007,62,7,2,120,720,240,840,134,734,226,826
9,Day 9,7,Tray 7,DJI_20260627101933_0007,63,7,3,240,720,360,840,254,734,346,826
9,Day 9,7,Tray 7,DJI_20260627101933_0007,64,7,4,360,720,480,840,374,734,466,826
9,Day 9,7,Tray 7,DJI_20260627101933_0007,65,7,5,480,720,600,840,494,734,586,826
9,Day 9,7,Tray 7,DJI_20260627101933_0007,66,7,6,600,720,720,840,614,734,706,826
9,Day 9,7,Tray 7,DJI_20260627101933_0007,67,7,7,720,720,840,840,734,734,826,826
9,Day 9,7,Tray 7,DJI_20260627101933_0007,68,7,8,840,720,960,840,854,734,946,826
9,Day 9,7,Tray 7,DJI_20260627101933_0007,69,7,9,960,720,1080,840,974,734,1066,826
9,Day 9,7,Tray 7,DJI_20260627101933_0007,70,7,10,1080,720,1200,840,1094,734,1186,826
9,Day 9,8,Tray 8,DJI_20260627102037_0008,1,1,1,0,0,120,120,14,14,106,106
9,Day 9,8,Tray 8,DJI_20260627102037_0008,2,1,2,120,0,240,120,134,14,226,106
9,Day 9,8,Tray 8,DJI_20260627102037_0008,3,1,3,240,0,360,120,254,14,346,106
9,Day 9,8,Tray 8,DJI_20260627102037_0008,4,1,4,360,0,480,120,374,14,466,106
9,Day 9,8,Tray 8,DJI_20260627102037_0008,5,1,5,480,0,600,120,494,14,586,106
9,Day 9,8,Tray 8,DJI_20260627102037_0008,6,1,6,600,0,720,120,614,14,706,106
9,Day 9,8,Tray 8,DJI_20260627102037_0008,7,1,7,720,0,840,120,734,14,826,106
9,Day 9,8,Tray 8,DJI_20260627102037_0008,8,1,8,840,0,960,120,854,14,946,106
9,Day 9,8,Tray 8,DJI_20260627102037_0008,9,1,9,960,0,1080,120,974,14,1066,106
9,Day 9,8,Tray 8,DJI_20260627102037_0008,10,1,10,1080,0,1200,120,1094,14,1186,106
9,Day 9,8,Tray 8,DJI_20260627102037_0008,11,2,1,0,120,120,240,14,134,106,226
9,Day 9,8,Tray 8,DJI_20260627102037_0008,12,2,2,120,120,240,240,134,134,226,226
9,Day 9,8,Tray 8,DJI_20260627102037_0008,13,2,3,240,120,360,240,254,134,346,226
9,Day 9,8,Tray 8,DJI_20260627102037_0008,14,2,4,360,120,480,240,374,134,466,226
9,Day 9,8,Tray 8,DJI_20260627102037_0008,15,2,5,480,120,600,240,494,134,586,226
9,Day 9,8,Tray 8,DJI_20260627102037_0008,16,2,6,600,120,720,240,614,134,706,226
9,Day 9,8,Tray 8,DJI_20260627102037_0008,17,2,7,720,120,840,240,734,134,826,226
9,Day 9,8,Tray 8,DJI_20260627102037_0008,18,2,8,840,120,960,240,854,134,946,226
9,Day 9,8,Tray 8,DJI_20260627102037_0008,19,2,9,960,120,1080,240,974,134,1066,226
9,Day 9,8,Tray 8,DJI_20260627102037_0008,20,2,10,1080,120,1200,240,1094,134,1186,226
9,Day 9,8,Tray 8,DJI_20260627102037_0008,21,3,1,0,240,120,360,14,254,106,346
9,Day 9,8,Tray 8,DJI_20260627102037_0008,22,3,2,120,240,240,360,134,254,226,346
9,Day 9,8,Tray 8,DJI_20260627102037_0008,23,3,3,240,240,360,360,254,254,346,346
9,Day 9,8,Tray 8,DJI_20260627102037_0008,24,3,4,360,240,480,360,374,254,466,346
9,Day 9,8,Tray 8,DJI_20260627102037_0008,25,3,5,480,240,600,360,494,254,586,346
9,Day 9,8,Tray 8,DJI_20260627102037_0008,26,3,6,600,240,720,360,614,254,706,346
9,Day 9,8,Tray 8,DJI_20260627102037_0008,27,3,7,720,240,840,360,734,254,826,346
9,Day 9,8,Tray 8,DJI_20260627102037_0008,28,3,8,840,240,960,360,854,254,946,346
9,Day 9,8,Tray 8,DJI_20260627102037_0008,29,3,9,960,240,1080,360,974,254,1066,346
9,Day 9,8,Tray 8,DJI_20260627102037_0008,30,3,10,1080,240,1200,360,1094,254,1186,346
9,Day 9,8,Tray 8,DJI_20260627102037_0008,31,4,1,0,360,120,480,14,374,106,466
9,Day 9,8,Tray 8,DJI_20260627102037_0008,32,4,2,120,360,240,480,134,374,226,466
9,Day 9,8,Tray 8,DJI_20260627102037_0008,33,4,3,240,360,360,480,254,374,346,466
9,Day 9,8,Tray 8,DJI_20260627102037_0008,34,4,4,360,360,480,480,374,374,466,466
9,Day 9,8,Tray 8,DJI_20260627102037_0008,35,4,5,480,360,600,480,494,374,586,466
9,Day 9,8,Tray 8,DJI_20260627102037_0008,36,4,6,600,360,720,480,614,374,706,466
9,Day 9,8,Tray 8,DJI_20260627102037_0008,37,4,7,720,360,840,480,734,374,826,466
9,Day 9,8,Tray 8,DJI_20260627102037_0008,38,4,8,840,360,960,480,854,374,946,466
9,Day 9,8,Tray 8,DJI_20260627102037_0008,39,4,9,960,360,1080,480,974,374,1066,466
9,Day 9,8,Tray 8,DJI_20260627102037_0008,40,4,10,1080,360,1200,480,1094,374,1186,466
9,Day 9,8,Tray 8,DJI_20260627102037_0008,41,5,1,0,480,120,600,14,494,106,586
9,Day 9,8,Tray 8,DJI_20260627102037_0008,42,5,2,120,480,240,600,134,494,226,586
9,Day 9,8,Tray 8,DJI_20260627102037_0008,43,5,3,240,480,360,600,254,494,346,586
9,Day 9,8,Tray 8,DJI_20260627102037_0008,44,5,4,360,480,480,600,374,494,466,586
9,Day 9,8,Tray 8,DJI_20260627102037_0008,45,5,5,480,480,600,600,494,494,586,586
9,Day 9,8,Tray 8,DJI_20260627102037_0008,46,5,6,600,480,720,600,614,494,706,586
9,Day 9,8,Tray 8,DJI_20260627102037_0008,47,5,7,720,480,840,600,734,494,826,586
9,Day 9,8,Tray 8,DJI_20260627102037_0008,48,5,8,840,480,960,600,854,494,946,586
9,Day 9,8,Tray 8,DJI_20260627102037_0008,49,5,9,960,480,1080,600,974,494,1066,586
9,Day 9,8,Tray 8,DJI_20260627102037_0008,50,5,10,1080,480,1200,600,1094,494,1186,586
9,Day 9,8,Tray 8,DJI_20260627102037_0008,51,6,1,0,600,120,720,14,614,106,706
9,Day 9,8,Tray 8,DJI_20260627102037_0008,52,6,2,120,600,240,720,134,614,226,706
9,Day 9,8,Tray 8,DJI_20260627102037_0008,53,6,3,240,600,360,720,254,614,346,706
9,Day 9,8,Tray 8,DJI_20260627102037_0008,54,6,4,360,600,480,720,374,614,466,706
9,Day 9,8,Tray 8,DJI_20260627102037_0008,55,6,5,480,600,600,720,494,614,586,706
9,Day 9,8,Tray 8,DJI_20260627102037_0008,56,6,6,600,600,720,720,614,614,706,706
9,Day 9,8,Tray 8,DJI_20260627102037_0008,57,6,7,720,600,840,720,734,614,826,706
9,Day 9,8,Tray 8,DJI_20260627102037_0008,58,6,8,840,600,960,720,854,614,946,706
9,Day 9,8,Tray 8,DJI_20260627102037_0008,59,6,9,960,600,1080,720,974,614,1066,706
9,Day 9,8,Tray 8,DJI_20260627102037_0008,60,6,10,1080,600,1200,720,1094,614,1186,706
9,Day 9,8,Tray 8,DJI_20260627102037_0008,61,7,1,0,720,120,840,14,734,106,826
9,Day 9,8,Tray 8,DJI_20260627102037_0008,62,7,2,120,720,240,840,134,734,226,826
9,Day 9,8,Tray 8,DJI_20260627102037_0008,63,7,3,240,720,360,840,254,734,346,826
9,Day 9,8,Tray 8,DJI_20260627102037_0008,64,7,4,360,720,480,840,374,734,466,826
9,Day 9,8,Tray 8,DJI_20260627102037_0008,65,7,5,480,720,600,840,494,734,586,826
9,Day 9,8,Tray 8,DJI_20260627102037_0008,66,7,6,600,720,720,840,614,734,706,826
9,Day 9,8,Tray 8,DJI_20260627102037_0008,67,7,7,720,720,840,840,734,734,826,826
9,Day 9,8,Tray 8,DJI_20260627102037_0008,68,7,8,840,720,960,840,854,734,946,826
9,Day 9,8,Tray 8,DJI_20260627102037_0008,69,7,9,960,720,1080,840,974,734,1066,826
9,Day 9,8,Tray 8,DJI_20260627102037_0008,70,7,10,1080,720,1200,840,1094,734,1186,826
