day_order,day,tray_no,tray,capture_id,cell_id,row,column,ndvi_valid_pixels,ndvi_mean,ndvi_median,ndvi_std,ndvi_p10,ndvi_p90,ndre_valid_pixels,ndre_mean,ndre_median,ndre_std,ndre_p10,ndre_p90,gndvi_valid_pixels,gndvi_mean,gndvi_median,gndvi_std,gndvi_p10,gndvi_p90
1,Day 1,1,Tray 1,DJI_20260618123542_0001,1,1,1,8464,0.23202334344387054,0.1535787284374237,0.169928178191185,0.11242244914174081,0.5081028521060943,8464,-0.08776919543743134,-0.1688612401485443,0.17444798350334167,-0.2536738693714142,0.18186949938535688,8464,0.08282794803380966,-0.1682986468076706,0.36500513553619385,-0.2400122210383415,0.6632478594779968
1,Day 1,1,Tray 1,DJI_20260618123542_0001,2,1,2,8464,0.2509181797504425,0.1560513973236084,0.177718847990036,0.12047314047813415,0.49913077652454374,8464,-0.07275211811065674,-0.1613689661026001,0.182308167219162,-0.2028197944164276,0.18470715135335922,8464,0.1067909225821495,-0.15165577828884125,0.36688894033432007,-0.2241603523492813,0.6735177278518677
1,Day 1,1,Tray 1,DJI_20260618123542_0001,3,1,3,8464,0.2774083614349365,0.18554195761680603,0.16805633902549744,0.12805905491113662,0.5112755000591278,8464,-0.05378425866365433,-0.10086263716220856,0.16368643939495087,-0.1796053647994995,0.16480709761381146,8464,0.16003452241420746,0.11909542977809906,0.34678637981414795,-0.2120763659477234,0.6356490910053253
1,Day 1,1,Tray 1,DJI_20260618123542_0001,4,1,4,8464,0.2793797254562378,0.19688549637794495,0.19232599437236786,0.09168735966086389,0.5238297998905181,8464,-0.06063613295555115,-0.1094055324792862,0.20066963136196136,-0.31505925953388214,0.1990697965025901,8464,0.09701153635978699,-0.08831990510225296,0.39414170384407043,-0.4055059552192688,0.6490656018257142
1,Day 1,1,Tray 1,DJI_20260618123542_0001,5,1,5,8464,0.28400182723999023,0.26999080181121826,0.18880784511566162,0.0834288887679577,0.5151213228702545,8464,-0.0673660859465599,-0.06967530399560928,0.19725105166435242,-0.3664379775524139,0.18352147340774527,8464,0.09225887060165405,-0.05752561241388321,0.38692718744277954,-0.40852340459823605,0.6133369565010071
1,Day 1,1,Tray 1,DJI_20260618123542_0001,6,1,6,8464,0.26332351565361023,0.18786534667015076,0.19914546608924866,0.038223427534103405,0.528635036945343,8464,-0.09371449798345566,-0.15414325892925262,0.21510940790176392,-0.3754425138235092,0.2116608709096908,8464,0.028398564085364342,-0.1549851894378662,0.3700146973133087,-0.41475212574005127,0.5648377180099485
1,Day 1,1,Tray 1,DJI_20260618123542_0001,7,1,7,8464,0.2555733919143677,0.1744663119316101,0.1949903666973114,0.03737525753676892,0.5058980524539948,8464,-0.11064966768026352,-0.16310423612594604,0.1993677169084549,-0.3900000721216202,0.1499014124274253,8464,-0.026301244273781776,-0.17000000178813934,0.34228891134262085,-0.4200945258140564,0.4863911211490631
1,Day 1,1,Tray 1,DJI_20260618123542_0001,8,1,8,8464,0.21968452632427216,0.1522320955991745,0.17004866898059845,0.0451934788376093,0.4892418503761291,8464,-0.1450793743133545,-0.17554183304309845,0.1642235666513443,-0.3420338571071625,0.10093567371368406,8464,-0.07770151644945145,-0.17754501104354858,0.28989550471305847,-0.3852820456027984,0.4508063286542892
1,Day 1,1,Tray 1,DJI_20260618123542_0001,9,1,9,8464,0.23525120317935944,0.15523768961429596,0.1657792329788208,0.12033192291855814,0.48974918127059935,8464,-0.1414078325033188,-0.1762772649526596,0.1631491780281067,-0.3437328040599823,0.09958100467920303,8464,-0.13143552839756012,-0.1954459249973297,0.2647518515586853,-0.4363764703273773,0.3698040336370467
1,Day 1,1,Tray 1,DJI_20260618123542_0001,10,1,10,8464,0.1952730417251587,0.15480542182922363,0.1161133199930191,0.12347109466791154,0.40387235283851625,8464,-0.15392383933067322,-0.17447897791862488,0.13969799876213074,-0.30155120193958285,0.04321644678711879,8464,-0.10859928280115128,-0.2112867534160614,0.29637452960014343,-0.3508022457361221,0.47408264279365525
1,Day 1,1,Tray 1,DJI_20260618123542_0001,11,2,1,8464,0.2526840269565582,0.15368595719337463,0.19529905915260315,0.10835919305682183,0.5221401154994965,8464,-0.08029185980558395,-0.17270348966121674,0.2107183039188385,-0.26782333850860596,0.23700512349605557,8464,0.13507553935050964,-0.09108895808458328,0.4043594002723694,-0.3007639467716217,0.6737082600593567
1,Day 1,1,Tray 1,DJI_20260618123542_0001,12,2,2,8464,0.26075267791748047,0.15754994750022888,0.1861322969198227,0.1048551008105278,0.5269836604595184,8464,-0.06779001653194427,-0.1665004938840866,0.19895920157432556,-0.265350803732872,0.23798062652349472,8464,0.13616086542606354,-0.008290708065032959,0.3560652434825897,-0.21654904186725615,0.6314699649810791
1,Day 1,1,Tray 1,DJI_20260618123542_0001,13,2,3,8464,0.30449235439300537,0.2591592073440552,0.18445700407028198,0.1275162637233734,0.5218408763408661,8464,-0.040727708488702774,-0.10148993134498596,0.19161908328533173,-0.23286748230457305,0.22851204723119728,8464,0.2097116857767105,0.38140740990638733,0.3676068186759949,-0.2479049265384674,0.6612433314323425
1,Day 1,1,Tray 1,DJI_20260618123542_0001,14,2,4,8464,0.3083585202693939,0.3566560745239258,0.18970324099063873,0.11148088052868843,0.5149171650409698,8464,-0.061704184859991074,-0.06289736926555634,0.1929711252450943,-0.3492158055305481,0.15843825489282606,8464,0.19401252269744873,0.37100911140441895,0.38332825899124146,-0.3788546323776245,0.6568461298942565
1,Day 1,1,Tray 1,DJI_20260618123542_0001,15,2,5,8464,0.30401235818862915,0.35724568367004395,0.18818755447864532,0.07511482164263729,0.5072143912315369,8464,-0.06856802850961685,-0.05532778799533844,0.18796028196811676,-0.3282283455133438,0.14326375722885132,8464,0.13025641441345215,0.27243494987487793,0.3771546483039856,-0.39808809757232666,0.5471846401691436
1,Day 1,1,Tray 1,DJI_20260618123542_0001,16,2,6,8464,0.25514912605285645,0.1813618242740631,0.20758602023124695,0.01019649468362332,0.5214373946189881,8464,-0.09890718013048172,-0.16285674273967743,0.22128961980342865,-0.3721588283777237,0.20230602920055388,8464,-0.003364165546372533,-0.16966581344604492,0.3738388419151306,-0.4468312174081802,0.521954619884491
1,Day 1,1,Tray 1,DJI_20260618123542_0001,17,2,7,8464,0.2526699900627136,0.23537668585777283,0.20756639540195465,0.0025187764083966988,0.4876276522874832,8464,-0.125123992562294,-0.16175764799118042,0.20342782139778137,-0.4703225284814835,0.1195373311638832,8464,0.02089799754321575,-0.16883116960525513,0.3817370533943176,-0.5024428546428681,0.5005805730819702
1,Day 1,1,Tray 1,DJI_20260618123542_0001,18,2,8,8464,0.24239619076251984,0.1555374562740326,0.1887849122285843,0.03878902643918991,0.49210771918296814,8464,-0.1401912420988083,-0.1792275458574295,0.18364331126213074,-0.37911756038665767,0.1092083066701889,8464,-0.08493068814277649,-0.1867845207452774,0.3147484362125397,-0.44616999626159665,0.43989431858062744
1,Day 1,1,Tray 1,DJI_20260618123542_0001,19,2,9,8464,0.24600136280059814,0.15941736102104187,0.17292219400405884,0.08762700557708741,0.47952537834644315,8464,-0.13482116162776947,-0.1764434576034546,0.1790475994348526,-0.4005858242511749,0.09540809243917464,8464,-0.0026247785426676273,-0.19404292106628418,0.36851736903190613,-0.4626252740621567,0.49932462275028205
1,Day 1,1,Tray 1,DJI_20260618123542_0001,20,2,10,8464,0.22684304416179657,0.15675558149814606,0.15180420875549316,0.1180795855820179,0.4673465877771378,8464,-0.12883085012435913,-0.1710422784090042,0.17289306223392487,-0.35884029567241665,0.12323064357042313,8464,0.028528675436973572,-0.19322142004966736,0.3927612006664276,-0.45524412095546724,0.6257789015769959
1,Day 1,1,Tray 1,DJI_20260618123542_0001,21,3,1,8464,0.258831650018692,0.15595854818820953,0.20738787949085236,0.03214215263724327,0.552784651517868,8464,-0.07568541914224625,-0.1703844666481018,0.2082362323999405,-0.3101903796195984,0.22448713183403013,8464,0.20776920020580292,0.40717029571533203,0.4032590389251709,-0.3253928482532501,0.6715823471546173
1,Day 1,1,Tray 1,DJI_20260618123542_0001,22,3,2,8464,0.2884083688259125,0.2646915912628174,0.21887457370758057,0.0898672506213189,0.537988132238388,8464,-0.054819557815790176,-0.10074321180582047,0.2173444926738739,-0.30902094841003414,0.22289218604564665,8464,0.2799864709377289,0.43410366773605347,0.369450181722641,-0.24322623461484907,0.6657761931419373
1,Day 1,1,Tray 1,DJI_20260618123542_0001,23,3,3,8464,0.2915167510509491,0.2394387125968933,0.17758828401565552,0.12105341628193855,0.5091015696525574,8464,-0.04637788608670235,-0.09743589907884598,0.17326433956623077,-0.2003745287656784,0.16870111227035517,8464,0.2834192216396332,0.40269920229911804,0.3179684281349182,-0.17268040776252747,0.6675744473934173
1,Day 1,1,Tray 1,DJI_20260618123542_0001,24,3,4,8464,0.34811490774154663,0.4213162660598755,0.19508574903011322,0.1005828641355038,0.5426621437072754,8464,-0.022846907377243042,0.029106950387358665,0.21136949956417084,-0.3475730836391449,0.21639811694622033,8464,0.2678872346878052,0.42735233902931213,0.3876688480377197,-0.4154856503009796,0.666114991903305
1,Day 1,1,Tray 1,DJI_20260618123542_0001,25,3,5,8464,0.33300086855888367,0.4240528345108032,0.21321894228458405,-0.003219508542679242,0.5232099413871765,8464,-0.04227593541145325,0.026178009808063507,0.22721317410469055,-0.4099847942590713,0.18887046277523037,8464,0.22949431836605072,0.4132132828235626,0.4143464267253876,-0.4799365758895874,0.656305342912674
1,Day 1,1,Tray 1,DJI_20260618123542_0001,26,3,6,8464,0.2934134602546692,0.3867999315261841,0.22154654562473297,-0.05718726254999633,0.5175345540046692,8464,-0.10527312755584717,-0.11103886365890503,0.2134958654642105,-0.40392757356166836,0.14648084938526154,8464,0.059923022985458374,0.07262437790632248,0.4028961658477783,-0.4568141996860504,0.5165417730808257
1,Day 1,1,Tray 1,DJI_20260618123542_0001,27,3,7,8464,0.27139392495155334,0.3575977683067322,0.21272428333759308,-0.0325729563832283,0.49325193762779235,8464,-0.12054616212844849,-0.16248421370983124,0.2077007293701172,-0.4338161498308182,0.12867191433906555,8464,0.025769807398319244,-0.1603272259235382,0.3899606764316559,-0.4754098355770111,0.4977482557296753
1,Day 1,1,Tray 1,DJI_20260618123542_0001,28,3,8,8464,0.24839496612548828,0.15990924835205078,0.19162189960479736,-0.005464480724185705,0.4815242886543274,8464,-0.14955337345600128,-0.1825007200241089,0.17675189673900604,-0.4121427834033966,0.08430476784706116,8464,-0.03838427737355232,-0.1809661090373993,0.3483940362930298,-0.4796747863292694,0.4383360236883163
1,Day 1,1,Tray 1,DJI_20260618123542_0001,29,3,9,8464,0.24965466558933258,0.15935829281806946,0.18147490918636322,0.058138306438922885,0.4854535162448883,8464,-0.11866933852434158,-0.17488384246826172,0.20571854710578918,-0.41145884096622465,0.14791571199893944,8464,0.05746382847428322,-0.10049311816692352,0.4190205931663513,-0.5038370013236999,0.6039729118347168
1,Day 1,1,Tray 1,DJI_20260618123542_0001,30,3,10,8464,0.22454550862312317,0.1559571772813797,0.1558409333229065,0.09669318050146103,0.4698342889547348,8464,-0.14688222110271454,-0.18246126174926758,0.16269613802433014,-0.341019743680954,0.11536475643515585,8464,-0.042555637657642365,-0.2031634896993637,0.35771673917770386,-0.42749361991882323,0.5372993350028992
1,Day 1,1,Tray 1,DJI_20260618123542_0001,31,4,1,8464,0.2663128077983856,0.20278248190879822,0.21998238563537598,0.003514910559169983,0.5550772309303283,8464,-0.0775202289223671,-0.1412881314754486,0.22135260701179504,-0.35096383690834043,0.24048202186822887,8464,0.18567363917827606,0.4049888849258423,0.4373500347137451,-0.4651162922382355,0.6738090276718139
1,Day 1,1,Tray 1,DJI_20260618123542_0001,32,4,2,8464,0.2940048277378082,0.25646281242370605,0.21553200483322144,0.08410410583019257,0.572237205505371,8464,-0.03167116641998291,-0.06118420884013176,0.2234291136264801,-0.26002277135848995,0.32316712737083436,8464,0.2558492124080658,0.3904341161251068,0.35839876532554626,-0.2058303952217102,0.6698457539081573
1,Day 1,1,Tray 1,DJI_20260618123542_0001,33,4,3,8464,0.36661019921302795,0.4237288236618042,0.1787279099225998,0.134577214717865,0.586168646812439,8464,0.031165095046162605,0.043927308171987534,0.177695170044899,-0.17975206673145294,0.28844404220581055,8464,0.29894575476646423,0.4298146963119507,0.3285675346851349,-0.17724490612745286,0.6492354869842528
1,Day 1,1,Tray 1,DJI_20260618123542_0001,34,4,4,8464,0.37364569306373596,0.4217618703842163,0.15945646166801453,0.14315089881420134,0.5291939377784729,8464,0.01776190847158432,0.024350648745894432,0.17255103588104248,-0.17217539101839066,0.2456950888037681,8464,0.27258795499801636,0.41418516635894775,0.36475276947021484,-0.3599607765674591,0.6572521090507507
1,Day 1,1,Tray 1,DJI_20260618123542_0001,35,4,5,8464,0.38173946738243103,0.4448932409286499,0.18272531032562256,0.0974211409687996,0.5532753109931946,8464,0.002720567863434553,0.04964476451277733,0.19889827072620392,-0.31501057744026184,0.22381980717182154,8464,0.1551562398672104,0.3771604895591736,0.41011354327201843,-0.4585151314735412,0.5844680070877075
1,Day 1,1,Tray 1,DJI_20260618123542_0001,36,4,6,8464,0.3053247332572937,0.39927470684051514,0.22058890759944916,-0.0703645072877407,0.5199568271636963,8464,-0.08577967435121536,-0.0494450181722641,0.21721388399600983,-0.417126652598381,0.16832482814788813,8464,0.09279786795377731,0.30534857511520386,0.4186864495277405,-0.4907844215631485,0.5350323498249054
1,Day 1,1,Tray 1,DJI_20260618123542_0001,37,4,7,8464,0.2816678285598755,0.34121790528297424,0.19898246228694916,0.016441989503800884,0.5039386510848999,8464,-0.11790649592876434,-0.174361914396286,0.18930096924304962,-0.37173962593078613,0.12775774896144865,8464,-0.0440986193716526,-0.1878172606229782,0.3752104341983795,-0.4842290639877319,0.473195880651474
1,Day 1,1,Tray 1,DJI_20260618123542_0001,38,4,8,8464,0.2572021484375,0.18384817242622375,0.17271366715431213,0.06366826742887498,0.4813539981842041,8464,-0.13154491782188416,-0.17897099256515503,0.17268653213977814,-0.34868505299091335,0.1026700809597969,8464,-0.013853215612471104,-0.19186176359653473,0.3913857042789459,-0.46857433021068573,0.4899524122476578
1,Day 1,1,Tray 1,DJI_20260618123542_0001,39,4,9,8464,0.25549614429473877,0.173213392496109,0.1855746954679489,0.0531202331185341,0.48989659249782563,8464,-0.10500387847423553,-0.17428095638751984,0.213797926902771,-0.377102792263031,0.18928544223308555,8464,0.040875714272260666,-0.16769853234291077,0.42033711075782776,-0.4735516309738159,0.6401183843612671
1,Day 1,1,Tray 1,DJI_20260618123542_0001,40,4,10,8464,0.2939533293247223,0.32894545793533325,0.17339441180229187,0.1161053813993931,0.4928827702999115,8464,-0.07288987189531326,-0.05005662515759468,0.20683397352695465,-0.3934328258037567,0.16723300069570537,8464,0.11457589268684387,0.2961416244506836,0.42143863439559937,-0.4935050427913666,0.6135521292686462
1,Day 1,1,Tray 1,DJI_20260618123542_0001,41,5,1,8464,0.2956506907939911,0.22278326749801636,0.22221572697162628,0.036335008591413524,0.616910672187805,8464,-0.021894775331020355,-0.09109175950288773,0.2436981350183487,-0.32152993381023404,0.37382960617542266,8464,0.1601303368806839,0.3463819622993469,0.4143587052822113,-0.375314861536026,0.6665304958820343
1,Day 1,1,Tray 1,DJI_20260618123542_0001,42,5,2,8464,0.34247076511383057,0.4166666567325592,0.21812355518341064,0.11283623650670052,0.6240642189979553,8464,0.03402760252356529,0.06217160075902939,0.23307231068611145,-0.21196899712085723,0.38208019435405727,8464,0.21304865181446075,0.3783891201019287,0.37388089299201965,-0.25671321153640747,0.6883438766002655
1,Day 1,1,Tray 1,DJI_20260618123542_0001,43,5,3,8464,0.36206191778182983,0.38796621561050415,0.17616382241249084,0.13637268543243408,0.615111243724823,8464,0.04374759644269943,0.035280052572488785,0.19265034794807434,-0.18215176463127136,0.3514939099550247,8464,0.2241745889186859,0.34357452392578125,0.34501782059669495,-0.1873006671667099,0.6593443751335144
1,Day 1,1,Tray 1,DJI_20260618123542_0001,44,5,4,8464,0.39998582005500793,0.4374603033065796,0.1671401709318161,0.14884352982044222,0.6208503246307373,8464,0.062287140637636185,0.059783004224300385,0.1932411789894104,-0.17085427045822144,0.3640207052230835,8464,0.15390555560588837,0.33184874057769775,0.39842933416366577,-0.4119013488292694,0.6512771070003509
1,Day 1,1,Tray 1,DJI_20260618123542_0001,45,5,5,8464,0.39090511202812195,0.44215643405914307,0.1826193928718567,0.12554859817028047,0.5595125675201416,8464,0.021543599665164948,0.051044780761003494,0.21647103130817413,-0.30361522436141963,0.34566909074783325,8464,0.12478392571210861,0.3541114032268524,0.4216891825199127,-0.4849703311920166,0.5841499149799346
1,Day 1,1,Tray 1,DJI_20260618123542_0001,46,5,6,8464,0.3741685748100281,0.44946932792663574,0.19197382032871246,0.10214681178331377,0.5378056287765502,8464,-0.01255768071860075,0.04767654091119766,0.1992148607969284,-0.33478260040283203,0.18580645620822905,8464,0.0580407939851284,0.188077911734581,0.3918754458427429,-0.4915316104888916,0.48711479604244234
1,Day 1,1,Tray 1,DJI_20260618123542_0001,47,5,7,8464,0.3231675922870636,0.4001256227493286,0.1955609917640686,0.10884558632969857,0.513264524936676,8464,-0.06230940297245979,-0.020965956151485443,0.19703014194965363,-0.29894575178623195,0.15382587760686872,8464,-0.012688348069787025,-0.17486730217933655,0.37973493337631226,-0.5025116384029389,0.4680885344743729
1,Day 1,1,Tray 1,DJI_20260618123542_0001,48,5,8,8464,0.2936543822288513,0.30160999298095703,0.1802886426448822,0.11381753534078598,0.5078651905059814,8464,-0.09126316010951996,-0.1574602574110031,0.17845454812049866,-0.3082066714763641,0.13290033191442488,8464,-0.037496019154787064,-0.1951504498720169,0.35952138900756836,-0.4643398135900497,0.4591818928718567
1,Day 1,1,Tray 1,DJI_20260618123542_0001,49,5,9,8464,0.2882676124572754,0.2593339681625366,0.18667976558208466,0.1100608199834824,0.5082172214984894,8464,-0.06640715897083282,-0.1338522881269455,0.2233584225177765,-0.3414273768663406,0.2350984916090964,8464,0.029002979397773743,-0.19850298762321472,0.4240766167640686,-0.48582467138767244,0.6588426172733307
1,Day 1,1,Tray 1,DJI_20260618123542_0001,50,5,10,8464,0.25624406337738037,0.1736665815114975,0.16807278990745544,0.11315304711461067,0.4847707629203796,8464,-0.0903305634856224,-0.1694328486919403,0.20773351192474365,-0.31270675063133235,0.19546381831169118,8464,-0.004269464872777462,-0.20314925909042358,0.4047279357910156,-0.4751917481422424,0.6128079056739807
1,Day 1,1,Tray 1,DJI_20260618123542_0001,51,6,1,8464,0.27259790897369385,0.1551722288131714,0.22217851877212524,0.06596683636307718,0.6337369441986084,8464,-0.03512813150882721,-0.16721117496490479,0.2496335804462433,-0.28534728586673735,0.3855133920907974,8464,0.06504866480827332,-0.17097608745098114,0.39636361598968506,-0.3791129618883133,0.6563461780548095
1,Day 1,1,Tray 1,DJI_20260618123542_0001,52,6,2,8464,0.30207759141921997,0.22960790991783142,0.20160426199436188,0.11750223264098168,0.5635354876518249,8464,-0.009934513829648495,0.00022451729455497116,0.20942755043506622,-0.2090368315577507,0.28450652360916134,8464,0.11519055813550949,0.03390742465853691,0.345265656709671,-0.22180612981319428,0.5774240493774414
1,Day 1,1,Tray 1,DJI_20260618123542_0001,53,6,3,8464,0.32606881856918335,0.26594650745391846,0.19276577234268188,0.12918974012136458,0.6203039824962616,8464,0.01816469244658947,-0.012753726914525032,0.21086502075195312,-0.19387754797935486,0.3654654502868652,8464,0.14187777042388916,0.03495340421795845,0.36508697271347046,-0.210643008351326,0.6527672410011292
1,Day 1,1,Tray 1,DJI_20260618123542_0001,54,6,4,8464,0.3441978394985199,0.39366215467453003,0.18947277963161469,0.12264640480279923,0.586729884147644,8464,0.016424980014562607,0.02584865316748619,0.20981454849243164,-0.2151829659938812,0.3306426465511322,8464,0.05759362503886223,-0.09632352739572525,0.36927708983421326,-0.38415017127990725,0.5351667284965514
1,Day 1,1,Tray 1,DJI_20260618123542_0001,55,6,5,8464,0.3709103465080261,0.4399264454841614,0.18078210949897766,0.1261145129799843,0.567773163318634,8464,0.015990452840924263,0.0445418506860733,0.19120734930038452,-0.20916039645671844,0.2837556630373001,8464,0.04252393916249275,-0.14792898297309875,0.38111522793769836,-0.4509442925453186,0.49705664217472073
1,Day 1,1,Tray 1,DJI_20260618123542_0001,56,6,6,8464,0.3112601935863495,0.37394851446151733,0.19762200117111206,0.0669613189995289,0.5474577963352203,8464,-0.06086757779121399,-0.07371396571397781,0.20483949780464172,-0.306986379623413,0.23417885452508924,8464,-0.018139513209462166,-0.1899745762348175,0.3887604773044586,-0.47249191999435425,0.5111206769943237
1,Day 1,1,Tray 1,DJI_20260618123542_0001,57,6,7,8464,0.3030397295951843,0.35275334119796753,0.18193945288658142,0.11549662798643112,0.5112628281116486,8464,-0.07434209436178207,-0.08689860999584198,0.172227144241333,-0.26138707995414734,0.14434225857257843,8464,-0.0646735206246376,-0.1919662356376648,0.3208242654800415,-0.4378511309623718,0.4393811911344528
1,Day 1,1,Tray 1,DJI_20260618123542_0001,58,6,8,8464,0.26730963587760925,0.16790826618671417,0.181944340467453,0.11421752125024795,0.5015832841396332,8464,-0.10151413083076477,-0.17819756269454956,0.18139155209064484,-0.2956106781959533,0.14559593796730042,8464,-0.07055085897445679,-0.20743034780025482,0.3522803783416748,-0.44928601384162903,0.46639053225517263
1,Day 1,1,Tray 1,DJI_20260618123542_0001,59,6,9,8464,0.283477246761322,0.19116121530532837,0.17033298313617706,0.1281934380531311,0.501583743095398,8464,-0.06995026767253876,-0.15867725014686584,0.19172462821006775,-0.2381502866744995,0.1887451499700546,8464,-0.03205510601401329,-0.2111615091562271,0.3752920627593994,-0.47592495381832123,0.5535674452781677
1,Day 1,1,Tray 1,DJI_20260618123542_0001,60,6,10,8464,0.24894273281097412,0.16912409663200378,0.15232166647911072,0.1276714622974396,0.48056720197200775,8464,-0.10016688704490662,-0.16764023900032043,0.1722666174173355,-0.23541367202997207,0.16218980997800825,8464,-0.08058519661426544,-0.20986609160900116,0.3246363699436188,-0.43335995078086853,0.5098039507865906
1,Day 1,1,Tray 1,DJI_20260618123542_0001,61,7,1,8464,0.2162339985370636,0.14338108897209167,0.18568292260169983,0.0921550713479519,0.5345950722694397,8464,-0.10153452306985855,-0.18654480576515198,0.20878440141677856,-0.252128991484642,0.2696543753147125,8464,-0.011676573194563389,-0.1945120096206665,0.35504552721977234,-0.30703532993793486,0.5723744869232178
1,Day 1,1,Tray 1,DJI_20260618123542_0001,62,7,2,8464,0.2752307951450348,0.1606401950120926,0.19647221267223358,0.11819579228758813,0.5701155245304107,8464,-0.04686443507671356,-0.16408567130565643,0.21802052855491638,-0.2146887242794037,0.2989568203687668,8464,0.12423328310251236,0.015875471755862236,0.36065950989723206,-0.2255317524075508,0.6359949648380279
1,Day 1,1,Tray 1,DJI_20260618123542_0001,63,7,3,8464,0.30819618701934814,0.23455119132995605,0.21459464728832245,0.11024007946252823,0.644094955921173,8464,-0.011670967563986778,-0.061977583914995193,0.2339407503604889,-0.24606686830520627,0.3835022449493408,8464,0.1071978211402893,-0.03731926530599594,0.36961260437965393,-0.28411625623703,0.6359244346618652
1,Day 1,1,Tray 1,DJI_20260618123542_0001,64,7,4,8464,0.28378826379776,0.23988959193229675,0.20852982997894287,0.028285856731235997,0.5659081995487213,8464,-0.05153442546725273,-0.08506719768047333,0.22619564831256866,-0.329294890165329,0.27923725247383113,8464,0.022111257538199425,-0.13272351026535034,0.37721607089042664,-0.41513344943523406,0.594805508852005
1,Day 1,1,Tray 1,DJI_20260618123542_0001,65,7,5,8464,0.27922844886779785,0.22595077753067017,0.22139306366443634,0.01063600126653912,0.5848665475845337,8464,-0.055672794580459595,-0.11721273511648178,0.24427781999111176,-0.3523778021335602,0.333127424120903,8464,0.0048282393254339695,-0.17189835011959076,0.39597785472869873,-0.5067133247852326,0.6008365750312805
1,Day 1,1,Tray 1,DJI_20260618123542_0001,66,7,6,8464,0.2707277834415436,0.2590315043926239,0.23290486633777618,-0.019273081608116534,0.542684668302536,8464,-0.08741538971662521,-0.15288633108139038,0.23625756800174713,-0.396810919046402,0.23336153924465178,8464,-0.05410374328494072,-0.20264317095279694,0.3736977279186249,-0.4766601353883743,0.5035132586956024
1,Day 1,1,Tray 1,DJI_20260618123542_0001,67,7,7,8464,0.25200146436691284,0.16441285610198975,0.2131933867931366,-0.004566209856420755,0.5257180988788605,8464,-0.11491824686527252,-0.18731872737407684,0.2123408019542694,-0.4088467419147491,0.1836462959647178,8464,-0.10270503163337708,-0.20939160883426666,0.33131423592567444,-0.4915316104888916,0.45481815934181213
1,Day 1,1,Tray 1,DJI_20260618123542_0001,68,7,8,8464,0.22231023013591766,0.15260204672813416,0.1998012363910675,0.0381903398782015,0.48547717928886414,8464,-0.1413254737854004,-0.19003890454769135,0.1998833268880844,-0.4249213933944702,0.12012600079178805,8464,-0.1454760730266571,-0.22056631743907928,0.29422810673713684,-0.5156558156013489,0.3776662349700928
1,Day 1,1,Tray 1,DJI_20260618123542_0001,69,7,9,8464,0.20274463295936584,0.14822827279567719,0.17377954721450806,0.08984673544764518,0.4688057392835617,8464,-0.16513986885547638,-0.192993625998497,0.15869295597076416,-0.3233248263597488,0.06836141645908354,8464,-0.15660710632801056,-0.22917604446411133,0.2944798469543457,-0.46973007321357724,0.4061230540275572
1,Day 1,1,Tray 1,DJI_20260618123542_0001,70,7,10,8464,0.22334806621074677,0.16962119936943054,0.17326471209526062,0.026162362098693867,0.47407258749008174,8464,-0.11717931181192398,-0.17214396595954895,0.18670344352722168,-0.334969812631607,0.16732254773378372,8464,-0.07452977448701859,-0.20292897522449493,0.3196137547492981,-0.40626299381256104,0.5101473748683929
1,Day 1,2,Tray 2,DJI_20260618123812_0002,1,1,1,8464,0.22173619270324707,0.1483910232782364,0.1873643696308136,0.09198255985975266,0.5044364154338836,8464,-0.10214850306510925,-0.1704053282737732,0.2007119208574295,-0.2769034534692764,0.1972652971744537,8464,0.047292519360780716,-0.1838681697845459,0.3843519985675812,-0.39733542501926417,0.634591269493103
1,Day 1,2,Tray 2,DJI_20260618123812_0002,2,1,2,8464,0.2791534960269928,0.18174028396606445,0.17464403808116913,0.11728716418147088,0.5147421002388001,8464,-0.04256400838494301,-0.11069975048303604,0.1794154793024063,-0.20501317232847213,0.2087914794683456,8464,0.1831003725528717,0.33838561177253723,0.3624553382396698,-0.21711993217468262,0.6386607885360718
1,Day 1,2,Tray 2,DJI_20260618123812_0002,3,1,3,8464,0.2815455198287964,0.20017139613628387,0.17872698605060577,0.11817469894886017,0.5255867958068847,8464,-0.0417543426156044,-0.11373865604400635,0.2058708369731903,-0.22839628159999847,0.27895994782447814,8464,0.12023936212062836,0.07425642013549805,0.364431768655777,-0.2958245664834976,0.6220116138458252
1,Day 1,2,Tray 2,DJI_20260618123812_0002,4,1,4,8464,0.32293418049812317,0.3844444453716278,0.17787711322307587,0.12477468699216843,0.517368620634079,8464,-0.012719023041427135,0.007655509281903505,0.20003968477249146,-0.2159468039870262,0.2720319062471389,8464,0.1998562514781952,0.3621385097503662,0.3708081543445587,-0.30732133984565735,0.6456965744495391
1,Day 1,2,Tray 2,DJI_20260618123812_0002,5,1,5,8464,0.3144809305667877,0.3782029151916504,0.17785242199897766,0.10822878777980804,0.5083861529827117,8464,-0.05072179436683655,-0.031216517090797424,0.2107546031475067,-0.3510138005018234,0.2143821656703949,8464,0.10897553712129593,0.26183828711509705,0.37706607580184937,-0.43260773122310636,0.5778092145919799
1,Day 1,2,Tray 2,DJI_20260618123812_0002,6,1,6,8464,0.275436669588089,0.28197193145751953,0.19203875958919525,0.052890861779451376,0.49268075227737423,8464,-0.08081888407468796,-0.0916568711400032,0.2227126508951187,-0.4144751071929932,0.1738755911588669,8464,0.03417666256427765,-0.1232781708240509,0.3885781764984131,-0.4767400026321411,0.5577691495418549
1,Day 1,2,Tray 2,DJI_20260618123812_0002,7,1,7,8464,0.23181074857711792,0.15140724182128906,0.17669206857681274,0.07123897001147275,0.4845360815525055,8464,-0.13162562251091003,-0.1730029582977295,0.17962484061717987,-0.37389253079891205,0.10788007751107215,8464,-0.04005572199821472,-0.18233001232147217,0.3399394154548645,-0.4338337898254394,0.48824510872364046
1,Day 1,2,Tray 2,DJI_20260618123812_0002,8,1,8,8464,0.21830984950065613,0.14675548672676086,0.16542218625545502,0.05683290436863901,0.47023309767246246,8464,-0.15106497704982758,-0.1822328269481659,0.16946299374103546,-0.3457337021827698,0.10324662178754805,8464,-0.15126577019691467,-0.19964845478534698,0.2648354470729828,-0.4554249614477157,0.3769979357719421
1,Day 1,2,Tray 2,DJI_20260618123812_0002,9,1,9,8464,0.20295381546020508,0.14828909933567047,0.1284804344177246,0.10646362751722335,0.42523904144763947,8464,-0.16029754281044006,-0.17697545886039734,0.13073161244392395,-0.316628560423851,0.03017543815076351,8464,-0.10649627447128296,-0.20299647748470306,0.2820316553115845,-0.397777909040451,0.399575811624527
1,Day 1,2,Tray 2,DJI_20260618123812_0002,10,1,10,8464,0.2104565054178238,0.1494653820991516,0.13007968664169312,0.12363882958889008,0.43972410559654235,8464,-0.14504583179950714,-0.17450660467147827,0.13655595481395721,-0.293920561671257,0.06879407837986945,8464,-0.07644542306661606,-0.21405276656150818,0.3312831223011017,-0.42188847064971924,0.4963468015193939
1,Day 1,2,Tray 2,DJI_20260618123812_0002,11,2,1,8464,0.2532215118408203,0.15415352582931519,0.2028048187494278,0.07551219165325167,0.5303647458553313,8464,-0.07939361780881882,-0.16743123531341553,0.21202653646469116,-0.315616250038147,0.22406941801309585,8464,0.13606514036655426,0.05840194597840309,0.4209541082382202,-0.4064454525709152,0.6661562263965607
1,Day 1,2,Tray 2,DJI_20260618123812_0002,12,2,2,8464,0.26777854561805725,0.1828138828277588,0.20222090184688568,0.08649011403322221,0.5195537686347962,8464,-0.05982103571295738,-0.14463002979755402,0.21918603777885437,-0.2871268063783646,0.24966185241937636,8464,0.18938031792640686,0.3719998598098755,0.3703545033931732,-0.2372018501162529,0.6451328277587891
1,Day 1,2,Tray 2,DJI_20260618123812_0002,13,2,3,8464,0.3126657009124756,0.3439590334892273,0.16783030331134796,0.13003468811511992,0.5068533897399902,8464,-0.025654638186097145,-0.03650659695267677,0.1791285127401352,-0.18477630019187927,0.19874631911516188,8464,0.2994072735309601,0.3870967626571655,0.3191564083099365,-0.17726130336523055,0.679634404182434
1,Day 1,2,Tray 2,DJI_20260618123812_0002,14,2,4,8464,0.2707579433917999,0.2079433798789978,0.18694423139095306,0.08504456654191017,0.5046923756599426,8464,-0.06576219201087952,-0.11297138035297394,0.1992785632610321,-0.2958596587181091,0.20509714782238003,8464,0.1354025900363922,0.07060399651527405,0.36421987414360046,-0.2744503259658813,0.6167651534080505
1,Day 1,2,Tray 2,DJI_20260618123812_0002,15,2,5,8464,0.27716583013534546,0.2809557318687439,0.1817079782485962,0.05734459161758426,0.49180765450000763,8464,-0.08711053431034088,-0.10892568528652191,0.17711718380451202,-0.3147905766963959,0.14129643142223358,8464,0.14004509150981903,0.22581453621387482,0.34481990337371826,-0.2719574421644211,0.5739154994487763
1,Day 1,2,Tray 2,DJI_20260618123812_0002,16,2,6,8464,0.30047905445098877,0.3979213833808899,0.21102741360664368,-0.012682460248470306,0.5152076542377472,8464,-0.08087427914142609,-0.045146431773900986,0.21861441433429718,-0.395713609457016,0.17276000529527663,8464,0.04542531073093414,-0.15789344906806946,0.3977161645889282,-0.4627412289381027,0.5139334857463836
1,Day 1,2,Tray 2,DJI_20260618123812_0002,17,2,7,8464,0.25137099623680115,0.20912888646125793,0.19614750146865845,0.01311994157731534,0.47905872166156765,8464,-0.12048086524009705,-0.16637775301933289,0.20578284561634064,-0.4347361922264099,0.12216955646872515,8464,-0.0008900755783542991,-0.1660296618938446,0.3666505515575409,-0.5115738034248352,0.4606774181127548
1,Day 1,2,Tray 2,DJI_20260618123812_0002,18,2,8,8464,0.23199047148227692,0.15507018566131592,0.1662188023328781,0.05026533715426922,0.47179530560970306,8464,-0.1474355310201645,-0.17348429560661316,0.15770240128040314,-0.37867228090763094,0.07917139530181885,8464,-0.061093639582395554,-0.1848958283662796,0.2999379634857178,-0.4360862672328949,0.4223053097724914
1,Day 1,2,Tray 2,DJI_20260618123812_0002,19,2,9,8464,0.20887316763401031,0.1481708586215973,0.14460253715515137,0.07448893487453462,0.4493482321500778,8464,-0.172308549284935,-0.1801614761352539,0.13105732202529907,-0.338739937543869,0.01294065173715353,8464,-0.1033935546875,-0.19701841473579407,0.2870488464832306,-0.40640870630741116,0.4105723530054092
1,Day 1,2,Tray 2,DJI_20260618123812_0002,20,2,10,8464,0.21583855152130127,0.1537039875984192,0.13493593037128448,0.11856344938278199,0.45098039507865906,8464,-0.13138166069984436,-0.17340445518493652,0.15923066437244415,-0.3015251815319061,0.12291302308440206,8464,-0.028393080458045006,-0.2064511775970459,0.3520701825618744,-0.3883099496364593,0.5565611600875854
1,Day 1,2,Tray 2,DJI_20260618123812_0002,21,3,1,8464,0.24823780357837677,0.1524227261543274,0.20365366339683533,0.02455515861511231,0.5177530646324158,8464,-0.08508621901273727,-0.16784507036209106,0.20624667406082153,-0.3312283277511597,0.194888174533844,8464,0.1747969686985016,0.3406316637992859,0.4064236581325531,-0.3591105341911316,0.6550884008407593
1,Day 1,2,Tray 2,DJI_20260618123812_0002,22,3,2,8464,0.2792315185070038,0.21830148994922638,0.19420543313026428,0.07264339029788972,0.5153136193752289,8464,-0.0628565326333046,-0.12639515101909637,0.19662129878997803,-0.2956319868564605,0.21224608272314072,8464,0.23805706202983856,0.38292965292930603,0.35130107402801514,-0.24923734366893768,0.6333839297294617
1,Day 1,2,Tray 2,DJI_20260618123812_0002,23,3,3,8464,0.33420929312705994,0.40701061487197876,0.2004355937242508,0.09067344963550568,0.5547148406505584,8464,-0.011600653640925884,0.01620674505829811,0.21826931834220886,-0.28577275574207306,0.2808847993612289,8464,0.31248247623443604,0.4227987825870514,0.32919225096702576,-0.21118012070655823,0.6774132490158081
1,Day 1,2,Tray 2,DJI_20260618123812_0002,24,3,4,8464,0.3835122287273407,0.44094812870025635,0.1701531559228897,0.14195533245801925,0.522612190246582,8464,0.019645966589450836,0.05316455662250519,0.18799962103366852,-0.172961089015007,0.20569892823696134,8464,0.41816073656082153,0.4455782175064087,0.23334279656410217,0.25748066902160643,0.6559766530990601
1,Day 1,2,Tray 2,DJI_20260618123812_0002,25,3,5,8464,0.3484189510345459,0.4272801876068115,0.19793665409088135,0.03327175900340081,0.5284558713436126,8464,-0.03332444652915001,0.024039214476943016,0.21877676248550415,-0.3946496695280075,0.20905922055244444,8464,0.215425044298172,0.40446749329566956,0.4049285650253296,-0.45613840520381926,0.620157903432846
1,Day 1,2,Tray 2,DJI_20260618123812_0002,26,3,6,8464,0.32405880093574524,0.4114728569984436,0.19961588084697723,-0.000627678062301127,0.5161321222782135,8464,-0.08420928567647934,-0.028915662318468094,0.20596063137054443,-0.3801819980144501,0.14853377789258956,8464,0.10033374279737473,0.3237657845020294,0.393836110830307,-0.45135672986507414,0.5119394183158874
1,Day 1,2,Tray 2,DJI_20260618123812_0002,27,3,7,8464,0.2704070806503296,0.3112432658672333,0.18687930703163147,0.011411420442163945,0.4861503571271896,8464,-0.12061341851949692,-0.1695134937763214,0.18437743186950684,-0.3636466234922409,0.1347953200340271,8464,-0.0247393436729908,-0.16983288526535034,0.34853923320770264,-0.4400506466627121,0.44319921433925624
1,Day 1,2,Tray 2,DJI_20260618123812_0002,28,3,8,8464,0.25420424342155457,0.20978179574012756,0.1863834112882614,0.04417508840560914,0.47913854122161864,8464,-0.13053975999355316,-0.16998691856861115,0.19469892978668213,-0.42115631103515627,0.11587876453995705,8464,0.015726363286376,-0.09194134175777435,0.38371607661247253,-0.5194805264472961,0.46585366129875183
1,Day 1,2,Tray 2,DJI_20260618123812_0002,29,3,9,8464,0.25673577189445496,0.20783460140228271,0.17454837262630463,0.0712200164794922,0.47172212302684785,8464,-0.10559795796871185,-0.14971299469470978,0.2065097838640213,-0.39375239610671997,0.14465535283088685,8464,0.056495293974876404,0.0032398062758147717,0.4025232493877411,-0.49487103521823883,0.5998446762561798
1,Day 1,2,Tray 2,DJI_20260618123812_0002,30,3,10,8464,0.2149503380060196,0.1577833592891693,0.13890542089939117,0.10643486455082894,0.44375194907188414,8464,-0.1458117812871933,-0.17356321215629578,0.16657695174217224,-0.34090391695499417,0.08031990081071852,8464,-0.0976589098572731,-0.20308983325958252,0.3347436189651489,-0.4623938113451004,0.5202381014823914
1,Day 1,2,Tray 2,DJI_20260618123812_0002,31,4,1,8464,0.2700274884700775,0.18328091502189636,0.22020332515239716,0.007081807125359774,0.5700350046157837,8464,-0.05403054133057594,-0.13059565424919128,0.21966640651226044,-0.3154488384723663,0.27289852499961853,8464,0.16415169835090637,0.38646620512008667,0.4116869270801544,-0.3695652186870575,0.6271976292133331
1,Day 1,2,Tray 2,DJI_20260618123812_0002,32,4,2,8464,0.3183506429195404,0.40816327929496765,0.21146120131015778,0.05198074020445353,0.5509715259075164,8464,-0.010879278182983398,0.044382885098457336,0.21113955974578857,-0.2883793175220489,0.2596123218536377,8464,0.24692724645137787,0.425059974193573,0.3806319534778595,-0.37865466773509976,0.6460488796234131
1,Day 1,2,Tray 2,DJI_20260618123812_0002,33,4,3,8464,0.36983662843704224,0.41402000188827515,0.1604001373052597,0.1309531718492508,0.5519109547138215,8464,0.034087225794792175,0.03603462129831314,0.16480593383312225,-0.17587940394878387,0.2674306571483612,8464,0.3644717335700989,0.4245256185531616,0.2605133652687073,-0.12322386130690574,0.6588828146457671
1,Day 1,2,Tray 2,DJI_20260618123812_0002,34,4,4,8464,0.3639546036720276,0.4321185052394867,0.17799682915210724,0.13829836547374727,0.5362133681774139,8464,0.010122807696461678,0.04660670459270477,0.18567366898059845,-0.24487350136041638,0.21386286169290541,8464,0.32452070713043213,0.44173142313957214,0.3184506297111511,-0.16120800375938416,0.6310000240802764
1,Day 1,2,Tray 2,DJI_20260618123812_0002,35,4,5,8464,0.36452704668045044,0.456259161233902,0.2127130627632141,0.005319148767739534,0.5468505024909973,8464,-0.02184918150305748,0.052421629428863525,0.2288013994693756,-0.38685661256313325,0.20691058784723276,8464,0.20722968876361847,0.43133804202079773,0.428096741437912,-0.47461289167404175,0.6247441351413726
1,Day 1,2,Tray 2,DJI_20260618123812_0002,36,4,6,8464,0.36245909333229065,0.4450450539588928,0.199726864695549,0.07192862331867221,0.5375505208969116,8464,-0.01031304057687521,0.06415509432554245,0.2227710783481598,-0.4142715632915497,0.22143778800964353,8464,0.08194871991872787,0.30541399121284485,0.41769301891326904,-0.498079389333725,0.521650493144989
1,Day 1,2,Tray 2,DJI_20260618123812_0002,37,4,7,8464,0.33599206805229187,0.4189682900905609,0.17727217078208923,0.10730696916580201,0.49736101627349855,8464,-0.06586243212223053,-0.006508004851639271,0.18318583071231842,-0.3751927614212036,0.135203018784523,8464,0.038492828607559204,0.15771007537841797,0.3827461004257202,-0.48288974165916443,0.4595186114311218
1,Day 1,2,Tray 2,DJI_20260618123812_0002,38,4,8,8464,0.2906618118286133,0.27739691734313965,0.17003720998764038,0.11707860231399536,0.49609928131103515,8464,-0.07663697004318237,-0.11458612233400345,0.18053704500198364,-0.2905887573957443,0.1426022708415985,8464,0.01167158130556345,-0.17782412469387054,0.3956819474697113,-0.4444722980260849,0.5991534888744354
1,Day 1,2,Tray 2,DJI_20260618123812_0002,39,4,9,8464,0.27550774812698364,0.2414836883544922,0.16986976563930511,0.116793442517519,0.4859813153743744,8464,-0.0976814478635788,-0.1196054145693779,0.18642757833003998,-0.35572208762168883,0.1342134177684784,8464,0.01403880026191473,-0.06465966999530792,0.3952524662017822,-0.525278639793396,0.545634752511978
1,Day 1,2,Tray 2,DJI_20260618123812_0002,40,4,10,8464,0.26739731431007385,0.19826839864253998,0.16393150389194489,0.11663860306143761,0.48106274008750916,8464,-0.07505283504724503,-0.14175716042518616,0.20635010302066803,-0.3315059661865234,0.2081795871257782,8464,0.03214283660054207,-0.07366955280303955,0.4014740288257599,-0.4914577305316925,0.556092894077301
1,Day 1,2,Tray 2,DJI_20260618123812_0002,41,5,1,8464,0.28276562690734863,0.21784420311450958,0.21744965016841888,0.009663687087595466,0.5804354906082153,8464,-0.035247210413217545,-0.083623506128788,0.24153517186641693,-0.3469590306282043,0.33410794436931607,8464,0.1300191432237625,0.20169775187969208,0.41203728318214417,-0.4044999212026596,0.6609655737876892
1,Day 1,2,Tray 2,DJI_20260618123812_0002,42,5,2,8464,0.30655303597450256,0.32321760058403015,0.22765427827835083,0.09830009266734124,0.6092684864997864,8464,0.005689732264727354,-0.020034026354551315,0.24927587807178497,-0.21867886781692503,0.36365206539630884,8464,0.20617537200450897,0.32652559876441956,0.37217065691947937,-0.21991184651851653,0.6706922054290771
1,Day 1,2,Tray 2,DJI_20260618123812_0002,43,5,3,8464,0.37171483039855957,0.41888880729675293,0.1673673391342163,0.13520852327346802,0.5841643631458282,8464,0.06276777386665344,0.06672544777393341,0.16769175231456757,-0.16966581344604492,0.3148204982280731,8464,0.2621191740036011,0.393158495426178,0.3273950517177582,-0.1783664062619209,0.6326332032680511
1,Day 1,2,Tray 2,DJI_20260618123812_0002,44,5,4,8464,0.4328736364841461,0.47048795223236084,0.1519748568534851,0.17257409393787385,0.6029456615447998,8464,0.10443449765443802,0.11143316328525543,0.17700394988059998,-0.1363702803850174,0.3564124405384063,8464,0.2335115522146225,0.39635536074638367,0.3677630126476288,-0.34471752047538756,0.6570294499397278
1,Day 1,2,Tray 2,DJI_20260618123812_0002,45,5,5,8464,0.42482271790504456,0.463925302028656,0.15598925948143005,0.17937447726726533,0.5821341037750244,8464,0.08078975975513458,0.09791228175163269,0.19406121969223022,-0.16081498861312865,0.35030411183834076,8464,0.14466799795627594,0.314052551984787,0.3960588872432709,-0.4626828372478485,0.5820826053619385
1,Day 1,2,Tray 2,DJI_20260618123812_0002,46,5,6,8464,0.3998250961303711,0.4599454700946808,0.17586562037467957,0.15579740405082704,0.5456692278385162,8464,0.022922182455658913,0.07073482871055603,0.19776670634746552,-0.287463417649269,0.218341127038002,8464,0.07489178329706192,0.2661058008670807,0.3887316584587097,-0.47141604125499725,0.49209273755550387
1,Day 1,2,Tray 2,DJI_20260618123812_0002,47,5,7,8464,0.32637476921081543,0.4054054021835327,0.18473301827907562,0.11694580987095833,0.5248156607151031,8464,-0.055938106030225754,-0.08819274604320526,0.1818770468235016,-0.2853309363126755,0.16779127717018127,8464,-0.040042124688625336,-0.1731467992067337,0.365274578332901,-0.4584097385406494,0.4777442336082458
1,Day 1,2,Tray 2,DJI_20260618123812_0002,48,5,8,8464,0.28691935539245605,0.21486781537532806,0.17920920252799988,0.11358692646026611,0.507276999950409,8464,-0.08608804643154144,-0.15439729392528534,0.17800423502922058,-0.29674092829227444,0.14269997179508206,8464,-0.022555716335773468,-0.18523013591766357,0.37506455183029175,-0.4508414566516876,0.49548593163490295
1,Day 1,2,Tray 2,DJI_20260618123812_0002,49,5,9,8464,0.30968567728996277,0.3360934555530548,0.17168165743350983,0.12707659602165222,0.5071446835994721,8464,-0.03217119351029396,-0.01014629751443863,0.19685359299182892,-0.22237963527441024,0.21022825092077255,8464,0.06511503458023071,-0.04368463158607483,0.3973066210746765,-0.4751442402601242,0.5911602139472961
1,Day 1,2,Tray 2,DJI_20260618123812_0002,50,5,10,8464,0.2713220417499542,0.1771019697189331,0.15589480102062225,0.1298469454050064,0.49627625942230225,8464,-0.05908692255616188,-0.16137665510177612,0.19318249821662903,-0.24557189047336578,0.23346179872751233,8464,-0.01388934999704361,-0.2144552618265152,0.3835141956806183,-0.41947701573371887,0.5719309389591217
1,Day 1,2,Tray 2,DJI_20260618123812_0002,51,6,1,8464,0.24476704001426697,0.14922145009040833,0.20656387507915497,0.04156942144036296,0.5733353853225707,8464,-0.06643109768629074,-0.16947343945503235,0.2274031788110733,-0.30447031259536744,0.32397679984569544,8464,0.058228056877851486,-0.1646908074617386,0.3852330446243286,-0.40393585860729214,0.6275717556476593
1,Day 1,2,Tray 2,DJI_20260618123812_0002,52,6,2,8464,0.25733429193496704,0.16074058413505554,0.20271718502044678,0.1049313932657242,0.5641173124313354,8464,-0.03873662278056145,-0.1120748519897461,0.22603721916675568,-0.21647338569164276,0.33730415999889374,8464,0.06664365530014038,-0.11508205533027649,0.34078824520111084,-0.21965748071670532,0.5987279415130615
1,Day 1,2,Tray 2,DJI_20260618123812_0002,53,6,3,8464,0.334013968706131,0.3753039240837097,0.18876685202121735,0.1266286239027977,0.5770322620868683,8464,0.028563058003783226,0.03331422805786133,0.20193177461624146,-0.18405554443597794,0.3259435296058655,8464,0.16983269155025482,0.25009891390800476,0.33430057764053345,-0.20526242852210996,0.6004903376102447
1,Day 1,2,Tray 2,DJI_20260618123812_0002,54,6,4,8464,0.3742770552635193,0.4260815382003784,0.1900288462638855,0.14893779307603836,0.605138486623764,8464,0.05808090791106224,0.06456407904624939,0.20419779419898987,-0.1685159295797348,0.3665534883737563,8464,0.17025890946388245,0.29969704151153564,0.3584287762641907,-0.32672451734542846,0.643572300672531
1,Day 1,2,Tray 2,DJI_20260618123812_0002,55,6,5,8464,0.3644200563430786,0.4115188419818878,0.18763267993927002,0.13260234445333483,0.5912172377109527,8464,0.03509773313999176,0.04669603705406189,0.2142229527235031,-0.24118971973657607,0.33729615211486813,8464,0.12019076943397522,0.2658398747444153,0.4069792628288269,-0.49479833245277405,0.6157102048397064
1,Day 1,2,Tray 2,DJI_20260618123812_0002,56,6,6,8464,0.33751991391181946,0.4030942916870117,0.20914798974990845,0.09662478044629098,0.5607905805110931,8464,-0.004937751684337854,0.02171221561729908,0.2263452261686325,-0.3275538325309753,0.2760144412517548,8464,0.0163174569606781,-0.14449413120746613,0.3748142719268799,-0.4754098355770111,0.508766359090805
1,Day 1,2,Tray 2,DJI_20260618123812_0002,57,6,7,8464,0.3129497170448303,0.3565073609352112,0.1857513189315796,0.12087026238441467,0.5271498322486877,8464,-0.06503166258335114,-0.1295638382434845,0.18346472084522247,-0.2844484806060791,0.1548824906349182,8464,-0.04210064187645912,-0.17234468460083008,0.36130186915397644,-0.48066459298133846,0.47339683771133423
1,Day 1,2,Tray 2,DJI_20260618123812_0002,58,6,8,8464,0.2799856662750244,0.1779070943593979,0.1814551204442978,0.11642511934041977,0.5147133946418762,8464,-0.09005114436149597,-0.16731172800064087,0.17103354632854462,-0.26801352202892303,0.14066950678825377,8464,-0.06530185043811798,-0.19701841473579407,0.32578355073928833,-0.43603468537330625,0.4556761860847473
1,Day 1,2,Tray 2,DJI_20260618123812_0002,59,6,9,8464,0.24060623347759247,0.1531980335712433,0.17119204998016357,0.11180361509323121,0.4906323075294495,8464,-0.1142135038971901,-0.17998246848583221,0.18226416409015656,-0.29184550046920776,0.14334359318017958,8464,-0.08352697640657425,-0.21414276957511902,0.35822877287864685,-0.47192264795303346,0.5495836734771729
1,Day 1,2,Tray 2,DJI_20260618123812_0002,60,6,10,8464,0.24732249975204468,0.1572699248790741,0.16817305982112885,0.12489597126841545,0.49757747948169706,8464,-0.08077535033226013,-0.1728217452764511,0.18754081428050995,-0.21204912513494492,0.209759284555912,8464,-0.013056352734565735,-0.22220563888549805,0.3871305584907532,-0.3897644877433777,0.6050832808017731
1,Day 1,2,Tray 2,DJI_20260618123812_0002,61,7,1,8464,0.20513923466205597,0.13848842680454254,0.19361552596092224,0.051854515448212624,0.5072341203689574,8464,-0.10904055833816528,-0.18268659710884094,0.20304638147354126,-0.2937645375728607,0.20765833854675292,8464,-0.02294745296239853,-0.1957949995994568,0.3377108573913574,-0.40721648931503296,0.5368374407291411
1,Day 1,2,Tray 2,DJI_20260618123812_0002,62,7,2,8464,0.266628623008728,0.15544860064983368,0.20096823573112488,0.10893112421035767,0.5775343060493469,8464,-0.040789175778627396,-0.16188031435012817,0.2242761254310608,-0.21464020013809204,0.34305340051650995,8464,0.10599710792303085,-0.03125778213143349,0.34895944595336914,-0.21978464275598525,0.6066758036613464
1,Day 1,2,Tray 2,DJI_20260618123812_0002,63,7,3,8464,0.29347285628318787,0.18807414174079895,0.20543870329856873,0.11262015402317047,0.5928638696670532,8464,-0.022942913696169853,-0.11732283234596252,0.21733753383159637,-0.21014565527439116,0.33776554465293884,8464,0.1405700445175171,0.11566264927387238,0.3374032974243164,-0.2033499926328659,0.5915037751197815
1,Day 1,2,Tray 2,DJI_20260618123812_0002,64,7,4,8464,0.30713674426078796,0.2767796218395233,0.21799255907535553,0.04606590159237388,0.5933964610099792,8464,-0.01404363103210926,-0.027659794315695763,0.2274179458618164,-0.2887659907341003,0.3377383977174759,8464,0.07206445932388306,-0.07461754232645035,0.37182244658470154,-0.38809618055820466,0.5808675110340118
1,Day 1,2,Tray 2,DJI_20260618123812_0002,65,7,5,8464,0.2909031808376312,0.24302887916564941,0.22729194164276123,0.0023530993610620613,0.5811238110065459,8464,-0.05326645448803902,-0.1252472996711731,0.2405247837305069,-0.3518941879272461,0.35269740223884577,8464,-0.002691542962566018,-0.16252660751342773,0.37814345955848694,-0.43631536364555357,0.5392503798007965
1,Day 1,2,Tray 2,DJI_20260618123812_0002,66,7,6,8464,0.2989964187145233,0.34078434109687805,0.21603550016880035,-0.011486250907182693,0.5358744263648987,8464,-0.06814996153116226,-0.09379172325134277,0.21760107576847076,-0.3625901162624359,0.20205262899398801,8464,-0.028607793152332306,-0.16833095252513885,0.34389528632164,-0.436331644654274,0.4554813265800476
1,Day 1,2,Tray 2,DJI_20260618123812_0002,67,7,7,8464,0.2612250745296478,0.17351190745830536,0.21641689538955688,-0.007211239961907261,0.511229932308197,8464,-0.11091363430023193,-0.17284917831420898,0.21110431849956512,-0.42243416607379913,0.14409479200839997,8464,-0.07796064764261246,-0.19023397564888,0.3313712179660797,-0.4783674657344818,0.44158871173858644
1,Day 1,2,Tray 2,DJI_20260618123812_0002,68,7,8,8464,0.23530837893486023,0.14883774518966675,0.18691372871398926,0.08209121227264404,0.4936880707740784,8464,-0.13365431129932404,-0.18579235672950745,0.17380811274051666,-0.3693953424692154,0.11403292790055275,8464,-0.10440588742494583,-0.20858851075172424,0.32488885521888733,-0.46512897610664367,0.42889938950538636
1,Day 1,2,Tray 2,DJI_20260618123812_0002,69,7,9,8464,0.22438962757587433,0.15318182110786438,0.1932373344898224,0.10300616472959519,0.49851973652839654,8464,-0.12013263255357742,-0.1806439757347107,0.20301346480846405,-0.30059969723224633,0.19737837463617317,8464,-0.1138349324464798,-0.22111226618289948,0.32202139496803284,-0.4930167645215988,0.44026933908462523
1,Day 1,2,Tray 2,DJI_20260618123812_0002,70,7,10,8464,0.18950048089027405,0.14551007747650146,0.16249167919158936,0.09272944182157516,0.44046297669410706,8464,-0.15013298392295837,-0.18550917506217957,0.16142866015434265,-0.23960558921098707,0.0502533424645662,8464,-0.1268240362405777,-0.23187053203582764,0.31130778789520264,-0.444824343919754,0.49054961800575253
1,Day 1,3,Tray 3,DJI_20260618124121_0003,1,1,1,8464,0.26852861046791077,0.17341026663780212,0.18623927235603333,0.11822931841015816,0.5468194425106048,8464,-0.06017119064927101,-0.1533251255750656,0.202971413731575,-0.22135483175516127,0.23749999701976776,8464,0.09929950535297394,-0.1125071570277214,0.37244850397109985,-0.2529371440410614,0.676799464225769
1,Day 1,3,Tray 3,DJI_20260618124121_0003,2,1,2,8464,0.2795724868774414,0.19100907444953918,0.18256957828998566,0.12725165337324143,0.5331799685955048,8464,-0.05739935487508774,-0.13195586204528809,0.19992825388908386,-0.21038689315319062,0.21348509937524796,8464,0.12205557525157928,-0.0727897435426712,0.374616414308548,-0.23480179458856582,0.7089083790779114
1,Day 1,3,Tray 3,DJI_20260618124121_0003,3,1,3,8464,0.3112998902797699,0.25439298152923584,0.2151196300983429,0.11382114142179489,0.5945460736751557,8464,-0.02721404656767845,-0.10697351396083832,0.24004553258419037,-0.31161215007305143,0.31864316463470455,8464,0.1611218899488449,0.15866045653820038,0.4081471562385559,-0.3816481351852417,0.7059776067733764
1,Day 1,3,Tray 3,DJI_20260618124121_0003,4,1,4,8464,0.31989586353302,0.3269559144973755,0.20419082045555115,0.11392799168825149,0.5678054988384247,8464,-0.0278452318161726,-0.04717676341533661,0.22131453454494476,-0.3019789278507232,0.26088295578956605,8464,0.16917312145233154,0.2806459367275238,0.39545178413391113,-0.3597652822732924,0.6377659440040588
1,Day 1,3,Tray 3,DJI_20260618124121_0003,5,1,5,8464,0.26181384921073914,0.20173229277133942,0.2139054536819458,0.0263899564743042,0.5535532474517822,8464,-0.08186255395412445,-0.13844870030879974,0.2378850132226944,-0.3659611940383911,0.26900621950626374,8464,0.018966611474752426,-0.1390051543712616,0.38259539008140564,-0.4171339750289917,0.5976619720458984
1,Day 1,3,Tray 3,DJI_20260618124121_0003,6,1,6,8464,0.27655377984046936,0.23171310126781464,0.22894471883773804,0.029749062471091815,0.5493130207061767,8464,-0.08266102522611618,-0.13299012184143066,0.24872009456157684,-0.4570361077785492,0.24193307906389233,8464,0.02764962613582611,-0.13718411326408386,0.3861706554889679,-0.4803878486156463,0.5422987103462219
1,Day 1,3,Tray 3,DJI_20260618124121_0003,7,1,7,8464,0.21926626563072205,0.16369736194610596,0.18791592121124268,0.038766168430447584,0.48822472691535945,8464,-0.13486407697200775,-0.14082741737365723,0.18473809957504272,-0.3900378406047821,0.1058751054108142,8464,-0.05239272117614746,-0.13924050331115723,0.30649903416633606,-0.42503133118152614,0.4519057035446167
1,Day 1,3,Tray 3,DJI_20260618124121_0003,8,1,8,8464,0.21789753437042236,0.17209121584892273,0.1628878116607666,0.075504831969738,0.48380974531173704,8464,-0.16079068183898926,-0.15825201570987701,0.15259164571762085,-0.3847838044166565,0.04156142733991146,8464,-0.08664743602275848,-0.15531104803085327,0.2748277485370636,-0.3987327665090561,0.39696098268032076
1,Day 1,3,Tray 3,DJI_20260618124121_0003,9,1,9,8464,0.21518969535827637,0.16687852144241333,0.1464037299156189,0.10833866894245149,0.45632469356060024,8464,-0.1452317088842392,-0.16451150178909302,0.17452779412269592,-0.3902768909931183,0.10192417353391647,8464,-0.031306181102991104,-0.16451016068458557,0.34495672583580017,-0.4199933707714081,0.5623959362506866
1,Day 1,3,Tray 3,DJI_20260618124121_0003,10,1,10,8464,0.20050235092639923,0.16355827450752258,0.1276976615190506,0.11333788782358171,0.4290398299694061,8464,-0.14971274137496948,-0.16949768364429474,0.15294373035430908,-0.30265522599220274,0.07827063277363773,8464,-0.02908783033490181,-0.1685768961906433,0.33768442273139954,-0.33040934801101685,0.5667489945888519
1,Day 1,3,Tray 3,DJI_20260618124121_0003,11,2,1,8464,0.2742755115032196,0.20465251803398132,0.1982843428850174,0.06219353638589383,0.5395001471042633,8464,-0.07662361115217209,-0.15017470717430115,0.2194296419620514,-0.3582316428422928,0.24042924493551251,8464,0.16019390523433685,0.24492685496807098,0.41490450501441956,-0.4288197964429855,0.6682555377483368
1,Day 1,3,Tray 3,DJI_20260618124121_0003,12,2,2,8464,0.2676801383495331,0.20256902277469635,0.1561189591884613,0.12148993313312531,0.49208222627639764,8464,-0.06957381218671799,-0.1251949816942215,0.15721476078033447,-0.22504982948303223,0.15990482717752455,8464,0.19026654958724976,0.2526780068874359,0.312383770942688,-0.17823920994997025,0.5933907568454743
1,Day 1,3,Tray 3,DJI_20260618124121_0003,13,2,3,8464,0.3173646628856659,0.2844680845737457,0.18460839986801147,0.11989859268069267,0.5550863027572631,8464,-0.04066631197929382,-0.09997443854808807,0.17929482460021973,-0.23339836448431014,0.21135513335466383,8464,0.2564293146133423,0.37771427631378174,0.3566126525402069,-0.17642506062984464,0.6739569067955017
1,Day 1,3,Tray 3,DJI_20260618124121_0003,14,2,4,8464,0.35107526183128357,0.4201306700706482,0.20325367152690887,0.10218097865581514,0.5648984551429749,8464,-0.017058901488780975,0.011429037898778915,0.23462344706058502,-0.3634093701839447,0.2797311156988143,8464,0.23555195331573486,0.4319066107273102,0.40490448474884033,-0.4033248960971832,0.7000714659690856
1,Day 1,3,Tray 3,DJI_20260618124121_0003,15,2,5,8464,0.2585535943508148,0.20664933323860168,0.20972482860088348,-0.003879067115485662,0.5290460407733917,8464,-0.10956215113401413,-0.13137173652648926,0.21044772863388062,-0.38035895228385924,0.1788153156638145,8464,0.06701689213514328,-0.10930515825748444,0.39338037371635437,-0.43006810545921326,0.629632943868637
1,Day 1,3,Tray 3,DJI_20260618124121_0003,16,2,6,8464,0.24618946015834808,0.1935071349143982,0.2059549242258072,-0.02702864427119493,0.5185407161712646,8464,-0.12661579251289368,-0.14178168773651123,0.19868040084838867,-0.38100385665893555,0.15509462356567383,8464,0.000665822415612638,-0.13718411326408386,0.36894604563713074,-0.4451379179954529,0.5153689980506897
1,Day 1,3,Tray 3,DJI_20260618124121_0003,17,2,7,8464,0.2371341735124588,0.16707992553710938,0.19351115822792053,0.014813099801540384,0.5053742051124572,8464,-0.14163093268871307,-0.14839908480644226,0.19614006578922272,-0.4057361841201782,0.12171629071235657,8464,-0.042975716292858124,-0.14561477303504944,0.32723429799079895,-0.42641088664531707,0.48019890785217284
1,Day 1,3,Tray 3,DJI_20260618124121_0003,18,2,8,8464,0.24605663120746613,0.17954567074775696,0.19327540695667267,0.0559440553188324,0.5070784866809844,8464,-0.13750284910202026,-0.1603853851556778,0.19228243827819824,-0.4016875118017197,0.14026816636323927,8464,-0.04138070344924927,-0.15907160937786102,0.3335834741592407,-0.4360862672328949,0.4730379909276962
1,Day 1,3,Tray 3,DJI_20260618124121_0003,19,2,9,8464,0.2545167803764343,0.2051229029893875,0.17130471765995026,0.0892857164144516,0.49099843502044677,8464,-0.123818539083004,-0.15254220366477966,0.20729120075702667,-0.4324787795543671,0.15313081443309784,8464,0.01821005716919899,-0.13317112624645233,0.3902527093887329,-0.4870092093944549,0.5504796028137207
1,Day 1,3,Tray 3,DJI_20260618124121_0003,20,2,10,8464,0.22717683017253876,0.16432234644889832,0.15883468091487885,0.11660454496741296,0.4882185637950897,8464,-0.12962590157985687,-0.1726035326719284,0.1831134408712387,-0.31805250644683836,0.15462837666273113,8464,0.030522193759679794,-0.1651707887649536,0.3899528384208679,-0.419164776802063,0.6218041777610779
1,Day 1,3,Tray 3,DJI_20260618124121_0003,21,3,1,8464,0.25224414467811584,0.1779518723487854,0.2225123792886734,0.027990072406828416,0.5477154970169067,8464,-0.08152927458286285,-0.15494176745414734,0.23969440162181854,-0.3664727509021759,0.26539055705070497,8464,0.18320855498313904,0.21134020388126373,0.41246098279953003,-0.3782542169094086,0.7048051118850708
1,Day 1,3,Tray 3,DJI_20260618124121_0003,22,3,2,8464,0.3214406371116638,0.3144609332084656,0.18817178905010223,0.12420460879802704,0.5543557822704315,8464,-0.016864633187651634,-0.045915428549051285,0.19327044486999512,-0.19075313210487366,0.23105022311210632,8464,0.34057536721229553,0.4630250930786133,0.3254738450050354,-0.16595248281955718,0.6844857931137085
1,Day 1,3,Tray 3,DJI_20260618124121_0003,23,3,3,8464,0.3166370093822479,0.34307563304901123,0.203045055270195,0.10191641300916672,0.5517027974128723,8464,-0.022953610867261887,-0.04547804966568947,0.22803343832492828,-0.2894847273826599,0.2639919608831406,8464,0.25905129313468933,0.4186652898788452,0.3906184732913971,-0.33530160486698146,0.68820920586586
1,Day 1,3,Tray 3,DJI_20260618124121_0003,24,3,4,8464,0.3161325454711914,0.37199997901916504,0.21711091697216034,0.03436747118830681,0.5502369344234467,8464,-0.03662844002246857,-0.00683959573507309,0.24434761703014374,-0.37626051604747773,0.24849048256874084,8464,0.2347220778465271,0.3914421796798706,0.39843472838401794,-0.37876225113868706,0.6669850409030914
1,Day 1,3,Tray 3,DJI_20260618124121_0003,25,3,5,8464,0.3246611952781677,0.4079548120498657,0.24367403984069824,-0.04522654563188552,0.5723336815834045,8464,-0.05318121239542961,-0.008490084670484066,0.2648800015449524,-0.4163167059421539,0.28045912086963654,8464,0.14297829568386078,0.3144538104534149,0.4259794056415558,-0.44942296147346494,0.6439548850059509
1,Day 1,3,Tray 3,DJI_20260618124121_0003,26,3,6,8464,0.3293050527572632,0.436860054731369,0.24386152625083923,-0.034763313829898834,0.5499629557132721,8464,-0.06591295450925827,-0.01434535626322031,0.25146254897117615,-0.4264290362596512,0.2114059790968895,8464,0.090734101831913,0.20910370349884033,0.4328885078430176,-0.5314136147499084,0.5669801652431488
1,Day 1,3,Tray 3,DJI_20260618124121_0003,27,3,7,8464,0.3024444282054901,0.36069607734680176,0.2017439752817154,0.015714285895228386,0.5287253379821777,8464,-0.10763659328222275,-0.13218435645103455,0.20503826439380646,-0.39592799842357634,0.15999681353569026,8464,0.047899357974529266,0.014014586806297302,0.36467134952545166,-0.427200585603714,0.5015785276889801
1,Day 1,3,Tray 3,DJI_20260618124121_0003,28,3,8,8464,0.2824017107486725,0.3089929223060608,0.18947996199131012,0.05991440638899803,0.5027742981910706,8464,-0.11598328500986099,-0.1376243531703949,0.20111744105815887,-0.4327617585659027,0.13535912334918976,8464,0.06093784049153328,0.0996885746717453,0.4004872739315033,-0.4915023475885391,0.5176094174385071
1,Day 1,3,Tray 3,DJI_20260618124121_0003,29,3,9,8464,0.2738344669342041,0.2472972273826599,0.1818571388721466,0.05967417657375337,0.506508868932724,8464,-0.10644864290952682,-0.15891033411026,0.19903673231601715,-0.3401233822107315,0.17557188719511027,8464,0.13078652322292328,0.14254222810268402,0.384338915348053,-0.37393054366111755,0.6340967297554017
1,Day 1,3,Tray 3,DJI_20260618124121_0003,30,3,10,8464,0.28305378556251526,0.19562584161758423,0.20229515433311462,0.0989597424864769,0.5371514916419983,8464,-0.0770561620593071,-0.14882391691207886,0.24604664742946625,-0.4446937799453735,0.24408781230449675,8464,0.10484033077955246,0.19674421846866608,0.45095422863960266,-0.5319118976593017,0.677642285823822
1,Day 1,3,Tray 3,DJI_20260618124121_0003,31,4,1,8464,0.2851406931877136,0.25889188051223755,0.23673143982887268,-0.03034825809299946,0.5879689216613769,8464,-0.032805293798446655,-0.0731135830283165,0.2587045133113861,-0.40164158344268797,0.30496662259101864,8464,0.22646485269069672,0.3819374442100525,0.41925927996635437,-0.4328201413154602,0.6948568642139434
1,Day 1,3,Tray 3,DJI_20260618124121_0003,32,4,2,8464,0.3415459990501404,0.39222604036331177,0.1962803602218628,0.11341348290443422,0.5690721869468689,8464,0.00923175923526287,0.019722595810890198,0.196015402674675,-0.19892753511667252,0.2575513541698456,8464,0.32876867055892944,0.44928205013275146,0.3182976543903351,-0.18049529641866682,0.6582012236118316
1,Day 1,3,Tray 3,DJI_20260618124121_0003,33,4,3,8464,0.36153000593185425,0.37884533405303955,0.1967259794473648,0.13344952911138536,0.5916268408298492,8464,0.042686209082603455,0.030352383852005005,0.22815313935279846,-0.18459669798612593,0.33574354946613305,8464,0.2702886760234833,0.40435174107551575,0.3613048195838928,-0.21507945507764814,0.6843535363674164
1,Day 1,3,Tray 3,DJI_20260618124121_0003,34,4,4,8464,0.4296955466270447,0.44646352529525757,0.15117767453193665,0.1970526918768883,0.6119058430194855,8464,0.0641041249036789,0.04663817211985588,0.19414329528808594,-0.14979539066553116,0.33651035726070405,8464,0.34808990359306335,0.4288809299468994,0.3216843605041504,-0.24540119618177408,0.6868392765522003
1,Day 1,3,Tray 3,DJI_20260618124121_0003,35,4,5,8464,0.37525475025177,0.4287376403808594,0.21231727302074432,0.08321312591433526,0.594971877336502,8464,0.01525807473808527,0.054927971214056015,0.2630442976951599,-0.37947030663490294,0.34162434637546535,8464,0.1724557727575302,0.38042590022087097,0.4591578543186188,-0.5068895041942596,0.6636971235275269
1,Day 1,3,Tray 3,DJI_20260618124121_0003,36,4,6,8464,0.39553916454315186,0.4620216488838196,0.2016409933567047,0.07055432423949243,0.573508483171463,8464,0.01016912143677473,0.07549892365932465,0.24503540992736816,-0.40504375100135803,0.271176815032959,8464,0.1354687213897705,0.3727000653743744,0.4492175281047821,-0.5248557329177856,0.5843476593494416
1,Day 1,3,Tray 3,DJI_20260618124121_0003,37,4,7,8464,0.363465815782547,0.41335129737854004,0.19390210509300232,0.0930833823978901,0.5660511493682862,8464,-0.03849168121814728,-0.02713879570364952,0.2192378044128418,-0.33567842841148376,0.23447043299674988,8464,0.05750114470720291,0.05083640664815903,0.3473600149154663,-0.3985027253627777,0.4926777124404907
1,Day 1,3,Tray 3,DJI_20260618124121_0003,38,4,8,8464,0.29904672503471375,0.3000982701778412,0.19294330477714539,0.11034061014652252,0.517410546541214,8464,-0.07070282101631165,-0.12052300572395325,0.21814678609371185,-0.31700874567031856,0.1896011784672737,8464,-0.03503669425845146,-0.14393654465675354,0.3783744275569916,-0.5469122350215911,0.4891869485378265
1,Day 1,3,Tray 3,DJI_20260618124121_0003,39,4,9,8464,0.2609177827835083,0.20841564238071442,0.17751196026802063,0.08113923817873002,0.5,8464,-0.1142347902059555,-0.15460142493247986,0.1994776874780655,-0.3522802203893661,0.17894737422466278,8464,-0.05037219077348709,-0.16849765181541443,0.3726263642311096,-0.46828825771808624,0.5506197392940521
1,Day 1,3,Tray 3,DJI_20260618124121_0003,40,4,10,8464,0.2903275191783905,0.21877232193946838,0.17107455432415009,0.13030055165290833,0.5456906735897064,8464,-0.059642914682626724,-0.14831559360027313,0.2154158353805542,-0.2690671980381012,0.2626463264226913,8464,0.0727645680308342,-0.1559736728668213,0.4256777763366699,-0.39509962797164916,0.6723914563655853
1,Day 1,3,Tray 3,DJI_20260618124121_0003,41,5,1,8464,0.3040250539779663,0.26819348335266113,0.19495250284671783,0.09720958992838863,0.5775534033775329,8464,-0.011841712519526482,-0.05215419456362724,0.2204611748456955,-0.2563986092805862,0.33347094655036924,8464,0.15066379308700562,0.16608336567878723,0.35305431485176086,-0.27332088351249695,0.6332373857498168
1,Day 1,3,Tray 3,DJI_20260618124121_0003,42,5,2,8464,0.36361292004585266,0.41129881143569946,0.2145339846611023,0.12111800909042358,0.6393702983856201,8464,0.06239406764507294,0.06272401660680771,0.23308193683624268,-0.18575358390808105,0.3907860606908798,8464,0.2244240790605545,0.359967440366745,0.37399932742118835,-0.2610950112342834,0.6981361508369446
1,Day 1,3,Tray 3,DJI_20260618124121_0003,43,5,3,8464,0.42114436626434326,0.4566376507282257,0.18663065135478973,0.15079782009124756,0.6768649220466614,8464,0.12641943991184235,0.11357235908508301,0.2226780652999878,-0.14561477303504944,0.47762255668640136,8464,0.2629089951515198,0.40743449330329895,0.39586806297302246,-0.32042473554611206,0.7290402472019195
1,Day 1,3,Tray 3,DJI_20260618124121_0003,44,5,4,8464,0.4528496563434601,0.4739246070384979,0.16969971358776093,0.1850212574005127,0.6815511345863342,8464,0.13927040994167328,0.12221430987119675,0.21108660101890564,-0.12316271811723709,0.4621660619974136,8464,0.2759818136692047,0.40517619252204895,0.3843236267566681,-0.2946425586938858,0.7334973633289337
1,Day 1,3,Tray 3,DJI_20260618124121_0003,45,5,5,8464,0.36560946702957153,0.4012688398361206,0.23228026926517487,0.11853523030877115,0.6552222013473511,8464,0.05995260924100876,0.05805632844567299,0.2725176215171814,-0.248066371679306,0.42828005850315093,8464,0.08063589036464691,-0.0744064450263977,0.43452969193458557,-0.5165697515010834,0.6926491498947144
1,Day 1,3,Tray 3,DJI_20260618124121_0003,46,5,6,8464,0.4033730924129486,0.4695178270339966,0.21136601269245148,0.1334877908229828,0.6325011730194091,8464,0.06873632222414017,0.11249762773513794,0.2578252851963043,-0.284315824508667,0.38743486702442165,8464,0.09419549256563187,0.12448347359895706,0.41188040375709534,-0.5205454051494598,0.5670019805431366
1,Day 1,3,Tray 3,DJI_20260618124121_0003,47,5,7,8464,0.35384610295295715,0.3949044644832611,0.18264742195606232,0.1264055997133255,0.5642269253730774,8464,-0.022545337677001953,-0.036313772201538086,0.217201367020607,-0.30671265125274655,0.26281802356243134,8464,-0.016341418027877808,-0.14003340899944305,0.3450683653354645,-0.4084264934062958,0.48906248807907104
1,Day 1,3,Tray 3,DJI_20260618124121_0003,48,5,8,8464,0.32775360345840454,0.34794604778289795,0.17638148367404938,0.12368333414196969,0.543173897266388,8464,-0.05787830799818039,-0.10096748918294907,0.18463678658008575,-0.27526652812957764,0.1879429668188095,8464,0.02056812308728695,-0.11546500772237778,0.35570228099823,-0.42509135603904724,0.49940173923969267
1,Day 1,3,Tray 3,DJI_20260618124121_0003,49,5,9,8464,0.2993835508823395,0.23742792010307312,0.18807946145534515,0.129787839949131,0.5477963328361511,8464,-0.04088986665010452,-0.13341012597084045,0.2291068434715271,-0.2558442264795303,0.2968682199716568,8464,0.004687491338700056,-0.15866166353225708,0.39459604024887085,-0.43472282588481903,0.6486295044422149
1,Day 1,3,Tray 3,DJI_20260618124121_0003,50,5,10,8464,0.29583555459976196,0.20770516991615295,0.1754833608865738,0.13987292647361754,0.5582329034805298,8464,-0.03186437487602234,-0.14922599494457245,0.24398104846477509,-0.23807742446660995,0.37463805079460144,8464,0.03826584666967392,-0.1705433428287506,0.4169315993785858,-0.391827791929245,0.6993320643901825
1,Day 1,3,Tray 3,DJI_20260618124121_0003,51,6,1,8464,0.30898481607437134,0.27223464846611023,0.1925767958164215,0.11206218078732491,0.5956189393997192,8464,-0.00958180706948042,-0.05706842243671417,0.21085669100284576,-0.2208570048213005,0.3085741072893143,8464,0.15722061693668365,0.19881710410118103,0.34982573986053467,-0.2615034133195877,0.6203976154327392
1,Day 1,3,Tray 3,DJI_20260618124121_0003,52,6,2,8464,0.31982356309890747,0.27865707874298096,0.21594159305095673,0.10942760854959488,0.6381619930267334,8464,0.02296283282339573,-0.05137590318918228,0.24652187526226044,-0.2008269503712654,0.41794779598712917,8464,0.1672484576702118,0.22085441648960114,0.3931489884853363,-0.3454225152730941,0.6959736943244934
1,Day 1,3,Tray 3,DJI_20260618124121_0003,53,6,3,8464,0.3494150638580322,0.3777132034301758,0.21459658443927765,0.09817877411842346,0.6187463104724884,8464,0.046126965433359146,0.03903328254818916,0.23595048487186432,-0.232876718044281,0.37423416078090666,8464,0.14015226066112518,0.15702742338180542,0.38128527998924255,-0.3732625395059585,0.6308888852596283
1,Day 1,3,Tray 3,DJI_20260618124121_0003,54,6,4,8464,0.3596115708351135,0.4176989495754242,0.2082829773426056,0.11437170952558517,0.5948116540908813,8464,0.052467599511146545,0.06885208189487457,0.2161039263010025,-0.16150456070899963,0.32919520139694214,8464,0.1628280133008957,0.25694209337234497,0.35376280546188354,-0.23935052007436752,0.5798729717731476
1,Day 1,3,Tray 3,DJI_20260618124121_0003,55,6,5,8464,0.36273980140686035,0.39560556411743164,0.20472070574760437,0.11633703708648682,0.6098136007785797,8464,0.06017912179231644,0.05460750684142113,0.22124770283699036,-0.17981933206319808,0.3522839695215225,8464,0.07932548969984055,-0.08383505046367645,0.380574107170105,-0.35775861144065857,0.6030690670013428
1,Day 1,3,Tray 3,DJI_20260618124121_0003,56,6,6,8464,0.35420456528663635,0.41660401225090027,0.20517610013484955,0.10367172211408617,0.5966223478317261,8464,0.02111790142953396,0.048141032457351685,0.2318238466978073,-0.256134957075119,0.3289289146661758,8464,0.02558451145887375,-0.1272452026605606,0.38436129689216614,-0.4839644730091095,0.5404955863952636
1,Day 1,3,Tray 3,DJI_20260618124121_0003,57,6,7,8464,0.31636375188827515,0.3492193818092346,0.22852905094623566,0.03734408617019656,0.5835392534732817,8464,-0.04769190400838852,-0.11375536024570465,0.2561989724636078,-0.4135692000389099,0.2879238367080688,8464,0.013625572435557842,-0.14035087823867798,0.4073554277420044,-0.5299831449985504,0.5231064021587372
1,Day 1,3,Tray 3,DJI_20260618124121_0003,58,6,8,8464,0.24865661561489105,0.19774287939071655,0.20167434215545654,0.048268627002835275,0.5249904990196228,8464,-0.10871744155883789,-0.1445741057395935,0.20148886740207672,-0.3811517804861068,0.18001875728368757,8464,-0.10098517686128616,-0.16434460878372192,0.29488515853881836,-0.44862766563892365,0.4204664379358291
1,Day 1,3,Tray 3,DJI_20260618124121_0003,59,6,9,8464,0.2613942623138428,0.17695467174053192,0.17715255916118622,0.11836397647857666,0.5466933965682983,8464,-0.08831144124269485,-0.16839489340782166,0.19696952402591705,-0.2602625429630279,0.23841540813446038,8464,-0.08422855287790298,-0.18113642930984497,0.33028215169906616,-0.3962350696325302,0.5156838297843933
1,Day 1,3,Tray 3,DJI_20260618124121_0003,60,6,10,8464,0.23726797103881836,0.17493915557861328,0.183939129114151,0.11233857646584511,0.5138047337532043,8464,-0.1045367568731308,-0.16177722811698914,0.20741866528987885,-0.2655506730079651,0.19757592082023617,8464,-0.08761922270059586,-0.2016744166612625,0.3359927535057068,-0.37594965696334837,0.5969469308853149
1,Day 1,3,Tray 3,DJI_20260618124121_0003,61,7,1,8464,0.2568376064300537,0.1651175618171692,0.2029590904712677,0.08349069729447364,0.6206092655658721,8464,-0.04340529814362526,-0.16389881074428558,0.24725280702114105,-0.24916692823171616,0.4122580587863922,8464,0.018059028312563896,-0.16022099554538727,0.3352995216846466,-0.2823673218488693,0.6174201130867004
1,Day 1,3,Tray 3,DJI_20260618124121_0003,62,7,2,8464,0.2871750295162201,0.17576462030410767,0.21963779628276825,0.10595211386680603,0.614342051744461,8464,-0.006227470003068447,-0.13868451118469238,0.255992591381073,-0.21369294822216034,0.40836498141288735,8464,0.10156040638685226,-0.04919583722949028,0.3329404294490814,-0.1940516084432602,0.6559049069881439
1,Day 1,3,Tray 3,DJI_20260618124121_0003,63,7,3,8464,0.30172786116600037,0.26603400707244873,0.21943853795528412,0.07296539619565011,0.6493024051189422,8464,-0.016029156744480133,-0.0896458551287651,0.24914950132369995,-0.2727187693119049,0.3950257629156112,8464,0.12053771317005157,0.05875460058450699,0.3604640066623688,-0.29189535379409787,0.6601465940475464
1,Day 1,3,Tray 3,DJI_20260618124121_0003,64,7,4,8464,0.3351934850215912,0.3798028826713562,0.2391311675310135,0.09215836822986603,0.613314652442932,8464,0.017950255423784256,0.029458485543727875,0.2597946524620056,-0.30000001192092896,0.359125006198883,8464,0.13439784944057465,0.14271670579910278,0.4197258949279785,-0.44662463068962094,0.6771814703941346
1,Day 1,3,Tray 3,DJI_20260618124121_0003,65,7,5,8464,0.28275173902511597,0.25426483154296875,0.22346213459968567,0.0016357911168597753,0.5969698309898376,8464,-0.051188237965106964,-0.1249285489320755,0.24553775787353516,-0.3555114269256592,0.30794652700424197,8464,0.008267027325928211,-0.12651503086090088,0.3495655953884125,-0.38163110613822937,0.5814636468887329
1,Day 1,3,Tray 3,DJI_20260618124121_0003,66,7,6,8464,0.30913910269737244,0.3281930387020111,0.24286675453186035,-0.022111838869750478,0.6059302508831023,8464,-0.03220599144697189,-0.06347781419754028,0.2851921617984772,-0.4082914233207703,0.3662850230932236,8464,0.026941699907183647,-0.13769124448299408,0.39766451716423035,-0.4408103674650192,0.5981615304946899
1,Day 1,3,Tray 3,DJI_20260618124121_0003,67,7,7,8464,0.2607431709766388,0.17899151146411896,0.24594002962112427,-0.037517911195755003,0.622409301996231,8464,-0.08973471075296402,-0.14818449318408966,0.27003830671310425,-0.4095637947320938,0.3224656283855438,8464,-0.07180438190698624,-0.15335868299007416,0.35702359676361084,-0.48200424313545226,0.5002688884735107
1,Day 1,3,Tray 3,DJI_20260618124121_0003,68,7,8,8464,0.26986435055732727,0.19558189809322357,0.20688167214393616,0.04611443355679512,0.5881501913070678,8464,-0.09669705480337143,-0.17225787043571472,0.22709470987319946,-0.3408293932676315,0.28391018509864807,8464,-0.06490271538496017,-0.1740671545267105,0.3284980356693268,-0.463827109336853,0.45381568670272826
1,Day 1,3,Tray 3,DJI_20260618124121_0003,69,7,9,8464,0.22450807690620422,0.17909078299999237,0.20124655961990356,-0.021671826019883156,0.47234847247600553,8464,-0.14336861670017242,-0.17604824900627136,0.21368393301963806,-0.40829962491989136,0.12682173252105708,8464,-0.10609912127256393,-0.18533459305763245,0.27947765588760376,-0.38868020176887513,0.3970485508441924
1,Day 1,3,Tray 3,DJI_20260618124121_0003,70,7,10,8464,0.2167908400297165,0.17428185045719147,0.19942674040794373,-0.04764910750091076,0.5003207564353943,8464,-0.1269187033176422,-0.1653110682964325,0.22766155004501343,-0.4122725039720535,0.18627992272376998,8464,-0.06001059710979462,-0.1923949122428894,0.3481796681880951,-0.43208539187908174,0.5382268726825713
1,Day 1,4,Tray 4,DJI_20260618124235_0004,1,1,1,8464,0.21397559344768524,0.17114011943340302,0.13371409475803375,0.12802767753601074,0.46823755502700803,8464,-0.14062482118606567,-0.17638331651687622,0.1301855891942978,-0.25162909626960756,0.0731333166360855,8464,0.006648010574281216,-0.18558193743228912,0.33606964349746704,-0.26407198011875155,0.6017755270004272
1,Day 1,4,Tray 4,DJI_20260618124235_0004,2,1,2,8464,0.26198896765708923,0.18101544678211212,0.1636175513267517,0.13008177578449248,0.518460750579834,8464,-0.08966336399316788,-0.16329151391983032,0.16804470121860504,-0.22684310376644135,0.1692809015512466,8464,0.0805959701538086,-0.09435853362083435,0.3289610743522644,-0.2160356342792511,0.5672885775566101
1,Day 1,4,Tray 4,DJI_20260618124235_0004,3,1,3,8464,0.27700212597846985,0.20568904280662537,0.16190658509731293,0.12076604813337326,0.5249103963375091,8464,-0.08564955741167068,-0.1526971459388733,0.1847018450498581,-0.25552314817905425,0.19117207527160643,8464,0.12305279076099396,-0.04903348535299301,0.3603861331939697,-0.2330066442489624,0.6287426948547363
1,Day 1,4,Tray 4,DJI_20260618124235_0004,4,1,4,8464,0.313547283411026,0.2905859351158142,0.18866243958473206,0.14176805913448334,0.5492808878421783,8464,-0.05302165448665619,-0.0920177474617958,0.21148107945919037,-0.3040896952152252,0.23343920111656188,8464,0.11532828956842422,0.04758138209581375,0.38254594802856445,-0.36685121953487393,0.6209047555923461
1,Day 1,4,Tray 4,DJI_20260618124235_0004,5,1,5,8464,0.29114922881126404,0.2701431214809418,0.20465774834156036,0.03372302018105984,0.5472155213356018,8464,-0.07357370108366013,-0.10301531851291656,0.2145446538925171,-0.35567110776901245,0.214907893538475,8464,0.06602364033460617,-0.03980085998773575,0.41342484951019287,-0.44436803162097926,0.6198196232318878
1,Day 1,4,Tray 4,DJI_20260618124235_0004,6,1,6,8464,0.25701281428337097,0.19157163798809052,0.19785045087337494,0.023023764975369003,0.5326115608215332,8464,-0.11248679459095001,-0.1685810089111328,0.21797870099544525,-0.3844504803419113,0.21190476417541504,8464,-0.03075413964688778,-0.17571058869361877,0.3739090859889984,-0.4275013506412506,0.5663573920726777
1,Day 1,4,Tray 4,DJI_20260618124235_0004,7,1,7,8464,0.2835148870944977,0.23147152364253998,0.19492881000041962,0.06351193934679034,0.5320596933364868,8464,-0.11217401921749115,-0.1519373059272766,0.21026603877544403,-0.4137536317110061,0.15511345863342285,8464,-0.009142443537712097,-0.1473737508058548,0.3240625560283661,-0.40229296684265137,0.4675282388925552
1,Day 1,4,Tray 4,DJI_20260618124235_0004,8,1,8,8464,0.28652840852737427,0.20964020490646362,0.17956890165805817,0.10236063674092294,0.5204896926879883,8464,-0.12322066724300385,-0.16361680626869202,0.1868470460176468,-0.38888596296310424,0.12478982731699942,8464,-0.035166822373867035,-0.17630597949028015,0.34836345911026,-0.43759873509407043,0.48474120199680326
1,Day 1,4,Tray 4,DJI_20260618124235_0004,9,1,9,8464,0.22461943328380585,0.17596301436424255,0.16874565184116364,0.12500508204102517,0.4953577220439911,8464,-0.15603281557559967,-0.17956297099590302,0.17914606630802155,-0.35106998682022095,0.1055410049855709,8464,-0.09534373134374619,-0.19109947979450226,0.31014806032180786,-0.4103402763605118,0.4694188207387924
1,Day 1,4,Tray 4,DJI_20260618124235_0004,10,1,10,8464,0.2218201756477356,0.17925140261650085,0.12510895729064941,0.1437205821275711,0.43409111797809596,8464,-0.1414247751235962,-0.17414996027946472,0.14816458523273468,-0.2789859682321548,0.0668397530913353,8464,-0.08001809567213058,-0.19736842811107635,0.31066837906837463,-0.37768013477325435,0.5035402178764343
1,Day 1,4,Tray 4,DJI_20260618124235_0004,11,2,1,8464,0.23706696927547455,0.17328427731990814,0.19763405621051788,0.02637309394776821,0.5138258278369904,8464,-0.1290302723646164,-0.1769016534090042,0.1997806578874588,-0.4003184139728546,0.15534458458423614,8464,0.0841214507818222,-0.07769536226987839,0.3967626094818115,-0.444498410820961,0.6259277164936066
1,Day 1,4,Tray 4,DJI_20260618124235_0004,12,2,2,8464,0.27279651165008545,0.19069072604179382,0.1763726770877838,0.1268891528248787,0.5387357771396637,8464,-0.08912666141986847,-0.1578873097896576,0.17524635791778564,-0.22362405806779861,0.15665892362594605,8464,0.18903614580631256,0.25098973512649536,0.35561153292655945,-0.19789381325244904,0.641314262151718
1,Day 1,4,Tray 4,DJI_20260618124235_0004,13,2,3,8464,0.27200502157211304,0.19958026707172394,0.17325040698051453,0.12024274319410325,0.5218631029129028,8464,-0.09817884117364883,-0.14762139320373535,0.16431164741516113,-0.25517724454402924,0.13569553196430192,8464,0.1264057606458664,0.0121984351426363,0.35130470991134644,-0.2184035986661911,0.6148346960544586
1,Day 1,4,Tray 4,DJI_20260618124235_0004,14,2,4,8464,0.3158140182495117,0.3175566792488098,0.176872119307518,0.12846691608428956,0.5357760190963745,8464,-0.0716833546757698,-0.09812760353088379,0.15912027657032013,-0.25814916491508483,0.14338211119174954,8464,0.21174731850624084,0.3530556261539459,0.35119789838790894,-0.22279598116874694,0.620175814628601
1,Day 1,4,Tray 4,DJI_20260618124235_0004,15,2,5,8464,0.2948387563228607,0.26983770728111267,0.19895566999912262,0.04658748693764212,0.5356252908706665,8464,-0.0797567293047905,-0.12486756592988968,0.20523393154144287,-0.35774511098861694,0.1824898466467857,8464,0.12150344252586365,0.12225807458162308,0.3719424903392792,-0.3688736826181412,0.596460372209549
1,Day 1,4,Tray 4,DJI_20260618124235_0004,16,2,6,8464,0.31863972544670105,0.41153958439826965,0.21280522644519806,-0.009678426198661327,0.5335857748985291,8464,-0.08623696118593216,-0.04717312008142471,0.22234800457954407,-0.4381174385547638,0.1591854989528656,8464,0.09681355208158493,0.2916666567325592,0.3926667273044586,-0.4616941064596176,0.5251693844795227
1,Day 1,4,Tray 4,DJI_20260618124235_0004,17,2,7,8464,0.25282683968544006,0.18983197212219238,0.18426482379436493,0.019212795421481136,0.4997195601463318,8464,-0.15583030879497528,-0.16983288526535034,0.1686563491821289,-0.4037196785211563,0.07935341447591782,8464,-0.017340362071990967,-0.16335226595401764,0.33360427618026733,-0.42994089126586915,0.4599653989076614
1,Day 1,4,Tray 4,DJI_20260618124235_0004,18,2,8,8464,0.26253679394721985,0.20476779341697693,0.17507652938365936,0.055978874862194064,0.49422804117202757,8464,-0.14345629513263702,-0.17402522265911102,0.1721736043691635,-0.36489708125591275,0.08083398193120954,8464,0.04567190259695053,-0.15730324387550354,0.35219380259513855,-0.34313902258872986,0.5263179421424865
1,Day 1,4,Tray 4,DJI_20260618124235_0004,19,2,9,8464,0.23654678463935852,0.18087875843048096,0.14763209223747253,0.10861218720674516,0.4795764088630676,8464,-0.14771656692028046,-0.18038973212242126,0.1636389195919037,-0.33585436046123507,0.09595296084880826,8464,-0.016011515632271767,-0.18747282028198242,0.3724130690097809,-0.4249060571193695,0.5789603412151336
1,Day 1,4,Tray 4,DJI_20260618124235_0004,20,2,10,8464,0.21160148084163666,0.17306604981422424,0.1205616220831871,0.11992215141654015,0.4328242003917694,8464,-0.1700052171945572,-0.18332329392433167,0.1423829346895218,-0.3395678788423538,0.03693323470652098,8464,-0.07684279978275299,-0.20123203098773956,0.3219023048877716,-0.3944787383079529,0.5097087621688843
1,Day 1,4,Tray 4,DJI_20260618124235_0004,21,3,1,8464,0.2721298038959503,0.2013949751853943,0.2152317613363266,0.0751294769346714,0.5513169527053833,8464,-0.08013567328453064,-0.1479741483926773,0.22644196450710297,-0.3357054054737091,0.2555101215839386,8464,0.1474868357181549,0.22689937055110931,0.4066166579723358,-0.3538791298866272,0.6536429464817047
1,Day 1,4,Tray 4,DJI_20260618124235_0004,22,3,2,8464,0.319939523935318,0.31257128715515137,0.18337202072143555,0.12993947863578797,0.5536323726177216,8464,-0.043713636696338654,-0.07214245200157166,0.18141305446624756,-0.22114962935447693,0.21072818934917448,8464,0.2749819755554199,0.411563515663147,0.3256503641605377,-0.1966686099767685,0.6301836609840392
1,Day 1,4,Tray 4,DJI_20260618124235_0004,23,3,3,8464,0.3562902510166168,0.40564703941345215,0.18757669627666473,0.14746639132499695,0.5757635116577148,8464,-0.017740929499268532,-0.018335286527872086,0.21076372265815735,-0.22554585635662075,0.2827278971672058,8464,0.27837494015693665,0.4112756848335266,0.36833950877189636,-0.2918303519487381,0.6747126340866089
1,Day 1,4,Tray 4,DJI_20260618124235_0004,24,3,4,8464,0.33405134081840515,0.38063180446624756,0.20890533924102783,0.12817696630954742,0.550000011920929,8464,-0.04418441653251648,-0.034581106156110764,0.22131775319576263,-0.3303943634033203,0.21392184197902678,8464,0.19182267785072327,0.35707980394363403,0.4015856981277466,-0.4481822997331619,0.6234436631202698
1,Day 1,4,Tray 4,DJI_20260618124235_0004,25,3,5,8464,0.2906884253025055,0.34712857007980347,0.22637659311294556,-0.04084894433617587,0.5353493094444274,8464,-0.10374534130096436,-0.10024230927228928,0.21733972430229187,-0.39260550737380984,0.16861014068126678,8464,0.09798597544431686,0.254464328289032,0.4199119508266449,-0.45937275886535645,0.5837896823883056
1,Day 1,4,Tray 4,DJI_20260618124235_0004,26,3,6,8464,0.3343268036842346,0.4157670736312866,0.2006671279668808,0.017058355547487844,0.5243390798568726,8464,-0.09075748175382614,-0.03952569141983986,0.20396097004413605,-0.41963774859905245,0.13670186847448348,8464,0.14139147102832794,0.3612217307090759,0.40005388855934143,-0.47294212281703946,0.523172914981842
1,Day 1,4,Tray 4,DJI_20260618124235_0004,27,3,7,8464,0.28749051690101624,0.3513675928115845,0.20352573692798615,-0.007625227281823753,0.5148823976516723,8464,-0.13572344183921814,-0.16255700588226318,0.19083598256111145,-0.41836031079292296,0.10867302790284157,8464,0.039949510246515274,-0.02609890140593052,0.3817564845085144,-0.46041369438171387,0.48801264464855193
1,Day 1,4,Tray 4,DJI_20260618124235_0004,28,3,8,8464,0.24676458537578583,0.18137255311012268,0.19273598492145538,0.025891017541289335,0.5081018805503845,8464,-0.16548609733581543,-0.18217523396015167,0.17445921897888184,-0.3784735113382339,0.08924602270126339,8464,-0.042876001447439194,-0.18130679428577423,0.36267322301864624,-0.4439351260662079,0.4879804521799087
1,Day 1,4,Tray 4,DJI_20260618124235_0004,29,3,9,8464,0.26812607049942017,0.19305019080638885,0.17330516874790192,0.09527339041233064,0.5070348978042603,8464,-0.13358469307422638,-0.17483900487422943,0.20047225058078766,-0.42400315403938293,0.14384065270423887,8464,0.017064211890101433,-0.1510278582572937,0.396603524684906,-0.4796515375375748,0.5715009450912475
1,Day 1,4,Tray 4,DJI_20260618124235_0004,30,3,10,8464,0.26619699597358704,0.19143667817115784,0.18099595606327057,0.11929926648736001,0.5212191581726074,8464,-0.11503540724515915,-0.17240312695503235,0.20924291014671326,-0.3745045900344848,0.17849773019552226,8464,0.042871732264757156,-0.1803525984287262,0.43390142917633057,-0.4973320960998535,0.636310750246048
1,Day 1,4,Tray 4,DJI_20260618124235_0004,31,4,1,8464,0.2802801728248596,0.21973127126693726,0.23260992765426636,0.01791073996573688,0.6108673751354217,8464,-0.06728332489728928,-0.12601011991500854,0.25235068798065186,-0.4187706708908081,0.3054794669151306,8464,0.13109590113162994,0.09669658541679382,0.41589465737342834,-0.42182576656341547,0.6562217116355896
1,Day 1,4,Tray 4,DJI_20260618124235_0004,32,4,2,8464,0.32776153087615967,0.3006476163864136,0.2014397233724594,0.13013794869184495,0.5888518214225769,8464,-0.015464713796973228,-0.057016972452402115,0.21127279102802277,-0.21337586492300034,0.2772412151098251,8464,0.2163611203432083,0.35390639305114746,0.378862589597702,-0.2621367692947387,0.6539607524871827
1,Day 1,4,Tray 4,DJI_20260618124235_0004,33,4,3,8464,0.3915315568447113,0.4424048960208893,0.16562463343143463,0.15807237327098847,0.5783159971237183,8464,0.028734425082802773,0.038875333964824677,0.1720590740442276,-0.17740081250667572,0.26024923026561736,8464,0.32346415519714355,0.4292251765727997,0.3080676198005676,-0.17481675148010253,0.6334185600280762
1,Day 1,4,Tray 4,DJI_20260618124235_0004,34,4,4,8464,0.4016560912132263,0.4382791519165039,0.1494988203048706,0.17569738775491714,0.5612232565879821,8464,0.02796226739883423,0.032583266496658325,0.17194435000419617,-0.18128689378499985,0.2523952841758728,8464,0.1802186518907547,0.3672463297843933,0.39854615926742554,-0.44597458839416504,0.6214627027511597
1,Day 1,4,Tray 4,DJI_20260618124235_0004,35,4,5,8464,0.40873435139656067,0.44909539818763733,0.18093200027942657,0.16886116415262226,0.6048774480819702,8464,0.02074793167412281,0.03547433018684387,0.21828803420066833,-0.2622307181358337,0.3062267810106277,8464,0.13947966694831848,0.3560488820075989,0.4240100085735321,-0.4899035692214966,0.5977189421653747
1,Day 1,4,Tray 4,DJI_20260618124235_0004,36,4,6,8464,0.3781011402606964,0.4453124403953552,0.18990370631217957,0.07958722263574601,0.5556666314601898,8464,-0.03825310245156288,0.012280084192752838,0.2041972428560257,-0.37063583731651306,0.18185918629169465,8464,0.08758392184972763,0.28819069266319275,0.4071899950504303,-0.4666905403137207,0.5265372455120086
1,Day 1,4,Tray 4,DJI_20260618124235_0004,37,4,7,8464,0.32258203625679016,0.37736397981643677,0.17915691435337067,0.10327589511871339,0.5227722525596619,8464,-0.09364798665046692,-0.12431506812572479,0.17986470460891724,-0.3302685618400574,0.13572758585214614,8464,-0.012876647524535656,-0.17016716301441193,0.376310259103775,-0.44930100440979004,0.4896779179573059
1,Day 1,4,Tray 4,DJI_20260618124235_0004,38,4,8,8464,0.307941198348999,0.34495148062705994,0.20278428494930267,0.11831551343202591,0.5406961262226104,8464,-0.09190717339515686,-0.11357220262289047,0.21371401846408844,-0.40179820656776427,0.1749535992741584,8464,0.029818706214427948,-0.1363181173801422,0.40432554483413696,-0.5016501545906067,0.5185387015342712
1,Day 1,4,Tray 4,DJI_20260618124235_0004,39,4,9,8464,0.2905026078224182,0.23382270336151123,0.17050039768218994,0.13062565922737124,0.5214921832084656,8464,-0.1020694300532341,-0.15412402153015137,0.1923559457063675,-0.33860224187374116,0.15814357101917265,8464,-0.006383145693689585,-0.1505071520805359,0.3778406083583832,-0.46984925866127014,0.5386500179767608
1,Day 1,4,Tray 4,DJI_20260618124235_0004,40,4,10,8464,0.2813062071800232,0.20000000298023224,0.1640600711107254,0.13697635978460312,0.5214429676532746,8464,-0.10135994106531143,-0.1611095815896988,0.19004014134407043,-0.3285083770751953,0.1715142786502837,8464,0.008377964608371258,-0.14426855742931366,0.3880429267883301,-0.45979690849781035,0.5794076442718505
1,Day 1,4,Tray 4,DJI_20260618124235_0004,41,5,1,8464,0.30170533061027527,0.2390664666891098,0.23029816150665283,0.09671703800559045,0.6317198872566223,8464,-0.02198256179690361,-0.09645839035511017,0.2619086802005768,-0.30651057958602895,0.3580113351345062,8464,0.11100771278142929,-0.0716918557882309,0.4042850732803345,-0.4123614877462386,0.6404551804065703
1,Day 1,4,Tray 4,DJI_20260618124235_0004,42,5,2,8464,0.3313603103160858,0.27614307403564453,0.19127584993839264,0.14314754456281661,0.6136405766010284,8464,-0.0036815376952290535,-0.04786413908004761,0.1978161334991455,-0.19049739837646484,0.2991217583417892,8464,0.1318686604499817,-0.029785100370645523,0.35694190859794617,-0.21929432451725006,0.6367953419685364
1,Day 1,4,Tray 4,DJI_20260618124235_0004,43,5,3,8464,0.40245622396469116,0.44746875762939453,0.1659562587738037,0.16002532541751863,0.6047935009002685,8464,0.061507660895586014,0.06570979952812195,0.1725594699382782,-0.16104337573051453,0.30961725413799285,8464,0.23548677563667297,0.38077402114868164,0.35092878341674805,-0.18747282028198242,0.6388789534568786
1,Day 1,4,Tray 4,DJI_20260618124235_0004,44,5,4,8464,0.38986313343048096,0.4352402687072754,0.17900998890399933,0.154719914495945,0.6180083334445953,8464,0.03064665012061596,0.029094591736793518,0.20125991106033325,-0.17648810148239136,0.3431097656488418,8464,0.10163101553916931,-0.08179642260074615,0.3906695246696472,-0.41706776320934297,0.6373480081558227
1,Day 1,4,Tray 4,DJI_20260618124235_0004,45,5,5,8464,0.37123170495033264,0.41705024242401123,0.19731546938419342,0.11847746670246126,0.6060601353645324,8464,-0.0011093351058661938,0.004911634139716625,0.22526876628398895,-0.31494462490081787,0.3174518346786499,8464,0.09539864957332611,0.2130945920944214,0.42140042781829834,-0.4694117605686188,0.6131978571414947
1,Day 1,4,Tray 4,DJI_20260618124235_0004,46,5,6,8464,0.36547091603279114,0.4001484811306,0.1907399445772171,0.14246296584606172,0.5888475775718689,8464,-0.01117235142737627,-0.010764695703983307,0.21692083775997162,-0.28471818566322327,0.2805413633584976,8464,0.03272959962487221,-0.05216639116406441,0.3734343945980072,-0.47745928466320037,0.5071610867977142
1,Day 1,4,Tray 4,DJI_20260618124235_0004,47,5,7,8464,0.3220207691192627,0.3433930277824402,0.1874704509973526,0.1245411217212677,0.5436600744724274,8464,-0.0790412575006485,-0.12650242447853088,0.1816246062517166,-0.2829400420188904,0.15911230295896528,8464,-0.06151783466339111,-0.16699914634227753,0.3412023186683655,-0.46652684807777406,0.4663290709257126
1,Day 1,4,Tray 4,DJI_20260618124235_0004,48,5,8,8464,0.28227925300598145,0.20771333575248718,0.16426704823970795,0.13132907599210739,0.5253188967704773,8464,-0.10156239569187164,-0.1504424810409546,0.16384203732013702,-0.2731728464365005,0.14692874252796173,8464,-0.07521145790815353,-0.17184147238731384,0.3289782702922821,-0.4412019520998001,0.4448206812143325
1,Day 1,4,Tray 4,DJI_20260618124235_0004,49,5,9,8464,0.3114822506904602,0.25506290793418884,0.16194374859333038,0.14577777683734894,0.5258579194545746,8464,-0.05976494774222374,-0.13457491993904114,0.19590936601161957,-0.2582115620374679,0.25068963468074795,8464,0.023188747465610504,-0.171171173453331,0.38115552067756653,-0.41260637342929835,0.6083551943302155
1,Day 1,4,Tray 4,DJI_20260618124235_0004,50,5,10,8464,0.2816954553127289,0.20282498002052307,0.15548130869865417,0.1481544017791748,0.5195968747138977,8464,-0.09028066694736481,-0.16515548527240753,0.18098759651184082,-0.26430720686912534,0.18891078680753698,8464,-0.023514319211244583,-0.19896921515464783,0.3628692030906677,-0.38755512535572045,0.5803672075271606
1,Day 1,4,Tray 4,DJI_20260618124235_0004,51,6,1,8464,0.2735549211502075,0.18185698986053467,0.19247694313526154,0.1263617530465126,0.5943645894527435,8464,-0.0606062151491642,-0.1662602722644806,0.22117112576961517,-0.24148806035518644,0.31938326358795166,8464,0.06739487498998642,-0.1537700891494751,0.365427702665329,-0.23815761059522628,0.6429851174354553
1,Day 1,4,Tray 4,DJI_20260618124235_0004,52,6,2,8464,0.30011463165283203,0.22424986958503723,0.1945073902606964,0.1353340208530426,0.6080084443092346,8464,-0.020509270951151848,-0.09300015866756439,0.21842336654663086,-0.19824433326721191,0.35618042945861816,8464,0.05815841257572174,-0.12159565091133118,0.3327846825122833,-0.21293547749519348,0.6236761033535003
1,Day 1,4,Tray 4,DJI_20260618124235_0004,53,6,3,8464,0.3349122405052185,0.30126672983169556,0.2097928524017334,0.12639331966638565,0.6331966638565063,8464,0.005693314131349325,-0.05013645067811012,0.22555379569530487,-0.1940516084432602,0.3377618879079819,8464,0.08085481077432632,-0.1254638135433197,0.3639479875564575,-0.32152936160564416,0.6037938833236693
1,Day 1,4,Tray 4,DJI_20260618124235_0004,54,6,4,8464,0.3194640874862671,0.29879575967788696,0.20580226182937622,0.12143106684088707,0.5846392154693603,8464,-0.01174501609057188,-0.042933810502290726,0.21320082247257233,-0.19679102599620818,0.3124085634946823,8464,0.05176345258951187,-0.1318407952785492,0.3662319779396057,-0.39566734433174133,0.5870434641838074
1,Day 1,4,Tray 4,DJI_20260618124235_0004,55,6,5,8464,0.3161505460739136,0.2746567130088806,0.20326995849609375,0.10276497900485992,0.6017209410667419,8464,-0.03009125031530857,-0.09203723073005676,0.2198595404624939,-0.2960283875465393,0.30955328047275543,8464,-0.0006298243533819914,-0.14627406001091003,0.36582061648368835,-0.4264316856861114,0.5838999152183533
1,Day 1,4,Tray 4,DJI_20260618124235_0004,56,6,6,8464,0.31621038913726807,0.34274154901504517,0.20580348372459412,0.08157236874103546,0.5611141562461853,8464,-0.053559768944978714,-0.08127208799123764,0.21108929812908173,-0.3139401376247406,0.22345133125782013,8464,-0.05110897868871689,-0.15939977765083313,0.346265971660614,-0.4699548214673996,0.4737241089344025
1,Day 1,4,Tray 4,DJI_20260618124235_0004,57,6,7,8464,0.27713432908058167,0.2042195200920105,0.19678041338920593,0.09526126757264138,0.5426684558391569,8464,-0.08943594247102737,-0.15400873124599457,0.20839177072048187,-0.30719998478889465,0.19451906681060782,8464,-0.08181574195623398,-0.16583630442619324,0.3144628703594208,-0.44693760573863983,0.4311770945787429
1,Day 1,4,Tray 4,DJI_20260618124235_0004,58,6,8,8464,0.26090240478515625,0.19211825728416443,0.17878304421901703,0.11582920104265214,0.5294825434684753,8464,-0.12512221932411194,-0.1697378158569336,0.1704351007938385,-0.29947228431701656,0.12678663879632948,8464,-0.14942242205142975,-0.19248689711093903,0.2620965242385864,-0.43206785917282103,0.3811327874660491
1,Day 1,4,Tray 4,DJI_20260618124235_0004,59,6,9,8464,0.25634416937828064,0.18493908643722534,0.18409119546413422,0.12381327599287033,0.5410708367824554,8464,-0.10784994065761566,-0.17991496622562408,0.2064230591058731,-0.2544132351875305,0.23196250796318044,8464,-0.08828922361135483,-0.19877049326896667,0.34574514627456665,-0.4570797741413116,0.5733580410480499
1,Day 1,4,Tray 4,DJI_20260618124235_0004,60,6,10,8464,0.24258074164390564,0.180073082447052,0.15311495959758759,0.12930894494056702,0.49758244454860684,8464,-0.11076725274324417,-0.1710008680820465,0.17671039700508118,-0.2519604563713074,0.1859971866011619,8464,-0.06839536875486374,-0.2022705376148224,0.3284330368041992,-0.3311088621616363,0.567571061849594
1,Day 1,4,Tray 4,DJI_20260618124235_0004,61,7,1,8464,0.26695671677589417,0.1779220849275589,0.2004234790802002,0.12073197960853577,0.5968992114067078,8464,-0.0683247447013855,-0.17218467593193054,0.23225893080234528,-0.23978202044963837,0.32947936058044436,8464,0.08021748811006546,-0.15099921822547913,0.36462658643722534,-0.22659876942634583,0.6516897678375244
1,Day 1,4,Tray 4,DJI_20260618124235_0004,62,7,2,8464,0.2775474488735199,0.18660499155521393,0.2103135734796524,0.12412604466080666,0.5996716439723968,8464,-0.03876452147960663,-0.1480235457420349,0.24693159759044647,-0.20706390589475632,0.38089561462402344,8464,0.050057876855134964,-0.14600494503974915,0.35001781582832336,-0.21873846054077148,0.6340246200561522
1,Day 1,4,Tray 4,DJI_20260618124235_0004,63,7,3,8464,0.30730757117271423,0.2414824217557907,0.23577934503555298,0.03523312993347645,0.653448611497879,8464,-0.020712226629257202,-0.06237279623746872,0.2505594491958618,-0.33801665902137756,0.3683294653892517,8464,0.1078871637582779,0.04458772763609886,0.378783643245697,-0.37467614710330965,0.6262969195842742
1,Day 1,4,Tray 4,DJI_20260618124235_0004,64,7,4,8464,0.3109268248081207,0.30403926968574524,0.2520727217197418,0.04075679332017907,0.6732898533344268,8464,-0.005977914668619633,-0.05568487197160721,0.28563806414604187,-0.3620956510305405,0.4434572219848632,8464,0.05723690614104271,-0.042092904448509216,0.37497463822364807,-0.4809346556663513,0.5666044473648071
1,Day 1,4,Tray 4,DJI_20260618124235_0004,65,7,5,8464,0.2715090811252594,0.24293537437915802,0.2477511167526245,-0.0644050657749176,0.6047588288784026,8464,-0.06965284049510956,-0.1323753446340561,0.271002858877182,-0.46434615552425385,0.34271994531154626,8464,0.005844205152243376,-0.1507657766342163,0.404674768447876,-0.49910457730293273,0.6403954088687895
1,Day 1,4,Tray 4,DJI_20260618124235_0004,66,7,6,8464,0.28412196040153503,0.23609836399555206,0.2520555853843689,-0.051292480528354625,0.6287772953510283,8464,-0.06780613213777542,-0.143216073513031,0.27473950386047363,-0.4513928651809692,0.35433624386787393,8464,-0.027637384831905365,-0.15972812473773956,0.36562976241111755,-0.4761278301477432,0.5123186409473418
1,Day 1,4,Tray 4,DJI_20260618124235_0004,67,7,7,8464,0.25511154532432556,0.18342947959899902,0.2247680425643921,-0.01579400850459925,0.5859084486961365,8464,-0.10435010492801666,-0.15514808893203735,0.2303626835346222,-0.39593972861766813,0.24387617111206047,8464,-0.09463928639888763,-0.16716545820236206,0.3294524550437927,-0.4754098355770111,0.48805355429649355
1,Day 1,4,Tray 4,DJI_20260618124235_0004,68,7,8,8464,0.23535649478435516,0.17849303781986237,0.2057291716337204,0.04026972018182278,0.5411653220653534,8464,-0.13206703960895538,-0.17909587919712067,0.22208371758460999,-0.40888386964797974,0.21939599066972715,8464,-0.15631359815597534,-0.18919703364372253,0.2500375509262085,-0.4588391184806824,0.29479220807552314
1,Day 1,4,Tray 4,DJI_20260618124235_0004,69,7,9,8464,0.22714361548423767,0.17535153031349182,0.1823280304670334,0.06875608414411546,0.4984812408685684,8464,-0.14853468537330627,-0.18482695519924164,0.17762304842472076,-0.3414932042360306,0.12159241065382954,8464,-0.1499568074941635,-0.1989612579345703,0.2891961634159088,-0.47442662715911865,0.378610175848007
1,Day 1,4,Tray 4,DJI_20260618124235_0004,70,7,10,8464,0.22222325205802917,0.18964523077011108,0.17654892802238464,0.02521567288786175,0.46156955063343047,8464,-0.14171753823757172,-0.17549048364162445,0.19279536604881287,-0.3582145571708679,0.10638038739562031,8464,-0.11875567585229874,-0.20070219039916992,0.2811037302017212,-0.4043076366186142,0.30482635498046873
1,Day 1,5,Tray 5,DJI_20260618124331_0005,1,1,1,8464,0.24833472073078156,0.1634235382080078,0.17400279641151428,0.11452445685863495,0.5226781964302063,8464,-0.07535954564809799,-0.15530088543891907,0.18143446743488312,-0.2157975137233734,0.22796882390975945,8464,0.0893445834517479,-0.11301072686910629,0.3516955077648163,-0.2260667935013771,0.6055025100708008
1,Day 1,5,Tray 5,DJI_20260618124331_0005,2,1,2,8464,0.24524572491645813,0.1700293868780136,0.15751320123672485,0.11485624238848686,0.49012469351291654,8464,-0.09127474576234818,-0.15037482976913452,0.15535491704940796,-0.21503362357616423,0.13009119033813477,8464,0.0724680945277214,-0.1151096448302269,0.32637038826942444,-0.21894418001174926,0.5833278715610504
1,Day 1,5,Tray 5,DJI_20260618124331_0005,3,1,3,8464,0.26579323410987854,0.19174887239933014,0.185551255941391,0.10021217837929726,0.5162890136241913,8464,-0.07428243011236191,-0.11945097148418427,0.18765927851200104,-0.28273245692253113,0.180651818215847,8464,0.08866358548402786,-0.0619906410574913,0.35098138451576233,-0.3062414616346359,0.6114743113517761
1,Day 1,5,Tray 5,DJI_20260618124331_0005,4,1,4,8464,0.22847256064414978,0.16825172305107117,0.1824900507926941,0.02610210720449687,0.49681534469127653,8464,-0.10677919536828995,-0.14497414231300354,0.18290463089942932,-0.33070413768291473,0.1624641984701155,8464,0.0006396342068910599,-0.1486676037311554,0.33148741722106934,-0.33451632559299466,0.5289403200149536
1,Day 1,5,Tray 5,DJI_20260618124331_0005,5,1,5,8464,0.26968786120414734,0.24242407083511353,0.2065703123807907,0.01682042051106698,0.5222936272621155,8464,-0.08391815423965454,-0.11478133499622345,0.21324723958969116,-0.38469907045364377,0.20574148297309872,8464,0.01953836902976036,-0.15254713594913483,0.38385409116744995,-0.44304045140743253,0.564052379131317
1,Day 1,5,Tray 5,DJI_20260618124331_0005,6,1,6,8464,0.25312909483909607,0.17814823985099792,0.19520294666290283,0.024998391047120108,0.5302398383617402,8464,-0.10609995573759079,-0.15437030792236328,0.20857053995132446,-0.35374661684036257,0.21085764914751046,8464,-0.04095906391739845,-0.15694306790828705,0.3299807012081146,-0.40614944696426386,0.4919190853834152
1,Day 1,5,Tray 5,DJI_20260618124331_0005,7,1,7,8464,0.22276011109352112,0.16074830293655396,0.16763068735599518,0.03914290145039558,0.4743116945028305,8464,-0.14118780195713043,-0.16170212626457214,0.160744309425354,-0.3292572289705276,0.07385239601135245,8464,-0.10012253373861313,-0.16335226595401764,0.2558084726333618,-0.35370710790157317,0.38864517211914046
1,Day 1,5,Tray 5,DJI_20260618124331_0005,8,1,8,8464,0.2010442018508911,0.15087345242500305,0.15890754759311676,0.0368948083370924,0.4767255187034607,8464,-0.15810394287109375,-0.17133867740631104,0.1384659856557846,-0.3177795708179474,0.04024611786007879,8464,-0.12723566591739655,-0.17621715366840363,0.243879035115242,-0.35324384570121764,0.3613887429237366
1,Day 1,5,Tray 5,DJI_20260618124331_0005,9,1,9,8464,0.18972478806972504,0.14907734096050262,0.12640748918056488,0.09219311401247979,0.42690059542655945,8464,-0.17588947713375092,-0.18147720396518707,0.11941701173782349,-0.3093118786811829,-0.018718099035322695,8464,-0.1129598394036293,-0.18526093661785126,0.2559123635292053,-0.3399816542863846,0.3886215895414352
1,Day 1,5,Tray 5,DJI_20260618124331_0005,10,1,10,8464,0.20923587679862976,0.1540432572364807,0.1460159718990326,0.10590539723634722,0.45755237340927124,8464,-0.16131028532981873,-0.180352121591568,0.14143390953540802,-0.313525465130806,0.043955111131072,8464,-0.08750594407320023,-0.19415883719921112,0.3088023066520691,-0.386840358376503,0.4722212612628936
1,Day 1,5,Tray 5,DJI_20260618124331_0005,11,2,1,8464,0.24580129981040955,0.16283980011940002,0.21397340297698975,0.08846824914216997,0.5310206115245819,8464,-0.09077034145593643,-0.16296401619911194,0.21286413073539734,-0.32996582984924316,0.1982907429337501,8464,0.15063442289829254,0.21903930604457855,0.40445491671562195,-0.29120754003524774,0.6590388715267181
1,Day 1,5,Tray 5,DJI_20260618124331_0005,12,2,2,8464,0.25231167674064636,0.17696940898895264,0.16667212545871735,0.11133058667182924,0.5079683184623718,8464,-0.08999484777450562,-0.151393860578537,0.16816914081573486,-0.23025397658348085,0.13210314959287633,8464,0.16697311401367188,0.14438723027706146,0.34156709909439087,-0.20618556439876556,0.6325191259384155
1,Day 1,5,Tray 5,DJI_20260618124331_0005,13,2,3,8464,0.2940741181373596,0.27030661702156067,0.19317945837974548,0.11076738685369492,0.5322893857955933,8464,-0.048764750361442566,-0.06616386771202087,0.18699361383914948,-0.21749633252620698,0.1937758818268775,8464,0.1902628391981125,0.3271991014480591,0.3662051260471344,-0.2308385968208313,0.6357320845127106
1,Day 1,5,Tray 5,DJI_20260618124331_0005,14,2,4,8464,0.2532369792461395,0.189585879445076,0.20626558363437653,0.014149180427193646,0.516901433467865,8464,-0.10463104397058487,-0.13734203577041626,0.19821275770664215,-0.35594165325164795,0.15631438046693794,8464,0.06373246014118195,-0.1052408516407013,0.3656448423862457,-0.3923820525407791,0.5455640017986297
1,Day 1,5,Tray 5,DJI_20260618124331_0005,15,2,5,8464,0.24977996945381165,0.1846110075712204,0.20335271954536438,0.004625368909910339,0.524109160900116,8464,-0.1030079796910286,-0.14818449318408966,0.21692943572998047,-0.35573580861091614,0.21234480440616596,8464,0.023208048194646835,-0.1362375169992447,0.3588697016239166,-0.37365006804466244,0.5461892783641814
1,Day 1,5,Tray 5,DJI_20260618124331_0005,16,2,6,8464,0.2653607726097107,0.24637147784233093,0.19723118841648102,0.002722512790933253,0.5078271210193634,8464,-0.11552875488996506,-0.13605938851833344,0.1868370622396469,-0.39370373785495755,0.12604481875896453,8464,0.019616583362221718,-0.13924050331115723,0.36286479234695435,-0.43224385678768157,0.5039828479290008
1,Day 1,5,Tray 5,DJI_20260618124331_0005,17,2,7,8464,0.2350761741399765,0.1676252782344818,0.1929456740617752,0.007079002773389235,0.49716077148914334,8464,-0.14441339671611786,-0.16104337573051453,0.18629540503025055,-0.37336260378360747,0.10671759098768233,8464,-0.06471194326877594,-0.15956392884254456,0.3066041171550751,-0.4130393475294113,0.442732560634613
1,Day 1,5,Tray 5,DJI_20260618124331_0005,18,2,8,8464,0.2601297199726105,0.19465631246566772,0.19066008925437927,0.05024901852011683,0.5181498348712921,8464,-0.12444968521595001,-0.16318704187870026,0.19682592153549194,-0.38791078329086304,0.15209013819694517,8464,0.044482532888650894,-0.148345485329628,0.366338849067688,-0.4195091813802719,0.5417769551277161
1,Day 1,5,Tray 5,DJI_20260618124331_0005,19,2,9,8464,0.2137044221162796,0.16221502423286438,0.13937810063362122,0.08932337537407876,0.44965648651123047,8464,-0.16009502112865448,-0.17268040776252747,0.1325126588344574,-0.3222349613904953,0.023349333927035306,8464,-0.07446236163377762,-0.17520447075366974,0.3129331171512604,-0.41123094558715817,0.4582774609327316
1,Day 1,5,Tray 5,DJI_20260618124331_0005,20,2,10,8464,0.2281046062707901,0.15600597858428955,0.15390315651893616,0.10581583157181741,0.47384276986122126,8464,-0.1356254518032074,-0.17971454560756683,0.16146379709243774,-0.3136618375778198,0.10550864785909649,8464,0.027604570612311363,-0.17782412469387054,0.3715571165084839,-0.40785149633884427,0.5718182623386383
1,Day 1,5,Tray 5,DJI_20260618124331_0005,21,3,1,8464,0.2660905718803406,0.21922710537910461,0.22738993167877197,-0.031135082244873047,0.5445768713951111,8464,-0.08594264835119247,-0.14839330315589905,0.22861248254776,-0.4098992943763733,0.22986891865730286,8464,0.24446581304073334,0.41021913290023804,0.4125954210758209,-0.4508414566516876,0.6726664006710052
1,Day 1,5,Tray 5,DJI_20260618124331_0005,22,3,2,8464,0.27819809317588806,0.21484234929084778,0.1928948163986206,0.08272506296634674,0.5395993471145629,8464,-0.06638140976428986,-0.11983153223991394,0.1949595957994461,-0.2739985674619675,0.2120380178093909,8464,0.24169643223285675,0.34224733710289,0.3271719813346863,-0.19484141021966933,0.6278521358966828
1,Day 1,5,Tray 5,DJI_20260618124331_0005,23,3,3,8464,0.3262612819671631,0.3613724410533905,0.18412990868091583,0.11602732315659522,0.5461987018585205,8464,-0.029991937801241875,-0.0416838638484478,0.18773441016674042,-0.2453318476676941,0.22567394375801086,8464,0.31628766655921936,0.41170376539230347,0.30742505192756653,-0.16097816079854965,0.651272588968277
1,Day 1,5,Tray 5,DJI_20260618124331_0005,24,3,4,8464,0.28654441237449646,0.3357575833797455,0.20304562151432037,0.0,0.5160567998886109,8464,-0.09139817953109741,-0.08803864568471909,0.1960448920726776,-0.36252335608005526,0.1460169270634651,8464,0.1505953073501587,0.3466586470603943,0.4177306592464447,-0.44715983271598814,0.6353651881217957
1,Day 1,5,Tray 5,DJI_20260618124331_0005,25,3,5,8464,0.31174466013908386,0.40017426013946533,0.21514029800891876,-0.03252550959587097,0.5318198382854461,8464,-0.10012113302946091,-0.06909017264842987,0.20513568818569183,-0.40144204497337344,0.1473684161901474,8464,0.11582730710506439,0.3384752869606018,0.4039282202720642,-0.4552238881587982,0.5292797327041626
1,Day 1,5,Tray 5,DJI_20260618124331_0005,26,3,6,8464,0.29134154319763184,0.34123846888542175,0.1911538988351822,0.030707577057182824,0.5119745671749115,8464,-0.10605057328939438,-0.12435431778430939,0.1750740110874176,-0.35050548911094664,0.1187349408864975,8464,0.027390284463763237,-0.13466334342956543,0.3874155282974243,-0.45607195198535916,0.49894906878471373
1,Day 1,5,Tray 5,DJI_20260618124331_0005,27,3,7,8464,0.2277286946773529,0.16874060034751892,0.1864454746246338,-0.0025577882071956925,0.48201829195022583,8464,-0.15833249688148499,-0.16851043701171875,0.16476349532604218,-0.3639126718044281,0.08065727353096007,8464,-0.032471563667058945,-0.1689145863056183,0.3559405505657196,-0.431567907333374,0.4776886284351349
1,Day 1,5,Tray 5,DJI_20260618124331_0005,28,3,8,8464,0.2784186601638794,0.27227577567100525,0.20310868322849274,0.053269866481423414,0.5268323540687561,8464,-0.1043606847524643,-0.13707754015922546,0.22355131804943085,-0.4276851415634155,0.18367927074432372,8464,0.059408485889434814,0.0195784829556942,0.4113994538784027,-0.4940975308418274,0.5833601951599119
1,Day 1,5,Tray 5,DJI_20260618124331_0005,29,3,9,8464,0.2452981323003769,0.1830901801586151,0.16712407767772675,0.07807083204388619,0.4920634925365448,8464,-0.12662304937839508,-0.17689689993858337,0.17935577034950256,-0.33483549058437345,0.13458189368247986,8464,0.02914334274828434,-0.16992610692977905,0.3770357668399811,-0.3875145226716995,0.5735013723373412
1,Day 1,5,Tray 5,DJI_20260618124331_0005,30,3,10,8464,0.2592291831970215,0.1868516355752945,0.17185837030410767,0.09843205660581589,0.4966337114572525,8464,-0.10869429260492325,-0.17022261023521423,0.20511199533939362,-0.3666427075862884,0.1895353600382804,8464,0.019733324646949768,-0.16968318819999695,0.40399760007858276,-0.4763778537511825,0.583278477191925
1,Day 1,5,Tray 5,DJI_20260618124331_0005,31,4,1,8464,0.28465020656585693,0.25672411918640137,0.21491886675357819,0.020568173751235038,0.5707617342472077,8464,-0.04257510229945183,-0.06829845905303955,0.2248411923646927,-0.33399692475795745,0.2836280316114425,8464,0.17076599597930908,0.3292641341686249,0.3923893868923187,-0.3711702525615692,0.6413686037063598
1,Day 1,5,Tray 5,DJI_20260618124331_0005,32,4,2,8464,0.36027246713638306,0.41355204582214355,0.18606270849704742,0.11512922197580339,0.5662952959537506,8464,0.01334772352129221,0.01810993254184723,0.1856025904417038,-0.19994726181030273,0.26963425278663633,8464,0.33437249064445496,0.44154369831085205,0.32828018069267273,-0.20427766144275664,0.652437949180603
1,Day 1,5,Tray 5,DJI_20260618124331_0005,33,4,3,8464,0.3956226110458374,0.43615323305130005,0.17210112512111664,0.14591859132051468,0.590833306312561,8464,0.02843906357884407,0.0333607941865921,0.19230464100837708,-0.18773305267095564,0.3091188669204712,8464,0.3580457270145416,0.434445858001709,0.294991672039032,-0.15938861072063445,0.67052720785141
1,Day 1,5,Tray 5,DJI_20260618124331_0005,34,4,4,8464,0.3987125754356384,0.4431554973125458,0.17949916422367096,0.1514861896634102,0.5828585982322693,8464,0.04148782789707184,0.05882352963089943,0.20438629388809204,-0.24716221988201137,0.29868930280208583,8464,0.19698701798915863,0.3876497745513916,0.42281535267829895,-0.46267629265785215,0.6466636002063751
1,Day 1,5,Tray 5,DJI_20260618124331_0005,35,4,5,8464,0.35619276762008667,0.42049533128738403,0.19829913973808289,0.05251365974545484,0.5524704813957214,8464,-0.030268065631389618,0.009915539994835854,0.21633610129356384,-0.37762826681137085,0.23410753607749935,8464,0.1052897498011589,0.3108593225479126,0.4058842360973358,-0.463283896446228,0.536523848772049
1,Day 1,5,Tray 5,DJI_20260618124331_0005,36,4,6,8464,0.32830047607421875,0.4107796847820282,0.21582582592964172,0.023529026284813917,0.5365289151668549,8464,-0.06959716975688934,-0.030199233442544937,0.21468737721443176,-0.4245841860771179,0.17556343674659727,8464,0.06459467113018036,0.24904580414295197,0.4083951413631439,-0.4966652631759643,0.5127946853637695
1,Day 1,5,Tray 5,DJI_20260618124331_0005,37,4,7,8464,0.3047812581062317,0.36885732412338257,0.2069256752729416,0.10204348862171173,0.5285913348197937,8464,-0.08052131533622742,-0.09631171822547913,0.1933351755142212,-0.33659672141075125,0.14274533689022065,8464,-0.022241374477744102,-0.1360872983932495,0.3665914535522461,-0.49442674219608307,0.4654867351055145
1,Day 1,5,Tray 5,DJI_20260618124331_0005,38,4,8,8464,0.2822026014328003,0.260869562625885,0.1770513355731964,0.09395312517881393,0.5084281861782074,8464,-0.08921120315790176,-0.13264214992523193,0.19129322469234467,-0.32564247548580166,0.16658525168895721,8464,-0.014436081983149052,-0.12964943051338196,0.35964691638946533,-0.4510985016822815,0.4908911883831024
1,Day 1,5,Tray 5,DJI_20260618124331_0005,39,4,9,8464,0.31458860635757446,0.33874082565307617,0.15937399864196777,0.11249096915125847,0.5082219123840332,8464,-0.06253377348184586,-0.06653651595115662,0.1771477311849594,-0.28762072920799253,0.16048223227262493,8464,0.07041901350021362,-0.0033188736997544765,0.37015098333358765,-0.42501697838306424,0.5506686210632324
1,Day 1,5,Tray 5,DJI_20260618124331_0005,40,4,10,8464,0.3013615012168884,0.2876487374305725,0.17249612510204315,0.1131040595471859,0.5263448238372802,8464,-0.0638616681098938,-0.10634152591228485,0.20705974102020264,-0.31353776454925536,0.22875182330608368,8464,0.08635382354259491,-0.030610796064138412,0.41622278094291687,-0.45057499706745147,0.6434387862682343
1,Day 1,5,Tray 5,DJI_20260618124331_0005,41,5,1,8464,0.27537643909454346,0.19977998733520508,0.20242567360401154,0.06253179945051672,0.5929411172866821,8464,-0.03752938285470009,-0.12302344292402267,0.23008017241954803,-0.28743526041507717,0.34210170507431026,8464,0.060237303376197815,-0.15675362944602966,0.3603983223438263,-0.3125,0.6159549057483673
1,Day 1,5,Tray 5,DJI_20260618124331_0005,42,5,2,8464,0.3470880389213562,0.38511034846305847,0.1925066113471985,0.11645030230283737,0.5987883508205413,8464,0.030116023495793343,0.03171307593584061,0.20037473738193512,-0.1957949995994568,0.3123088777065277,8464,0.1843613237142563,0.2919663190841675,0.3487788736820221,-0.23084260225296022,0.6206609904766083
1,Day 1,5,Tray 5,DJI_20260618124331_0005,43,5,3,8464,0.38840344548225403,0.42225849628448486,0.15107424557209015,0.15134592205286027,0.5642737746238708,8464,0.06138031929731369,0.05079302191734314,0.15510256588459015,-0.143216073513031,0.27586206793785095,8464,0.2534545958042145,0.35841161012649536,0.3054722547531128,-0.18993751406669615,0.612374085187912
1,Day 1,5,Tray 5,DJI_20260618124331_0005,44,5,4,8464,0.3720761835575104,0.38823530077934265,0.1676911860704422,0.14336563497781754,0.5926501512527466,8464,0.03972388431429863,0.012280701659619808,0.17969152331352234,-0.15888862907886506,0.3058592677116394,8464,0.135736882686615,0.1756373941898346,0.37876811623573303,-0.3586595952510834,0.623709237575531
1,Day 1,5,Tray 5,DJI_20260618124331_0005,45,5,5,8464,0.34986743330955505,0.40370285511016846,0.2022620439529419,0.09237735569477082,0.5680479407310486,8464,-0.009573165327310562,0.008946020156145096,0.21479836106300354,-0.29114430248737333,0.25352708995342255,8464,0.008098154328763485,-0.12237905710935593,0.38569340109825134,-0.5033039450645447,0.5180684089660644
1,Day 1,5,Tray 5,DJI_20260618124331_0005,46,5,6,8464,0.355029433965683,0.4333750009536743,0.19720499217510223,0.07628520578145981,0.545109212398529,8464,-0.034631822258234024,-0.0007888397667557001,0.1961740255355835,-0.32432450354099274,0.18963497281074523,8464,0.04186820611357689,-0.0911669135093689,0.37777096033096313,-0.4526427686214447,0.49319568276405334
1,Day 1,5,Tray 5,DJI_20260618124331_0005,47,5,7,8464,0.3175643980503082,0.3692399859428406,0.18492843210697174,0.11496984213590622,0.5307117402553558,8464,-0.05708135664463043,-0.07844886183738708,0.18001332879066467,-0.23369837850332256,0.1700610354542732,8464,-0.02175663597881794,-0.13900285959243774,0.35041090846061707,-0.4920750558376312,0.4563002586364746
1,Day 1,5,Tray 5,DJI_20260618124331_0005,48,5,8,8464,0.3071425259113312,0.2902325689792633,0.1855989396572113,0.11244038343429566,0.5415977835655212,8464,-0.0515744574368,-0.11001099646091461,0.20613089203834534,-0.2778588831424713,0.23008566796779628,8464,0.013108941726386547,-0.15694306790828705,0.395329087972641,-0.45937275886535645,0.6330137431621551
1,Day 1,5,Tray 5,DJI_20260618124331_0005,49,5,9,8464,0.2979053854942322,0.25533297657966614,0.1640326827764511,0.11882372349500657,0.5201629400253296,8464,-0.05296868085861206,-0.1268695890903473,0.1921997368335724,-0.23542485833168028,0.2402387633919716,8464,0.033778704702854156,-0.1564529836177826,0.3887101113796234,-0.39089382290840147,0.6385699570178985
1,Day 1,5,Tray 5,DJI_20260618124331_0005,50,5,10,8464,0.2798026502132416,0.19267037510871887,0.16970829665660858,0.12691864371299744,0.5306868314743042,8464,-0.05981230363249779,-0.1492040455341339,0.2095412164926529,-0.23810027241706844,0.29559563994407634,8464,0.042841292917728424,-0.18233001232147217,0.3979710340499878,-0.3791767299175262,0.6440011858940125
1,Day 1,5,Tray 5,DJI_20260618124331_0005,51,6,1,8464,0.23330974578857422,0.1575046330690384,0.19350285828113556,0.08569229021668436,0.5562520205974577,8464,-0.08405788242816925,-0.16904452443122864,0.2175152450799942,-0.273244908452034,0.29049921631813047,8464,0.0318559892475605,-0.16683287918567657,0.3547275960445404,-0.2569227367639541,0.5997787296772003
1,Day 1,5,Tray 5,DJI_20260618124331_0005,52,6,2,8464,0.26236090064048767,0.1885087490081787,0.186637282371521,0.10412945598363876,0.5721438825130463,8464,-0.049420055001974106,-0.1279742419719696,0.20156972110271454,-0.21290132850408552,0.2913866937160492,8464,0.05815156549215317,-0.11951622366905212,0.32148802280426025,-0.23157894611358643,0.5842853248119354
1,Day 1,5,Tray 5,DJI_20260618124331_0005,53,6,3,8464,0.27984336018562317,0.23228199779987335,0.20749568939208984,0.09756097197532654,0.5880437672138213,8464,-0.0402083620429039,-0.0941566526889801,0.22255341708660126,-0.24189575910568237,0.3086651891469955,8464,0.0524178110063076,-0.12176910042762756,0.36707204580307007,-0.33289292454719543,0.6267433285713195
1,Day 1,5,Tray 5,DJI_20260618124331_0005,54,6,4,8464,0.2861783802509308,0.24989020824432373,0.20794789493083954,0.05435845814645291,0.5874811053276062,8464,-0.036731965839862823,-0.09140369296073914,0.21540692448616028,-0.2741187959909439,0.3076970607042312,8464,-0.04102582857012749,-0.15195521712303162,0.34154820442199707,-0.39284451901912687,0.5206867933273315
1,Day 1,5,Tray 5,DJI_20260618124331_0005,55,6,5,8464,0.2860059142112732,0.30426353216171265,0.2439325749874115,-0.039741935953497856,0.5841640472412108,8464,-0.0482829250395298,-0.06649419665336609,0.2528058588504791,-0.41869345903396604,0.2993330508470535,8464,0.019266394898295403,-0.12142211198806763,0.39184051752090454,-0.46958550810813904,0.5888349533081054
1,Day 1,5,Tray 5,DJI_20260618124331_0005,56,6,6,8464,0.2871611416339874,0.2759835720062256,0.19951815903186798,0.06013868562877181,0.5558905363082886,8464,-0.06688234955072403,-0.1294993758201599,0.2031530886888504,-0.3058520913124084,0.23824771940708156,8464,-0.06608682870864868,-0.15841583907604218,0.3185153007507324,-0.458948215842247,0.43805685341358186
1,Day 1,5,Tray 5,DJI_20260618124331_0005,57,6,7,8464,0.2502348721027374,0.17398658394813538,0.20211291313171387,0.043745251372456564,0.5158104658126831,8464,-0.10669773072004318,-0.14130434393882751,0.18360383808612823,-0.3736985981464386,0.13457136452198024,8464,-0.10579406470060349,-0.16170212626457214,0.2918154299259186,-0.4481222540140152,0.41194758117198943
1,Day 1,5,Tray 5,DJI_20260618124331_0005,58,6,8,8464,0.27475544810295105,0.2250019609928131,0.2062707245349884,0.033643814548850084,0.5671855509281158,8464,-0.08006295561790466,-0.14658309519290924,0.23523123562335968,-0.37416083514690396,0.28456440567970276,8464,-0.017619937658309937,-0.1693745255470276,0.379280686378479,-0.46776655316352844,0.5872092843055725
1,Day 1,5,Tray 5,DJI_20260618124331_0005,59,6,9,8464,0.2454780638217926,0.17019936442375183,0.18507514894008636,0.09604695588350297,0.5452491581439971,8464,-0.0949988141655922,-0.1691007912158966,0.20668284595012665,-0.25623878836631775,0.23772548139095306,8464,-0.050619907677173615,-0.1866125762462616,0.3460344076156616,-0.40354493260383606,0.553892195224762
1,Day 1,5,Tray 5,DJI_20260618124331_0005,60,6,10,8464,0.2446938306093216,0.1728653758764267,0.17144665122032166,0.11358157396316529,0.503171980381012,8464,-0.09413257986307144,-0.15789473056793213,0.205865278840065,-0.2797742187976837,0.23865306079387666,8464,-0.04196671023964882,-0.19419154524803162,0.3506734073162079,-0.3628107011318207,0.5712543249130249
1,Day 1,5,Tray 5,DJI_20260618124331_0005,61,7,1,8464,0.21632690727710724,0.14975431561470032,0.17472480237483978,0.0979955092072487,0.5158105373382568,8464,-0.10275830328464508,-0.1773884892463684,0.19979055225849152,-0.2414169445633888,0.2825129747390746,8464,0.00044162513222545385,-0.17740081250667572,0.3096276521682739,-0.22972972691059113,0.5292599201202393
1,Day 1,5,Tray 5,DJI_20260618124331_0005,62,7,2,8464,0.208807572722435,0.14630910754203796,0.18406547605991364,0.07920771166682246,0.5037593841552734,8464,-0.10055749863386154,-0.17365498840808868,0.21264417469501495,-0.2739580571651459,0.27638862133026104,8464,-0.04022747278213501,-0.16699914634227753,0.2952023148536682,-0.25605917572975156,0.5189735174179076
1,Day 1,5,Tray 5,DJI_20260618124331_0005,63,7,3,8464,0.31017422676086426,0.28333333134651184,0.21214799582958221,0.08642307594418527,0.6128696978092194,8464,-0.020037077367305756,-0.08609519153833389,0.247237429022789,-0.2951472848653793,0.37170785665512085,8464,0.14095862209796906,0.1935051679611206,0.4030253291130066,-0.42481382191181183,0.6705479204654694
1,Day 1,5,Tray 5,DJI_20260618124331_0005,64,7,4,8464,0.26558998227119446,0.20437273383140564,0.24573615193367004,-0.02758380938321351,0.6162340223789216,8464,-0.048557788133621216,-0.13249973952770233,0.2747078537940979,-0.3727949649095535,0.37466666102409363,8464,0.01632831059396267,-0.142259418964386,0.3828614354133606,-0.4419921189546585,0.5794822692871093
1,Day 1,5,Tray 5,DJI_20260618124331_0005,65,7,5,8464,0.20577874779701233,0.15301769971847534,0.2092663049697876,-0.019633900374174108,0.5347296178340912,8464,-0.11830323934555054,-0.15782946348190308,0.22005854547023773,-0.36295557022094727,0.2704187422990799,8464,-0.09732577949762344,-0.17360465228557587,0.31245261430740356,-0.3997703790664673,0.4953745752573012
1,Day 1,5,Tray 5,DJI_20260618124331_0005,66,7,6,8464,0.21131521463394165,0.155521959066391,0.20961862802505493,-0.05300353467464447,0.5239172399044036,8464,-0.13750764727592468,-0.15841583907604218,0.20233888924121857,-0.38414737582206726,0.16635992079973203,8464,-0.14571641385555267,-0.1787564754486084,0.27572396397590637,-0.4420035183429718,0.3657036632299423
1,Day 1,5,Tray 5,DJI_20260618124331_0005,67,7,7,8464,0.2517840564250946,0.20258311927318573,0.2312650829553604,-0.041551560163497835,0.543964421749115,8464,-0.10276070982217789,-0.15357664227485657,0.22690826654434204,-0.409558966755867,0.2138549193739891,8464,-0.1012188121676445,-0.17731618881225586,0.31305474042892456,-0.4528431624174118,0.4411063492298126
1,Day 1,5,Tray 5,DJI_20260618124331_0005,68,7,8,8464,0.20056360960006714,0.15572422742843628,0.19002744555473328,-0.020227210596203804,0.48803157508373257,8464,-0.1457306295633316,-0.17561304569244385,0.1904730200767517,-0.39207587540149685,0.13531019091606133,8464,-0.1031431257724762,-0.18655364215373993,0.3081912398338318,-0.4373845845460892,0.3873702734708786
1,Day 1,5,Tray 5,DJI_20260618124331_0005,69,7,9,8464,0.22606228291988373,0.15320676565170288,0.1979127824306488,0.057647737488150594,0.5503292679786682,8464,-0.12121009826660156,-0.18850675225257874,0.21693360805511475,-0.32680362462997437,0.22603620737791058,8464,-0.10488372296094894,-0.2028197944164276,0.3357080817222595,-0.4661654233932495,0.5183511018753051
1,Day 1,5,Tray 5,DJI_20260618124331_0005,70,7,10,8464,0.23178912699222565,0.18995702266693115,0.19643224775791168,-0.014811275526881218,0.5169139504432678,8464,-0.10408265888690948,-0.17006003856658936,0.22469037771224976,-0.3591686487197876,0.2507260680198669,8464,-0.021635787561535835,-0.17991405725479126,0.3588334918022156,-0.4003773838281631,0.557928967475891
1,Day 1,6,Tray 6,DJI_20260618124449_0006,1,1,1,8464,0.23885461688041687,0.1766122728586197,0.1744764745235443,0.12632956504821777,0.517758023738861,8464,-0.0828213319182396,-0.1663343757390976,0.21973831951618195,-0.255887445807457,0.2941381037235259,8464,0.043180279433727264,-0.16151514649391174,0.3562435209751129,-0.25248509645462036,0.6763344168663024
1,Day 1,6,Tray 6,DJI_20260618124449_0006,2,1,2,8464,0.24607941508293152,0.18228653073310852,0.16460064053535461,0.11051574349403381,0.5116516530513764,8464,-0.0769619345664978,-0.15035244822502136,0.21073871850967407,-0.2615173369646072,0.25058903694152834,8464,0.08636538684368134,-0.09822826087474823,0.339839369058609,-0.2189313918352127,0.6505376100540161
1,Day 1,6,Tray 6,DJI_20260618124449_0006,3,1,3,8464,0.2697204351425171,0.1932031512260437,0.16983291506767273,0.1299671322107315,0.5235623240470886,8464,-0.06725969910621643,-0.13138742744922638,0.1908726841211319,-0.2386545106768608,0.19376538693904877,8464,0.12909658253192902,-0.00676183495670557,0.33665594458580017,-0.1841591641306877,0.6374973952770233
1,Day 1,6,Tray 6,DJI_20260618124449_0006,4,1,4,8464,0.3139707148075104,0.27372682094573975,0.20598259568214417,0.08590308576822281,0.5586270272731781,8464,-0.04692838713526726,-0.11096957325935364,0.25263404846191406,-0.3628277480602264,0.291596096754074,8464,0.11498891562223434,0.06662749499082565,0.3947761356830597,-0.40263745188713074,0.6325252354145049
1,Day 1,6,Tray 6,DJI_20260618124449_0006,5,1,5,8464,0.3005158603191376,0.29935330152511597,0.17698797583580017,0.09096494540572167,0.5195770859718323,8464,-0.08520081639289856,-0.09012843668460846,0.19841276109218597,-0.35456999540328976,0.15124772191047667,8464,0.1390141099691391,0.21741551160812378,0.36990126967430115,-0.37971699237823486,0.5842450857162476
1,Day 1,6,Tray 6,DJI_20260618124449_0006,6,1,6,8464,0.21453319489955902,0.1772773414850235,0.1898149996995926,-0.0024518507067113958,0.4938634216785431,8464,-0.14807787537574768,-0.16451016068458557,0.22152216732501984,-0.42434781789779663,0.16052291691303244,8464,-0.05805346369743347,-0.16051675379276276,0.33748990297317505,-0.4173842459917068,0.4840538501739502
1,Day 1,6,Tray 6,DJI_20260618124449_0006,7,1,7,8464,0.2063305526971817,0.1749749779701233,0.18969787657260895,-0.008039951883256418,0.48695799708366394,8464,-0.1600639969110489,-0.1741453856229782,0.2270570993423462,-0.4620952904224396,0.17818707525730126,8464,-0.11533241719007492,-0.17268040776252747,0.30123960971832275,-0.44378243684768676,0.4326762557029724
1,Day 1,6,Tray 6,DJI_20260618124449_0006,8,1,8,8464,0.23968331515789032,0.181458979845047,0.16955046355724335,0.07275857403874397,0.5098077595233916,8464,-0.15438029170036316,-0.18081393837928772,0.19493018090724945,-0.3764273554086685,0.17404817044734955,8464,-0.13343293964862823,-0.1895424872636795,0.2523704767227173,-0.37893175780773164,0.37405216097831717
1,Day 1,6,Tray 6,DJI_20260618124449_0006,9,1,9,8464,0.20438487827777863,0.17980793118476868,0.12999309599399567,0.1114790327847004,0.4166406124830246,8464,-0.17914864420890808,-0.18078680336475372,0.1558654010295868,-0.32368277609348295,-0.032721050083637314,8464,-0.14934787154197693,-0.19736842811107635,0.24166613817214966,-0.355400025844574,0.24804651439189876
1,Day 1,6,Tray 6,DJI_20260618124449_0006,10,1,10,8464,0.19618342816829681,0.18201857805252075,0.09607400000095367,0.12873799800872807,0.31864672899246216,8464,-0.1805383861064911,-0.18028734624385834,0.1257706582546234,-0.3006138294935226,-0.08398108631372452,8464,-0.11380719393491745,-0.19759589433670044,0.26401641964912415,-0.31811205148696897,0.384215697646141
1,Day 1,6,Tray 6,DJI_20260618124449_0006,11,2,1,8464,0.24274393916130066,0.1800052374601364,0.18032434582710266,0.0838587649166584,0.5260855793952942,8464,-0.09698715060949326,-0.15710653364658356,0.18886452913284302,-0.2812614291906357,0.19613416492938995,8464,0.13708817958831787,-0.03459019213914871,0.3865109384059906,-0.2782893776893616,0.6914706528186798
1,Day 1,6,Tray 6,DJI_20260618124449_0006,12,2,2,8464,0.2734415531158447,0.18908491730690002,0.20764243602752686,0.05955496430397035,0.5424163818359375,8464,-0.070170558989048,-0.1424187421798706,0.22958184778690338,-0.33788554370403284,0.2288263991475105,8464,0.2084457278251648,0.3186979591846466,0.37850987911224365,-0.215219908952713,0.7219980597496033
1,Day 1,6,Tray 6,DJI_20260618124449_0006,13,2,3,8464,0.3010588586330414,0.22773176431655884,0.1787874847650528,0.14247254580259325,0.5406607389450073,8464,-0.0421554334461689,-0.11702127754688263,0.213602215051651,-0.2784345775842666,0.2474503144621849,8464,0.2260245680809021,0.3188372254371643,0.35993579030036926,-0.1703134983778,0.6949281096458435
1,Day 1,6,Tray 6,DJI_20260618124449_0006,14,2,4,8464,0.3360444903373718,0.35011088848114014,0.17981572449207306,0.134576253592968,0.544279259443283,8464,-0.03612983971834183,-0.04088194668292999,0.2074909210205078,-0.31508819460868837,0.22251097708940507,8464,0.20503850281238556,0.33942121267318726,0.39035728573799133,-0.3571251094341278,0.6791997730731963
1,Day 1,6,Tray 6,DJI_20260618124449_0006,15,2,5,8464,0.2852976620197296,0.26088595390319824,0.1991427093744278,0.034237427636981024,0.5282308459281921,8464,-0.08014699071645737,-0.1340348869562149,0.23829275369644165,-0.3805910050868988,0.231397008895874,8464,0.1324082463979721,0.16365021467208862,0.39931246638298035,-0.40018869042396543,0.6608190357685089
1,Day 1,6,Tray 6,DJI_20260618124449_0006,16,2,6,8464,0.27968621253967285,0.2761985659599304,0.2109241634607315,-0.00028288541943766177,0.5539732217788695,8464,-0.11698538064956665,-0.1693081110715866,0.2695480287075043,-0.43965445160865785,0.3049840599298477,8464,0.028976578265428543,-0.0507308691740036,0.39425408840179443,-0.48146810233592985,0.5584020853042603
1,Day 1,6,Tray 6,DJI_20260618124449_0006,17,2,7,8464,0.28705063462257385,0.2769085764884949,0.21278835833072662,0.025959977880120277,0.5327373623847962,8464,-0.10794369876384735,-0.15727002918720245,0.2425696849822998,-0.48718016147613524,0.20492525547742843,8464,0.025645170360803604,-0.14689819514751434,0.39321887493133545,-0.5288847625255585,0.5096116781234741
1,Day 1,6,Tray 6,DJI_20260618124449_0006,18,2,8,8464,0.24810144305229187,0.18856550753116608,0.1690695434808731,0.050238906219601635,0.4976509749889374,8464,-0.16205832362174988,-0.17926566302776337,0.18207810819149017,-0.39332106709480286,0.12488605082035065,8464,-0.07802897691726685,-0.1745595633983612,0.3101845383644104,-0.45284901559352875,0.42597728967666626
1,Day 1,6,Tray 6,DJI_20260618124449_0006,19,2,9,8464,0.247347891330719,0.18814271688461304,0.15697671473026276,0.11393073946237564,0.4943477004766464,8464,-0.15840454399585724,-0.17919999361038208,0.18208132684230804,-0.4122732162475586,0.13126689195632935,8464,-0.05935871601104736,-0.1824066936969757,0.3299831449985504,-0.4957174867391586,0.4642857015132904
1,Day 1,6,Tray 6,DJI_20260618124449_0006,20,2,10,8464,0.21842670440673828,0.18702007830142975,0.13332173228263855,0.11401556208729746,0.4439975053071975,8464,-0.1571284979581833,-0.17614537477493286,0.18234097957611084,-0.37381115555763245,0.086495205014944,8464,-0.06578580290079117,-0.1655588150024414,0.3191187381744385,-0.4194142520427704,0.5018181800842285
1,Day 1,6,Tray 6,DJI_20260618124449_0006,21,3,1,8464,0.30322712659835815,0.20555591583251953,0.22180765867233276,0.05849565677344799,0.5902859628200531,8464,-0.03813387081027031,-0.14289861917495728,0.2411775141954422,-0.31355252861976624,0.29653137624263753,8464,0.22819513082504272,0.3707035183906555,0.4101565182209015,-0.30705395340919495,0.720634537935257
1,Day 1,6,Tray 6,DJI_20260618124449_0006,22,3,2,8464,0.3502621054649353,0.35105061531066895,0.20886215567588806,0.12733884751796723,0.6220391452312468,8464,0.03034215234220028,-0.011065548285841942,0.2452831268310547,-0.23454929888248444,0.403726840019226,8464,0.29470157623291016,0.4213677644729614,0.3652747869491577,-0.21960894763469696,0.7358366250991821
1,Day 1,6,Tray 6,DJI_20260618124449_0006,23,3,3,8464,0.33051928877830505,0.32810816168785095,0.19582007825374603,0.13314661234617234,0.5588762760162354,8464,0.005501362960785627,-0.0032031540758907795,0.2341930866241455,-0.2194550797343254,0.293315178155899,8464,0.23055735230445862,0.3000277280807495,0.37101519107818604,-0.20814278721809387,0.699962854385376
1,Day 1,6,Tray 6,DJI_20260618124449_0006,24,3,4,8464,0.35202550888061523,0.4297197759151459,0.222758948802948,0.09423810988664627,0.5719174683094025,8464,-0.001222924212925136,0.05484330654144287,0.24927444756031036,-0.3441885411739349,0.27055448293685913,8464,0.2390037328004837,0.41574686765670776,0.41697466373443604,-0.4512619823217392,0.6891662180423737
1,Day 1,6,Tray 6,DJI_20260618124449_0006,25,3,5,8464,0.3676702678203583,0.44965776801109314,0.21055547893047333,0.05655513517558577,0.5676489233970642,8464,-0.006658521480858326,0.04693857952952385,0.2534257769584656,-0.37861681878566744,0.2689738869667053,8464,0.2260419875383377,0.4269140362739563,0.4210774302482605,-0.47537561058998107,0.6613502383232116
1,Day 1,6,Tray 6,DJI_20260618124449_0006,26,3,6,8464,0.35275453329086304,0.42714282870292664,0.18855631351470947,0.064051054418087,0.5390440642833709,8464,-0.0510457381606102,0.0014121085405349731,0.23105403780937195,-0.37649062275886536,0.216573803126812,8464,0.09133356064558029,0.3061889111995697,0.4254045784473419,-0.4842185229063034,0.5488034844398498
1,Day 1,6,Tray 6,DJI_20260618124449_0006,27,3,7,8464,0.34090420603752136,0.420682817697525,0.19140787422657013,0.0985116958618164,0.5397489666938782,8464,-0.07038138061761856,-0.09687184542417526,0.2333022952079773,-0.40236909687519073,0.20533069968223572,8464,0.010130655020475388,-0.15254713594913483,0.3971474766731262,-0.5057914853096008,0.5009147584438324
1,Day 1,6,Tray 6,DJI_20260618124449_0006,28,3,8,8464,0.26057571172714233,0.2040260136127472,0.2028699815273285,0.0342429094016552,0.520092123746872,8464,-0.1439751237630844,-0.17554183304309845,0.22262780368328094,-0.46651276051998136,0.16547277122735976,8464,-0.10212058573961258,-0.19040697813034058,0.3335145115852356,-0.519338196516037,0.4408991873264313
1,Day 1,6,Tray 6,DJI_20260618124449_0006,29,3,9,8464,0.24183928966522217,0.1955842524766922,0.1765480935573578,0.0985985964536667,0.47566717863082886,8464,-0.1584010124206543,-0.17855247855186462,0.19202406704425812,-0.36853470504283903,0.11783832311630246,8464,-0.10118769109249115,-0.19669552147388458,0.3253996968269348,-0.47548546791076657,0.4356385648250579
1,Day 1,6,Tray 6,DJI_20260618124449_0006,30,3,10,8464,0.24473263323307037,0.1967654973268509,0.15530015528202057,0.10628596395254138,0.48422832190990445,8464,-0.13054384291172028,-0.17248700559139252,0.18477705121040344,-0.33380483388900756,0.14107975512742993,8464,-0.05406679958105087,-0.18141961097717285,0.3276826739311218,-0.3843564987182617,0.49931877851486184
1,Day 1,6,Tray 6,DJI_20260618124449_0006,31,4,1,8464,0.32247716188430786,0.2476302683353424,0.22635716199874878,0.07132673859596253,0.6346029579639434,8464,-0.0005618232535198331,-0.05472595989704132,0.2505218982696533,-0.30637961626052856,0.36910543739795676,8464,0.19900767505168915,0.33746832609176636,0.4193180501461029,-0.3395575165748596,0.7114343822002411
1,Day 1,6,Tray 6,DJI_20260618124449_0006,32,4,2,8464,0.3734859824180603,0.4491758346557617,0.21489912271499634,0.1308620512485504,0.649484783411026,8464,0.05874502658843994,0.07981432974338531,0.23894871771335602,-0.2017079308629036,0.4457595318555831,8464,0.31018972396850586,0.4480992555618286,0.365034818649292,-0.20862417817115783,0.731296157836914
1,Day 1,6,Tray 6,DJI_20260618124449_0006,33,4,3,8464,0.37727090716362,0.40201810002326965,0.1853245496749878,0.15136901587247847,0.6183485150337219,8464,0.06719640642404556,0.06253986060619354,0.20106744766235352,-0.1663343757390976,0.36421646177768696,8464,0.22034107148647308,0.3183639645576477,0.35414382815361023,-0.2357997491955757,0.6776354789733887
1,Day 1,6,Tray 6,DJI_20260618124449_0006,34,4,4,8464,0.44200053811073303,0.4804849624633789,0.1591203212738037,0.189069028198719,0.6031733155250549,8464,0.10447876155376434,0.11056402325630188,0.19477804005146027,-0.1341212123632431,0.3507346957921981,8464,0.35118988156318665,0.46999573707580566,0.34207773208618164,-0.19606243669986723,0.7132321953773498
1,Day 1,6,Tray 6,DJI_20260618124449_0006,35,4,5,8464,0.42010241746902466,0.47050631046295166,0.20690666139125824,0.15011910051107408,0.6301848888397217,8464,0.07219553738832474,0.12026137113571167,0.2633659243583679,-0.32921009957790365,0.3981748580932617,8464,0.16033098101615906,0.3779170513153076,0.4314501881599426,-0.498079389333725,0.6074909329414367
1,Day 1,6,Tray 6,DJI_20260618124449_0006,36,4,6,8464,0.42865434288978577,0.4943428039550781,0.19995518028736115,0.15796371996402742,0.6093138217926025,8464,0.06118476763367653,0.1325484812259674,0.26362287998199463,-0.3824250966310501,0.33242964446544643,8464,0.1516200453042984,0.40146589279174805,0.4393802881240845,-0.5299831628799438,0.5752118706703185
1,Day 1,6,Tray 6,DJI_20260618124449_0006,37,4,7,8464,0.3610432744026184,0.42200326919555664,0.20188449323177338,0.1293986827135086,0.5734546184539795,8464,-0.021752730011940002,-0.048094939440488815,0.2506851255893707,-0.33738772571086884,0.2788059711456299,8464,-0.0016475347802042961,-0.15514808893203735,0.37331685423851013,-0.4562007784843445,0.5053264379501342
1,Day 1,6,Tray 6,DJI_20260618124449_0006,38,4,8,8464,0.3412878215312958,0.3103064000606537,0.1750742495059967,0.1526966094970703,0.5599836587905884,8464,-0.06908445060253143,-0.1505156010389328,0.20043350756168365,-0.296638286113739,0.2255739942193031,8464,-0.0037984848022460938,-0.16616830229759216,0.3837665915489197,-0.4660072147846222,0.5304450869560242
1,Day 1,6,Tray 6,DJI_20260618124449_0006,39,4,9,8464,0.32019954919815063,0.2299584448337555,0.17727194726467133,0.15456812530755998,0.5485122799873352,8464,-0.05397147685289383,-0.1544005274772644,0.2394597828388214,-0.32424763441085813,0.2664274424314499,8464,0.03156987205147743,-0.1768488734960556,0.421975314617157,-0.4867289662361145,0.6520474910736084
1,Day 1,6,Tray 6,DJI_20260618124449_0006,40,4,10,8464,0.27768802642822266,0.202610582113266,0.16971471905708313,0.14304823130369188,0.5346474945545197,8464,-0.10614391416311264,-0.1647767424583435,0.20165987312793732,-0.2985339671373367,0.20485648363828657,8464,-0.06070389226078987,-0.18689729273319244,0.35200294852256775,-0.44330736994743347,0.5838848292827606
1,Day 1,6,Tray 6,DJI_20260618124449_0006,41,5,1,8464,0.3075476288795471,0.19354186952114105,0.22415027022361755,0.11707969456911087,0.6102035045623779,8464,0.001354535692371428,-0.13325031101703644,0.2542398273944855,-0.27431151270866394,0.4024536758661269,8464,0.10377056896686554,-0.12442821264266968,0.3888268768787384,-0.2950664162635803,0.7071451544761658
1,Day 1,6,Tray 6,DJI_20260618124449_0006,42,5,2,8464,0.32831382751464844,0.23615315556526184,0.2145823985338211,0.13223452121019363,0.6234038174152374,8464,0.03134625405073166,-0.0631696879863739,0.24115949869155884,-0.18214861154556275,0.3914997339248657,8464,0.13324929773807526,-0.08851265162229538,0.3705849051475525,-0.22525008022785187,0.6827263355255125
1,Day 1,6,Tray 6,DJI_20260618124449_0006,43,5,3,8464,0.37885338068008423,0.425571471452713,0.1931338906288147,0.1571076586842537,0.6201270103454589,8464,0.07082616537809372,0.0699373185634613,0.19667361676692963,-0.14609572291374207,0.3427340447902679,8464,0.21597401797771454,0.3263293206691742,0.3443348705768585,-0.17991451919078827,0.6364473462104797
1,Day 1,6,Tray 6,DJI_20260618124449_0006,44,5,4,8464,0.37230050563812256,0.39277321100234985,0.1832663118839264,0.1531344786286354,0.6119625806808472,8464,0.044571250677108765,0.030756575986742973,0.1927865892648697,-0.16814863979816436,0.3066072642803192,8464,0.12156666070222855,0.06179070100188255,0.38651764392852783,-0.3891076147556305,0.6107334494590759
1,Day 1,6,Tray 6,DJI_20260618124449_0006,45,5,5,8464,0.4057775139808655,0.47226130962371826,0.1855279803276062,0.15987024307250977,0.6071642279624939,8464,0.06317846477031708,0.0895659476518631,0.18894094228744507,-0.1678311675786972,0.299544221162796,8464,0.1290552318096161,0.03428427129983902,0.39075377583503723,-0.3666234314441681,0.6207431972026825
1,Day 1,6,Tray 6,DJI_20260618124449_0006,46,5,6,8464,0.41953808069229126,0.4819316267967224,0.19750311970710754,0.1543836742639542,0.6124043703079224,8464,0.05192058905959129,0.0985463336110115,0.23852211236953735,-0.2762894660234451,0.31274893879890436,8464,0.09552358835935593,0.20383942127227783,0.39379435777664185,-0.4939632833003998,0.521830290555954
1,Day 1,6,Tray 6,DJI_20260618124449_0006,47,5,7,8464,0.3666553497314453,0.4171762764453888,0.2089640498161316,0.129066626727581,0.6183967888355255,8464,-0.02182672917842865,-0.09715571999549866,0.2517061233520508,-0.3270045965909958,0.3383409589529037,8464,-0.016658976674079895,-0.15694306790828705,0.3610582947731018,-0.45931208729743955,0.5103668630123138
1,Day 1,6,Tray 6,DJI_20260618124449_0006,48,5,8,8464,0.3310632109642029,0.2405063360929489,0.19272975623607635,0.14715580642223358,0.572930121421814,8464,-0.06086452677845955,-0.15808823704719543,0.21874819695949554,-0.27635219097137453,0.23727816194295878,8464,-0.04592787101864815,-0.17520447075366974,0.3506315350532532,-0.46835450530052186,0.49210084080696104
1,Day 1,6,Tray 6,DJI_20260618124449_0006,49,5,9,8464,0.3273710608482361,0.23029501736164093,0.17504438757896423,0.15835409015417098,0.5631673038005829,8464,-0.07272978127002716,-0.15911731123924255,0.1890890896320343,-0.2384500801563263,0.20410367846488947,8464,-0.048959702253341675,-0.18369705975055695,0.3434290587902069,-0.441045355796814,0.4891873240470886
1,Day 1,6,Tray 6,DJI_20260618124449_0006,50,5,10,8464,0.290966659784317,0.20910942554473877,0.1517731249332428,0.16728561520576476,0.5233441710472106,8464,-0.07752908766269684,-0.1645171046257019,0.18371595442295074,-0.22299109399318695,0.20806581825017928,8464,-0.02255106158554554,-0.19111983478069305,0.34692564606666565,-0.32310666143894196,0.5637315332889556
1,Day 1,6,Tray 6,DJI_20260618124449_0006,51,6,1,8464,0.2552832067012787,0.1753844916820526,0.19503317773342133,0.12056614980101588,0.5935626566410065,8464,-0.06225115805864334,-0.15580016374588013,0.23060068488121033,-0.2344446584582328,0.3874923348426818,8464,0.00923765916377306,-0.148345485329628,0.32396069169044495,-0.267213374376297,0.5955009996891021
1,Day 1,6,Tray 6,DJI_20260618124449_0006,52,6,2,8464,0.2562764585018158,0.18131959438323975,0.1888958066701889,0.10767033621668816,0.5711340308189392,8464,-0.050074502825737,-0.14598910510540009,0.22782078385353088,-0.23990861922502515,0.3835340023040771,8464,0.019153423607349396,-0.13876529037952423,0.3012872040271759,-0.21563189327716825,0.5525160729885099
1,Day 1,6,Tray 6,DJI_20260618124449_0006,53,6,3,8464,0.3337289094924927,0.2588757574558258,0.2224418669939041,0.1383427381515503,0.631313145160675,8464,0.024366991594433784,-0.04718057066202164,0.2554760277271271,-0.19352957606315613,0.4155193626880645,8464,0.14853990077972412,0.08685792982578278,0.3806334435939789,-0.28189282715320585,0.6855229139328003
1,Day 1,6,Tray 6,DJI_20260618124449_0006,54,6,4,8464,0.34212905168533325,0.316352903842926,0.22223582863807678,0.10515202656388282,0.6191112399101257,8464,0.013679878786206245,-0.04159209132194519,0.25336045026779175,-0.2993352383375168,0.37705926299095155,8464,0.05360066890716553,-0.07787668704986572,0.3489452302455902,-0.349673119187355,0.5719711184501648
1,Day 1,6,Tray 6,DJI_20260618124449_0006,55,6,5,8464,0.31369152665138245,0.31011608242988586,0.26528558135032654,0.010805199760943655,0.6335460841655731,8464,-0.02774679847061634,-0.07039099931716919,0.29495441913604736,-0.4145794332027435,0.3817016392946243,8464,0.04919622093439102,-0.08673833310604095,0.4221701920032501,-0.4901720255613327,0.6397276163101195
1,Day 1,6,Tray 6,DJI_20260618124449_0006,56,6,6,8464,0.3507559299468994,0.4012208878993988,0.22520215809345245,0.07228330671787263,0.6055541396141052,8464,-0.01361018419265747,0.0,0.26770615577697754,-0.370745512843132,0.32754609882831565,8464,0.06228763237595558,-0.046045251190662384,0.41737714409828186,-0.46400147676467896,0.6102827787399292
1,Day 1,6,Tray 6,DJI_20260618124449_0006,57,6,7,8464,0.3032977879047394,0.2511627972126007,0.21019673347473145,0.05621549226343636,0.5679851770401001,8464,-0.07467692345380783,-0.15563850104808807,0.22351425886154175,-0.3297162741422653,0.23042763620615003,8464,-0.07824195921421051,-0.17385244369506836,0.3032398819923401,-0.4026298612356186,0.45838651359081267
1,Day 1,6,Tray 6,DJI_20260618124449_0006,58,6,8,8464,0.29098111391067505,0.2067950814962387,0.22176572680473328,0.08448502942919735,0.5744568049907683,8464,-0.09007371962070465,-0.16944126784801483,0.24857740104198456,-0.38328406810760496,0.26321021616458895,8464,-0.05824057385325432,-0.18352600932121277,0.3600901663303375,-0.49711723923683165,0.5017115056514739
1,Day 1,6,Tray 6,DJI_20260618124449_0006,59,6,9,8464,0.27887946367263794,0.20639410614967346,0.19559775292873383,0.13031359016895294,0.5460894167423248,8464,-0.11132250726222992,-0.17422859370708466,0.21206384897232056,-0.33550190925598145,0.1964002102613449,8464,-0.11596254259347916,-0.19474835693836212,0.2963215410709381,-0.4667074173688889,0.4279901415109634
1,Day 1,6,Tray 6,DJI_20260618124449_0006,60,6,10,8464,0.2508409917354584,0.1952468454837799,0.1601303666830063,0.12398991212248803,0.5210070431232452,8464,-0.12208914756774902,-0.16826991736888885,0.1719961166381836,-0.27851117253303526,0.13458379507064816,8464,-0.12095967680215836,-0.19870002567768097,0.2544802725315094,-0.32245302200317383,0.32324600815773
1,Day 1,6,Tray 6,DJI_20260618124449_0006,61,7,1,8464,0.22604107856750488,0.17176222801208496,0.18474255502223969,0.05467372015118599,0.5484261631965637,8464,-0.1060972586274147,-0.17050164937973022,0.2227957397699356,-0.3092897266149521,0.3021860241889953,8464,0.059351880103349686,-0.15100696682929993,0.3539517819881439,-0.2458662077784538,0.6585527777671814
1,Day 1,6,Tray 6,DJI_20260618124449_0006,62,7,2,8464,0.25512295961380005,0.1775398850440979,0.1948409527540207,0.10544955208897591,0.565891444683075,8464,-0.07554906606674194,-0.15743358433246613,0.21858175098896027,-0.2677171915769577,0.31182339787483215,8464,0.04872426018118858,-0.14066852629184723,0.33610662817955017,-0.22630527913570403,0.6484886407852173
1,Day 1,6,Tray 6,DJI_20260618124449_0006,63,7,3,8464,0.2642814815044403,0.19035185873508453,0.20659883320331573,0.08382820114493371,0.5967446565628052,8464,-0.07798028737306595,-0.145454540848732,0.22857601940631866,-0.30974263548851005,0.2827311873435973,8464,0.028761064633727074,-0.10972798615694046,0.3326530456542969,-0.30247825384140015,0.5787440359592436
1,Day 1,6,Tray 6,DJI_20260618124449_0006,64,7,4,8464,0.2635067105293274,0.19076955318450928,0.22944998741149902,-0.0007723071146756388,0.5820181012153625,8464,-0.06927820295095444,-0.1343662291765213,0.25499600172042847,-0.38748462200164796,0.316977858543396,8464,0.03688397631049156,-0.10705950856208801,0.3625398874282837,-0.41132517755031583,0.5975455582141875
1,Day 1,6,Tray 6,DJI_20260618124449_0006,65,7,5,8464,0.20438553392887115,0.1837550550699234,0.23678459227085114,-0.055607456713914837,0.5308566272258758,8464,-0.1262650340795517,-0.14818449318408966,0.2641271948814392,-0.4493488699197769,0.2748663574457167,8464,-0.0797765851020813,-0.1519797444343567,0.3345297873020172,-0.4418749213218689,0.4743660628795623
1,Day 1,6,Tray 6,DJI_20260618124449_0006,66,7,6,8464,0.2636165916919708,0.24589446187019348,0.28159791231155396,-0.1577680185437202,0.6138558149337768,8464,-0.08436966687440872,-0.1381588578224182,0.29446661472320557,-0.5487897396087646,0.3184402883052826,8464,-0.0005125399911776185,-0.1468178927898407,0.4069732427597046,-0.5498741686344146,0.5630612313747405
1,Day 1,6,Tray 6,DJI_20260618124449_0006,67,7,7,8464,0.25535112619400024,0.22147539258003235,0.2847140431404114,-0.18288822770118712,0.6155126929283142,8464,-0.08720389008522034,-0.16765637695789337,0.3163723945617676,-0.5624734997749329,0.35607572197914117,8464,-0.04862816631793976,-0.18335500359535217,0.39744094014167786,-0.5629238426685333,0.5239294767379761
1,Day 1,6,Tray 6,DJI_20260618124449_0006,68,7,8,8464,0.23717261850833893,0.1789611577987671,0.22261273860931396,-0.030674846842885017,0.604205870628357,8464,-0.14053142070770264,-0.19266055524349213,0.2336064726114273,-0.4103436410427094,0.2514077126979828,8464,-0.1566847860813141,-0.20849934220314026,0.26704949140548706,-0.4353765338659286,0.34120917320251465
1,Day 1,6,Tray 6,DJI_20260618124449_0006,69,7,9,8464,0.23065054416656494,0.17826677858829498,0.1952526867389679,0.04533983990550041,0.5558441281318665,8464,-0.1529887616634369,-0.19381819665431976,0.2062547504901886,-0.3690508663654327,0.18625388294458378,8464,-0.1680724173784256,-0.21249809861183167,0.238022118806839,-0.4161584943532944,0.1860398039221761
1,Day 1,6,Tray 6,DJI_20260618124449_0006,70,7,10,8464,0.21795694530010223,0.18411758542060852,0.18338412046432495,0.0003067343088332568,0.47606251835823055,8464,-0.16248349845409393,-0.18394885957241058,0.17812798917293549,-0.38543827533721925,0.08572585955262178,8464,-0.15379998087882996,-0.20900335907936096,0.25220680236816406,-0.43853732049465177,0.22934219092130653
1,Day 1,7,Tray 7,DJI_20260618124541_0007,1,1,1,8464,0.22965320944786072,0.1665439009666443,0.17371347546577454,0.0938260205090046,0.49603011608123776,8464,-0.126410111784935,-0.17768406867980957,0.17906570434570312,-0.3253379762172699,0.129451185464859,8464,0.05280602350831032,-0.174361914396286,0.3921682834625244,-0.39349103868007657,0.658464252948761
1,Day 1,7,Tray 7,DJI_20260618124541_0007,2,1,2,8464,0.27108222246170044,0.18249616026878357,0.18749558925628662,0.11615200340747833,0.5311378180980683,8464,-0.07582542300224304,-0.15681135654449463,0.19124175608158112,-0.232876718044281,0.212363900244236,8464,0.12202935665845871,0.0465666837990284,0.3563080132007599,-0.2387086525559425,0.6044489145278931
1,Day 1,7,Tray 7,DJI_20260618124541_0007,3,1,3,8464,0.2786950469017029,0.186881422996521,0.1674146056175232,0.13035677522420883,0.5429740905761719,8464,-0.06651526689529419,-0.143216073513031,0.16416038572788239,-0.21124040484428402,0.1787627935409546,8464,0.1450241208076477,0.05089043080806732,0.3323383331298828,-0.18388528674840926,0.629143464565277
1,Day 1,7,Tray 7,DJI_20260618124541_0007,4,1,4,8464,0.31726452708244324,0.29492929577827454,0.1910167783498764,0.12604570239782334,0.5615486085414886,8464,-0.05494252219796181,-0.11771713197231293,0.20254725217819214,-0.33778114914894103,0.22309711575508118,8464,0.15899893641471863,0.1430647224187851,0.39426594972610474,-0.37742627561092373,0.6531707108020782
1,Day 1,7,Tray 7,DJI_20260618124541_0007,5,1,5,8464,0.2987280786037445,0.33032357692718506,0.21881721913814545,0.06275458559393886,0.5385221481323242,8464,-0.06998830288648605,-0.053707342594861984,0.23919811844825745,-0.4446232467889785,0.21925601810216905,8464,0.10931266099214554,0.1136406734585762,0.41935911774635315,-0.48178884088993074,0.613991504907608
1,Day 1,7,Tray 7,DJI_20260618124541_0007,6,1,6,8464,0.2609013319015503,0.19062045216560364,0.20028285682201385,0.02506439853459597,0.5269657790660858,8464,-0.12279447168111801,-0.15547403693199158,0.21853207051753998,-0.4052848219871521,0.17396188378334038,8464,-0.0018230517162010074,-0.15270936489105225,0.3544124364852905,-0.4030459374189377,0.5163540959358215
1,Day 1,7,Tray 7,DJI_20260618124541_0007,7,1,7,8464,0.22036194801330566,0.161904975771904,0.17945356667041779,0.03987587355077267,0.49869503676891325,8464,-0.16455335915088654,-0.1635175496339798,0.18440955877304077,-0.4172002077102661,0.1074568673968315,8464,-0.10002334415912628,-0.16616830229759216,0.29205572605133057,-0.3988621085882187,0.4559485673904419
1,Day 1,7,Tray 7,DJI_20260618124541_0007,8,1,8,8464,0.1983102262020111,0.15829956531524658,0.16961878538131714,0.052844613790512085,0.47272340655326844,8464,-0.17490477859973907,-0.1720091551542282,0.1897493451833725,-0.41685297787189485,0.09904665425419808,8464,-0.13871318101882935,-0.17419354617595673,0.2750422954559326,-0.4420291930437088,0.380344998836517
1,Day 1,7,Tray 7,DJI_20260618124541_0007,9,1,9,8464,0.18422962725162506,0.16004495322704315,0.13610303401947021,0.08732832223176956,0.3692024677991867,8464,-0.17764054238796234,-0.18712857365608215,0.15658633410930634,-0.3226594716310501,-0.0024276378098875284,8464,-0.09930217266082764,-0.18936973810195923,0.3139106333255768,-0.3519939422607422,0.5207803547382354
1,Day 1,7,Tray 7,DJI_20260618124541_0007,10,1,10,8464,0.17632563412189484,0.16169676184654236,0.09375586360692978,0.11384792476892472,0.26953878998756403,8464,-0.18176241219043732,-0.1927684247493744,0.11949875205755234,-0.2879318833351135,-0.034712513536214885,8464,-0.09163572639226913,-0.19755005836486816,0.2706177234649658,-0.2934302091598511,0.43061673641204834
1,Day 1,7,Tray 7,DJI_20260618124541_0007,11,2,1,8464,0.255919873714447,0.16992482542991638,0.19894134998321533,0.053836281597614305,0.5740380346775055,8464,-0.11131846904754639,-0.17773942649364471,0.200807586312294,-0.35970322191715237,0.21008403599262238,8464,0.14580410718917847,-0.013633265160024166,0.43968814611434937,-0.4191220134496689,0.6921539306640625
1,Day 1,7,Tray 7,DJI_20260618124541_0007,12,2,2,8464,0.31106969714164734,0.29983991384506226,0.1902780681848526,0.10602720528841018,0.5528908908367157,8464,-0.06150581315159798,-0.09616005420684814,0.18480366468429565,-0.2682539731264114,0.18834919780492776,8464,0.2680113911628723,0.4145246148109436,0.35353487730026245,-0.216775344312191,0.6592592597007751
1,Day 1,7,Tray 7,DJI_20260618124541_0007,13,2,3,8464,0.31907257437705994,0.30169492959976196,0.18753144145011902,0.1277976378798485,0.5628928244113922,8464,-0.03263584151864052,-0.05580928549170494,0.19361481070518494,-0.19303900003433228,0.21828619837760924,8464,0.29442423582077026,0.40404146909713745,0.33094269037246704,-0.16334145218133928,0.671702754497528
1,Day 1,7,Tray 7,DJI_20260618124541_0007,14,2,4,8464,0.2963770925998688,0.2794871926307678,0.1896393597126007,0.08653813302516944,0.5360197067260742,8464,-0.077477365732193,-0.12267958372831345,0.19342106580734253,-0.3452002078294754,0.1685621440410614,8464,0.19055578112602234,0.27460160851478577,0.3611268699169159,-0.3008567988872528,0.6328095197677612
1,Day 1,7,Tray 7,DJI_20260618124541_0007,15,2,5,8464,0.2907255291938782,0.3101537227630615,0.2030864655971527,0.008798232302069664,0.52682164311409,8464,-0.0902971550822258,-0.12878254055976868,0.21748414635658264,-0.3727252185344696,0.1966606944799423,8464,0.10318349301815033,0.13560625910758972,0.3930966258049011,-0.4124829798936844,0.6100893378257751
1,Day 1,7,Tray 7,DJI_20260618124541_0007,16,2,6,8464,0.25965461134910583,0.22402560710906982,0.2195044904947281,-0.03418577760457986,0.528687596321106,8464,-0.13298757374286652,-0.1562897115945816,0.21675047278404236,-0.41173518896102906,0.16358324885368347,8464,-0.0014385483227670193,-0.15230390429496765,0.37942570447921753,-0.45781415700912476,0.523809552192688
1,Day 1,7,Tray 7,DJI_20260618124541_0007,17,2,7,8464,0.24266640841960907,0.17828050255775452,0.20531176030635834,0.0013993221102282408,0.5041689872741699,8464,-0.1581135243177414,-0.16335226595401764,0.19611115753650665,-0.4226824134588241,0.11273516044020648,8464,-0.04654564708471298,-0.16203178465366364,0.3350643515586853,-0.4483737051486969,0.4573588341474533
1,Day 1,7,Tray 7,DJI_20260618124541_0007,18,2,8,8464,0.23249538242816925,0.1722225844860077,0.18832023441791534,0.019582245498895645,0.5130192518234253,8464,-0.1608062982559204,-0.17167381942272186,0.1931474506855011,-0.4356598973274231,0.11461946740746488,8464,-0.06172408163547516,-0.1667497754096985,0.3161040246486664,-0.4570361077785492,0.4477968841791153
1,Day 1,7,Tray 7,DJI_20260618124541_0007,19,2,9,8464,0.20642244815826416,0.16800495982170105,0.16618137061595917,0.08411823138594629,0.4959910452365875,8464,-0.18391337990760803,-0.18444764614105225,0.17636814713478088,-0.4263747692108154,0.07067836597561833,8464,-0.11269254237413406,-0.18644067645072937,0.32261019945144653,-0.506976330280304,0.46613478362560273
1,Day 1,7,Tray 7,DJI_20260618124541_0007,20,2,10,8464,0.1986803114414215,0.16369521617889404,0.12344612181186676,0.11738861203193665,0.4187233686447143,8464,-0.15793512761592865,-0.1926836371421814,0.17617790400981903,-0.3167798578739166,0.10442965477705002,8464,-0.0325385220348835,-0.18644067645072937,0.3617623448371887,-0.3837770342826843,0.6211051523685456
1,Day 1,7,Tray 7,DJI_20260618124541_0007,21,3,1,8464,0.27170321345329285,0.21735072135925293,0.2221222072839737,-0.04292168840765953,0.5746994614601135,8464,-0.09488417208194733,-0.15389961004257202,0.2291761189699173,-0.41602247953414917,0.2339971512556076,8464,0.14648810029029846,0.2235090136528015,0.4485629200935364,-0.46537843346595764,0.6796011328697205
1,Day 1,7,Tray 7,DJI_20260618124541_0007,22,3,2,8464,0.3143557012081146,0.3312166929244995,0.20875650644302368,0.09303262084722519,0.5702917575836182,8464,-0.037825196981430054,-0.04624651372432709,0.20784519612789154,-0.29987623691558835,0.23836936205625534,8464,0.2787182331085205,0.41609108448028564,0.3561739921569824,-0.22568093240261078,0.6531036674976349
1,Day 1,7,Tray 7,DJI_20260618124541_0007,23,3,3,8464,0.38865533471107483,0.4568444788455963,0.17537467181682587,0.1432385578751564,0.5709079384803772,8464,0.004912056494504213,0.02444237470626831,0.1779022216796875,-0.1900610327720642,0.22763176858425135,8464,0.4205515384674072,0.5002608299255371,0.27635425329208374,-0.1419288069009781,0.682008296251297
1,Day 1,7,Tray 7,DJI_20260618124541_0007,24,3,4,8464,0.3559834957122803,0.3993280529975891,0.19663217663764954,0.11528507322072984,0.5745477080345154,8464,-0.019229013472795486,-0.02187541127204895,0.23003993928432465,-0.3227139711380005,0.27966120243072506,8464,0.2544117569923401,0.40183377265930176,0.38404518365859985,-0.34293760359287256,0.6827242612838745
1,Day 1,7,Tray 7,DJI_20260618124541_0007,25,3,5,8464,0.37776169180870056,0.4308373034000397,0.18211930990219116,0.10794780403375626,0.5630573034286499,8464,-0.03580821678042412,0.012976976111531258,0.23034286499023438,-0.37364948987960817,0.23438735008239744,8464,0.23363517224788666,0.43297308683395386,0.4192177355289459,-0.45444450378417967,0.6494651317596435
1,Day 1,7,Tray 7,DJI_20260618124541_0007,26,3,6,8464,0.3238507807254791,0.4158061742782593,0.21571201086044312,0.001408450654707849,0.5387349128723145,8464,-0.09782581031322479,-0.0608973503112793,0.21981845796108246,-0.4220283627510071,0.17683728784322736,8464,0.07348688691854477,0.22689104080200195,0.40015628933906555,-0.45496535301208496,0.5256163775920868
1,Day 1,7,Tray 7,DJI_20260618124541_0007,27,3,7,8464,0.2699861228466034,0.2339072823524475,0.21168166399002075,0.005243042064830677,0.5476955354213714,8464,-0.14302800595760345,-0.17133867740631104,0.21389305591583252,-0.40480273962020874,0.186431448161602,8464,-0.038742512464523315,-0.17638610303401947,0.3740556836128235,-0.4604780226945877,0.5220957636833191
1,Day 1,7,Tray 7,DJI_20260618124541_0007,28,3,8,8464,0.27702197432518005,0.2655339241027832,0.19967612624168396,0.025470653548836708,0.5296844661235809,8464,-0.12189965695142746,-0.16799771785736084,0.22054602205753326,-0.38979199528694153,0.20000000298023224,8464,0.047045692801475525,-0.08959557116031647,0.40398910641670227,-0.4290959000587463,0.6082798421382903
1,Day 1,7,Tray 7,DJI_20260618124541_0007,29,3,9,8464,0.2883746027946472,0.2730787694454193,0.2047181874513626,0.08032201528549199,0.5282683312892914,8464,-0.11075371503829956,-0.16272762417793274,0.2296971082687378,-0.4408774316310882,0.19686933308839796,8464,0.08696559071540833,0.11329704523086548,0.4014008641242981,-0.5071295976638793,0.5579539716243744
1,Day 1,7,Tray 7,DJI_20260618124541_0007,30,3,10,8464,0.22355996072292328,0.17227932810783386,0.1479249894618988,0.10052414238452911,0.4732246965169907,8464,-0.1484270840883255,-0.19118715822696686,0.19075912237167358,-0.33865777552127835,0.1304347813129425,8464,-0.047081124037504196,-0.18567639589309692,0.36232468485832214,-0.41807704269886015,0.6333845973014831
1,Day 1,7,Tray 7,DJI_20260618124541_0007,31,4,1,8464,0.3063717484474182,0.22544962167739868,0.22543634474277496,0.05704525373876095,0.6320148169994354,8464,-0.02753131277859211,-0.1297113299369812,0.25305113196372986,-0.3038230061531067,0.35048330724239335,8464,0.18664394319057465,0.3221355080604553,0.42284658551216125,-0.3452031046152115,0.7067975103855133
1,Day 1,7,Tray 7,DJI_20260618124541_0007,32,4,2,8464,0.3589846193790436,0.40633952617645264,0.1986805498600006,0.12298700883984566,0.6018364369869232,8464,0.01022943016141653,0.016525235027074814,0.19743701815605164,-0.2114199846982956,0.2845753043889999,8464,0.2954557538032532,0.4347584545612335,0.3378119468688965,-0.20193718373775482,0.6506756544113159
1,Day 1,7,Tray 7,DJI_20260618124541_0007,33,4,3,8464,0.40427500009536743,0.467420756816864,0.1844952404499054,0.1458754047751427,0.6240976512432098,8464,0.0828726664185524,0.1234641969203949,0.20010581612586975,-0.17524600625038148,0.3349852591753006,8464,0.28387928009033203,0.43666860461235046,0.38113242387771606,-0.29699430167675017,0.6942426145076752
1,Day 1,7,Tray 7,DJI_20260618124541_0007,34,4,4,8464,0.41516217589378357,0.4545454680919647,0.19175584614276886,0.16604331135749817,0.6360856294631958,8464,0.08021742850542068,0.10196550190448761,0.22873659431934357,-0.18784020692110062,0.35461604595184326,8464,0.25678372383117676,0.3859265446662903,0.384141206741333,-0.37396453619003284,0.6739137768745422
1,Day 1,7,Tray 7,DJI_20260618124541_0007,35,4,5,8464,0.37498411536216736,0.42654716968536377,0.19255879521369934,0.08954249471426014,0.5745856165885925,8464,-0.029034113511443138,-0.0045543573796749115,0.22587521374225616,-0.3406253844499588,0.26770293712615967,8464,0.1494383066892624,0.3106706142425537,0.4097864329814911,-0.43713733553886414,0.6002902686595917
1,Day 1,7,Tray 7,DJI_20260618124541_0007,36,4,6,8464,0.34725525975227356,0.4360976219177246,0.2210666835308075,0.050306513160467164,0.5635955572128296,8464,-0.04794549196958542,-0.01334142405539751,0.23836547136306763,-0.36747394800186156,0.23010330647230146,8464,0.0260245893150568,-0.15514808893203735,0.4263816475868225,-0.5251960158348083,0.5403174757957458
1,Day 1,7,Tray 7,DJI_20260618124541_0007,37,4,7,8464,0.334452360868454,0.4020296633243561,0.20158237218856812,0.11276756301522256,0.5400836288928985,8464,-0.04986603558063507,-0.024947011843323708,0.23077905178070068,-0.37817825675010674,0.21866217255592346,8464,0.0033466622699052095,-0.14210012555122375,0.3855416476726532,-0.5234375,0.4827077567577362
1,Day 1,7,Tray 7,DJI_20260618124541_0007,38,4,8,8464,0.35313308238983154,0.41163212060928345,0.19284678995609283,0.10657871142029765,0.5633231997489929,8464,-0.04657542333006859,-0.011717528104782104,0.22895997762680054,-0.41352766454219814,0.23263290673494333,8464,0.15230946242809296,0.3165503740310669,0.4017876088619232,-0.46568305492401124,0.5852687001228332
1,Day 1,7,Tray 7,DJI_20260618124541_0007,39,4,9,8464,0.3131934404373169,0.313092976808548,0.15743720531463623,0.12619253993034363,0.5255310118198395,8464,-0.08627261221408844,-0.10335168987512589,0.18598374724388123,-0.3282059609889984,0.16868403553962705,8464,0.08805238455533981,0.04985496401786804,0.34048399329185486,-0.34894845485687254,0.5523883104324341
1,Day 1,7,Tray 7,DJI_20260618124541_0007,40,4,10,8464,0.30840378999710083,0.22900962829589844,0.16973204910755157,0.13740788400173187,0.5407698094844818,8464,-0.06282460689544678,-0.1486186981201172,0.2149483561515808,-0.2815992534160614,0.26258837878704067,8464,0.07745212316513062,-0.13331997394561768,0.41710925102233887,-0.4439736783504486,0.6459769010543823
1,Day 1,7,Tray 7,DJI_20260618124541_0007,41,5,1,8464,0.27653074264526367,0.1832122653722763,0.2056562751531601,0.10399000197649003,0.6173821091651917,8464,-0.030996225774288177,-0.1535211205482483,0.24120604991912842,-0.25632765889167786,0.40990160703659057,8464,0.061389412730932236,-0.14389505982398987,0.3685457408428192,-0.28490743041038513,0.6873437702655792
1,Day 1,7,Tray 7,DJI_20260618124541_0007,42,5,2,8464,0.32054027915000916,0.2718600034713745,0.1950361728668213,0.12309314608573914,0.5912370383739471,8464,0.0014013942563906312,-0.03170761838555336,0.2050853967666626,-0.19352957606315613,0.2950587004423141,8464,0.14010611176490784,0.04648222774267197,0.34647369384765625,-0.22052283883094786,0.6467119812965393
1,Day 1,7,Tray 7,DJI_20260618124541_0007,43,5,3,8464,0.3952653110027313,0.44353997707366943,0.19564568996429443,0.14161756932735442,0.6527911067008971,8464,0.0814041942358017,0.0998896062374115,0.21734383702278137,-0.17176786512136458,0.3901476353406906,8464,0.20911851525306702,0.32187891006469727,0.4012097716331482,-0.24166160821914673,0.697214275598526
1,Day 1,7,Tray 7,DJI_20260618124541_0007,44,5,4,8464,0.38272824883461,0.4352271556854248,0.1861901581287384,0.13939051181077958,0.6058536767959595,8464,0.06399985402822495,0.07488623261451721,0.19152088463306427,-0.1660638004541397,0.34387096762657166,8464,0.1422964185476303,0.1365625560283661,0.39313969016075134,-0.36227545142173767,0.6532423496246338
1,Day 1,7,Tray 7,DJI_20260618124541_0007,45,5,5,8464,0.38469982147216797,0.4366987645626068,0.19038726389408112,0.12904563248157502,0.5893175005912781,8464,0.00451038358733058,0.013820676133036613,0.20066842436790466,-0.2707604467868805,0.26110870242118833,8464,0.07859288156032562,-0.007750385906547308,0.3882867395877838,-0.40840257704257965,0.5676203846931457
1,Day 1,7,Tray 7,DJI_20260618124541_0007,46,5,6,8464,0.39550065994262695,0.478738009929657,0.20874226093292236,0.12232710421085358,0.5971429586410523,8464,0.030723178759217262,0.09500613808631897,0.23131614923477173,-0.2559243470430374,0.28632848560810087,8464,0.05485093966126442,-0.12740036845207214,0.42280852794647217,-0.5452661037445068,0.5414426505565644
1,Day 1,7,Tray 7,DJI_20260618124541_0007,47,5,7,8464,0.35343220829963684,0.4364513158798218,0.20285452902317047,0.12644327133893968,0.5672057867050171,8464,-0.02718532457947731,0.003159628715366125,0.2069936990737915,-0.23948183357715605,0.21586979031562806,8464,0.029375558719038963,-0.12732277810573578,0.3845725953578949,-0.5077657759189605,0.5173500955104828
1,Day 1,7,Tray 7,DJI_20260618124541_0007,48,5,8,8464,0.2728220522403717,0.18933352828025818,0.18306544423103333,0.11631599813699722,0.5477020442485809,8464,-0.09450073540210724,-0.15303392708301544,0.19420801103115082,-0.2665583550930023,0.19850822389125825,8464,-0.10891835391521454,-0.16841429471969604,0.30418387055397034,-0.47848848402500155,0.4339176297187805
1,Day 1,7,Tray 7,DJI_20260618124541_0007,49,5,9,8464,0.3166862726211548,0.223159059882164,0.18397468328475952,0.13626376539468765,0.5687972605228423,8464,-0.056063901633024216,-0.16318704187870026,0.2292044460773468,-0.29660662114620207,0.28042553961277006,8464,0.029060332104563713,-0.1722702980041504,0.40795430541038513,-0.43962031602859497,0.6745370209217072
1,Day 1,7,Tray 7,DJI_20260618124541_0007,50,5,10,8464,0.28712448477745056,0.19679228961467743,0.16976569592952728,0.1394900381565094,0.5488073050975799,8464,-0.07949137687683105,-0.16125544905662537,0.20228126645088196,-0.27749820351600646,0.22549558132886885,8464,0.022441847249865532,-0.15687903761863708,0.3921125829219818,-0.456285485625267,0.6169790863990784
1,Day 1,7,Tray 7,DJI_20260618124541_0007,51,6,1,8464,0.2594355642795563,0.1710084080696106,0.20773307979106903,0.082047825306654,0.5924453139305115,8464,-0.07631099969148636,-0.17368873953819275,0.2339984029531479,-0.28773459792137146,0.31017716526985156,8464,0.056008849292993546,-0.16223320364952087,0.3821278214454651,-0.33561643958091736,0.6639353930950163
1,Day 1,7,Tray 7,DJI_20260618124541_0007,52,6,2,8464,0.29930034279823303,0.20723839104175568,0.20840394496917725,0.10960232466459274,0.61549973487854,8464,-0.02988891303539276,-0.13276579976081848,0.23350074887275696,-0.22486825734376906,0.3361961364746094,8464,0.1338435709476471,0.01930888742208481,0.353871613740921,-0.21757362484931944,0.6311983466148376
1,Day 1,7,Tray 7,DJI_20260618124541_0007,53,6,3,8464,0.3198324143886566,0.2434249222278595,0.2172389030456543,0.1183864340186119,0.6233236193656921,8464,-0.004040654748678207,-0.09757353365421295,0.2448645532131195,-0.23794096708297727,0.3385374456644058,8464,0.12843945622444153,0.01427183672785759,0.3507974147796631,-0.22972972691059113,0.6230420529842376
1,Day 1,7,Tray 7,DJI_20260618124541_0007,54,6,4,8464,0.32415658235549927,0.3165090084075928,0.2611902952194214,0.07367062643170359,0.6354256272315979,8464,-0.003985213115811348,-0.019784172996878624,0.2807612419128418,-0.35593310892581936,0.3592762738466261,8464,0.07499830424785614,-0.10789711773395538,0.4226721227169037,-0.48342692852020264,0.6444532871246337
1,Day 1,7,Tray 7,DJI_20260618124541_0007,55,6,5,8464,0.30015721917152405,0.2719738185405731,0.22311975061893463,0.03498812057077887,0.5985988318920136,8464,-0.060548070818185806,-0.1363021582365036,0.2484636753797531,-0.33904403150081636,0.3184669017791748,8464,-0.0355394072830677,-0.17091423273086548,0.36271676421165466,-0.424843430519104,0.565812999010086
1,Day 1,7,Tray 7,DJI_20260618124541_0007,56,6,6,8464,0.33783021569252014,0.38295432925224304,0.2335415631532669,0.03271724954247481,0.6024916052818299,8464,-0.017673224210739136,-0.012417539954185486,0.2425222247838974,-0.3641483038663864,0.28403480648994445,8464,0.05024246126413345,-0.10897590965032578,0.3584330976009369,-0.3912009596824646,0.5428919434547425
1,Day 1,7,Tray 7,DJI_20260618124541_0007,57,6,7,8464,0.2722642123699188,0.20543703436851501,0.20636941492557526,0.07656263336539268,0.5499243080615998,8464,-0.09831801056861877,-0.15303392708301544,0.20272748172283173,-0.3386727571487427,0.1816447615623474,8464,-0.1154279112815857,-0.17352056503295898,0.2991357743740082,-0.45574119687080383,0.4360828071832657
1,Day 1,7,Tray 7,DJI_20260618124541_0007,58,6,8,8464,0.2579537332057953,0.17524495720863342,0.19468744099140167,0.0968104161322117,0.5554468274116515,8464,-0.11944187432527542,-0.17453032732009888,0.19125187397003174,-0.31431125700473783,0.1915993645787238,8464,-0.13009639084339142,-0.18369705975055695,0.2723122537136078,-0.4268185406923294,0.38990822136402126
1,Day 1,7,Tray 7,DJI_20260618124541_0007,59,6,9,8464,0.23851227760314941,0.17450803518295288,0.18150594830513,0.11751990094780922,0.5281944870948792,8464,-0.11754286289215088,-0.17926566302776337,0.2132013887166977,-0.29699430167675017,0.21481659710407255,8464,-0.08325237780809402,-0.18885178864002228,0.3418918251991272,-0.42009913325309756,0.5715029954910278
1,Day 1,7,Tray 7,DJI_20260618124541_0007,60,6,10,8464,0.23513267934322357,0.1734916865825653,0.15563945472240448,0.12186363711953163,0.5187767744064331,8464,-0.12549616396427155,-0.17861667275428772,0.17620159685611725,-0.27925907671451566,0.13782051056623457,8464,-0.09266042709350586,-0.19305171072483063,0.29772600531578064,-0.32101061046123497,0.5017949283123015
1,Day 1,7,Tray 7,DJI_20260618124541_0007,61,7,1,8464,0.22461198270320892,0.16064006090164185,0.18636742234230042,0.10211521834135055,0.5251477658748627,8464,-0.10224412381649017,-0.18063843250274658,0.21641729772090912,-0.24166160821914673,0.2496393665671348,8464,0.03345504775643349,-0.1608145534992218,0.34200945496559143,-0.22544252574443815,0.6212429583072662
1,Day 1,7,Tray 7,DJI_20260618124541_0007,62,7,2,8464,0.27467042207717896,0.1776120960712433,0.2051554173231125,0.11591276526451111,0.5913845896720886,8464,-0.05508839711546898,-0.15710653364658356,0.2249145805835724,-0.2156205117702484,0.30503291487693784,8464,0.13744668662548065,0.01496061496436596,0.3561670482158661,-0.19912151992321014,0.6977021396160126
1,Day 1,7,Tray 7,DJI_20260618124541_0007,63,7,3,8464,0.2879478633403778,0.21154695749282837,0.22186316549777985,0.07012832164764404,0.5981293737888336,8464,-0.039808906614780426,-0.13211458921432495,0.24236039817333221,-0.3468520998954773,0.32445830106735224,8464,0.13084253668785095,0.054221250116825104,0.38274574279785156,-0.3298428028821945,0.6537897408008575
1,Day 1,7,Tray 7,DJI_20260618124541_0007,64,7,4,8464,0.23018483817577362,0.1829243302345276,0.21274441480636597,6.694934272674503e-05,0.5151515007019043,8464,-0.10522644221782684,-0.1472194939851761,0.24687129259109497,-0.3947547674179077,0.2926563054323196,8464,-0.005709759891033173,-0.1362375169992447,0.3531225323677063,-0.41941073536872864,0.5441913902759552
1,Day 1,7,Tray 7,DJI_20260618124541_0007,65,7,5,8464,0.2213888168334961,0.16485595703125,0.21726356446743011,-0.02728954702615738,0.5365684807300567,8464,-0.1231006383895874,-0.15825201570987701,0.2320815622806549,-0.3968580961227417,0.22992153316736214,8464,-0.06416729837656021,-0.164675772190094,0.3400309383869171,-0.4187360048294067,0.49745983183383935
1,Day 1,7,Tray 7,DJI_20260618124541_0007,66,7,6,8464,0.2502679228782654,0.22587746381759644,0.25325676798820496,-0.08947810605168341,0.5788146257400513,8464,-0.09655541181564331,-0.14561477303504944,0.2678261995315552,-0.4771925836801529,0.3038511872291564,8464,-0.04112912341952324,-0.15907160937786102,0.36140188574790955,-0.5027523040771484,0.5045209407806396
1,Day 1,7,Tray 7,DJI_20260618124541_0007,67,7,7,8464,0.19815459847450256,0.15568172931671143,0.21315082907676697,-0.058621225133538235,0.5390802323818207,8464,-0.15823021531105042,-0.16647550463676453,0.20478767156600952,-0.4186302930116653,0.1652078643441199,8464,-0.1307481825351715,-0.17268040776252747,0.2694582939147949,-0.4098632335662842,0.3941860496997833
1,Day 1,7,Tray 7,DJI_20260618124541_0007,68,7,8,8464,0.22341153025627136,0.16439245641231537,0.2281389832496643,-0.051765044778585415,0.5637047290802002,8464,-0.1480693370103836,-0.1838681697845459,0.2116105705499649,-0.4111535847187042,0.185034292936325,8464,-0.14477279782295227,-0.189888134598732,0.2738039493560791,-0.467205673456192,0.3723032981157302
1,Day 1,7,Tray 7,DJI_20260618124541_0007,69,7,9,8464,0.1990969330072403,0.1626843810081482,0.17667409777641296,0.0378589801490307,0.47435347735881805,8464,-0.17092475295066833,-0.18886220455169678,0.16813574731349945,-0.35436399579048156,0.04238764047622662,8464,-0.14449402689933777,-0.1917528212070465,0.258061945438385,-0.39483938217163084,0.27481569647788995
1,Day 1,7,Tray 7,DJI_20260618124541_0007,70,7,10,8464,0.23865802586078644,0.17894557118415833,0.20992952585220337,0.01635991781949997,0.5462046205997467,8464,-0.12840861082077026,-0.1813703179359436,0.22174930572509766,-0.3745537787675858,0.1920997157692909,8464,-0.08803198486566544,-0.19120147824287415,0.3282921016216278,-0.4685147225856781,0.4378547757863998
1,Day 1,8,Tray 8,DJI_20260618124632_0008,1,1,1,8464,0.22059907019138336,0.16583134233951569,0.14459119737148285,0.1255787804722786,0.46577143371105195,8464,-0.11376382410526276,-0.16492930054664612,0.15301549434661865,-0.22306046783924102,0.10474370345473287,8464,-0.00014342409849632531,-0.16219668090343475,0.29763272404670715,-0.22020262479782104,0.5300331890583038
1,Day 1,8,Tray 8,DJI_20260618124632_0008,2,1,2,8464,0.23800207674503326,0.16940462589263916,0.15550090372562408,0.11859789863228798,0.5007990658283233,8464,-0.09502143412828445,-0.15123102068901062,0.15743552148342133,-0.21670406013727186,0.15865732282400122,8464,0.027546236291527748,-0.14639031887054443,0.31655067205429077,-0.21725381314754486,0.5693761646747589
1,Day 1,8,Tray 8,DJI_20260618124632_0008,3,1,3,8464,0.2527277171611786,0.17519135773181915,0.1715802252292633,0.10988437160849572,0.5184893131256103,8464,-0.07308895140886307,-0.13829047977924347,0.18629729747772217,-0.250443696975708,0.2113209247589111,8464,0.07031325250864029,-0.11458900570869446,0.32533761858940125,-0.240525121986866,0.578568947315216
1,Day 1,8,Tray 8,DJI_20260618124632_0008,4,1,4,8464,0.2755192220211029,0.23204898834228516,0.19745004177093506,0.09875141829252243,0.5397749245166779,8464,-0.0577358677983284,-0.10214967280626297,0.2224224954843521,-0.3465428203344345,0.2333491265773773,8464,0.06660764664411545,-0.08638012409210205,0.36660656332969666,-0.41786265969276426,0.558829653263092
1,Day 1,8,Tray 8,DJI_20260618124632_0008,5,1,5,8464,0.2508189082145691,0.19022095203399658,0.1899777352809906,0.043483204022049936,0.5214904904365539,8464,-0.08899234980344772,-0.12926578521728516,0.2068188488483429,-0.34159397184848783,0.20821013301610947,8464,0.010037952102720737,-0.13121546804904938,0.3479839563369751,-0.37990903854370117,0.5636609196662903
1,Day 1,8,Tray 8,DJI_20260618124632_0008,6,1,6,8464,0.23785369098186493,0.1749255210161209,0.19149424135684967,0.007748835766688039,0.5099904060363769,8464,-0.11266471445560455,-0.15097087621688843,0.19968612492084503,-0.34655581414699554,0.15720319747924805,8464,-0.055342067033052444,-0.15821021795272827,0.3190739154815674,-0.3816468298435211,0.49682252407073973
1,Day 1,8,Tray 8,DJI_20260618124632_0008,7,1,7,8464,0.27198466658592224,0.20606060326099396,0.1853720247745514,0.08127129003405571,0.5145015895366668,8464,-0.11427103728055954,-0.14995788037776947,0.17517009377479553,-0.3654417932033539,0.12186334133148193,8464,-0.03416915237903595,-0.15580016374588013,0.31596988439559937,-0.4199029207229614,0.4476829707622528
1,Day 1,8,Tray 8,DJI_20260618124632_0008,8,1,8,8464,0.2578493654727936,0.18072420358657837,0.1773226112127304,0.09098849594593049,0.5115470647811889,8464,-0.13105185329914093,-0.1666666716337204,0.16707506775856018,-0.3378221809864044,0.10510480701923368,8464,-0.060587674379348755,-0.1748398095369339,0.3080829977989197,-0.3996523261070251,0.4742649286985397
1,Day 1,8,Tray 8,DJI_20260618124632_0008,9,1,9,8464,0.22415296733379364,0.16924390196800232,0.1739087551832199,0.07754342257976532,0.5104873776435852,8464,-0.14979562163352966,-0.17368873953819275,0.1644323766231537,-0.3169191151857376,0.09955054819583886,8464,-0.13780678808689117,-0.19075313210487366,0.27319517731666565,-0.43461779356002805,0.3812443315982818
1,Day 1,8,Tray 8,DJI_20260618124632_0008,10,1,10,8464,0.21151737868785858,0.17171257734298706,0.12004707753658295,0.13351498544216156,0.4200945109128952,8464,-0.14881952106952667,-0.1704903393983841,0.13253924250602722,-0.28279280960559844,0.009506774786859684,8464,-0.12345238775014877,-0.20017585158348083,0.24206888675689697,-0.3177110493183136,0.26950420439243306
1,Day 1,8,Tray 8,DJI_20260618124632_0008,11,2,1,8464,0.24994096159934998,0.17591547966003418,0.18215970695018768,0.1048488646745682,0.5269709825515747,8464,-0.08911683410406113,-0.15822993218898773,0.19315871596336365,-0.27157041132450105,0.21180912107229222,8464,0.10641731321811676,-0.06201308220624924,0.3710348606109619,-0.29426478147506707,0.6242272138595581
1,Day 1,8,Tray 8,DJI_20260618124632_0008,12,2,2,8464,0.2698647081851959,0.1758924424648285,0.19575555622577667,0.10111339911818505,0.5474697768688201,8464,-0.07533476501703262,-0.14689819514751434,0.19189637899398804,-0.2607671797275543,0.20578183531761168,8464,0.1709526926279068,0.19871358573436737,0.35594427585601807,-0.19923851788043975,0.6400160908699035
1,Day 1,8,Tray 8,DJI_20260618124632_0008,13,2,3,8464,0.28017696738243103,0.2373265027999878,0.16343872249126434,0.11439057067036629,0.5080842971801758,8464,-0.07464401423931122,-0.10803524404764175,0.15090163052082062,-0.22489430755376816,0.13117808252573013,8464,0.20236580073833466,0.29610854387283325,0.31805771589279175,-0.1819665655493736,0.5809871673583984
1,Day 1,8,Tray 8,DJI_20260618124632_0008,14,2,4,8464,0.29503965377807617,0.2704662084579468,0.193320631980896,0.08898408338427545,0.5524866163730622,8464,-0.047636885195970535,-0.09749770164489746,0.2115868479013443,-0.29808378517627715,0.25825523138046264,8464,0.16676491498947144,0.18817414343357086,0.3334103524684906,-0.23083219230175017,0.6124738335609435
1,Day 1,8,Tray 8,DJI_20260618124632_0008,15,2,5,8464,0.2576494514942169,0.2195470780134201,0.21908849477767944,0.0015177531866356843,0.5326856076717377,8464,-0.09770656377077103,-0.1153479516506195,0.2308955192565918,-0.44320342540740965,0.19608026593923567,8464,0.10284961760044098,0.06485351920127869,0.39104124903678894,-0.4680050313472748,0.5933534860610962
1,Day 1,8,Tray 8,DJI_20260618124632_0008,16,2,6,8464,0.2508399486541748,0.20953133702278137,0.20905859768390656,-0.0004002286994363723,0.5088915407657623,8464,-0.12103330343961716,-0.13750000298023224,0.21008242666721344,-0.4285558223724365,0.15654293447732912,8464,0.030973264947533607,-0.13090306520462036,0.3558861017227173,-0.4363381266593933,0.5042054057121277
1,Day 1,8,Tray 8,DJI_20260618124632_0008,17,2,7,8464,0.21480441093444824,0.16514930129051208,0.17918899655342102,-0.007682458497583866,0.469293487071991,8464,-0.16281409561634064,-0.15857970714569092,0.1479327231645584,-0.35685884952545166,0.048370587453246114,8464,-0.07926677167415619,-0.15825201570987701,0.2930915951728821,-0.3884197771549225,0.42614970207214353
1,Day 1,8,Tray 8,DJI_20260618124632_0008,18,2,8,8464,0.2291242778301239,0.1695631444454193,0.17257378995418549,0.045265477150678635,0.49289680123329155,8464,-0.14977024495601654,-0.17166763544082642,0.17321407794952393,-0.3533729612827301,0.10594606027007099,8464,-0.06481027603149414,-0.17167381942272186,0.3079527020454407,-0.39336532950401304,0.4268279641866684
1,Day 1,8,Tray 8,DJI_20260618124632_0008,19,2,9,8464,0.22103439271450043,0.16847871243953705,0.1516721546649933,0.09974519014358521,0.4686284333467483,8464,-0.16862747073173523,-0.1771693378686905,0.15602925419807434,-0.38523489236831665,0.06313149854540823,8464,-0.07736583799123764,-0.18147720396518707,0.31143346428871155,-0.4364705830812454,0.443604975938797
1,Day 1,8,Tray 8,DJI_20260618124632_0008,20,2,10,8464,0.21852728724479675,0.17803992331027985,0.1349678635597229,0.10195431858301163,0.4387850373983383,8464,-0.1395997852087021,-0.17122751474380493,0.16189652681350708,-0.3083964347839355,0.1406521186232567,8464,-0.017173731699585915,-0.1858406662940979,0.3619150221347809,-0.35773852169513704,0.5916795849800109
1,Day 1,8,Tray 8,DJI_20260618124632_0008,21,3,1,8464,0.2480296790599823,0.17607039213180542,0.1792997568845749,0.07296038642525673,0.5205881774425506,8464,-0.10549833625555038,-0.1620875597000122,0.17247499525547028,-0.2896029084920883,0.15262301266193384,8464,0.15298260748386383,0.15890581905841827,0.3641826808452606,-0.2905157536268234,0.6414338290691376
1,Day 1,8,Tray 8,DJI_20260618124632_0008,22,3,2,8464,0.2622182369232178,0.18852123618125916,0.19230151176452637,0.0799474857747555,0.5259381830692291,8464,-0.08038714528083801,-0.14109420776367188,0.18844030797481537,-0.2813981235027313,0.18925194591283798,8464,0.18672578036785126,0.2517925500869751,0.3473897874355316,-0.22202327847480774,0.6374868094921112
1,Day 1,8,Tray 8,DJI_20260618124632_0008,23,3,3,8464,0.33820897340774536,0.4005449712276459,0.18860669434070587,0.1351490616798401,0.5396776497364044,8464,-0.02679034136235714,0.0,0.19137349724769592,-0.20436050295829772,0.20314481258392333,8464,0.33786290884017944,0.42519116401672363,0.29772278666496277,-0.1503795653581619,0.6394705533981323
1,Day 1,8,Tray 8,DJI_20260618124632_0008,24,3,4,8464,0.3161751329898834,0.3697594404220581,0.22298963367938995,0.0006542398419696845,0.5591675758361816,8464,-0.04983113333582878,-0.05722681060433388,0.23060926795005798,-0.36989033222198486,0.24048703014850611,8464,0.233785480260849,0.37607771158218384,0.365583211183548,-0.3463992774486542,0.6336957275867462
1,Day 1,8,Tray 8,DJI_20260618124632_0008,25,3,5,8464,0.28868263959884644,0.3360564708709717,0.24983566999435425,-0.07518097683787343,0.5537292420864105,8464,-0.06636156886816025,-0.06019224599003792,0.2739185094833374,-0.4838167071342468,0.24818166494369506,8464,0.13176442682743073,0.29546070098876953,0.44717881083488464,-0.5232601165771484,0.646508538722992
1,Day 1,8,Tray 8,DJI_20260618124632_0008,26,3,6,8464,0.2504541277885437,0.23583059012889862,0.22302396595478058,-0.045780913904309266,0.5292858600616455,8464,-0.1349969357252121,-0.16170212626457214,0.21575120091438293,-0.39758499562740324,0.16765667498111722,8464,0.010067560710012913,-0.14705882966518402,0.3882567584514618,-0.44165270030498505,0.5324675440788269
1,Day 1,8,Tray 8,DJI_20260618124632_0008,27,3,7,8464,0.2560850977897644,0.2134975790977478,0.19806133210659027,0.0029586023883894272,0.5129420816898346,8464,-0.13911592960357666,-0.1650071144104004,0.18953678011894226,-0.379575976729393,0.1314285695552826,8464,-0.027491696178913116,-0.15457993745803833,0.3348405361175537,-0.41936411857604977,0.4616530358791351
1,Day 1,8,Tray 8,DJI_20260618124632_0008,28,3,8,8464,0.24518364667892456,0.183711975812912,0.22293943166732788,-0.00891267443075775,0.5195954442024231,8464,-0.1328202337026596,-0.16003721952438354,0.23589710891246796,-0.47018037736415863,0.17230608463287353,8464,-0.006903970614075661,-0.15923567116260529,0.4031144678592682,-0.4983534514904022,0.536002743244171
1,Day 1,8,Tray 8,DJI_20260618124632_0008,29,3,9,8464,0.23300983011722565,0.1740466207265854,0.19739331305027008,0.07855578586459161,0.5037310361862183,8464,-0.1424012929201126,-0.1734403520822525,0.2175191193819046,-0.47589561343193054,0.154216618835926,8464,-0.055068403482437134,-0.18215934932231903,0.4011307656764984,-0.561764019727707,0.5404056429862976
1,Day 1,8,Tray 8,DJI_20260618124632_0008,30,3,10,8464,0.24295154213905334,0.17451342940330505,0.16269783675670624,0.09370713159441953,0.5003455638885498,8464,-0.11413989216089249,-0.17505523562431335,0.21450138092041016,-0.35324172079563143,0.2393442690372467,8464,0.042989183217287064,-0.17334823310375214,0.41603535413742065,-0.44139897227287295,0.6244867622852325
1,Day 1,8,Tray 8,DJI_20260618124632_0008,31,4,1,8464,0.2764461040496826,0.2540111541748047,0.2013242095708847,0.03374908119440079,0.5386497378349304,8464,-0.07374600321054459,-0.1228109821677208,0.21292293071746826,-0.34465429186820984,0.21576057672500604,8464,0.2041066437959671,0.34185460209846497,0.38690534234046936,-0.39539638757705686,0.6493632793426514
1,Day 1,8,Tray 8,DJI_20260618124632_0008,32,4,2,8464,0.3436945378780365,0.36680102348327637,0.17298151552677155,0.1357877641916275,0.5609353423118592,8464,-0.00487117376178503,-0.030390571802854538,0.1829039454460144,-0.1935569778084755,0.2482472136616706,8464,0.3060072064399719,0.40022173523902893,0.315403014421463,-0.18079463690519332,0.6522558093070984
1,Day 1,8,Tray 8,DJI_20260618124632_0008,33,4,3,8464,0.3597427308559418,0.3823186159133911,0.16341304779052734,0.14145744293928147,0.5607733428478241,8464,0.01144128106534481,0.008547008968889713,0.17622381448745728,-0.18784729093313215,0.23883608877658838,8464,0.280565083026886,0.38672953844070435,0.341476172208786,-0.2512594029307364,0.6400801539421082
1,Day 1,8,Tray 8,DJI_20260618124632_0008,34,4,4,8464,0.4012824296951294,0.4617791175842285,0.21342326700687408,0.11846161037683488,0.6188980281352997,8464,0.051321011036634445,0.08824016153812408,0.26310014724731445,-0.36177793741226194,0.39043368101119996,8464,0.24130971729755402,0.42667144536972046,0.42355164885520935,-0.44744670689105986,0.7044821143150329
1,Day 1,8,Tray 8,DJI_20260618124632_0008,35,4,5,8464,0.3647940158843994,0.45565974712371826,0.24192331731319427,0.03346888348460199,0.5951065599918365,8464,0.020527206361293793,0.08498583734035492,0.2848776578903198,-0.39372438192367554,0.37364424169063565,8464,0.10650302469730377,0.3501821756362915,0.4742058515548706,-0.5373300731182098,0.6647315442562103
1,Day 1,8,Tray 8,DJI_20260618124632_0008,36,4,6,8464,0.2804197669029236,0.35978055000305176,0.23076921701431274,-0.05368494018912315,0.5299198031425476,8464,-0.11307547241449356,-0.09620688855648041,0.22554534673690796,-0.4182783007621765,0.167908276617527,8464,0.03692251443862915,0.1838545799255371,0.40343642234802246,-0.5057914853096008,0.5040154159069061
1,Day 1,8,Tray 8,DJI_20260618124632_0008,37,4,7,8464,0.31420788168907166,0.39841270446777344,0.2006160020828247,0.07789776846766476,0.5105712413787842,8464,-0.08530764281749725,-0.05374603718519211,0.19784533977508545,-0.3999902099370956,0.13699288666248316,8464,0.05161357298493385,0.16539716720581055,0.37858209013938904,-0.47780585289001465,0.48331581354141234
1,Day 1,8,Tray 8,DJI_20260618124632_0008,38,4,8,8464,0.26358485221862793,0.1993156522512436,0.20044976472854614,0.02349964808672667,0.5246509730815887,8464,-0.11689476668834686,-0.1653386503458023,0.2065218687057495,-0.36804208159446716,0.17698199599981304,8464,-0.03692011907696724,-0.17016716301441193,0.3646301031112671,-0.46349942684173584,0.48850832581520076
1,Day 1,8,Tray 8,DJI_20260618124632_0008,39,4,9,8464,0.3056240379810333,0.2555094361305237,0.20172230899333954,0.12154293730854988,0.555062735080719,8464,-0.06375128775835037,-0.12865588068962097,0.23839367926120758,-0.33288623094558717,0.24769760817289352,8464,0.02982805296778679,-0.10227636247873306,0.39962154626846313,-0.4922902435064316,0.5581622123718262
1,Day 1,8,Tray 8,DJI_20260618124632_0008,40,4,10,8464,0.2711905241012573,0.20123890042304993,0.17507071793079376,0.11454855427145959,0.525626790523529,8464,-0.08874187618494034,-0.1474553942680359,0.20612485706806183,-0.32115542292594906,0.17850573509931564,8464,-0.014060866087675095,-0.1555037647485733,0.3756554424762726,-0.47518024444580076,0.6015220463275909
1,Day 1,8,Tray 8,DJI_20260618124632_0008,41,5,1,8464,0.3108171820640564,0.2577061653137207,0.20870426297187805,0.09973230808973313,0.6238170266151428,8464,-0.006990278605371714,-0.07092452049255371,0.23719185590744019,-0.26875576078891755,0.3661552548408508,8464,0.1373627930879593,-0.03241933882236481,0.37796640396118164,-0.2934302091598511,0.6660798192024231
1,Day 1,8,Tray 8,DJI_20260618124632_0008,42,5,2,8464,0.36010295152664185,0.40308746695518494,0.18357926607131958,0.13948533236980437,0.5865222394466401,8464,0.03627786785364151,0.03852469474077225,0.1926831752061844,-0.18488443791866302,0.30875884294509887,8464,0.21609364449977875,0.3585382103919983,0.34968969225883484,-0.24828532338142395,0.6287848889827728
1,Day 1,8,Tray 8,DJI_20260618124632_0008,43,5,3,8464,0.38287439942359924,0.40011727809906006,0.1676400601863861,0.15382371246814727,0.6029515504837036,8464,0.05387292429804802,0.024807680398225784,0.18788295984268188,-0.15818011164665222,0.33626517653465265,8464,0.2505629062652588,0.3267262876033783,0.3271556794643402,-0.16833095252513885,0.6498522698879242
1,Day 1,8,Tray 8,DJI_20260618124632_0008,44,5,4,8464,0.3851391077041626,0.4116958677768707,0.17074120044708252,0.16404518783092498,0.5944535613059997,8464,0.04429035261273384,0.03336607664823532,0.19539499282836914,-0.16677540242671965,0.30350664258003235,8464,0.17914201319217682,0.3488501012325287,0.40559250116348267,-0.42258475124835965,0.6262430846691132
1,Day 1,8,Tray 8,DJI_20260618124632_0008,45,5,5,8464,0.3829057216644287,0.43589743971824646,0.1965615600347519,0.1287998750805855,0.5940608382225037,8464,0.023380547761917114,0.039744965732097626,0.23556922376155853,-0.28896450996398926,0.3092356503009796,8464,0.062253955751657486,-0.08808290213346481,0.41776043176651,-0.49498819708824154,0.5668611824512482
1,Day 1,8,Tray 8,DJI_20260618124632_0008,46,5,6,8464,0.34778478741645813,0.386381596326828,0.2058999240398407,0.11044955849647523,0.5957080364227294,8464,-0.017491422593593597,-0.04286785423755646,0.23680391907691956,-0.33114929497241974,0.3257594406604767,8464,0.010534876026213169,-0.1329367756843567,0.3707650303840637,-0.46766304373741147,0.49767199158668507
1,Day 1,8,Tray 8,DJI_20260618124632_0008,47,5,7,8464,0.3294050395488739,0.3593871295452118,0.19392365217208862,0.12063564062118531,0.5581512928009033,8464,-0.050057247281074524,-0.08920711278915405,0.22147467732429504,-0.3045282661914825,0.22179139852523802,8464,-0.0011774388840422034,-0.1319972425699234,0.36267247796058655,-0.4903775006532669,0.4797351777553558
1,Day 1,8,Tray 8,DJI_20260618124632_0008,48,5,8,8464,0.30083829164505005,0.24935945868492126,0.16716045141220093,0.13309806436300278,0.5168079674243927,8464,-0.08081594109535217,-0.1405096799135208,0.17913034558296204,-0.2731236517429352,0.16406778991222376,8464,-0.0756344199180603,-0.1660022735595703,0.3508005142211914,-0.5147297739982605,0.4594069331884384
1,Day 1,8,Tray 8,DJI_20260618124632_0008,49,5,9,8464,0.2975557744503021,0.2085474133491516,0.1880989521741867,0.13814790546894073,0.5458277285099029,8464,-0.04602022096514702,-0.11358340084552765,0.22128194570541382,-0.22275179922580718,0.24916642904281613,8464,0.009122082032263279,-0.17150622606277466,0.4027882218360901,-0.517235666513443,0.6587151646614074
1,Day 1,8,Tray 8,DJI_20260618124632_0008,50,5,10,8464,0.27704352140426636,0.19963578879833221,0.1593940258026123,0.14273449778556824,0.5142025053501129,8464,-0.08211273699998856,-0.14429530501365662,0.1846592128276825,-0.24888606369495392,0.18949064314365388,8464,-0.032557837665081024,-0.17773942649364471,0.3455187976360321,-0.423219233751297,0.5870474457740783
1,Day 1,8,Tray 8,DJI_20260618124632_0008,51,6,1,8464,0.2711123824119568,0.17648203670978546,0.20366761088371277,0.10239631980657579,0.599960470199585,8464,-0.04234939068555832,-0.14560872316360474,0.22785428166389465,-0.242694491147995,0.3215113371610641,8464,0.07928311079740524,-0.14703556895256042,0.3637351095676422,-0.22366651892662048,0.6254867315292358
1,Day 1,8,Tray 8,DJI_20260618124632_0008,52,6,2,8464,0.29717573523521423,0.24516156315803528,0.1907692402601242,0.12839760333299638,0.5919998943805694,8464,-0.015627561137080193,-0.08615206927061081,0.20637956261634827,-0.186956524848938,0.3077953428030014,8464,0.11806264519691467,-0.0680924654006958,0.3293890953063965,-0.19109947979450226,0.6110695600509644
1,Day 1,8,Tray 8,DJI_20260618124632_0008,53,6,3,8464,0.3207302391529083,0.27412205934524536,0.20657525956630707,0.11968953087925911,0.6395633697509765,8464,0.021994920447468758,-0.05896243453025818,0.24282507598400116,-0.18592527508735657,0.45674162507057187,8464,0.05007559806108475,-0.12314865738153458,0.38804036378860474,-0.41653856933116906,0.6713279664516448
1,Day 1,8,Tray 8,DJI_20260618124632_0008,54,6,4,8464,0.3512112498283386,0.36030489206314087,0.21067281067371368,0.12769325077533722,0.6371098816394806,8464,0.04014110937714577,0.008843034505844116,0.23400825262069702,-0.18379137367010115,0.41745903789997096,8464,0.0815795511007309,-0.11118648946285248,0.4006389379501343,-0.4505522668361664,0.6622502386569976
1,Day 1,8,Tray 8,DJI_20260618124632_0008,55,6,5,8464,0.32538527250289917,0.3162432014942169,0.22181136906147003,0.07164832130074501,0.6159502744674682,8464,-0.0009698962676338851,-0.03351176530122757,0.2508445680141449,-0.30117726922035215,0.3745008558034896,8464,-0.014019873924553394,-0.15206076204776764,0.3869420886039734,-0.4853101074695587,0.5705188333988189
1,Day 1,8,Tray 8,DJI_20260618124632_0008,56,6,6,8464,0.28072237968444824,0.23711104691028595,0.19713108241558075,0.08714285492897034,0.5686063170433044,8464,-0.06865587085485458,-0.1363951712846756,0.2155076414346695,-0.30622008442878723,0.28309574425220485,8464,-0.08651469647884369,-0.16203178465366364,0.3251202702522278,-0.4645901769399643,0.47781935930252073
1,Day 1,8,Tray 8,DJI_20260618124632_0008,57,6,7,8464,0.2701312005519867,0.20221006870269775,0.19864249229431152,0.08364701271057129,0.5534366071224213,8464,-0.09230544418096542,-0.1549851894378662,0.21184544265270233,-0.3364882469177246,0.22934059947729107,8464,-0.11332971602678299,-0.17512331902980804,0.2982601821422577,-0.4583333432674408,0.43077186346054075
1,Day 1,8,Tray 8,DJI_20260618124632_0008,58,6,8,8464,0.2760295271873474,0.18847189843654633,0.18161378800868988,0.12353503331542015,0.5383854448795318,8464,-0.10533734411001205,-0.16749821603298187,0.18286900222301483,-0.297457018494606,0.17089205682277678,8464,-0.11487407982349396,-0.185238778591156,0.30077236890792847,-0.45395430028438566,0.4174959301948547
1,Day 1,8,Tray 8,DJI_20260618124632_0008,59,6,9,8464,0.26126936078071594,0.1843600571155548,0.17287762463092804,0.12647992372512817,0.5150501728057861,8464,-0.0942033976316452,-0.16580010950565338,0.2022131234407425,-0.27058629691600794,0.19737505912780762,8464,-0.07703345268964767,-0.18902438879013062,0.33798009157180786,-0.4762526214122772,0.5407460689544678
1,Day 1,8,Tray 8,DJI_20260618124632_0008,60,6,10,8464,0.24547350406646729,0.18445202708244324,0.15216147899627686,0.13664539009332657,0.500956094264984,8464,-0.09438838809728622,-0.14945365488529205,0.20305879414081573,-0.23153989017009735,0.2285541892051695,8464,-0.10352232307195663,-0.19666507840156555,0.30851760506629944,-0.33990658819675446,0.47611169219017013
1,Day 1,8,Tray 8,DJI_20260618124632_0008,61,7,1,8464,0.23479512333869934,0.16442951560020447,0.18838505446910858,0.110030397772789,0.5987444102764129,8464,-0.07658309489488602,-0.16883116960525513,0.23695367574691772,-0.2237158641219139,0.39851214885711655,8464,-0.028880838304758072,-0.17118841409683228,0.2955102026462555,-0.22247934341430664,0.5139679372310637
1,Day 1,8,Tray 8,DJI_20260618124632_0008,62,7,2,8464,0.25523707270622253,0.1711367964744568,0.2008131444454193,0.10622276812791824,0.5958676934242249,8464,-0.05395394191145897,-0.15286940336227417,0.23237377405166626,-0.21766279637813568,0.3653913736343384,8464,-0.012082213535904884,-0.15580569207668304,0.30552056431770325,-0.22390754371881486,0.5421162247657775
1,Day 1,8,Tray 8,DJI_20260618124632_0008,63,7,3,8464,0.29176053404808044,0.30021846294403076,0.23396259546279907,0.08031147494912151,0.5897163569927215,8464,-0.028640663251280785,-0.045497629791498184,0.24724498391151428,-0.31272172033786766,0.32093653082847595,8464,0.08694005012512207,-0.06799070537090302,0.3912569284439087,-0.38672536611557007,0.6600913882255554
1,Day 1,8,Tray 8,DJI_20260618124632_0008,64,7,4,8464,0.2380918264389038,0.20165854692459106,0.23708733916282654,-0.05912596359848976,0.5850422382354736,8464,-0.07290779799222946,-0.12981100380420685,0.26954367756843567,-0.4085941523313522,0.4062306374311447,8464,-0.05623188242316246,-0.14433421194553375,0.35706958174705505,-0.512940365076065,0.5234412550926208
1,Day 1,8,Tray 8,DJI_20260618124632_0008,65,7,5,8464,0.24014680087566376,0.1960950642824173,0.2364494800567627,-0.035024471580982194,0.6004505753517149,8464,-0.0835956335067749,-0.142578125,0.2633817791938782,-0.3901300817728042,0.3848155111074447,8464,-0.09890401363372803,-0.17486730217933655,0.3462112545967102,-0.4883990168571472,0.48962149024009705
1,Day 1,8,Tray 8,DJI_20260618124632_0008,66,7,6,8464,0.23924513161182404,0.17964191734790802,0.21974283456802368,-0.004775151237845405,0.5796074807643891,8464,-0.10918942093849182,-0.16104337573051453,0.23450185358524323,-0.3681635946035384,0.25322282314300537,8464,-0.13458946347236633,-0.1809661090373993,0.27552756667137146,-0.4355531334877014,0.34630861282348635
1,Day 1,8,Tray 8,DJI_20260618124632_0008,67,7,7,8464,0.2399541586637497,0.17997848987579346,0.23927241563796997,-0.03926325067877767,0.5639214694499969,8464,-0.11069315671920776,-0.16051973402500153,0.24607005715370178,-0.443433552980423,0.241810604929924,8464,-0.14142602682113647,-0.1738569587469101,0.28432488441467285,-0.5032686710357666,0.38434182703495023
1,Day 1,8,Tray 8,DJI_20260618124632_0008,68,7,8,8464,0.2218453288078308,0.16452549397945404,0.20370760560035706,0.053351799771189694,0.534983617067337,8464,-0.13390102982521057,-0.1767241358757019,0.19531728327274323,-0.33005571365356445,0.17292994409799575,8464,-0.15528884530067444,-0.1897192895412445,0.24293774366378784,-0.4328557729721069,0.21716262996196736
1,Day 1,8,Tray 8,DJI_20260618124632_0008,69,7,9,8464,0.2200278341770172,0.17073673009872437,0.17631684243679047,0.10290517657995225,0.5108636915683745,8464,-0.13489185273647308,-0.1809661090373993,0.1787155717611313,-0.2702670186758041,0.11867475137114511,8464,-0.1578328162431717,-0.19824433326721191,0.25248292088508606,-0.3787878751754761,0.11243307590484619
1,Day 1,8,Tray 8,DJI_20260618124632_0008,70,7,10,8464,0.235773965716362,0.1784849762916565,0.18676894903182983,0.0459381725639105,0.5523017168045044,8464,-0.11373604089021683,-0.1657755970954895,0.20631124079227448,-0.3337170481681824,0.19094602763652802,8464,-0.10536182671785355,-0.20183837413787842,0.29741594195365906,-0.3898943543434143,0.37994644045829773
2,Day 2,1,Tray 1,DJI_20260620131000_0001,1,1,1,8464,0.2603189945220947,0.1938716620206833,0.1694289594888687,0.1291363373398781,0.5481001138687134,8464,-0.1012343168258667,-0.1419408768415451,0.1672798991203308,-0.23351103663444517,0.12416886389255515,8464,0.05562284588813782,-0.12732277810573578,0.3315069079399109,-0.20193718373775482,0.6611356317996979
2,Day 2,1,Tray 1,DJI_20260620131000_0001,2,1,2,8464,0.27780547738075256,0.2024650126695633,0.17830099165439606,0.13847852498292923,0.5650684595108032,8464,-0.0900833010673523,-0.1274779736995697,0.18188223242759705,-0.26887420713901516,0.1796136498451233,8464,0.06461131572723389,-0.10915493220090866,0.33874353766441345,-0.2195956468582153,0.6398329854011535
2,Day 2,1,Tray 1,DJI_20260620131000_0001,3,1,3,8464,0.2809060513973236,0.21122315526008606,0.1856294721364975,0.1160696491599083,0.5563032805919647,8464,-0.06817200034856796,-0.10258481651544571,0.19609563052654266,-0.28369906544685364,0.2198643609881401,8464,0.10704564303159714,-0.07626257091760635,0.3275105059146881,-0.19792108684778212,0.6128669321537018
2,Day 2,1,Tray 1,DJI_20260620131000_0001,4,1,4,8464,0.281546026468277,0.2362397015094757,0.22977688908576965,0.024175444059073938,0.5744057357311249,8464,-0.07754616439342499,-0.08383511006832123,0.23357681930065155,-0.44689579904079435,0.22438611090183258,8464,0.06606145203113556,-0.07234042882919312,0.38475486636161804,-0.4549499452114105,0.5900875806808471
2,Day 2,1,Tray 1,DJI_20260620131000_0001,5,1,5,8464,0.24910636246204376,0.1952928751707077,0.21033097803592682,-0.00477832984179258,0.5485269367694855,8464,-0.10520580410957336,-0.09103922545909882,0.20280292630195618,-0.38346425592899325,0.14777952283620835,8464,0.022739505395293236,-0.0767814889550209,0.33034756779670715,-0.3547392606735229,0.5505035281181335
2,Day 2,1,Tray 1,DJI_20260620131000_0001,6,1,6,8464,0.2310735434293747,0.18311578035354614,0.20823930203914642,-0.02825283836573362,0.5391209125518799,8464,-0.11639880388975143,-0.09550561755895615,0.20281489193439484,-0.38737398087978364,0.13730282336473443,8464,-0.039739664644002914,-0.09127248823642731,0.3015492260456085,-0.3901855319738388,0.4899639219045639
2,Day 2,1,Tray 1,DJI_20260620131000_0001,7,1,7,8464,0.27677416801452637,0.1954098343849182,0.1991695910692215,0.07439113706350327,0.5536366045475006,8464,-0.09909431636333466,-0.08707194030284882,0.18100595474243164,-0.35657678842544555,0.1460258811712265,8464,-0.02673950418829918,-0.08433734625577927,0.2901560962200165,-0.36607010662555695,0.4746303498744963
2,Day 2,1,Tray 1,DJI_20260620131000_0001,8,1,8,8464,0.25916576385498047,0.19079482555389404,0.19668196141719818,0.056975506246089935,0.554420268535614,8464,-0.10190840810537338,-0.09069117158651352,0.17778490483760834,-0.3449477255344391,0.12126358821988102,8464,-0.05021815747022629,-0.09156337380409241,0.29798024892807007,-0.4164648950099945,0.46868884563446045
2,Day 2,1,Tray 1,DJI_20260620131000_0001,9,1,9,8464,0.2303256094455719,0.19118714332580566,0.18129263818264008,0.04459507539868355,0.5185570299625396,8464,-0.12948822975158691,-0.10496491938829422,0.16949734091758728,-0.3700803816318512,0.058363839611411096,8464,-0.07123419642448425,-0.10511402040719986,0.29318779706954956,-0.4435279488563537,0.44592237770557397
2,Day 2,1,Tray 1,DJI_20260620131000_0001,10,1,10,8464,0.24139992892742157,0.20624354481697083,0.13299137353897095,0.11234073862433434,0.4557347744703293,8464,-0.13391640782356262,-0.13059084117412567,0.1543460190296173,-0.31334188580513,0.061718259379267656,8464,-0.02368619106709957,-0.11747851222753525,0.293239951133728,-0.3059493273496628,0.4736070543527603
2,Day 2,1,Tray 1,DJI_20260620131000_0001,11,2,1,8464,0.30736833810806274,0.22054627537727356,0.19921086728572845,0.13654561191797257,0.5706683039665222,8464,-0.052483342587947845,-0.12887664139270782,0.2018541693687439,-0.21915631145238876,0.22300885617733002,8464,0.21240173280239105,0.24281398952007294,0.3698508143424988,-0.18673293739557265,0.7004487395286559
2,Day 2,1,Tray 1,DJI_20260620131000_0001,12,2,2,8464,0.325674444437027,0.24985060095787048,0.2209760695695877,0.12603987604379654,0.5892281591892242,8464,-0.04285411536693573,-0.10638675093650818,0.2263869047164917,-0.3016824036836624,0.2594992160797119,8464,0.2534545958042145,0.3902086615562439,0.38135629892349243,-0.19131894707679745,0.7393675565719604
2,Day 2,1,Tray 1,DJI_20260620131000_0001,13,2,3,8464,0.34798163175582886,0.35918644070625305,0.1974560171365738,0.12759436517953873,0.5774342358112335,8464,-0.03567171096801758,-0.07867716252803802,0.20421458780765533,-0.28388546109199525,0.2172080785036087,8464,0.26709699630737305,0.4202132225036621,0.37572070956230164,-0.2577126920223236,0.7024003744125367
2,Day 2,1,Tray 1,DJI_20260620131000_0001,14,2,4,8464,0.32698681950569153,0.3397502899169922,0.21279114484786987,0.06377348303794861,0.5811607301235199,8464,-0.0495028980076313,-0.07508532702922821,0.23803918063640594,-0.37928261756896975,0.2660632252693176,8464,0.17852500081062317,0.2484634667634964,0.39895278215408325,-0.4199635028839111,0.6854660928249359
2,Day 2,1,Tray 1,DJI_20260620131000_0001,15,2,5,8464,0.28050586581230164,0.29860788583755493,0.2656463384628296,-0.138465841114521,0.5724578976631164,8464,-0.08603256940841675,-0.06578177213668823,0.26123738288879395,-0.5006552338600159,0.22301389575004574,8464,0.1039842888712883,0.09606307744979858,0.4141269028186798,-0.5186352729797363,0.5847217619419098
2,Day 2,1,Tray 1,DJI_20260620131000_0001,16,2,6,8464,0.276357501745224,0.24297504127025604,0.24048972129821777,-0.024981583654880513,0.5564202070236206,8464,-0.09877995401620865,-0.07100823521614075,0.22078004479408264,-0.46338851749897,0.15744730979204177,8464,0.04454130306839943,-0.06391270458698273,0.37503382563591003,-0.48423340916633606,0.5384396791458129
2,Day 2,1,Tray 1,DJI_20260620131000_0001,17,2,7,8464,0.2291611284017563,0.1804107129573822,0.21833139657974243,-0.05306813120841979,0.5449522018432618,8464,-0.13137544691562653,-0.08779386430978775,0.19518396258354187,-0.4170880913734436,0.11517964154481887,8464,-0.05003978684544563,-0.0833333358168602,0.3109739124774933,-0.4357589930295944,0.48553546965122224
2,Day 2,1,Tray 1,DJI_20260620131000_0001,18,2,8,8464,0.23543351888656616,0.1861734539270401,0.19751806557178497,-0.005533024482429007,0.5291052877902984,8464,-0.12313394248485565,-0.08707194030284882,0.19156068563461304,-0.4215541660785675,0.11068671941757194,8464,-0.04189807549118996,-0.08018992096185684,0.3044285476207733,-0.4439351260662079,0.44115349650382996
2,Day 2,1,Tray 1,DJI_20260620131000_0001,19,2,9,8464,0.2360171526670456,0.189255028963089,0.17347490787506104,0.04864645004272461,0.5114774465560913,8464,-0.13243041932582855,-0.10006716102361679,0.16648505628108978,-0.3836120069026947,0.07297118827700609,8464,-0.0040069161914289,-0.08837209641933441,0.32977041602134705,-0.4082212865352631,0.5063223421573638
2,Day 2,1,Tray 1,DJI_20260620131000_0001,20,2,10,8464,0.24012678861618042,0.19813629984855652,0.15757746994495392,0.09987195581197739,0.5004042088985443,8464,-0.12156259268522263,-0.11549986153841019,0.18140937387943268,-0.34016379415988923,0.12035318762063976,8464,0.008282977156341076,-0.1037735864520073,0.35735347867012024,-0.4296587407588959,0.6031712770462035
2,Day 2,1,Tray 1,DJI_20260620131000_0001,21,3,1,8464,0.327902227640152,0.251779705286026,0.21071764826774597,0.11732684746384621,0.6047684788703918,8464,-0.04033207893371582,-0.12646998465061188,0.21799862384796143,-0.250485423207283,0.26986975073814384,8464,0.2754051387310028,0.41314584016799927,0.3625796437263489,-0.1943998783826828,0.7217345893383026
2,Day 2,1,Tray 1,DJI_20260620131000_0001,22,3,2,8464,0.33710813522338867,0.32426202297210693,0.19948101043701172,0.14471485912799836,0.5849768638610839,8464,-0.04666904732584953,-0.09468739479780197,0.19214649498462677,-0.26158566176891324,0.22450369745492935,8464,0.22945907711982727,0.3270729184150696,0.36467888951301575,-0.25424845814704894,0.6648721694946289
2,Day 2,1,Tray 1,DJI_20260620131000_0001,23,3,3,8464,0.3975570797920227,0.4542006552219391,0.20626366138458252,0.17198437750339507,0.6015508532524109,8464,-0.022133449092507362,-0.01948842965066433,0.20791804790496826,-0.26732202172279357,0.23896573334932328,8464,0.34170758724212646,0.4531634449958801,0.34013831615448,-0.2030264526605605,0.6627423286437988
2,Day 2,1,Tray 1,DJI_20260620131000_0001,24,3,4,8464,0.36987221240997314,0.4444095492362976,0.23016932606697083,0.02969989553093912,0.590389484167099,8464,-0.05650362744927406,-0.047667913138866425,0.23394466936588287,-0.38736373782157896,0.22931362986564635,8464,0.2117573469877243,0.38307511806488037,0.40093594789505005,-0.42949401438236234,0.6272774338722229
2,Day 2,1,Tray 1,DJI_20260620131000_0001,25,3,5,8464,0.3232804536819458,0.4166746437549591,0.2768774926662445,-0.09889764711260796,0.5868746757507324,8464,-0.0602911114692688,-0.04779130220413208,0.2871488332748413,-0.4857682019472122,0.2659619092941284,8464,0.10903633385896683,0.26768967509269714,0.45321932435035706,-0.5175096988677979,0.6326457560062408
2,Day 2,1,Tray 1,DJI_20260620131000_0001,26,3,6,8464,0.2651093602180481,0.25135788321495056,0.25015994906425476,-0.09245908260345453,0.5557708084583283,8464,-0.12055268883705139,-0.09859155118465424,0.24000512063503265,-0.45800604224205016,0.17994183301925654,8464,-0.00793274212628603,-0.09638553857803345,0.3982888162136078,-0.5161051750183105,0.5326486468315125
2,Day 2,1,Tray 1,DJI_20260620131000_0001,27,3,7,8464,0.2654258906841278,0.2091149240732193,0.2252711057662964,-0.03916570171713829,0.552340292930603,8464,-0.12320096045732498,-0.08837209641933441,0.20623116195201874,-0.4171805471181869,0.14762137830257416,8464,-0.03187880292534828,-0.08519941568374634,0.3418353199958801,-0.46194436848163606,0.4901960790157318
2,Day 2,1,Tray 1,DJI_20260620131000_0001,28,3,8,8464,0.2859802842140198,0.2264949083328247,0.2425992786884308,0.039421927183866515,0.5694929659366608,8464,-0.0729469284415245,-0.07156875729560852,0.2565839886665344,-0.44768706560134885,0.22832900732755657,8464,0.045606885105371475,-0.06557376682758331,0.42585378885269165,-0.5091210603713989,0.6691023111343384
2,Day 2,1,Tray 1,DJI_20260620131000_0001,29,3,9,8464,0.26287779211997986,0.20428183674812317,0.2072555124759674,0.08456533998250965,0.5388176321983338,8464,-0.10234487056732178,-0.08606285601854324,0.21447758376598358,-0.45989304780960083,0.14713014662265778,8464,0.00023350282572209835,-0.0824742242693901,0.4022683799266815,-0.530555009841919,0.6206986963748932
2,Day 2,1,Tray 1,DJI_20260620131000_0001,30,3,10,8464,0.28765425086021423,0.20928481221199036,0.18478350341320038,0.10633797273039818,0.556618195772171,8464,-0.08248423784971237,-0.10387451946735382,0.2270701676607132,-0.3663671851158142,0.25836773216724396,8464,0.09723825752735138,-0.08491190522909164,0.42800357937812805,-0.45081484913825987,0.6757137775421143
2,Day 2,1,Tray 1,DJI_20260620131000_0001,31,4,1,8464,0.3516443371772766,0.39922136068344116,0.2210243046283722,0.09813084453344345,0.6309814691543578,8464,-0.0004867560928687453,-0.034404583275318146,0.23531390726566315,-0.261183625459671,0.3243153661489486,8464,0.2692835330963135,0.41521283984184265,0.3943132162094116,-0.332292240858078,0.7120253920555114
2,Day 2,1,Tray 1,DJI_20260620131000_0001,32,4,2,8464,0.41911548376083374,0.4641236364841461,0.1815677136182785,0.17417614609003068,0.6342651665210723,8464,0.04698328301310539,0.028052272275090218,0.19938068091869354,-0.148345485329628,0.32077648043632506,8464,0.34445589780807495,0.4627646207809448,0.3423865735530853,-0.1368210658431053,0.7128804504871368
2,Day 2,1,Tray 1,DJI_20260620131000_0001,33,4,3,8464,0.40816986560821533,0.4338862895965576,0.16754084825515747,0.18025885224342347,0.608930605649948,8464,0.0015272345626726747,-0.014856690540909767,0.19111362099647522,-0.22504127621650696,0.2686279207468032,8464,0.2653931677341461,0.4103015661239624,0.3950771987438202,-0.40583335161209105,0.6761488318443298
2,Day 2,1,Tray 1,DJI_20260620131000_0001,34,4,4,8464,0.4314242899417877,0.4923854470252991,0.224979430437088,0.1040754705667496,0.663672149181366,8464,0.04197467863559723,0.07417388260364532,0.27776050567626953,-0.3931878566741943,0.39786338806152344,8464,0.16333819925785065,0.3842507004737854,0.44484126567840576,-0.48886480629444123,0.6522547602653503
2,Day 2,1,Tray 1,DJI_20260620131000_0001,35,4,5,8464,0.3801208436489105,0.47356075048446655,0.2658160328865051,0.01283464469015601,0.6705136656761168,8464,0.017621135339140892,0.039299022406339645,0.29372119903564453,-0.41470439136028286,0.4319289058446884,8464,0.06315934658050537,-0.08390682935714722,0.4366864264011383,-0.509728479385376,0.6080030739307404
2,Day 2,1,Tray 1,DJI_20260620131000_0001,36,4,6,8464,0.31606802344322205,0.3983750343322754,0.23864153027534485,-0.02756144348531961,0.5637993812561035,8464,-0.09160814434289932,-0.07220004498958588,0.22824746370315552,-0.4149958461523056,0.1757899507880211,8464,0.03516596555709839,-0.06143079325556755,0.39012381434440613,-0.48882022500038147,0.5143632113933563
2,Day 2,1,Tray 1,DJI_20260620131000_0001,37,4,7,8464,0.34320083260536194,0.41157060861587524,0.2208482176065445,0.09362850785255432,0.5786018133163452,8464,-0.03877102583646774,-0.04798464477062225,0.21044088900089264,-0.34997774064540865,0.20569548159837722,8464,0.030352745205163956,-0.053529903292655945,0.3749481439590454,-0.4770669400691986,0.5150089263916016
2,Day 2,1,Tray 1,DJI_20260620131000_0001,38,4,8,8464,0.2962907552719116,0.23655351996421814,0.2019728422164917,0.08097781985998155,0.5538985669612885,8464,-0.08626867830753326,-0.07339449226856232,0.19611616432666779,-0.3539428114891052,0.16409198641777037,8464,-0.018955769017338753,-0.07128844410181046,0.34953850507736206,-0.47594159841537476,0.4918170154094696
2,Day 2,1,Tray 1,DJI_20260620131000_0001,39,4,9,8464,0.3294077217578888,0.27509790658950806,0.20569385588169098,0.13563514351844788,0.5875553727149964,8464,-0.028750628232955933,-0.06361987441778183,0.22038739919662476,-0.28607451915740967,0.26786690652370454,8464,0.07089104503393173,-0.057046979665756226,0.38333991169929504,-0.4524882376194,0.6046960175037384
2,Day 2,1,Tray 1,DJI_20260620131000_0001,40,4,10,8464,0.29989951848983765,0.2271975576877594,0.18258194625377655,0.1451327607035637,0.5594595491886138,8464,-0.06355060636997223,-0.09098175168037415,0.19911620020866394,-0.2966897100210189,0.2034838393330574,8464,0.03742007538676262,-0.07933579385280609,0.3708079159259796,-0.45330758690834044,0.6420057594776152
2,Day 2,1,Tray 1,DJI_20260620131000_0001,41,5,1,8464,0.34301403164863586,0.2474597692489624,0.21141333878040314,0.14604020416736604,0.6960196554660797,8464,0.035552721470594406,-0.10265837609767914,0.24312721192836761,-0.1651231363415718,0.45464105606079097,8464,0.14108768105506897,-0.10698115080595016,0.3645244836807251,-0.1928342580795288,0.7158142864704132
2,Day 2,1,Tray 1,DJI_20260620131000_0001,42,5,2,8464,0.4056369364261627,0.439647912979126,0.1913207471370697,0.16885476410388947,0.660421061515808,8464,0.08215432614088058,0.05418292060494423,0.2035360336303711,-0.13560731709003448,0.3971059620380401,8464,0.19509808719158173,0.24392685294151306,0.37542837858200073,-0.2277756333351135,0.7163353145122527
2,Day 2,1,Tray 1,DJI_20260620131000_0001,43,5,3,8464,0.42537885904312134,0.4505021572113037,0.1853514164686203,0.17470585852861406,0.681163066625595,8464,0.07726705819368362,0.04666817933320999,0.2131052017211914,-0.12988638132810593,0.4036003470420837,8464,0.21592052280902863,0.3018868565559387,0.38145095109939575,-0.30330417752265926,0.7154901087284088
2,Day 2,1,Tray 1,DJI_20260620131000_0001,44,5,4,8464,0.407147079706192,0.4470744729042053,0.20150168240070343,0.1608687683939934,0.6613500773906708,8464,0.07583340257406235,0.05118830129504204,0.22516962885856628,-0.14465409517288208,0.41436123847961415,8464,0.1337246596813202,-0.02461506798863411,0.4370191693305969,-0.5075058996677398,0.719965934753418
2,Day 2,1,Tray 1,DJI_20260620131000_0001,45,5,5,8464,0.36994874477386475,0.41961413621902466,0.23241592943668365,0.10852186977863312,0.6429759323596954,8464,0.01957692764699459,-0.02259957604110241,0.24898108839988708,-0.2798590540885925,0.3371422439813614,8464,0.02064722590148449,-0.06377451866865158,0.38397514820098877,-0.5087680518627167,0.5549412250518798
2,Day 2,1,Tray 1,DJI_20260620131000_0001,46,5,6,8464,0.35573863983154297,0.3491175174713135,0.2159680426120758,0.13308856636285782,0.6356684148311614,8464,0.0033024584408849478,-0.040925268083810806,0.227484792470932,-0.2951410174369812,0.33958579599857314,8464,0.02128458581864834,-0.049461815506219864,0.3316393494606018,-0.43886154890060425,0.4962242215871811
2,Day 2,1,Tray 1,DJI_20260620131000_0001,47,5,7,8464,0.350870817899704,0.3685627579689026,0.21683703362941742,0.14400510787963866,0.5989689111709594,8464,-0.001690765842795372,-0.033438485115766525,0.21605074405670166,-0.284887608885765,0.24832687973976134,8464,0.01894429512321949,-0.044909413903951645,0.3527701199054718,-0.5027523040771484,0.5159487843513488
2,Day 2,1,Tray 1,DJI_20260620131000_0001,48,5,8,8464,0.30195102095603943,0.23131532967090607,0.17182978987693787,0.14282457381486893,0.5485839664936065,8464,-0.05197417363524437,-0.056922636926174164,0.17130206525325775,-0.2602112203836441,0.17338354289531707,8464,-0.047462817281484604,-0.06515801697969437,0.3290809690952301,-0.49601125717163086,0.4685907423496246
2,Day 2,1,Tray 1,DJI_20260620131000_0001,49,5,9,8464,0.31106510758399963,0.22007833421230316,0.19035781919956207,0.15191282331943512,0.5806341588497161,8464,-0.01023827213793993,-0.06234301999211311,0.18860189616680145,-0.1296551674604416,0.2384582787752151,8464,0.05794694274663925,-0.06696195900440216,0.37349122762680054,-0.45470693707466125,0.6968297719955444
2,Day 2,1,Tray 1,DJI_20260620131000_0001,50,5,10,8464,0.2952442169189453,0.22227910161018372,0.16513170301914215,0.15455053448677064,0.5492701053619384,8464,-0.05100970342755318,-0.07990506291389465,0.17281657457351685,-0.2270671561360359,0.17204494923353195,8464,0.02117021381855011,-0.07635694742202759,0.32780006527900696,-0.36427252888679496,0.5986020624637604
2,Day 2,1,Tray 1,DJI_20260620131000_0001,51,6,1,8464,0.2901201844215393,0.19390550255775452,0.21733161807060242,0.12749199569225314,0.6600138902664184,8464,-0.03050258569419384,-0.13137173652648926,0.24445056915283203,-0.21077114194631574,0.3928628951311111,8464,0.0989069938659668,-0.12314865738153458,0.3588120937347412,-0.1773500382900238,0.6781721115112305
2,Day 2,1,Tray 1,DJI_20260620131000_0001,52,6,2,8464,0.3077138066291809,0.23790322244167328,0.22104087471961975,0.14105455577373505,0.6727079749107361,8464,-0.009531938470900059,-0.10805809497833252,0.25103968381881714,-0.17016716301441193,0.41417376399040207,8464,0.13222065567970276,-0.08433734625577927,0.3404853940010071,-0.16137266159057617,0.6830838203430175
2,Day 2,1,Tray 1,DJI_20260620131000_0001,53,6,3,8464,0.3068966269493103,0.25643622875213623,0.2199600785970688,0.1111111119389534,0.6389406204223632,8464,-0.018586335703730583,-0.09932886064052582,0.2480960488319397,-0.25344353914260864,0.4224030077457428,8464,0.005000952631235123,-0.1028817668557167,0.36438438296318054,-0.46054475903511044,0.5898616909980774
2,Day 2,1,Tray 1,DJI_20260620131000_0001,54,6,4,8464,0.3201541602611542,0.26305457949638367,0.24191667139530182,0.07189305275678635,0.6642463207244873,8464,-5.211631651036441e-05,-0.06626741588115692,0.254424124956131,-0.31553588211536404,0.4382274836301802,8464,0.05059710144996643,-0.0722702294588089,0.3948443830013275,-0.4807448983192444,0.6875547468662261
2,Day 2,1,Tray 1,DJI_20260620131000_0001,55,6,5,8464,0.3068047761917114,0.2811444103717804,0.24773025512695312,0.007203391846269387,0.6402165174484252,8464,-0.03383882716298103,-0.06403134763240814,0.24720872938632965,-0.36877344548702234,0.3618049919605255,8464,-0.010625414550304413,-0.08276044577360153,0.3564838469028473,-0.46721604466438293,0.5766246736049652
2,Day 2,1,Tray 1,DJI_20260620131000_0001,56,6,6,8464,0.2688445746898651,0.2089017629623413,0.22412188351154327,0.03025641106069088,0.6047352135181426,8464,-0.05068347230553627,-0.06675350666046143,0.2336837649345398,-0.3329758048057556,0.3077738344669341,8464,-0.07099215686321259,-0.07933579385280609,0.3165842294692993,-0.48239990174770353,0.5014514863491059
2,Day 2,1,Tray 1,DJI_20260620131000_0001,57,6,7,8464,0.2615792155265808,0.20449334383010864,0.20619864761829376,0.06987120211124423,0.5644761025905609,8464,-0.07361829280853271,-0.06710450351238251,0.17831814289093018,-0.30157353878021237,0.15499885976314542,8464,-0.09437094628810883,-0.07734806835651398,0.23399922251701355,-0.41415290236473085,0.264928516745567
2,Day 2,1,Tray 1,DJI_20260620131000_0001,58,6,8,8464,0.269464373588562,0.19963282346725464,0.20312082767486572,0.09955010190606117,0.5550660610198974,8464,-0.07642801851034164,-0.07423924654722214,0.19353719055652618,-0.3468179702758789,0.16046585440635677,8464,-0.07914336025714874,-0.08225966989994049,0.28083011507987976,-0.4697701334953308,0.4049441367387771
2,Day 2,1,Tray 1,DJI_20260620131000_0001,59,6,9,8464,0.2631262540817261,0.19765233993530273,0.18982625007629395,0.12096531242132189,0.5536747097969055,8464,-0.06005784869194031,-0.07777339220046997,0.18896688520908356,-0.2893576920032501,0.19240537136793137,8464,-0.019986750558018684,-0.07976268976926804,0.32201239466667175,-0.4016772210597992,0.5437341213226318
2,Day 2,1,Tray 1,DJI_20260620131000_0001,60,6,10,8464,0.2411823719739914,0.19745223224163055,0.19405706226825714,0.11088928878307347,0.5564618587493896,8464,-0.10019423812627792,-0.12361092120409012,0.22109434008598328,-0.32284884750843046,0.20523741245269775,8464,-0.06442265212535858,-0.12084648013114929,0.3130406439304352,-0.43759873509407043,0.46916254758834824
2,Day 2,1,Tray 1,DJI_20260620131000_0001,61,7,1,8464,0.24044404923915863,0.18500559031963348,0.19176429510116577,0.12007874250411987,0.5681010603904723,8464,-0.07945595681667328,-0.14114531874656677,0.23904916644096375,-0.24898640662431715,0.3478440284729003,8464,-7.344553978327895e-06,-0.13137173652648926,0.28546616435050964,-0.18241940438747406,0.569920980930328
2,Day 2,1,Tray 1,DJI_20260620131000_0001,62,7,2,8464,0.255055695772171,0.18697771430015564,0.20269353687763214,0.10327036827802659,0.5852451920509338,8464,-0.065792515873909,-0.12053632736206055,0.2386537343263626,-0.2804878056049347,0.3356412202119826,8464,0.00180941226426512,-0.11292295157909393,0.3055883049964905,-0.22817427068948745,0.5766439676284789
2,Day 2,1,Tray 1,DJI_20260620131000_0001,63,7,3,8464,0.298251748085022,0.2605326771736145,0.27361083030700684,-0.026896269433200313,0.6441454231739043,8464,-0.026623915880918503,-0.08134782314300537,0.2789640426635742,-0.44047165811061856,0.35212959349155415,8464,0.08597928285598755,-0.08197371661663055,0.423949271440506,-0.46819842159748076,0.7264140963554382
2,Day 2,1,Tray 1,DJI_20260620131000_0001,64,7,4,8464,0.22497308254241943,0.1988309621810913,0.23406638205051422,-0.08659773617982865,0.5359410047531128,8464,-0.10037922859191895,-0.09932886064052582,0.25030040740966797,-0.4345740914344788,0.27491610646247866,8464,-0.02706889621913433,-0.08606285601854324,0.3357663154602051,-0.45989304780960083,0.5369463324546814
2,Day 2,1,Tray 1,DJI_20260620131000_0001,65,7,5,8464,0.22274285554885864,0.18649041652679443,0.24681971967220306,-0.0756768405437469,0.5691713750362396,8464,-0.09837065637111664,-0.09756097197532654,0.2594805061817169,-0.4343734800815582,0.33863798975944515,8464,-0.07516989856958389,-0.11024735122919083,0.3297693431377411,-0.4840158641338348,0.48109516501426697
2,Day 2,1,Tray 1,DJI_20260620131000_0001,66,7,6,8464,0.23420819640159607,0.1865285038948059,0.23955455422401428,-0.06233472637832163,0.6199150741100311,8464,-0.09323445707559586,-0.08405029773712158,0.23739904165267944,-0.3871951103210449,0.2386141002178191,8464,-0.09316223114728928,-0.08924058824777603,0.25871261954307556,-0.424843430519104,0.3369964718818663
2,Day 2,1,Tray 1,DJI_20260620131000_0001,67,7,7,8464,0.2219426929950714,0.19067910313606262,0.2636111080646515,-0.13670663833618163,0.5982074439525604,8464,-0.08318505436182022,-0.06377451866865158,0.24253854155540466,-0.44566844999790184,0.24699537158012375,8464,-0.10355295240879059,-0.07423924654722214,0.26836293935775757,-0.4836150377988815,0.2936319440603256
2,Day 2,1,Tray 1,DJI_20260620131000_0001,68,7,8,8464,0.19302766025066376,0.17632824182510376,0.22004826366901398,-0.08745548129081726,0.5259013772010803,8464,-0.10496347397565842,-0.07212986052036285,0.19301150739192963,-0.36932348310947416,0.06970496401190755,8464,-0.11081695556640625,-0.07508532702922821,0.20932182669639587,-0.4223452001810074,0.04378406256437291
2,Day 2,1,Tray 1,DJI_20260620131000_0001,69,7,9,8464,0.18499810993671417,0.1777988225221634,0.19272352755069733,0.028894210234284422,0.3589266031980514,8464,-0.11027592420578003,-0.0814022570848465,0.17363804578781128,-0.316022053360939,-0.012273354176431918,8464,-0.09774453192949295,-0.07905138283967972,0.22963029146194458,-0.37275646030902854,0.016441959887742996
2,Day 2,1,Tray 1,DJI_20260620131000_0001,70,7,10,8464,0.2248872071504593,0.19447967410087585,0.19656118750572205,0.0061609397176653575,0.5052193582057952,8464,-0.1300734430551529,-0.13734203577041626,0.1945602297782898,-0.3623126059770584,0.12971350550651548,8464,-0.08594398200511932,-0.13513512909412384,0.28010308742523193,-0.3930940628051758,0.36470498442649835
2,Day 2,2,Tray 2,DJI_20260620131052_0002,1,1,1,8464,0.25213053822517395,0.18787983059883118,0.17190836369991302,0.1168539822101593,0.5257236301898957,8464,-0.10227447003126144,-0.13168439269065857,0.14242668449878693,-0.24907651543617249,0.08910196274518964,8464,0.10848838835954666,-0.1149713546037674,0.36130741238594055,-0.2480950951576233,0.638034051656723
2,Day 2,2,Tray 2,DJI_20260620131052_0002,2,1,2,8464,0.2500382959842682,0.18443316221237183,0.18131610751152039,0.12746607810258867,0.5384615659713745,8464,-0.08833113312721252,-0.12268677353858948,0.17136533558368683,-0.23221089839935302,0.14903711378574366,8464,0.0787644162774086,-0.10630825161933899,0.330947607755661,-0.16896742582321167,0.6289752721786499
2,Day 2,2,Tray 2,DJI_20260620131052_0002,3,1,3,8464,0.3084525763988495,0.2158631533384323,0.1838822364807129,0.1413680464029312,0.582433944940567,8464,-0.03704581409692764,-0.09258294105529785,0.17153990268707275,-0.21225577592849731,0.22165107876062387,8464,0.17852649092674255,0.07709018141031265,0.32809847593307495,-0.1465343251824379,0.6453553736209869
2,Day 2,2,Tray 2,DJI_20260620131052_0002,4,1,4,8464,0.320842981338501,0.28778716921806335,0.21788550913333893,0.06982466951012614,0.590824544429779,8464,-0.04812505468726158,-0.07635694742202759,0.22265343368053436,-0.3682153761386871,0.2430196091532707,8464,0.14490628242492676,0.03909507393836975,0.40367206931114197,-0.38790035247802734,0.6947865068912505
2,Day 2,2,Tray 2,DJI_20260620131052_0002,5,1,5,8464,0.3132382929325104,0.3204444944858551,0.25113165378570557,0.05777282603085049,0.5954015851020813,8464,-0.04623746499419212,-0.06379416584968567,0.2499740719795227,-0.42677014172077177,0.2695264220237732,8464,0.12651130557060242,-0.010755067691206932,0.4163116216659546,-0.46503767669200896,0.6543613374233246
2,Day 2,2,Tray 2,DJI_20260620131052_0002,6,1,6,8464,0.25199830532073975,0.1852899193763733,0.20237214863300323,0.025216331705451046,0.5481357574462891,8464,-0.10805157572031021,-0.09345794469118118,0.20836089551448822,-0.39152016341686247,0.15350950062274932,8464,-0.0011377334594726562,-0.08577489107847214,0.316472589969635,-0.3684839367866516,0.513861733675003
2,Day 2,2,Tray 2,DJI_20260620131052_0002,7,1,7,8464,0.21946300566196442,0.17503654956817627,0.19989992678165436,0.008820093236863627,0.52073375582695,8464,-0.1263471394777298,-0.09141790866851807,0.20626506209373474,-0.41150922775268556,0.08586374968290322,8464,-0.08472892642021179,-0.08967535942792892,0.2664511799812317,-0.42770828902721403,0.3996576726436615
2,Day 2,2,Tray 2,DJI_20260620131052_0002,8,1,8,8464,0.2028011977672577,0.17422816157341003,0.1762753427028656,0.05477093271911147,0.4652423858642578,8464,-0.1268378496170044,-0.09090909361839294,0.18146003782749176,-0.4120794534683227,0.03298103958368299,8464,-0.10279038548469543,-0.08982036262750626,0.23351214826107025,-0.4316008687019348,0.21453443914651849
2,Day 2,2,Tray 2,DJI_20260620131052_0002,9,1,9,8464,0.19185692071914673,0.17820371687412262,0.14222589135169983,0.09732958301901817,0.3299702227115631,8464,-0.13408946990966797,-0.10877953469753265,0.14670723676681519,-0.2882219910621643,-0.06446899324655536,8464,-0.08295726031064987,-0.10511402040719986,0.24237728118896484,-0.30897316336631775,0.26140625774860365
2,Day 2,2,Tray 2,DJI_20260620131052_0002,10,1,10,8464,0.18211951851844788,0.17825588583946228,0.09025765210390091,0.12251092046499253,0.24456909894943235,8464,-0.140119731426239,-0.12130339443683624,0.12611298263072968,-0.26096996665000916,-0.08996539562940598,8464,-0.05964716523885727,-0.11489246040582657,0.22694282233715057,-0.22118512094020842,0.3333252847194671
2,Day 2,2,Tray 2,DJI_20260620131052_0002,11,2,1,8464,0.31006157398223877,0.24135765433311462,0.21405000984668732,0.082528492808342,0.6101533114910125,8464,-0.07157299667596817,-0.13340714573860168,0.2223542183637619,-0.3386947244405746,0.26538026332855225,8464,0.21829058229923248,0.2644903361797333,0.4202773869037628,-0.34323081374168396,0.7331084251403809
2,Day 2,2,Tray 2,DJI_20260620131052_0002,12,2,2,8464,0.33129653334617615,0.2315763235092163,0.20814384520053864,0.13455158919095994,0.5802879333496094,8464,-0.015642840415239334,-0.1005106121301651,0.20242996513843536,-0.21028520166873932,0.239087364077568,8464,0.3194389045238495,0.45528191328048706,0.36176565289497375,-0.14733200073242186,0.7426459074020386
2,Day 2,2,Tray 2,DJI_20260620131052_0002,13,2,3,8464,0.35090985894203186,0.33987361192703247,0.2072571963071823,0.14148835837841034,0.6079091906547546,8464,0.005304213147610426,-0.052428681403398514,0.2163534164428711,-0.17585453391075132,0.29297153055667874,8464,0.3298971354961395,0.4476860761642456,0.33641186356544495,-0.10960574448108673,0.71639124751091
2,Day 2,2,Tray 2,DJI_20260620131052_0002,14,2,4,8464,0.30779212713241577,0.2730367183685303,0.2101740837097168,0.05675841979682446,0.568773090839386,8464,-0.0585620179772377,-0.07058823853731155,0.21912461519241333,-0.37715232372283936,0.20981262922286983,8464,0.19588150084018707,0.26659244298934937,0.3797764480113983,-0.33565469086170197,0.6802900433540344
2,Day 2,2,Tray 2,DJI_20260620131052_0002,15,2,5,8464,0.31507256627082825,0.3710068464279175,0.23574206233024597,-0.024549208581447598,0.575569999217987,8464,-0.06966103613376617,-0.07414166629314423,0.2525181174278259,-0.4237638801336288,0.24958356171846388,8464,0.12416014820337296,0.1319957673549652,0.4286915361881256,-0.45929476022720334,0.6742781281471253
2,Day 2,2,Tray 2,DJI_20260620131052_0002,16,2,6,8464,0.26735594868659973,0.2250470221042633,0.23601964116096497,-0.06409724801778793,0.5515303015708923,8464,-0.10867908596992493,-0.08837209641933441,0.2288874387741089,-0.4449252486228943,0.17288234084844584,8464,0.00891148392111063,-0.08151958882808685,0.37410953640937805,-0.4853255659341812,0.5229656457901001
2,Day 2,2,Tray 2,DJI_20260620131052_0002,17,2,7,8464,0.2463570088148117,0.18858551979064941,0.22623883187770844,-0.01853283867239949,0.5406219303607941,8464,-0.130161851644516,-0.08851674944162369,0.2174764722585678,-0.4833733439445495,0.14531363397836686,8464,-0.044246889650821686,-0.08563096821308136,0.3253972828388214,-0.48552766144275666,0.4751426696777344
2,Day 2,2,Tray 2,DJI_20260620131052_0002,18,2,8,8464,0.232973113656044,0.18404431641101837,0.20606283843517303,-0.023156899958848953,0.5335050821304321,8464,-0.1279001086950302,-0.09844420850276947,0.2112484574317932,-0.4350042998790741,0.13424200713634485,8464,-0.0351141095161438,-0.08721625059843063,0.3067486584186554,-0.43902820348739624,0.45573917031288147
2,Day 2,2,Tray 2,DJI_20260620131052_0002,19,2,9,8464,0.21414580941200256,0.1863517016172409,0.1704559326171875,0.07785842567682266,0.4825485944747924,8464,-0.14083318412303925,-0.10825439542531967,0.17948652803897858,-0.4152183890342712,0.039499447494745245,8464,-0.06321130692958832,-0.10303030163049698,0.3200826346874237,-0.48875941932201383,0.45790748298168177
2,Day 2,2,Tray 2,DJI_20260620131052_0002,20,2,10,8464,0.2113950401544571,0.18376854062080383,0.11669411510229111,0.12389458268880846,0.3994921565055847,8464,-0.12596245110034943,-0.11778353899717331,0.16339609026908875,-0.31391078531742095,0.06072517782449718,8464,-0.0005534427473321557,-0.10690633952617645,0.328207790851593,-0.31892557144165035,0.5766220808029173
2,Day 2,2,Tray 2,DJI_20260620131052_0002,21,3,1,8464,0.3040943741798401,0.28506413102149963,0.25030452013015747,-0.05747298300266261,0.6259572446346283,8464,-0.0640622079372406,-0.12237905710935593,0.2560883164405823,-0.436264768242836,0.29419568181037903,8464,0.20390963554382324,0.3503707945346832,0.4478498697280884,-0.47780585289001465,0.7285939455032349
2,Day 2,2,Tray 2,DJI_20260620131052_0002,22,3,2,8464,0.36430633068084717,0.37852901220321655,0.22972948849201202,0.1161379121243954,0.6409972310066223,8464,0.023569440469145775,-0.028169553726911545,0.24617885053157806,-0.232876718044281,0.39704279303550705,8464,0.3162795901298523,0.46717625856399536,0.38533690571784973,-0.20356238484382622,0.7429344832897187
2,Day 2,2,Tray 2,DJI_20260620131052_0002,23,3,3,8464,0.4367174208164215,0.5058499574661255,0.18913081288337708,0.16847675442695617,0.6274510025978088,8464,0.05746395140886307,0.07790815830230713,0.21203158795833588,-0.1710568025708198,0.34709414541721334,8464,0.4594152271747589,0.5188792943954468,0.2894834280014038,-0.08276044577360153,0.7561410903930664
2,Day 2,2,Tray 2,DJI_20260620131052_0002,24,3,4,8464,0.37370479106903076,0.42702463269233704,0.2140320986509323,0.110168943554163,0.6081328868865966,8464,-0.014801831915974617,-0.028356291353702545,0.25068342685699463,-0.34983381927013396,0.31253296434879274,8464,0.2540702819824219,0.40756720304489136,0.4012563228607178,-0.34410938024520876,0.7179270207881927
2,Day 2,2,Tray 2,DJI_20260620131052_0002,25,3,5,8464,0.3875318765640259,0.4510302245616913,0.20800451934337616,0.07020791918039324,0.598584645986557,8464,-0.04615584760904312,-0.017752263695001602,0.25190290808677673,-0.4085754185914993,0.2599606335163116,8464,0.2140127718448639,0.41212430596351624,0.42948558926582336,-0.45817758738994596,0.6708201706409455
2,Day 2,2,Tray 2,DJI_20260620131052_0002,26,3,6,8464,0.3388725519180298,0.4561559557914734,0.2576747536659241,-0.061233336105942726,0.5799217224121094,8464,-0.07122951000928879,-0.023138832300901413,0.2632574439048767,-0.48492059409618377,0.2274871975183487,8464,0.09438642859458923,0.24957223236560822,0.42995592951774597,-0.5040493667125702,0.5672018706798554
2,Day 2,2,Tray 2,DJI_20260620131052_0002,27,3,7,8464,0.2701609134674072,0.21374811232089996,0.23533156514167786,-0.04240817166864869,0.5667265057563782,8464,-0.13250179588794708,-0.11573824286460876,0.23028406500816345,-0.4519553869962692,0.18217148631811136,8464,-0.0400141179561615,-0.11383108794689178,0.357406884431839,-0.4839644730091095,0.5134001791477203
2,Day 2,2,Tray 2,DJI_20260620131052_0002,28,3,8,8464,0.2705726623535156,0.22102218866348267,0.21977640688419342,-0.015471166931092739,0.5591716647148132,8464,-0.11439955234527588,-0.1180887371301651,0.23820309340953827,-0.4101239740848541,0.23773224651813507,8464,0.04707017540931702,-0.09697302430868149,0.40209004282951355,-0.41744548082351685,0.6706314325332642
2,Day 2,2,Tray 2,DJI_20260620131052_0002,29,3,9,8464,0.2812940776348114,0.22651627659797668,0.21684794127941132,0.07643675059080128,0.5589203238487244,8464,-0.10370851308107376,-0.10828911513090134,0.22814802825450897,-0.4552238881587982,0.19957081973552704,8464,0.0654020681977272,-0.052861373871564865,0.403273344039917,-0.49991759359836574,0.5872975051403045
2,Day 2,2,Tray 2,DJI_20260620131052_0002,30,3,10,8464,0.23629917204380035,0.18829205632209778,0.15612347424030304,0.10962821543216705,0.4989083647727966,8464,-0.11854632198810577,-0.1240735650062561,0.19360575079917908,-0.34631608724594115,0.1334650799632072,8464,0.01259016152471304,-0.11050247400999069,0.3612450957298279,-0.38669994473457336,0.641174030303955
2,Day 2,2,Tray 2,DJI_20260620131052_0002,31,4,1,8464,0.35031813383102417,0.2758927345275879,0.22816815972328186,0.1045083224773407,0.6888914883136749,8464,0.012231551110744476,-0.10571081191301346,0.249925896525383,-0.2440935581922531,0.4195941627025603,8464,0.23484529554843903,0.32152310013771057,0.38348835706710815,-0.23361952602863312,0.7244214832782745
2,Day 2,2,Tray 2,DJI_20260620131052_0002,32,4,2,8464,0.40712717175483704,0.4639303386211395,0.21086883544921875,0.1539048969745636,0.6621361076831818,8464,0.0601997897028923,0.03525695204734802,0.21394804120063782,-0.15375619530677795,0.3809628486633301,8464,0.3326617479324341,0.44381386041641235,0.34166231751441956,-0.13776864409446715,0.7368483483791352
2,Day 2,2,Tray 2,DJI_20260620131052_0002,33,4,3,8464,0.43091362714767456,0.47526881098747253,0.1945815086364746,0.16694873571395874,0.6735120594501496,8464,0.09561767429113388,0.09062841534614563,0.21734236180782318,-0.1320182502269745,0.4092727422714233,8464,0.287305623292923,0.4383184313774109,0.4072697162628174,-0.3551525831222534,0.7399550676345825
2,Day 2,2,Tray 2,DJI_20260620131052_0002,34,4,4,8464,0.42487379908561707,0.45679622888565063,0.2134263664484024,0.18236194550991058,0.6863650500774383,8464,0.07279403507709503,0.07766234874725342,0.26365193724632263,-0.23208098858594894,0.41536054611206047,8464,0.2561644911766052,0.36566054821014404,0.40918463468551636,-0.422081059217453,0.7277353405952454
2,Day 2,2,Tray 2,DJI_20260620131052_0002,35,4,5,8464,0.3835769295692444,0.45002925395965576,0.2556108236312866,0.01675456240773204,0.660118693113327,8464,-0.016606124117970467,0.017073366791009903,0.3145007789134979,-0.45204237997531893,0.4047052711248397,8464,0.16368184983730316,0.32037991285324097,0.4664497971534729,-0.4877384305000305,0.7061136960983276
2,Day 2,2,Tray 2,DJI_20260620131052_0002,36,4,6,8464,0.3618018329143524,0.45630326867103577,0.23374992609024048,0.04196999706327918,0.5944145441055297,8464,-0.04341761767864227,-0.01809697411954403,0.24093122780323029,-0.39395786523818965,0.23738216161727904,8464,0.0572861023247242,-0.08233117312192917,0.4302331805229187,-0.5223048329353333,0.564827048778534
2,Day 2,2,Tray 2,DJI_20260620131052_0002,37,4,7,8464,0.35814017057418823,0.44831886887550354,0.23091167211532593,0.10310965776443481,0.5811855792999268,8464,-0.020295286551117897,-0.0031832652166485786,0.23764769732952118,-0.4140193462371826,0.24691164493560788,8464,0.04726153239607811,-0.05236107110977173,0.3936164081096649,-0.5135834217071533,0.511348158121109
2,Day 2,2,Tray 2,DJI_20260620131052_0002,38,4,8,8464,0.3897239863872528,0.47728997468948364,0.22492392361164093,0.08748944252729415,0.6069373071193694,8464,-0.006791695952415466,0.03567279130220413,0.2512941360473633,-0.4311980217695236,0.2779376596212387,8464,0.1873207688331604,0.38810956478118896,0.41472214460372925,-0.4849600225687027,0.6093638420104981
2,Day 2,2,Tray 2,DJI_20260620131052_0002,39,4,9,8464,0.3190452456474304,0.2655732035636902,0.1853851079940796,0.13670186251401903,0.5672451615333557,8464,-0.057839419692754745,-0.08996539562940598,0.20773866772651672,-0.33822243213653563,0.22491607964038843,8464,0.05947075039148331,-0.08635097742080688,0.401482492685318,-0.4572667688131332,0.6709677577018738
2,Day 2,2,Tray 2,DJI_20260620131052_0002,40,4,10,8464,0.33006277680397034,0.24708376824855804,0.19273361563682556,0.14490161687135697,0.5985662937164307,8464,-0.01878855749964714,-0.09243697673082352,0.25160443782806396,-0.29711753129959106,0.3481276035308838,8464,0.1348286122083664,-0.07972908020019531,0.4409732222557068,-0.4754098355770111,0.7371477544307709
2,Day 2,2,Tray 2,DJI_20260620131052_0002,41,5,1,8464,0.31051915884017944,0.21160940825939178,0.2048574686050415,0.13642483353614807,0.6637772202491758,8464,0.0031687000300735235,-0.10481586307287216,0.22234679758548737,-0.18798956274986267,0.4145995408296585,8464,0.09772065281867981,-0.09959674626588821,0.3429279029369354,-0.20264317095279694,0.6977841734886169
2,Day 2,2,Tray 2,DJI_20260620131052_0002,42,5,2,8464,0.3487159013748169,0.2814536392688751,0.2081509530544281,0.13991279900074005,0.647633284330368,8464,0.03670458495616913,-0.0639890804886818,0.212188720703125,-0.1485065221786499,0.3975050121545792,8464,0.14696085453033447,-0.048395588994026184,0.3487991988658905,-0.17088579833507536,0.691713011264801
2,Day 2,2,Tray 2,DJI_20260620131052_0002,43,5,3,8464,0.4180137813091278,0.441700279712677,0.20036980509757996,0.16278435587882997,0.6861507534980774,8464,0.0936153307557106,0.05497802793979645,0.2250242978334427,-0.11946418881416321,0.4353433668613434,8464,0.22629858553409576,0.2621879577636719,0.39999374747276306,-0.20888330042362213,0.7209940254688263
2,Day 2,2,Tray 2,DJI_20260620131052_0002,44,5,4,8464,0.4101187586784363,0.45806506276130676,0.19037698209285736,0.15896634757518768,0.656934243440628,8464,0.0808650404214859,0.0683482438325882,0.19163450598716736,-0.12592796981334686,0.3798493832349777,8464,0.1752272993326187,0.1523382067680359,0.3957938253879547,-0.39144858717918396,0.7001605033874512
2,Day 2,2,Tray 2,DJI_20260620131052_0002,45,5,5,8464,0.3995160162448883,0.45128151774406433,0.21799050271511078,0.13917203545570372,0.646388304233551,8464,0.03563985973596573,0.005976698361337185,0.23116165399551392,-0.2218423917889595,0.3367386072874069,8464,0.07857487350702286,-0.04785056412220001,0.38630199432373047,-0.46294410824775695,0.5837341547012329
2,Day 2,2,Tray 2,DJI_20260620131052_0002,46,5,6,8464,0.4280579686164856,0.5132901668548584,0.2161070853471756,0.14609389752149582,0.6342859029769897,8464,0.04840601980686188,0.09600238502025604,0.21864835917949677,-0.26596135497093193,0.2875297963619232,8464,0.11393824219703674,0.0851026102900505,0.4114592373371124,-0.4997253119945526,0.5745981276035309
2,Day 2,2,Tray 2,DJI_20260620131052_0002,47,5,7,8464,0.3717690706253052,0.4470263719558716,0.22335365414619446,0.13163027912378314,0.5985253810882568,8464,0.010607360862195492,-0.017892643809318542,0.2197648286819458,-0.24473920166492455,0.25347593426704407,8464,0.06299031525850296,-0.04892418161034584,0.36844557523727417,-0.49316316843032837,0.5198547422885894
2,Day 2,2,Tray 2,DJI_20260620131052_0002,48,5,8,8464,0.29878872632980347,0.22193464636802673,0.19521234929561615,0.12408647686243057,0.5618452250957489,8464,-0.04681248590350151,-0.06336016952991486,0.18191379308700562,-0.2186956003308296,0.177749902009964,8464,-0.040025707334280014,-0.07480315119028091,0.30440202355384827,-0.4761278301477432,0.4567312180995941
2,Day 2,2,Tray 2,DJI_20260620131052_0002,49,5,9,8464,0.3403656780719757,0.2561117112636566,0.19825787842273712,0.14374538213014604,0.5913978219032288,8464,-0.009170188568532467,-0.07304291427135468,0.23365595936775208,-0.2800476104021072,0.3216355323791504,8464,0.06658593565225601,-0.08090273290872574,0.41640907526016235,-0.49373314082622527,0.7166955411434174
2,Day 2,2,Tray 2,DJI_20260620131052_0002,50,5,10,8464,0.33680254220962524,0.22669538855552673,0.20054136216640472,0.15375403463840484,0.615008533000946,8464,-0.0006971963448449969,-0.08419380336999893,0.24162819981575012,-0.2502671748399734,0.3531033039093017,8464,0.11514043807983398,-0.0846167579293251,0.43060871958732605,-0.4390639752149581,0.72457657456398
2,Day 2,2,Tray 2,DJI_20260620131052_0002,51,6,1,8464,0.28837987780570984,0.1901426613330841,0.2054569125175476,0.1380399912595749,0.6331414699554443,8464,-0.026453936472535133,-0.11854684352874756,0.2283368855714798,-0.185067281126976,0.37779874801635727,8464,0.08821733295917511,-0.11307420581579208,0.34427610039711,-0.18433040529489517,0.679405027627945
2,Day 2,2,Tray 2,DJI_20260620131052_0002,52,6,2,8464,0.3341875374317169,0.294971227645874,0.2247760146856308,0.11835657805204391,0.6577971756458282,8464,-0.007519870065152645,-0.08723325282335281,0.24290628731250763,-0.23940089643001555,0.3696746677160263,8464,0.171970933675766,0.09798606485128403,0.3448488116264343,-0.2082141041755676,0.6703638792037964
2,Day 2,2,Tray 2,DJI_20260620131052_0002,53,6,3,8464,0.341951459646225,0.2662186622619629,0.2348293960094452,0.12738532423973084,0.6905279457569122,8464,0.026816705241799355,-0.0740983635187149,0.26026487350463867,-0.25709232091903683,0.41728395223617554,8464,0.1633238047361374,0.015763655304908752,0.34541037678718567,-0.17645719945430755,0.6775678038597107
2,Day 2,2,Tray 2,DJI_20260620131052_0002,54,6,4,8464,0.34107089042663574,0.34222233295440674,0.278996080160141,0.05492297559976578,0.6773870646953583,8464,0.02078520506620407,-0.03838782757520676,0.2786756157875061,-0.36795714497566223,0.3834079891443252,8464,0.1074935719370842,-0.05582055076956749,0.4192494750022888,-0.47381681203842163,0.6696301698684692
2,Day 2,2,Tray 2,DJI_20260620131052_0002,55,6,5,8464,0.33056873083114624,0.3155500888824463,0.23310689628124237,0.05874240919947625,0.6401527523994446,8464,-0.02643360197544098,-0.06232432648539543,0.2522263526916504,-0.35065682530403136,0.3719688087701797,8464,0.011493531987071037,-0.08018992096185684,0.3569687306880951,-0.38554354906082156,0.601664811372757
2,Day 2,2,Tray 2,DJI_20260620131052_0002,56,6,6,8464,0.3624042272567749,0.39527627825737,0.24585779011249542,0.09668781831860543,0.6557064354419708,8464,0.011109338141977787,-0.03714413940906525,0.22811579704284668,-0.2881320625543594,0.3125601887702942,8464,0.03573758527636528,-0.056774213910102844,0.35049694776535034,-0.417126652598381,0.5578889191150666
2,Day 2,2,Tray 2,DJI_20260620131052_0002,57,6,7,8464,0.29277387261390686,0.2145446538925171,0.22783984243869781,0.0800941288471222,0.6006583571434021,8464,-0.037052642554044724,-0.05882352963089943,0.20898571610450745,-0.3079971969127655,0.2236004054546356,8464,-0.04076928272843361,-0.07184923440217972,0.2928520739078522,-0.4305676817893982,0.4684978544712065
2,Day 2,2,Tray 2,DJI_20260620131052_0002,58,6,8,8464,0.2812354862689972,0.19729608297348022,0.20986397564411163,0.11148526221513749,0.5748269915580749,8464,-0.058185748755931854,-0.07508532702922821,0.18258224427700043,-0.27888819575309753,0.1935089126229286,8464,-0.07309448719024658,-0.0824742242693901,0.27483734488487244,-0.44606712460517883,0.41614241302013394
2,Day 2,2,Tray 2,DJI_20260620131052_0002,59,6,9,8464,0.25431132316589355,0.19556376338005066,0.19079525768756866,0.11248024627566341,0.5537484228610992,8464,-0.0747944712638855,-0.08848834037780762,0.18653234839439392,-0.2596871823072433,0.17004039734601967,8464,-0.02100527286529541,-0.09073276817798615,0.3325367569923401,-0.4234294056892394,0.5897318661212917
2,Day 2,2,Tray 2,DJI_20260620131052_0002,60,6,10,8464,0.2720491290092468,0.19741106033325195,0.17529182136058807,0.1433609575033188,0.577378898859024,8464,-0.07737328112125397,-0.11732605844736099,0.1886734962463379,-0.22862286865711212,0.1999841213226316,8464,-0.03748222813010216,-0.12153372168540955,0.30669423937797546,-0.28128910064697266,0.5670955657958984
2,Day 2,2,Tray 2,DJI_20260620131052_0002,61,7,1,8464,0.25374534726142883,0.18383240699768066,0.19309386610984802,0.12392603382468224,0.5729836761951447,8464,-0.05272768810391426,-0.12299465388059616,0.22007618844509125,-0.18176703304052352,0.30306509137153625,8464,0.06740761548280716,-0.10915493220090866,0.3204394578933716,-0.16396401822566986,0.6506109416484833
2,Day 2,2,Tray 2,DJI_20260620131052_0002,62,7,2,8464,0.32655981183052063,0.2776912450790405,0.23140199482440948,0.1159556955099106,0.6486464321613311,8464,-0.004031189251691103,-0.08171357214450836,0.2361975610256195,-0.219112828373909,0.3260158598423004,8464,0.16525016725063324,0.0466366782784462,0.38303279876708984,-0.25825780630111694,0.744805496931076
2,Day 2,2,Tray 2,DJI_20260620131052_0002,63,7,3,8464,0.30444756150245667,0.22965651750564575,0.24245449900627136,0.02522279340773822,0.648320996761322,8464,-0.01284150592982769,-0.0714285746216774,0.25645211338996887,-0.3670505881309509,0.37601578831672666,8464,0.14572137594223022,0.0006493543623946607,0.3867481052875519,-0.3673956662416458,0.6880680322647095
2,Day 2,2,Tray 2,DJI_20260620131052_0002,64,7,4,8464,0.24217964708805084,0.20088626444339752,0.23770074546337128,-0.05002966485917563,0.5874061286449432,8464,-0.07905709743499756,-0.07706470042467117,0.25454798340797424,-0.4199029207229614,0.30799450278282137,8464,0.013017804361879826,-0.07100823521614075,0.3632844388484955,-0.43896272182464596,0.6159029364585876
2,Day 2,2,Tray 2,DJI_20260620131052_0002,65,7,5,8464,0.26352599263191223,0.2155643105506897,0.23905505239963531,-0.0254086202010512,0.604424899816513,8464,-0.07992091029882431,-0.07947805523872375,0.23975272476673126,-0.4059552401304245,0.280199947953224,8464,0.0076382760889828205,-0.08685555309057236,0.366972953081131,-0.42949401438236234,0.5786025226116179
2,Day 2,2,Tray 2,DJI_20260620131052_0002,66,7,6,8464,0.2702963054180145,0.24210777878761292,0.273724764585495,-0.09579673409461974,0.6173630774021148,8464,-0.05929480865597725,-0.06336016952991486,0.2587604224681854,-0.4475336253643035,0.29873907566070557,8464,0.011409695260226727,-0.06765741109848022,0.364477276802063,-0.4964855670928955,0.5454389631748199
2,Day 2,2,Tray 2,DJI_20260620131052_0002,67,7,7,8464,0.21605437994003296,0.1760541945695877,0.2346666306257248,-0.07623098120093344,0.5888028979301452,8464,-0.10323614627122879,-0.07325383275747299,0.22518184781074524,-0.4110957980155945,0.207424783706665,8464,-0.086044542491436,-0.07805712521076202,0.26157912611961365,-0.4150395095348358,0.36009121239185315
2,Day 2,2,Tray 2,DJI_20260620131052_0002,68,7,8,8464,0.24790821969509125,0.18965141475200653,0.25007274746894836,-0.03734430558979507,0.6045326292514801,8464,-0.08428771793842316,-0.08118811994791031,0.21962100267410278,-0.4038395583629608,0.20356233417987823,8464,-0.08968982100486755,-0.09054593741893768,0.28652557730674744,-0.47064104676246643,0.40924062430858604
2,Day 2,2,Tray 2,DJI_20260620131052_0002,69,7,9,8464,0.2098318487405777,0.17808237671852112,0.18838441371917725,0.05629516765475273,0.49901610612869257,8464,-0.10966755449771881,-0.08635097742080688,0.1603700816631317,-0.3047010838985443,0.002067142771556968,8464,-0.0995195060968399,-0.08577489107847214,0.21594299376010895,-0.37426430881023404,0.11042674630880356
2,Day 2,2,Tray 2,DJI_20260620131052_0002,70,7,10,8464,0.2536146938800812,0.19905099272727966,0.22731807827949524,0.013731736969202771,0.5611838102340698,8464,-0.12070171535015106,-0.16105079650878906,0.22171258926391602,-0.38638753592967984,0.1806938916444777,8464,-0.0688515156507492,-0.152399480342865,0.3315093517303467,-0.4562588930130005,0.46748802065849304
2,Day 2,3,Tray 3,DJI_20260620131152_0003,1,1,1,8464,0.21266955137252808,0.17803215980529785,0.1361290067434311,0.12406699135899545,0.4351585179567337,8464,-0.12827639281749725,-0.14963503181934357,0.13697177171707153,-0.24980925023555756,0.04704436957836148,8464,-0.01335626095533371,-0.1386069804430008,0.28522229194641113,-0.23583228290081024,0.5157347321510315
2,Day 2,3,Tray 3,DJI_20260620131152_0003,2,1,2,8464,0.24683770537376404,0.18407225608825684,0.15801264345645905,0.1242911659181118,0.5155849337577819,8464,-0.09709374606609344,-0.12191780656576157,0.15087781846523285,-0.24589661061763762,0.13369850963354107,8464,0.05329234525561333,-0.10466684401035309,0.29772987961769104,-0.185187329351902,0.5629097461700439
2,Day 2,3,Tray 3,DJI_20260620131152_0003,3,1,3,8464,0.2657392919063568,0.1937229484319687,0.165542870759964,0.12088309973478317,0.5416638731956481,8464,-0.07785528898239136,-0.11035609245300293,0.1655423641204834,-0.21724656224250793,0.17211893796920774,8464,0.10305824130773544,-0.09433458000421524,0.3352186977863312,-0.18572951555252074,0.6342867314815521
2,Day 2,3,Tray 3,DJI_20260620131152_0003,4,1,4,8464,0.314179003238678,0.23489584028720856,0.19990286231040955,0.1453893393278122,0.5679006934165954,8464,-0.041573479771614075,-0.09287429600954056,0.21159875392913818,-0.2707032263278961,0.2765527069568634,8464,0.12347575277090073,-0.052554529160261154,0.375076025724411,-0.349122855067253,0.6469892024993896
2,Day 2,3,Tray 3,DJI_20260620131152_0003,5,1,5,8464,0.2929149568080902,0.2625318169593811,0.21566231548786163,0.0338937446475029,0.562670785188675,8464,-0.07405883073806763,-0.09521262347698212,0.21529634296894073,-0.36297163367271423,0.21975190341472625,8464,0.06626033037900925,-0.056973617523908615,0.38802704215049744,-0.41818180680274963,0.6100297451019288
2,Day 2,3,Tray 3,DJI_20260620131152_0003,6,1,6,8464,0.2697935104370117,0.20711563527584076,0.2093205600976944,0.016958786919713024,0.5513929128646851,8464,-0.09153477847576141,-0.10258481651544571,0.21210536360740662,-0.3907284736633301,0.20707914233207694,8464,0.017966249957680702,-0.10021493583917618,0.36118632555007935,-0.41670989990234375,0.5652553081512451
2,Day 2,3,Tray 3,DJI_20260620131152_0003,7,1,7,8464,0.3247709274291992,0.31563523411750793,0.21852941811084747,0.08222590088844299,0.5757277011871338,8464,-0.07164397835731506,-0.08405029773712158,0.20237183570861816,-0.39634801745414733,0.16787430346012114,8464,0.05646834895014763,-0.09202538430690765,0.3455274701118469,-0.3537414580583572,0.535939198732376
2,Day 2,3,Tray 3,DJI_20260620131152_0003,8,1,8,8464,0.3170296549797058,0.2158195972442627,0.20428398251533508,0.1186950333416462,0.591246098279953,8464,-0.07126079499721527,-0.09535910189151764,0.20022030174732208,-0.37208911776542664,0.2079034611582756,8464,0.005359358619898558,-0.10021493583917618,0.33029770851135254,-0.4000000059604645,0.519124448299408
2,Day 2,3,Tray 3,DJI_20260620131152_0003,9,1,9,8464,0.25184065103530884,0.1885128617286682,0.18142874538898468,0.11987974494695663,0.5399134755134583,8464,-0.12227610498666763,-0.1150442510843277,0.18942278623580933,-0.39191025495529175,0.14387448132038116,8464,-0.06287974119186401,-0.11231835186481476,0.27837732434272766,-0.402325239777565,0.4137031048536299
2,Day 2,3,Tray 3,DJI_20260620131152_0003,10,1,10,8464,0.22806960344314575,0.18593807518482208,0.1356278955936432,0.13857812136411668,0.46564478576183316,8464,-0.11991037428379059,-0.1251545548439026,0.15373796224594116,-0.27470818161964417,0.012855523545294935,8464,-0.07618402689695358,-0.12330270558595657,0.2673819959163666,-0.35318746268749235,0.38461539149284363
2,Day 2,3,Tray 3,DJI_20260620131152_0003,11,2,1,8464,0.23322798311710358,0.1810186505317688,0.19323356449604034,0.014071644283831125,0.5276703774929046,8464,-0.1230056881904602,-0.13829047977924347,0.19075845181941986,-0.39737245440483093,0.1536739900708198,8464,0.06746561080217361,-0.12145693600177765,0.3716500997543335,-0.413775235414505,0.6148300766944885
2,Day 2,3,Tray 3,DJI_20260620131152_0003,12,2,2,8464,0.25309428572654724,0.18398644030094147,0.16506171226501465,0.12175384312868119,0.5095073044300079,8464,-0.09716621041297913,-0.1220715194940567,0.14439186453819275,-0.24543794989585876,0.07743086963891978,8464,0.1501222848892212,-0.03513609617948532,0.33093681931495667,-0.15853054672479627,0.6324152946472168
2,Day 2,3,Tray 3,DJI_20260620131152_0003,13,2,3,8464,0.26445576548576355,0.1980302482843399,0.1745148003101349,0.11869297027587891,0.522841340303421,8464,-0.09133484959602356,-0.10690633952617645,0.15984085202217102,-0.2524712741374969,0.0952044554054737,8464,0.11890433728694916,-0.05909619480371475,0.3261762857437134,-0.17102050930261609,0.6143038928508758
2,Day 2,3,Tray 3,DJI_20260620131152_0003,14,2,4,8464,0.3023500442504883,0.2365953028202057,0.1798611730337143,0.12804096937179565,0.5517994344234467,8464,-0.06734996289014816,-0.087649405002594,0.13894468545913696,-0.24476944655179975,0.127088488638401,8464,0.2051285356283188,0.23418013751506805,0.32969850301742554,-0.1472194939851761,0.6156733095645904
2,Day 2,3,Tray 3,DJI_20260620131152_0003,15,2,5,8464,0.30851268768310547,0.26150503754615784,0.21020032465457916,0.06047239527106288,0.5858245849609375,8464,-0.0612020306289196,-0.08121906220912933,0.19917725026607513,-0.3197667300701141,0.218781392276287,8464,0.18033228814601898,0.16625016927719116,0.3539598882198334,-0.28183057010173795,0.6203137099742889
2,Day 2,3,Tray 3,DJI_20260620131152_0003,16,2,6,8464,0.3563386797904968,0.4331916570663452,0.20906762778759003,0.09428806528449059,0.5827563345432282,8464,-0.04623331129550934,-0.03498130291700363,0.20053891837596893,-0.3727100759744644,0.19720987081527705,8464,0.18741078674793243,0.32594457268714905,0.365832656621933,-0.3597874939441681,0.6141255736351012
2,Day 2,3,Tray 3,DJI_20260620131152_0003,17,2,7,8464,0.25823646783828735,0.1987774819135666,0.20108477771282196,-0.005066557647660367,0.53632652759552,8464,-0.13659504055976868,-0.09800241142511368,0.15577322244644165,-0.37758556604385374,0.04800492003560065,8464,0.028961440548300743,-0.0779152438044548,0.32243791222572327,-0.38251182436943054,0.4874432235956192
2,Day 2,3,Tray 3,DJI_20260620131152_0003,18,2,8,8464,0.25893160700798035,0.18626269698143005,0.20167389512062073,0.02159784194082024,0.5413625240325928,8464,-0.12171490490436554,-0.11050847172737122,0.1878657042980194,-0.38071249723434447,0.14463209658861156,8464,-0.02919144369661808,-0.1045178696513176,0.3205520510673523,-0.4125560522079468,0.5024096369743347
2,Day 2,3,Tray 3,DJI_20260620131152_0003,19,2,9,8464,0.23071596026420593,0.18460717797279358,0.16890427470207214,0.05856451019644737,0.5084964513778686,8464,-0.1405278444290161,-0.11961722373962402,0.16807019710540771,-0.3927150577306747,0.08413998782634735,8464,-0.040840547531843185,-0.11447490751743317,0.3314342498779297,-0.44223228991031643,0.5021493852138519
2,Day 2,3,Tray 3,DJI_20260620131152_0003,20,2,10,8464,0.21098439395427704,0.17900896072387695,0.1232348158955574,0.1129775121808052,0.41865368783473966,8464,-0.146772101521492,-0.12701252102851868,0.15015089511871338,-0.3409862369298935,-0.016393441706895828,8464,-0.042374856770038605,-0.11854684352874756,0.2985071539878845,-0.3575335741043091,0.49582445919513696
2,Day 2,3,Tray 3,DJI_20260620131152_0003,21,3,1,8464,0.27217772603034973,0.19913065433502197,0.228775292634964,0.056516088917851474,0.582108199596405,8464,-0.06373187154531479,-0.12577319145202637,0.23788276314735413,-0.3617629110813141,0.2924998879432678,8464,0.15495510399341583,0.07301478087902069,0.41432225704193115,-0.4064914882183075,0.7104591727256775
2,Day 2,3,Tray 3,DJI_20260620131152_0003,22,3,2,8464,0.31204313039779663,0.2261965274810791,0.2006925493478775,0.12178554385900497,0.5932789742946625,8464,-0.03302953764796257,-0.10600945353507996,0.18939825892448425,-0.21153846383094788,0.2554112672805786,8464,0.27014264464378357,0.39970138669013977,0.3505730628967285,-0.16285674273967743,0.6905120015144348
2,Day 2,3,Tray 3,DJI_20260620131152_0003,23,3,3,8464,0.3451087176799774,0.37609052658081055,0.2000139355659485,0.14442412555217743,0.5891949534416199,8464,-0.024269888177514076,-0.07103448361158371,0.19446703791618347,-0.20675774216651915,0.2502170473337173,8464,0.28619706630706787,0.3915519714355469,0.3483518362045288,-0.16407288610935208,0.6823406219482422
2,Day 2,3,Tray 3,DJI_20260620131152_0003,24,3,4,8464,0.33222150802612305,0.3579770028591156,0.21799641847610474,0.137501522898674,0.5656658411026001,8464,-0.04145306348800659,-0.057592976838350296,0.21082229912281036,-0.2945270538330078,0.19335408508777616,8464,0.203304722905159,0.3062633275985718,0.37864962220191956,-0.39746005237102505,0.6250148952007293
2,Day 2,3,Tray 3,DJI_20260620131152_0003,25,3,5,8464,0.30278894305229187,0.3637879192829132,0.24258115887641907,-0.057173361629247646,0.5702760875225067,8464,-0.10336261987686157,-0.08917917311191559,0.22021810710430145,-0.40657382607460024,0.1713678941130638,8464,0.13558608293533325,0.29551026225090027,0.4095345437526703,-0.4350042998790741,0.5992385625839234
2,Day 2,3,Tray 3,DJI_20260620131152_0003,26,3,6,8464,0.34565097093582153,0.4319361448287964,0.2202218621969223,-0.01297530885785818,0.5571739912033081,8464,-0.08400144428014755,-0.05081041157245636,0.21024616062641144,-0.41134033799171443,0.15509179681539534,8464,0.1834568977355957,0.39858129620552063,0.40636929869651794,-0.4667294263839722,0.5663874089717865
2,Day 2,3,Tray 3,DJI_20260620131152_0003,27,3,7,8464,0.3053746223449707,0.3942539393901825,0.22938062250614166,-0.055276382714509964,0.550394082069397,8464,-0.11755915731191635,-0.09381543099880219,0.190694659948349,-0.4031180441379547,0.12217402160167694,8464,0.08656898140907288,0.1645161360502243,0.3846505880355835,-0.43533122539520264,0.5267099440097808
2,Day 2,3,Tray 3,DJI_20260620131152_0003,28,3,8,8464,0.2740732431411743,0.20431113243103027,0.21896782517433167,0.026075651310384276,0.5570747733116149,8464,-0.14300481975078583,-0.11824139952659607,0.1894112080335617,-0.39354909062385557,0.10403839126229274,8464,-0.008930397219955921,-0.10630825161933899,0.35336509346961975,-0.4319934457540512,0.5046810567378996
2,Day 2,3,Tray 3,DJI_20260620131152_0003,29,3,9,8464,0.293096661567688,0.25502413511276245,0.1924276202917099,0.062146349996328364,0.5421269118785859,8464,-0.11582408100366592,-0.1149473711848259,0.1996895670890808,-0.40818431973457336,0.13789358735084534,8464,0.05416714400053024,-0.09426148235797882,0.37399426102638245,-0.4265807271003723,0.5470929205417633
2,Day 2,3,Tray 3,DJI_20260620131152_0003,30,3,10,8464,0.27810677886009216,0.20327985286712646,0.19709022343158722,0.12246953845024111,0.5591734647750854,8464,-0.09564299136400223,-0.12284068763256073,0.22040322422981262,-0.4077187538146972,0.22425959706306448,8464,0.06433557718992233,-0.11420992016792297,0.4407302439212799,-0.5234375,0.6590852916240691
2,Day 2,3,Tray 3,DJI_20260620131152_0003,31,4,1,8464,0.2944292724132538,0.23307055234909058,0.25815320014953613,0.015143528115004313,0.6759765565395354,8464,-0.03213295340538025,-0.11747464537620544,0.2844514548778534,-0.4114721357822418,0.4346895217895508,8464,0.15210378170013428,-0.0178050734102726,0.4412010610103607,-0.46380695700645447,0.7303808748722076
2,Day 2,3,Tray 3,DJI_20260620131152_0003,32,4,2,8464,0.33343803882598877,0.2652900815010071,0.239328995347023,0.09371138736605646,0.6572268068790436,8464,0.01360052078962326,-0.0756770521402359,0.24602241814136505,-0.2593975782394409,0.38211278617382044,8464,0.2318890392780304,0.3469820022583008,0.3951804041862488,-0.289905971288681,0.7177690327167511
2,Day 2,3,Tray 3,DJI_20260620131152_0003,33,4,3,8464,0.3781681954860687,0.3983559310436249,0.18068340420722961,0.16059748828411102,0.6089394211769104,8464,0.005732988938689232,-0.03400241583585739,0.16047194600105286,-0.13482056558132172,0.23188098818063735,8464,0.30552464723587036,0.4206255078315735,0.29369890689849854,-0.1021396815776825,0.6368013024330139
2,Day 2,3,Tray 3,DJI_20260620131152_0003,34,4,4,8464,0.42600080370903015,0.46571290493011475,0.16515690088272095,0.18022213876247406,0.6149029314517974,8464,0.042780764400959015,0.020201995968818665,0.1673871874809265,-0.12571973502635955,0.28066629767417905,8464,0.23113620281219482,0.37637436389923096,0.3821044862270355,-0.3957726061344147,0.6451114952564239
2,Day 2,3,Tray 3,DJI_20260620131152_0003,35,4,5,8464,0.44893309473991394,0.48584413528442383,0.167119562625885,0.20268209278583527,0.6277114748954773,8464,0.027764393016695976,0.029092183336615562,0.20255060493946075,-0.2421850249171257,0.292389839887619,8464,0.21265357732772827,0.4078269898891449,0.4138300120830536,-0.43987342715263367,0.6522685468196868
2,Day 2,3,Tray 3,DJI_20260620131152_0003,36,4,6,8464,0.4114707112312317,0.4952605366706848,0.21676190197467804,0.05229663439095022,0.6000000238418579,8464,-0.020178886130452156,0.03269067406654358,0.22437195479869843,-0.35183919966220856,0.22274358570575714,8464,0.15374542772769928,0.3661702275276184,0.4106828570365906,-0.42963110804557797,0.5757907032966614
2,Day 2,3,Tray 3,DJI_20260620131152_0003,37,4,7,8464,0.3585423529148102,0.43909135460853577,0.2067691534757614,0.0843635842204094,0.5796178579330444,8464,-0.045587778091430664,-0.04118993133306503,0.20916160941123962,-0.3443860709667206,0.21183630675077436,8464,0.0220608152449131,-0.08757719397544861,0.4058140814304352,-0.5029747188091278,0.5433741211891174
2,Day 2,3,Tray 3,DJI_20260620131152_0003,38,4,8,8464,0.3631881773471832,0.4417731463909149,0.22001796960830688,0.12730786055326462,0.6012747049331665,8464,-0.03241950273513794,-0.04271632060408592,0.21523959934711456,-0.3818427264690397,0.22800347357988357,8464,0.0924660712480545,0.08448191732168198,0.40259650349617004,-0.49172178506851194,0.5427524983882904
2,Day 2,3,Tray 3,DJI_20260620131152_0003,39,4,9,8464,0.30796247720718384,0.22692155838012695,0.1921403557062149,0.10100138857960705,0.5666794180870056,8464,-0.08213536441326141,-0.08953040093183517,0.18728500604629517,-0.33691680431365967,0.15990117341279983,8464,0.02794923074543476,-0.08476821333169937,0.3603091835975647,-0.40521250069141385,0.547191709280014
2,Day 2,3,Tray 3,DJI_20260620131152_0003,40,4,10,8464,0.292839378118515,0.21429230272769928,0.1605944037437439,0.1452808514237404,0.538070410490036,8464,-0.08187161386013031,-0.10871216654777527,0.17770607769489288,-0.31306815445423125,0.15456145107746122,8464,0.03126070648431778,-0.10290531814098358,0.36666032671928406,-0.4125552862882614,0.6314917206764221
2,Day 2,3,Tray 3,DJI_20260620131152_0003,41,5,1,8464,0.3086406886577606,0.23159253597259521,0.24624985456466675,0.10669659823179246,0.6696114718914032,8464,-0.016235772520303726,-0.10990649461746216,0.2628653049468994,-0.2911260813474655,0.39889228343963623,8464,0.09654627740383148,-0.10735532641410828,0.41167742013931274,-0.4523598790168761,0.6959719657897949
2,Day 2,3,Tray 3,DJI_20260620131152_0003,42,5,2,8464,0.33898448944091797,0.251628577709198,0.21535910665988922,0.14221061766147614,0.6695947647094727,8464,0.028742877766489983,-0.07614672183990479,0.21102692186832428,-0.14184537231922148,0.37067121267318726,8464,0.1552649587392807,-0.0729726180434227,0.3592797517776489,-0.18479300588369368,0.6849014163017273
2,Day 2,3,Tray 3,DJI_20260620131152_0003,43,5,3,8464,0.4031948447227478,0.41388410329818726,0.1986311823129654,0.16101288348436354,0.683823949098587,8464,0.10066212713718414,0.04328092932701111,0.20354874432086945,-0.09433458000421524,0.42339216768741605,8464,0.23994530737400055,0.25673454999923706,0.34281671047210693,-0.10283721759915351,0.7137305319309234
2,Day 2,3,Tray 3,DJI_20260620131152_0003,44,5,4,8464,0.41962945461273193,0.4723972678184509,0.19524505734443665,0.16960836052894593,0.6726422309875488,8464,0.07306626439094543,0.033228252083063126,0.1974317729473114,-0.09697294235229492,0.38638571202754973,8464,0.1639132797718048,-0.04664536565542221,0.3883135914802551,-0.33807048201560974,0.7090685307979584
2,Day 2,3,Tray 3,DJI_20260620131152_0003,45,5,5,8464,0.3912418484687805,0.42189711332321167,0.19850414991378784,0.14815756678581238,0.6319840550422668,8464,0.013701747171580791,-0.01720663532614708,0.21111109852790833,-0.2480311661958694,0.29954269528388977,8464,0.1365383416414261,0.03017999790608883,0.3988216519355774,-0.4155201017856598,0.6557163596153259
2,Day 2,3,Tray 3,DJI_20260620131152_0003,46,5,6,8464,0.4036581516265869,0.4309922456741333,0.1974383294582367,0.15965654850006106,0.656600147485733,8464,0.04938361793756485,0.006199643015861511,0.2252286970615387,-0.21225577592849731,0.39086601734161375,8464,0.08966244012117386,-0.0231744684278965,0.3553985357284546,-0.38790035247802734,0.5932278394699096
2,Day 2,3,Tray 3,DJI_20260620131152_0003,47,5,7,8464,0.3484705090522766,0.36273425817489624,0.20509807765483856,0.13002296388149262,0.5919877588748932,8464,-0.0082982387393713,-0.030188679695129395,0.20166468620300293,-0.22662601470947266,0.2441036283969879,8464,-0.008375805802643299,-0.059097375720739365,0.34447452425956726,-0.4899035692214966,0.5016223192214966
2,Day 2,3,Tray 3,DJI_20260620131152_0003,48,5,8,8464,0.30168473720550537,0.22383524477481842,0.1829318255186081,0.13653779029846191,0.5642728507518768,8464,-0.038638073951005936,-0.05943988636136055,0.18343232572078705,-0.2203283056616783,0.20333510637283322,8464,-0.036250051110982895,-0.0691905990242958,0.2985875904560089,-0.46469708979129787,0.41359688043594356
2,Day 2,3,Tray 3,DJI_20260620131152_0003,49,5,9,8464,0.29512304067611694,0.2157273143529892,0.17081813514232635,0.14760273694992065,0.5435041785240173,8464,-0.03712097555398941,-0.07395751029253006,0.18498343229293823,-0.2100185617804527,0.2385099232196808,8464,0.01694854535162449,-0.0796203538775444,0.3616729974746704,-0.4745031952857971,0.589309811592102
2,Day 2,3,Tray 3,DJI_20260620131152_0003,50,5,10,8464,0.28240859508514404,0.2088375687599182,0.16316215693950653,0.1529419332742691,0.552472698688507,8464,-0.0703212320804596,-0.1037735864520073,0.1833837926387787,-0.2189313918352127,0.17610619962215424,8464,-0.017774736508727074,-0.10630825161933899,0.3394041061401367,-0.3964209496974945,0.6168178796768188
2,Day 2,3,Tray 3,DJI_20260620131152_0003,51,6,1,8464,0.2731831669807434,0.18543770909309387,0.21497918665409088,0.11255586892366409,0.6582773327827454,8464,-0.0340224951505661,-0.1254412829875946,0.24493223428726196,-0.25072707831859586,0.4259384304285048,8464,0.08186463266611099,-0.12007711827754974,0.36707064509391785,-0.23065364360809326,0.71226567029953
2,Day 2,3,Tray 3,DJI_20260620131152_0003,52,6,2,8464,0.2981831729412079,0.20230388641357422,0.20180922746658325,0.14266490340232849,0.6375699996948242,8464,0.006639990024268627,-0.08678343892097473,0.21542418003082275,-0.14688587933778763,0.40565867722034454,8464,0.08241366595029831,-0.08121052384376526,0.30537286400794983,-0.15087897181510923,0.6354881227016446
2,Day 2,3,Tray 3,DJI_20260620131152_0003,53,6,3,8464,0.32838869094848633,0.2374265193939209,0.21910935640335083,0.13366798609495165,0.6576518893241882,8464,0.013730794191360474,-0.06612861156463623,0.21018777787685394,-0.16257651299238196,0.3351084440946579,8464,0.09286008030176163,-0.06598984450101852,0.3332456648349762,-0.2605818212032318,0.5931992828845978
2,Day 2,3,Tray 3,DJI_20260620131152_0003,54,6,4,8464,0.3149448037147522,0.2544708251953125,0.21898023784160614,0.11087280809879303,0.6077423512935638,8464,0.0025868569500744343,-0.04384399577975273,0.19920329749584198,-0.18971528112888336,0.301893949508667,8464,0.08335398137569427,-0.04892418161034584,0.34153681993484497,-0.3466340512037277,0.6085222423076629
2,Day 2,3,Tray 3,DJI_20260620131152_0003,55,6,5,8464,0.3222142457962036,0.289806604385376,0.21271058917045593,0.09275299981236461,0.6279491245746612,8464,-0.017064973711967468,-0.04651162773370743,0.19753165543079376,-0.24788392782211302,0.26890936493873596,8464,0.03746042773127556,-0.053376205265522,0.3418823480606079,-0.3937341541051865,0.5999039471149444
2,Day 2,3,Tray 3,DJI_20260620131152_0003,56,6,6,8464,0.32255661487579346,0.31063514947891235,0.2250055968761444,0.06273861005902291,0.6046760201454162,8464,-0.02075968310236931,-0.044509630650281906,0.204629048705101,-0.28854626417160034,0.27382503747940057,8464,0.008275430649518967,-0.056637853384017944,0.3369755744934082,-0.4196251332759857,0.525853967666626
2,Day 2,3,Tray 3,DJI_20260620131152_0003,57,6,7,8464,0.28383907675743103,0.2195296287536621,0.22238405048847198,0.06865402311086655,0.6153486371040344,8464,-0.037263285368680954,-0.05296991392970085,0.20674318075180054,-0.2974895238876343,0.2530840545892715,8464,-0.03105630911886692,-0.058960434049367905,0.27229857444763184,-0.38039512634277345,0.403578519821167
2,Day 2,3,Tray 3,DJI_20260620131152_0003,58,6,8,8464,0.2961229681968689,0.21216847002506256,0.21280115842819214,0.09873417764902115,0.5825706124305725,8464,-0.048534926027059555,-0.06807512044906616,0.1872643679380417,-0.3023566663265228,0.20783956348896027,8464,-0.08131828904151917,-0.08721625059843063,0.25167176127433777,-0.3942798674106598,0.3887747675180435
2,Day 2,3,Tray 3,DJI_20260620131152_0003,59,6,9,8464,0.25062140822410583,0.19214043021202087,0.20692212879657745,0.11367380172014237,0.560788631439209,8464,-0.060881536453962326,-0.0941883772611618,0.21806851029396057,-0.24627185910940166,0.20946447700262066,8464,-0.04185236245393753,-0.10199138522148132,0.3371228873729706,-0.4645922780036926,0.5584011256694793
2,Day 2,3,Tray 3,DJI_20260620131152_0003,60,6,10,8464,0.2577224671840668,0.1966867744922638,0.18537800014019012,0.09502594769001008,0.5544991195201874,8464,-0.08965956419706345,-0.14689819514751434,0.1974690705537796,-0.2881507068872452,0.18651868104934688,8464,-0.018065186217427254,-0.14529436826705933,0.33068132400512695,-0.3665439933538437,0.5911610782146454
2,Day 2,3,Tray 3,DJI_20260620131152_0003,61,7,1,8464,0.2533338963985443,0.18210609257221222,0.22342190146446228,0.08579995259642606,0.6132833361625671,8464,-0.05942172184586525,-0.13168439269065857,0.24597887694835663,-0.27834123075008393,0.38627952337265015,8464,0.08395938575267792,-0.119387686252594,0.360273540019989,-0.19644135683774946,0.6818783283233643
2,Day 2,3,Tray 3,DJI_20260620131152_0003,62,7,2,8464,0.2867441177368164,0.20132704079151154,0.21320009231567383,0.12476627603173256,0.6176531434059143,8464,-0.01556357555091381,-0.09083644300699234,0.2292495220899582,-0.17467324286699296,0.3571073591709137,8464,0.09296883642673492,-0.08362000435590744,0.33044320344924927,-0.19672492593526839,0.6194825947284697
2,Day 2,3,Tray 3,DJI_20260620131152_0003,63,7,3,8464,0.3008837401866913,0.20437709987163544,0.2448381930589676,0.029174482263624683,0.65082186460495,8464,-0.020650604739785194,-0.06849315017461777,0.23825067281723022,-0.3528795182704925,0.33141592144966125,8464,0.13258710503578186,-0.0063965884037315845,0.3560992181301117,-0.3262523472309112,0.6340860307216644
2,Day 2,3,Tray 3,DJI_20260620131152_0003,64,7,4,8464,0.3033693730831146,0.2513269782066345,0.2596747875213623,0.04805013909935951,0.6975354492664336,8464,0.010079249739646912,-0.05053873732686043,0.2759319245815277,-0.3311831325292587,0.4770876795053482,8464,0.09414608031511307,-0.030796172097325325,0.34023725986480713,-0.35073941648006435,0.5689055621623993
2,Day 2,3,Tray 3,DJI_20260620131152_0003,65,7,5,8464,0.27793189883232117,0.25506073236465454,0.26026907563209534,-0.08272946625947952,0.6154684960842132,8464,-0.039853524416685104,-0.05432543903589249,0.25451233983039856,-0.4314083158969879,0.33146230280399314,8464,0.0703127309679985,-0.048521317541599274,0.38314053416252136,-0.45292633771896357,0.6600984454154968
2,Day 2,3,Tray 3,DJI_20260620131152_0003,66,7,6,8464,0.2912386655807495,0.25487619638442993,0.27070432901382446,-0.11063738912343979,0.6533859014511108,8464,-0.024217715486884117,-0.033915918320417404,0.25367987155914307,-0.4263322949409485,0.35314391255378724,8464,0.05917557328939438,-0.036983322352170944,0.3462507724761963,-0.4201491177082062,0.5431215643882751
2,Day 2,3,Tray 3,DJI_20260620131152_0003,67,7,7,8464,0.2504417300224304,0.1890040636062622,0.25292733311653137,-0.08923481404781342,0.6242675185203552,8464,-0.06122306361794472,-0.04986540228128433,0.23845762014389038,-0.39761093258857727,0.2795829325914383,8464,-0.031459420919418335,-0.058139536529779434,0.32315170764923096,-0.43399926424026486,0.5204865336418152
2,Day 2,3,Tray 3,DJI_20260620131152_0003,68,7,8,8464,0.22592678666114807,0.18314588069915771,0.23137514293193817,-0.04984966851770875,0.5717464089393616,8464,-0.08204130083322525,-0.07044830918312073,0.21868781745433807,-0.41965678334236145,0.18519386202096919,8464,-0.08656397461891174,-0.07734806835651398,0.25068554282188416,-0.45184298157691954,0.3324530243873596
2,Day 2,3,Tray 3,DJI_20260620131152_0003,69,7,9,8464,0.2161339670419693,0.1743306815624237,0.22756853699684143,-0.010649783257395028,0.5615635335445404,8464,-0.09593106061220169,-0.08319005370140076,0.2024344503879547,-0.37214742600917816,0.17020057141780853,8464,-0.0960199162364006,-0.08620689809322357,0.2785487771034241,-0.45496535301208496,0.3230183005332943
2,Day 2,3,Tray 3,DJI_20260620131152_0003,70,7,10,8464,0.19675152003765106,0.18389423191547394,0.1955854743719101,-0.020043569989502415,0.43839565217494963,8464,-0.16359607875347137,-0.16359654068946838,0.17403723299503326,-0.3871951103210449,0.03262370750308034,8464,-0.1223330870270729,-0.16137266159057617,0.2577632963657379,-0.4161464929580688,0.24664185494184493
2,Day 2,4,Tray 4,DJI_20260620131233_0004,1,1,1,8464,0.22537238895893097,0.17328080534934998,0.15244054794311523,0.11404820829629898,0.4844278275966644,8464,-0.11104875802993774,-0.14879269897937775,0.1592896729707718,-0.24746775180101394,0.10448804944753645,8464,0.018991192802786827,-0.13924050331115723,0.311860054731369,-0.22880719602108002,0.5627058625221252
2,Day 2,4,Tray 4,DJI_20260620131233_0004,2,1,2,8464,0.2437756210565567,0.17562246322631836,0.15623274445533752,0.12730010449886323,0.5154581069946289,8464,-0.09305673837661743,-0.13105924427509308,0.13628529012203217,-0.19312698394060135,0.09108304977416992,8464,0.059933047741651535,-0.12112905830144882,0.3158113658428192,-0.17943547666072845,0.6032150387763976
2,Day 2,4,Tray 4,DJI_20260620131233_0004,3,1,3,8464,0.26853877305984497,0.17767059803009033,0.18160586059093475,0.12383016496896744,0.5584888458251953,8464,-0.061989862471818924,-0.10960574448108673,0.1745101660490036,-0.19593380093574522,0.19525173306465143,8464,0.09017670899629593,-0.10036275535821915,0.3364786207675934,-0.19947275519371033,0.6322730779647827
2,Day 2,4,Tray 4,DJI_20260620131233_0004,4,1,4,8464,0.2490454763174057,0.1753947138786316,0.174229234457016,0.10397687330842018,0.5342758893966675,8464,-0.08462537080049515,-0.10541233420372009,0.16143040359020233,-0.2714824706315994,0.1516394168138504,8464,0.027950730174779892,-0.10228802263736725,0.3041272759437561,-0.2609117358922958,0.5503205120563507
2,Day 2,4,Tray 4,DJI_20260620131233_0004,5,1,5,8464,0.28955748677253723,0.2359369397163391,0.20905733108520508,0.07434824854135513,0.5552847623825073,8464,-0.0598578080534935,-0.08405029773712158,0.1976018100976944,-0.35199894607067106,0.20060831755399702,8464,0.079501211643219,-0.08347664773464203,0.3714710474014282,-0.40333993434906007,0.6016574501991272
2,Day 2,4,Tray 4,DJI_20260620131233_0004,6,1,6,8464,0.2738249897956848,0.21164728701114655,0.20607121288776398,0.017384370043873804,0.5621746182441711,8464,-0.0835188776254654,-0.10556155443191528,0.22197122871875763,-0.35371899604797363,0.247991007566452,8464,0.03617338463664055,-0.09667916595935822,0.36115843057632446,-0.39807128012180326,0.5930355727672576
2,Day 2,4,Tray 4,DJI_20260620131233_0004,7,1,7,8464,0.24748890101909637,0.17941226065158844,0.18182046711444855,0.05702896043658257,0.5207961201667786,8464,-0.10313586890697479,-0.10963983088731766,0.17448152601718903,-0.3186282515525818,0.1299249932169914,8464,-0.03756370022892952,-0.1118653267621994,0.3010064959526062,-0.3399869203567505,0.5207064747810364
2,Day 2,4,Tray 4,DJI_20260620131233_0004,8,1,8,8464,0.23089131712913513,0.16976167261600494,0.17396783828735352,0.05448607057332993,0.5188769698143004,8464,-0.12178098410367966,-0.11458900570869446,0.16014723479747772,-0.32032886147499084,0.08709627166390418,8464,-0.10098470002412796,-0.11885245889425278,0.24283315241336823,-0.34748271107673645,0.30482974946498864
2,Day 2,4,Tray 4,DJI_20260620131233_0004,9,1,9,8464,0.21184393763542175,0.16763505339622498,0.1463049352169037,0.08848660960793497,0.45545204877853374,8464,-0.13783633708953857,-0.13090306520462036,0.13760101795196533,-0.29623475074768063,-0.02452078368514799,8464,-0.1253214031457901,-0.13059084117412567,0.18308144807815552,-0.3162335634231567,0.04644651375710936
2,Day 2,4,Tray 4,DJI_20260620131233_0004,10,1,10,8464,0.21965524554252625,0.17309065163135529,0.14301253855228424,0.12812817692756653,0.4609881281852722,8464,-0.13942061364650726,-0.13781920075416565,0.13467057049274445,-0.2832118093967438,0.018601608462631546,8464,-0.09614275395870209,-0.13798919320106506,0.26514843106269836,-0.37541771233081817,0.3923573881387709
2,Day 2,4,Tray 4,DJI_20260620131233_0004,11,2,1,8464,0.2563404142856598,0.17986196279525757,0.21766360104084015,0.08478737473487857,0.5498929798603058,8464,-0.09391970932483673,-0.13734203577041626,0.1979871690273285,-0.35451892912387845,0.16826928257942195,8464,0.12202923744916916,-0.10718711465597153,0.40089884400367737,-0.4245212614536285,0.6501757442951203
2,Day 2,4,Tray 4,DJI_20260620131233_0004,12,2,2,8464,0.24107085168361664,0.17773932218551636,0.16822375357151031,0.10693196430802347,0.5214427411556243,8464,-0.09881913661956787,-0.12989188730716705,0.15720658004283905,-0.23682840168476105,0.11304325088858598,8464,0.12414638698101044,-0.09566904604434967,0.3375453054904938,-0.1780274212360382,0.6380295157432556
2,Day 2,4,Tray 4,DJI_20260620131233_0004,13,2,3,8464,0.28247305750846863,0.20078535377979279,0.18396753072738647,0.12449624687433243,0.5513755023479462,8464,-0.05356470122933388,-0.09726688265800476,0.15910395979881287,-0.17977528274059296,0.16517818719148633,8464,0.1919011026620865,0.12904958426952362,0.3319551348686218,-0.14657707512378693,0.6354061007499694
2,Day 2,4,Tray 4,DJI_20260620131233_0004,14,2,4,8464,0.26288577914237976,0.18416547775268555,0.1899918168783188,0.08214018568396571,0.5331313014030457,8464,-0.08002685010433197,-0.0961199477314949,0.1789778470993042,-0.2915690213441849,0.16074016541242597,8464,0.12039008736610413,-0.04959135130047798,0.3372127115726471,-0.2565203905105591,0.6015136301517486
2,Day 2,4,Tray 4,DJI_20260620131233_0004,15,2,5,8464,0.2742708921432495,0.2019493579864502,0.20097559690475464,0.03704642429947855,0.545914489030838,8464,-0.07841745764017105,-0.09609207510948181,0.19897134602069855,-0.3401403993368149,0.1899850308895111,8464,0.0812138170003891,-0.07706470042467117,0.351409912109375,-0.3504756987094879,0.5859513461589813
2,Day 2,4,Tray 4,DJI_20260620131233_0004,16,2,6,8464,0.29846006631851196,0.31884658336639404,0.20409372448921204,0.028014224395155926,0.5386041581630707,8464,-0.08236564695835114,-0.08606285601854324,0.18502967059612274,-0.37185928225517273,0.14927737712860106,8464,0.11664719879627228,0.11064629256725311,0.36481234431266785,-0.3957734256982803,0.5620760560035706
2,Day 2,4,Tray 4,DJI_20260620131233_0004,17,2,7,8464,0.27107471227645874,0.1978253275156021,0.21697111427783966,0.008912655524909496,0.5481293261051178,8464,-0.10800548642873764,-0.10340182483196259,0.2026042938232422,-0.3692675530910492,0.14775586873292915,8464,-0.0021577232982963324,-0.10169491171836853,0.3323070704936981,-0.3964194357395172,0.49304646253585815
2,Day 2,4,Tray 4,DJI_20260620131233_0004,18,2,8,8464,0.2738105356693268,0.19528266787528992,0.215981125831604,0.020724880509078544,0.5545312464237213,8464,-0.10306446999311447,-0.10321784019470215,0.20667201280593872,-0.4069252908229828,0.17056545913219445,8464,0.005933350883424282,-0.10014104843139648,0.3350999653339386,-0.41254457235336306,0.512369441986084
2,Day 2,4,Tray 4,DJI_20260620131233_0004,19,2,9,8464,0.22786256670951843,0.17638909816741943,0.15554039180278778,0.08011075034737587,0.4858912706375122,8464,-0.14007562398910522,-0.11946418881416321,0.13402865827083588,-0.3315269470214844,0.02256361022591591,8464,-0.08711163699626923,-0.11900532990694046,0.2598510980606079,-0.38317757844924927,0.3866985201835632
2,Day 2,4,Tray 4,DJI_20260620131233_0004,20,2,10,8464,0.2158871740102768,0.1696411669254303,0.14522281289100647,0.11432444304227829,0.4720514327287674,8464,-0.14200471341609955,-0.13121546804904938,0.1449008285999298,-0.3225764513015747,0.028579102084040586,8464,-0.018859485164284706,-0.12530915439128876,0.3424772322177887,-0.4117615759372711,0.5808448493480682
2,Day 2,4,Tray 4,DJI_20260620131233_0004,21,3,1,8464,0.272114098072052,0.19761569797992706,0.22578828036785126,-0.015092845633625944,0.5518391966819763,8464,-0.090225450694561,-0.13325031101703644,0.2185618132352829,-0.4060156792402267,0.2181890085339545,8464,0.2087068110704422,0.3639593720436096,0.40860065817832947,-0.4373464286327362,0.6766365766525269
2,Day 2,4,Tray 4,DJI_20260620131233_0004,22,3,2,8464,0.25829970836639404,0.1840997040271759,0.20189562439918518,0.038648562505841255,0.5536971628665924,8464,-0.08067870140075684,-0.12053632736206055,0.19166463613510132,-0.30360818207263945,0.19040005207061764,8464,0.1745072901248932,0.11481109261512756,0.35223957896232605,-0.2333223149180412,0.6395443379878998
2,Day 2,4,Tray 4,DJI_20260620131233_0004,23,3,3,8464,0.3023478388786316,0.24558913707733154,0.18586401641368866,0.11854985356330872,0.5454078912734985,8464,-0.047349054366350174,-0.09386593103408813,0.1682891845703125,-0.2130199998617172,0.18444597721099854,8464,0.27237287163734436,0.36648932099342346,0.3088938593864441,-0.12577319145202637,0.646544486284256
2,Day 2,4,Tray 4,DJI_20260620131233_0004,24,3,4,8464,0.290509968996048,0.26804324984550476,0.18904317915439606,0.08345424011349678,0.5288552641868591,8464,-0.07449768483638763,-0.08563096821308136,0.16004401445388794,-0.28051304817199707,0.1223962403833866,8464,0.18284180760383606,0.27064934372901917,0.3632899224758148,-0.3280363082885742,0.6364977121353149
2,Day 2,4,Tray 4,DJI_20260620131233_0004,25,3,5,8464,0.32113781571388245,0.3883763551712036,0.20655374228954315,0.033342930302023885,0.5466467916965485,8464,-0.08219961822032928,-0.08350372314453125,0.19537653028964996,-0.3639707505702972,0.17133721709251404,8464,0.19909505546092987,0.36738547682762146,0.3829066753387451,-0.39952152967453003,0.6229825675487517
2,Day 2,4,Tray 4,DJI_20260620131233_0004,26,3,6,8464,0.2910882532596588,0.3389226794242859,0.1994701772928238,0.0034803011221811236,0.5219280898571014,8464,-0.12361645698547363,-0.10490491986274719,0.16883940994739532,-0.37365649044513705,0.08870190978050231,8464,0.09104224294424057,0.21828913688659668,0.37675848603248596,-0.42824756801128383,0.515207302570343
2,Day 2,4,Tray 4,DJI_20260620131233_0004,27,3,7,8464,0.2401892989873886,0.19339264929294586,0.2030097246170044,-0.026546945981681343,0.5081293702125549,8464,-0.15252554416656494,-0.14122483134269714,0.16911348700523376,-0.39039101600646975,0.06670316457748407,8464,-0.01856946386396885,-0.11839409917593002,0.337149977684021,-0.4293193817138672,0.46377679705619806
2,Day 2,4,Tray 4,DJI_20260620131233_0004,28,3,8,8464,0.2713814675807953,0.2799384593963623,0.22687263786792755,-0.05503324531018733,0.5310279726982117,8464,-0.12156544625759125,-0.09991942346096039,0.20606312155723572,-0.46137786805629727,0.1300094500184059,8464,0.04544856399297714,-0.07100823521614075,0.3783528506755829,-0.478606253862381,0.508923703432083
2,Day 2,4,Tray 4,DJI_20260620131233_0004,29,3,9,8464,0.23851442337036133,0.1813238263130188,0.1748054027557373,0.048877028375864044,0.5110615193843842,8464,-0.1377795785665512,-0.13137173652648926,0.1645546704530716,-0.35103926062583923,0.1010430559515953,8464,-0.008111914619803429,-0.12076321244239807,0.34332185983657837,-0.3882253468036651,0.5293750166893005
2,Day 2,4,Tray 4,DJI_20260620131233_0004,30,3,10,8464,0.2516428232192993,0.18447715044021606,0.1763910949230194,0.09714799746870997,0.5104663074016571,8464,-0.11326216161251068,-0.13671061396598816,0.19599473476409912,-0.36735432147979735,0.15980648398399347,8464,0.0225033238530159,-0.12773166596889496,0.39125174283981323,-0.47041758298873904,0.6011900424957275
2,Day 2,4,Tray 4,DJI_20260620131233_0004,31,4,1,8464,0.3024376630783081,0.24975353479385376,0.20899257063865662,0.0442012567073107,0.5920950651168823,8464,-0.04160406067967415,-0.10718010365962982,0.19881081581115723,-0.2978780776262283,0.2572290599346161,8464,0.18506264686584473,0.30616021156311035,0.3770555257797241,-0.3151767313480377,0.6423503577709198
2,Day 2,4,Tray 4,DJI_20260620131233_0004,32,4,2,8464,0.3483066260814667,0.4031505584716797,0.21232715249061584,0.09710632339119914,0.5890050172805786,8464,-0.013255693949759007,-0.04040404036641121,0.1854725182056427,-0.21859362721443173,0.2375213652849197,8464,0.3273312449455261,0.46036750078201294,0.3436093032360077,-0.22082428634166715,0.6605158567428588
2,Day 2,4,Tray 4,DJI_20260620131233_0004,33,4,3,8464,0.36500078439712524,0.414705753326416,0.18574339151382446,0.13494594842195512,0.5761066555976867,8464,-0.01164326723664999,-0.03806304559111595,0.18593603372573853,-0.22742536962032317,0.2613562107086181,8464,0.34479081630706787,0.4307924509048462,0.2964288890361786,-0.11686895042657852,0.6759480416774749
2,Day 2,4,Tray 4,DJI_20260620131233_0004,34,4,4,8464,0.4073626399040222,0.44849351048469543,0.17047041654586792,0.1573716253042221,0.5965121746063232,8464,0.048768918961286545,0.03979068994522095,0.1848224401473999,-0.12466785162687301,0.30210302770137776,8464,0.25331106781959534,0.40219560265541077,0.3835999071598053,-0.4226159453392029,0.6548095941543579
2,Day 2,4,Tray 4,DJI_20260620131233_0004,35,4,5,8464,0.3742794692516327,0.43312716484069824,0.19548095762729645,0.09479451924562454,0.5818339884281158,8464,-0.02157112956047058,-0.0071272412315011024,0.20943909883499146,-0.32438552379608154,0.2513333439826965,8464,0.21848849952220917,0.3821218013763428,0.38678476214408875,-0.40480273962020874,0.6249240577220917
2,Day 2,4,Tray 4,DJI_20260620131233_0004,36,4,6,8464,0.36079922318458557,0.4313642680644989,0.2266729474067688,0.040158651769161224,0.5738300442695617,8464,-0.048602502793073654,-0.008164499886333942,0.2286241501569748,-0.42329062521457667,0.2181273728609085,8464,0.1733980029821396,0.3728526830673218,0.4194788336753845,-0.4932579636573791,0.5966840684413909
2,Day 2,4,Tray 4,DJI_20260620131233_0004,37,4,7,8464,0.33718395233154297,0.41550663113594055,0.2179245799779892,0.07166733965277673,0.5467645525932311,8464,-0.07554641366004944,-0.06059153378009796,0.19407926499843597,-0.38321229815483093,0.1353251338005066,8464,0.05912412703037262,0.1312476396560669,0.39204469323158264,-0.4850407838821411,0.49445331692695615
2,Day 2,4,Tray 4,DJI_20260620131233_0004,38,4,8,8464,0.29870137572288513,0.2759738564491272,0.18732957541942596,0.08819642663002014,0.533970832824707,8464,-0.09398077428340912,-0.09404221177101135,0.18070627748966217,-0.35372009277343736,0.13328804075717926,8464,-0.01111054327338934,-0.09809264540672302,0.35141780972480774,-0.4495273560285568,0.47984644770622253
2,Day 2,4,Tray 4,DJI_20260620131233_0004,39,4,9,8464,0.3078487813472748,0.287029892206192,0.17515486478805542,0.12478747069835665,0.5343313753604889,8464,-0.08329318463802338,-0.09229128062725067,0.16497015953063965,-0.31595863699913024,0.11835413500666618,8464,0.03838127478957176,-0.0796203538775444,0.3755457401275635,-0.46529979109764097,0.5446688175201415
2,Day 2,4,Tray 4,DJI_20260620131233_0004,40,4,10,8464,0.3127957880496979,0.27862662076950073,0.18098184466362,0.11867916136980057,0.5581404268741608,8464,-0.06052808091044426,-0.09380828589200974,0.2077825367450714,-0.3221110701560974,0.21449881494045248,8464,0.10344883054494858,-0.059851184487342834,0.42754220962524414,-0.4566157341003418,0.6696158051490784
2,Day 2,4,Tray 4,DJI_20260620131233_0004,41,5,1,8464,0.3194173276424408,0.23571881651878357,0.21999748051166534,0.07246352657675746,0.6484664380550385,8464,0.011612172238528728,-0.09553801268339157,0.2373410165309906,-0.25095462799072266,0.3858110755681991,8464,0.13905347883701324,-0.09587802737951279,0.37023818492889404,-0.2642205536365509,0.6755601406097412
2,Day 2,4,Tray 4,DJI_20260620131233_0004,42,5,2,8464,0.3579601049423218,0.39408978819847107,0.21487466990947723,0.1271068871021271,0.6333065032958984,8464,0.02994854748249054,-0.0017628755886107683,0.19802585244178772,-0.14673760533332825,0.3163023293018341,8464,0.24117259681224823,0.3888980746269226,0.35410210490226746,-0.17417695969343178,0.662662249803543
2,Day 2,4,Tray 4,DJI_20260620131233_0004,43,5,3,8464,0.3817232549190521,0.4121687412261963,0.1660599261522293,0.1538525477051735,0.5908183455467224,8464,0.04275134950876236,0.008321775123476982,0.14918939769268036,-0.10915493220090866,0.2718327581882477,8464,0.25115564465522766,0.3501967489719391,0.30717843770980835,-0.12755758166313172,0.6302031338214874
2,Day 2,4,Tray 4,DJI_20260620131233_0004,44,5,4,8464,0.3940728008747101,0.41134241223335266,0.17406535148620605,0.1646410584449768,0.6204541444778442,8464,0.04075147956609726,0.00235719233751297,0.17476370930671692,-0.13262343406677246,0.2973916709423065,8464,0.21678787469863892,0.2557862401008606,0.34253284335136414,-0.2255907639861107,0.6489175796508789
2,Day 2,4,Tray 4,DJI_20260620131233_0004,45,5,5,8464,0.40402519702911377,0.4618310332298279,0.2005702257156372,0.14656399190425873,0.6076542019844055,8464,0.02732851728796959,0.04734743386507034,0.21828880906105042,-0.2554211527109146,0.2886529862880707,8464,0.1220494732260704,0.21323132514953613,0.4075367748737335,-0.46695324778556824,0.6067844271659851
2,Day 2,4,Tray 4,DJI_20260620131233_0004,46,5,6,8464,0.4198174774646759,0.47847485542297363,0.19449934363365173,0.13554258048534396,0.5931677877902984,8464,0.0056596132926642895,0.03754985332489014,0.2074652761220932,-0.33279088139533997,0.24545770287513727,8464,0.14466896653175354,0.3565627932548523,0.40518343448638916,-0.45238518714904785,0.5624467134475708
2,Day 2,4,Tray 4,DJI_20260620131233_0004,47,5,7,8464,0.37244588136672974,0.43528687953948975,0.19987986981868744,0.12673458307981492,0.5669371485710144,8464,-0.023136520758271217,-0.02438189461827278,0.19476893544197083,-0.27175208926200867,0.1818714842200279,8464,0.03096926212310791,-0.06786622852087021,0.3624258041381836,-0.47959460616111754,0.48405216038227084
2,Day 2,4,Tray 4,DJI_20260620131233_0004,48,5,8,8464,0.33021044731140137,0.35269829630851746,0.18872365355491638,0.12948971837759018,0.5548194706439972,8464,-0.047619111835956573,-0.07058823853731155,0.17181360721588135,-0.26878389716148376,0.16895598769187928,8464,0.031490620225667953,-0.07777339220046997,0.37287840247154236,-0.44564278125762935,0.5376156628131866
2,Day 2,4,Tray 4,DJI_20260620131233_0004,49,5,9,8464,0.3074800372123718,0.24421902000904083,0.16952863335609436,0.12821919173002244,0.5475783228874206,8464,-0.04207207262516022,-0.07905138283967972,0.18894754350185394,-0.24878390580415724,0.23853152543306347,8464,0.03280731290578842,-0.08916816115379333,0.3882039487361908,-0.4313177168369293,0.6752956748008728
2,Day 2,4,Tray 4,DJI_20260620131233_0004,50,5,10,8464,0.29609015583992004,0.21008101105690002,0.17949306964874268,0.13934095650911332,0.5645215630531311,8464,-0.03954165056347847,-0.10110244899988174,0.2155401110649109,-0.23529411852359772,0.3254795312881469,8464,0.07904476672410965,-0.09829690307378769,0.3988109529018402,-0.4332487881183624,0.6812385857105255
2,Day 2,4,Tray 4,DJI_20260620131233_0004,51,6,1,8464,0.2677114009857178,0.1921073943376541,0.2061719447374344,0.09382329881191254,0.5923749446868896,8464,-0.05093418434262276,-0.1215604916214943,0.2149827629327774,-0.24944911599159236,0.29821917712688445,8464,0.062155552208423615,-0.11961722373962402,0.3488180339336395,-0.28369906544685364,0.6151092588901519
2,Day 2,4,Tray 4,DJI_20260620131233_0004,52,6,2,8464,0.30163705348968506,0.22221383452415466,0.19510960578918457,0.12351809814572336,0.5974185466766357,8464,-0.00812955480068922,-0.07919356971979141,0.1765783280134201,-0.16099400520324705,0.27716976404190063,8464,0.11490204930305481,-0.07919356971979141,0.3189394176006317,-0.18267148733139038,0.598075532913208
2,Day 2,4,Tray 4,DJI_20260620131233_0004,53,6,3,8464,0.31872525811195374,0.2678278684616089,0.20581604540348053,0.12803582102060318,0.6349872410297394,8464,0.004965770523995161,-0.07375584542751312,0.19846251606941223,-0.1482308328151703,0.3348397135734558,8464,0.08376553654670715,-0.07869608700275421,0.34878960251808167,-0.24254700541496277,0.6553465008735656
2,Day 2,4,Tray 4,DJI_20260620131233_0004,54,6,4,8464,0.340088427066803,0.31019192934036255,0.1991352140903473,0.12496929988265039,0.6351055026054381,8464,0.011381230317056179,-0.05476577207446098,0.20187804102897644,-0.18027475476264954,0.35014899373054503,8464,0.05720863118767738,-0.06891150772571564,0.35632336139678955,-0.35436496138572693,0.6078795969486235
2,Day 2,4,Tray 4,DJI_20260620131233_0004,55,6,5,8464,0.32840245962142944,0.3479541838169098,0.23559729754924774,0.0677474968135357,0.6054750680923462,8464,-0.00691176438704133,-0.021517911925911903,0.22185872495174408,-0.29779258370399475,0.29273632168769836,8464,0.08865483105182648,-0.026187194511294365,0.39011716842651367,-0.44037988781929016,0.6339356899261475
2,Day 2,4,Tray 4,DJI_20260620131233_0004,56,6,6,8464,0.3426865339279175,0.3698703646659851,0.20851528644561768,0.09194553121924402,0.5991040706634522,8464,-0.014542599208652973,-0.05414868891239166,0.20718947052955627,-0.27075251936912537,0.2847526729106903,8464,0.031630679965019226,-0.07255107164382935,0.34786519408226013,-0.4393673241138458,0.5124247312545775
2,Day 2,4,Tray 4,DJI_20260620131233_0004,57,6,7,8464,0.2999170124530792,0.3209958076477051,0.22644434869289398,0.026445357315242352,0.5584824442863464,8464,-0.056279122829437256,-0.06005695089697838,0.19559890031814575,-0.3632732301950454,0.17933339476585386,8464,-0.021492408588528633,-0.07997626811265945,0.3281312882900238,-0.4482758641242981,0.4673708140850067
2,Day 2,4,Tray 4,DJI_20260620131233_0004,58,6,8,8464,0.28459447622299194,0.21745988726615906,0.21391579508781433,0.05191192887723447,0.5628356337547302,8464,-0.060030486434698105,-0.07464927434921265,0.20222699642181396,-0.38394343852996826,0.20770371258258818,8464,0.0028924911748617887,-0.08803333342075348,0.35964134335517883,-0.4684524774551391,0.5206891477108002
2,Day 2,4,Tray 4,DJI_20260620131233_0004,59,6,9,8464,0.2619450092315674,0.19656796753406525,0.1951705664396286,0.10994397848844528,0.5672029256820679,8464,-0.06303604692220688,-0.09844420850276947,0.19060954451560974,-0.222570538520813,0.2300153642892837,8464,-0.02090591751039028,-0.10518859326839447,0.3384350836277008,-0.4323189854621887,0.5751217424869537
2,Day 2,4,Tray 4,DJI_20260620131233_0004,60,6,10,8464,0.25676536560058594,0.1826622188091278,0.18041273951530457,0.1324840784072876,0.5373749673366547,8464,-0.08581004291772842,-0.12825457751750946,0.20305462181568146,-0.26002160310745237,0.23912640213966363,8464,0.005832477007061243,-0.12176413834095001,0.3514501750469208,-0.3235294222831726,0.6117270290851591
2,Day 2,4,Tray 4,DJI_20260620131233_0004,61,7,1,8464,0.266584187746048,0.1770857870578766,0.19989852607250214,0.12132378220558167,0.6179628014564514,8464,-0.042867351323366165,-0.1301228106021881,0.2105979174375534,-0.21124490052461622,0.34446963369846345,8464,0.037845589220523834,-0.12438220530748367,0.30317994952201843,-0.19626659899950027,0.5498219966888427
2,Day 2,4,Tray 4,DJI_20260620131233_0004,62,7,2,8464,0.26296988129615784,0.17746378481388092,0.20573817193508148,0.10301441177725792,0.6206860542297363,8464,-0.04267752915620804,-0.11156351864337921,0.20992954075336456,-0.2175154522061348,0.331793013215065,8464,0.003439719323068857,-0.11080971360206604,0.2971397340297699,-0.24400026500225064,0.5261614143848419
2,Day 2,4,Tray 4,DJI_20260620131233_0004,63,7,3,8464,0.31810054183006287,0.2661900520324707,0.21980421245098114,0.11406338214874268,0.6504753828048705,8464,-0.009825975634157658,-0.08534322679042816,0.23752683401107788,-0.270437154173851,0.3725737184286117,8464,0.14938566088676453,0.12216222286224365,0.3867448568344116,-0.3887005150318145,0.6898113489151001
2,Day 2,4,Tray 4,DJI_20260620131233_0004,64,7,4,8464,0.2941533327102661,0.24360650777816772,0.23846441507339478,-0.0009583411854691734,0.6237720549106598,8464,-0.023891570046544075,-0.06557376682758331,0.24020037055015564,-0.34110148549079894,0.3209153711795807,8464,0.0778832957148552,-0.05000000074505806,0.36103588342666626,-0.390823945403099,0.5785056471824646
2,Day 2,4,Tray 4,DJI_20260620131233_0004,65,7,5,8464,0.2540196478366852,0.19221311807632446,0.22485864162445068,-0.002237281319685266,0.6136278510093689,8464,-0.061110980808734894,-0.0824742242693901,0.22806240618228912,-0.31969061493873596,0.3201845705509184,8464,-0.026982193812727928,-0.0853218287229538,0.3257313668727875,-0.4018661648035049,0.5509400665760039
2,Day 2,4,Tray 4,DJI_20260620131233_0004,66,7,6,8464,0.2535227835178375,0.198196142911911,0.2327527105808258,-0.05372677147388458,0.5738805413246154,8464,-0.08429925888776779,-0.0805584192276001,0.21596480906009674,-0.3781846672296524,0.21202745586633678,8464,-0.05822952836751938,-0.1111111119389534,0.32662633061408997,-0.45315825939178467,0.48154787421226486
2,Day 2,4,Tray 4,DJI_20260620131233_0004,67,7,7,8464,0.2633581757545471,0.2083110213279724,0.2581588327884674,-0.10627899989485741,0.5716842710971832,8464,-0.07233838737010956,-0.06849315017461777,0.221748486161232,-0.4352557748556137,0.20533429086208344,8464,-0.039300866425037384,-0.07536764442920685,0.3220328986644745,-0.47214784026145934,0.47319389581680293
2,Day 2,4,Tray 4,DJI_20260620131233_0004,68,7,8,8464,0.21304309368133545,0.177231565117836,0.2099045068025589,-0.0567563734948635,0.5104884743690491,8464,-0.11278651654720306,-0.0903281718492508,0.17933423817157745,-0.3937341541051865,0.08909736052155494,8464,-0.08431725949048996,-0.09477342665195465,0.26898735761642456,-0.4377754122018814,0.34583401679992676
2,Day 2,4,Tray 4,DJI_20260620131233_0004,69,7,9,8464,0.23702508211135864,0.17257186770439148,0.21547074615955353,0.049094223603606255,0.5747285604476928,8464,-0.08550956100225449,-0.11141267418861389,0.21223478019237518,-0.3800596237182617,0.2088470816612243,8464,-0.0616832859814167,-0.11610793322324753,0.3128119707107544,-0.45295900404453276,0.44239939749240875
2,Day 2,4,Tray 4,DJI_20260620131233_0004,70,7,10,8464,0.22739413380622864,0.1888790875673294,0.19135455787181854,-0.003419621009379602,0.4984989464282989,8464,-0.12114562839269638,-0.17969688773155212,0.2095751017332077,-0.3401403993368149,0.18385542780160896,8464,-0.0011020220117643476,-0.15206076204776764,0.3328469395637512,-0.32305169105529785,0.5624338150024414
2,Day 2,5,Tray 5,DJI_20260620131340_0005,1,1,1,8464,0.2469288557767868,0.18667560815811157,0.17577889561653137,0.12835399955511093,0.5361490964889526,8464,-0.07854671031236649,-0.14114531874656677,0.20020146667957306,-0.24136629700660706,0.266465499997139,8464,0.05704988166689873,-0.13121546804904938,0.35312774777412415,-0.2308385968208313,0.6995547533035278
2,Day 2,5,Tray 5,DJI_20260620131340_0005,2,1,2,8464,0.25781214237213135,0.19565623998641968,0.15976755321025848,0.12736096680164338,0.520464152097702,8464,-0.07135199010372162,-0.1220121830701828,0.19947250187397003,-0.23065364360809326,0.20776681303977954,8464,0.11038661748170853,-0.06934666633605957,0.3343689739704132,-0.18461989611387253,0.6978225767612457
2,Day 2,5,Tray 5,DJI_20260620131340_0005,3,1,3,8464,0.3023027181625366,0.23798879981040955,0.18785342574119568,0.11751047894358635,0.5621164500713348,8464,-0.05769633874297142,-0.09638553857803345,0.18460416793823242,-0.24472659826278687,0.20303807556629178,8464,0.19016413390636444,0.13720479607582092,0.35340237617492676,-0.19877049326896667,0.6753092646598816
2,Day 2,5,Tray 5,DJI_20260620131340_0005,4,1,4,8464,0.27932068705558777,0.23985663056373596,0.20711375772953033,0.027177700772881508,0.5459733605384827,8464,-0.08245238661766052,-0.09737629443407059,0.23160764575004578,-0.406974732875824,0.19769325703382493,8464,0.1147136464715004,-0.011831789277493954,0.35741543769836426,-0.3082048326730728,0.6458641648292541
2,Day 2,5,Tray 5,DJI_20260620131340_0005,5,1,5,8464,0.28440073132514954,0.2682737708091736,0.21428309381008148,0.03143541403114796,0.5299670815467834,8464,-0.09274604916572571,-0.0784120112657547,0.21461829543113708,-0.41965678334236145,0.1486123785376548,8464,0.11842072755098343,0.03516330197453499,0.3826296925544739,-0.4858490526676178,0.59160977602005
2,Day 2,5,Tray 5,DJI_20260620131340_0005,6,1,6,8464,0.2200581282377243,0.17938926815986633,0.22016656398773193,-0.05712338946759698,0.5338949441909789,8464,-0.13017375767230988,-0.10273326933383942,0.21847549080848694,-0.44761032760143277,0.14260284155607217,8464,-0.03364938497543335,-0.08750498294830322,0.3254835307598114,-0.43992718458175656,0.47504404187202454
2,Day 2,5,Tray 5,DJI_20260620131340_0005,7,1,7,8464,0.20695005357265472,0.1758389174938202,0.22012820839881897,-0.06210372187197207,0.5264933824539184,8464,-0.14289820194244385,-0.09903381764888763,0.22435262799263,-0.4970674157142639,0.14801545739173877,8464,-0.06735978275537491,-0.08953040093183517,0.32122382521629333,-0.49626004397869106,0.45881629288196557
2,Day 2,5,Tray 5,DJI_20260620131340_0005,8,1,8,8464,0.22684554755687714,0.18033874034881592,0.1830252856016159,0.028609470650553748,0.5221707224845886,8464,-0.12886154651641846,-0.10533774644136429,0.18568947911262512,-0.40383811891078947,0.12277953475713728,8464,-0.07322559505701065,-0.10110244899988174,0.27422383427619934,-0.39952152967453003,0.43974327445030204
2,Day 2,5,Tray 5,DJI_20260620131340_0005,9,1,9,8464,0.20640690624713898,0.18105387687683105,0.14693033695220947,0.07792207598686218,0.4525998681783676,8464,-0.14329712092876434,-0.11626005172729492,0.17142489552497864,-0.3565252840518951,0.017105200886726363,8464,-0.06268198788166046,-0.10795454680919647,0.3032398819923401,-0.40721648931503296,0.4539060324430465
2,Day 2,5,Tray 5,DJI_20260620131340_0005,10,1,10,8464,0.2152373194694519,0.18171149492263794,0.13944855332374573,0.11018029972910882,0.4648904591798782,8464,-0.1336575746536255,-0.12314865738153458,0.1890854835510254,-0.3523542881011963,0.12138188630342484,8464,-0.012011952698230743,-0.11214150488376617,0.3521744906902313,-0.42295239865779866,0.5530746996402739
2,Day 2,5,Tray 5,DJI_20260620131340_0005,11,2,1,8464,0.25833481550216675,0.19208171963691711,0.17996244132518768,0.09110035300254822,0.5390112578868865,8464,-0.08495057374238968,-0.12825457751750946,0.17494304478168488,-0.2528108060359955,0.18207816779613495,8464,0.15529315173625946,-0.017552029341459274,0.37267807126045227,-0.23542455583810806,0.6922380864620209
2,Day 2,5,Tray 5,DJI_20260620131340_0005,12,2,2,8464,0.3031308054924011,0.2280639261007309,0.20885901153087616,0.09233233630657196,0.5765215933322906,8464,-0.0600912868976593,-0.10765485465526581,0.22610770165920258,-0.33608429133892054,0.23621941059827797,8464,0.23412980139255524,0.2818681001663208,0.37488874793052673,-0.19487037658691406,0.73602694272995
2,Day 2,5,Tray 5,DJI_20260620131340_0005,13,2,3,8464,0.32261350750923157,0.28145143389701843,0.1916503757238388,0.11408931761980057,0.5673165142536163,8464,-0.045311130583286285,-0.08261732012033463,0.22503606975078583,-0.30002196729183195,0.24411724656820286,8464,0.2554374635219574,0.3400960862636566,0.351444274187088,-0.1650071144104004,0.7193995893001557
2,Day 2,5,Tray 5,DJI_20260620131340_0005,14,2,4,8464,0.299882173538208,0.3008323907852173,0.2109837681055069,0.04743820168077946,0.5519073903560638,8464,-0.07310246676206589,-0.0861348807811737,0.24442456662654877,-0.43368945121765134,0.2240181192755699,8464,0.15970444679260254,0.1957860141992569,0.41678711771965027,-0.4574062883853912,0.7140681862831115
2,Day 2,5,Tray 5,DJI_20260620131340_0005,15,2,5,8464,0.27085989713668823,0.23452338576316833,0.22855116426944733,-0.041724586859345436,0.556550657749176,8464,-0.09695873409509659,-0.09598135948181152,0.2578023672103882,-0.43886696100234984,0.236293488740921,8464,0.060863740742206573,-0.07100823521614075,0.4176585078239441,-0.488025027513504,0.6719687879085541
2,Day 2,5,Tray 5,DJI_20260620131340_0005,16,2,6,8464,0.253170371055603,0.20966622233390808,0.2476864755153656,-0.07143248990178107,0.5760869681835175,8464,-0.14782719314098358,-0.1563713550567627,0.2675236463546753,-0.46352211833000184,0.2399985536932944,8464,-0.011987932026386261,-0.07898031175136566,0.36786773800849915,-0.47294212281703946,0.5320164203643799
2,Day 2,5,Tray 5,DJI_20260620131340_0005,17,2,7,8464,0.2831543982028961,0.21654808521270752,0.23946402966976166,-0.031095484271645532,0.5631505250930786,8464,-0.08290639519691467,-0.07212986052036285,0.22890199720859528,-0.4625000059604645,0.19281093329191207,8464,0.04175981506705284,-0.06393309682607651,0.3800067901611328,-0.4988196223974228,0.5138585269451141
2,Day 2,5,Tray 5,DJI_20260620131340_0005,18,2,8,8464,0.2455965280532837,0.18963918089866638,0.18413645029067993,0.03193064033985138,0.5179975569248199,8464,-0.1324751079082489,-0.09535910189151764,0.17307645082473755,-0.38020747303962704,0.07332374081015586,8464,-0.028034811839461327,-0.0859188511967659,0.3271811306476593,-0.44084855616092683,0.46708427369594574
2,Day 2,5,Tray 5,DJI_20260620131340_0005,19,2,9,8464,0.2595573961734772,0.19362705945968628,0.19495908915996552,0.06637851148843765,0.536590039730072,8464,-0.10431256890296936,-0.09991942346096039,0.21521909534931183,-0.42565865814685816,0.17108377367258068,8464,0.03255869820713997,-0.0806174948811531,0.3722144663333893,-0.4997253119945526,0.5456991195678711
2,Day 2,5,Tray 5,DJI_20260620131340_0005,20,2,10,8464,0.23771977424621582,0.1907913088798523,0.1765926480293274,0.08977284580469133,0.5357136964797973,8464,-0.11078688502311707,-0.11292295157909393,0.22234903275966644,-0.3887711375951767,0.2096557915210724,8464,0.0030103104654699564,-0.10228802263736725,0.3717896342277527,-0.44768706560134885,0.624512666463852
2,Day 2,5,Tray 5,DJI_20260620131340_0005,21,3,1,8464,0.3220468759536743,0.21853536367416382,0.21972984075546265,0.0785825788974762,0.6195405602455138,8464,-0.023718610405921936,-0.12237905710935593,0.22974836826324463,-0.27125773727893826,0.31428679227828976,8464,0.2578688859939575,0.38885846734046936,0.38900047540664673,-0.24500250816345215,0.740392804145813
2,Day 2,5,Tray 5,DJI_20260620131340_0005,22,3,2,8464,0.3794354498386383,0.4123712182044983,0.21930237114429474,0.14336296916007996,0.6767023086547851,8464,0.04869319871068001,0.017377566546201706,0.25224122405052185,-0.2010670155286789,0.43313383758068086,8464,0.31598255038261414,0.43307140469551086,0.3491462171077728,-0.14898990094661713,0.7540471196174622
2,Day 2,5,Tray 5,DJI_20260620131340_0005,23,3,3,8464,0.348092645406723,0.35323041677474976,0.22652140259742737,0.11710522994399071,0.6060811042785644,8464,0.0012648479314520955,-0.013742629438638687,0.262637197971344,-0.2998873770236969,0.3152833282947539,8464,0.20235182344913483,0.2550119459629059,0.42651936411857605,-0.4826358526945114,0.7258174419403076
2,Day 2,5,Tray 5,DJI_20260620131340_0005,24,3,4,8464,0.35039666295051575,0.447614848613739,0.2544712722301483,-0.005905524035915702,0.5878694891929627,8464,-0.03454058989882469,0.030120152980089188,0.29085835814476013,-0.4585381180047989,0.27164676487445827,8464,0.18597915768623352,0.3712542653083801,0.4573957622051239,-0.48815924525260923,0.7321535587310791
2,Day 2,5,Tray 5,DJI_20260620131340_0005,25,3,5,8464,0.3508271872997284,0.4447351098060608,0.2500672936439514,-0.03906365856528281,0.5953715741634369,8464,-0.0392681360244751,0.004948656540364027,0.2826548218727112,-0.4413938820362091,0.3002595871686935,8464,0.1708446443080902,0.3701818287372589,0.4357476532459259,-0.48181653022766113,0.6804588675498962
2,Day 2,5,Tray 5,DJI_20260620131340_0005,26,3,6,8464,0.3235805928707123,0.4109005331993103,0.21723593771457672,0.0077132352162152746,0.5527221202850342,8464,-0.08302333950996399,-0.0774698257446289,0.22357378900051117,-0.4013654440641403,0.19723182916641235,8464,0.02321559190750122,-0.08548707515001297,0.3872734606266022,-0.4649915963411331,0.5212442278862
2,Day 2,5,Tray 5,DJI_20260620131340_0005,27,3,7,8464,0.3148840367794037,0.29096734523773193,0.2096741497516632,0.05989220850169659,0.5604788303375244,8464,-0.07266893237829208,-0.07223208993673325,0.21447773277759552,-0.40190539360046384,0.18855430781841276,8464,0.016445405781269073,-0.07819905132055283,0.3908538818359375,-0.4922909736633301,0.5268869936466216
2,Day 2,5,Tray 5,DJI_20260620131340_0005,28,3,8,8464,0.24958939850330353,0.20837092399597168,0.2170717865228653,0.005579953780397775,0.5376565039157868,8464,-0.12167976796627045,-0.09025558829307556,0.21341609954833984,-0.48235623836517333,0.14214670658111572,8464,-0.05924351140856743,-0.09550561755895615,0.3470710813999176,-0.5149833559989929,0.46596252024173734
2,Day 2,5,Tray 5,DJI_20260620131340_0005,29,3,9,8464,0.23676636815071106,0.19568125903606415,0.19740065932273865,0.06062601730227474,0.504719614982605,8464,-0.11975020915269852,-0.10578545928001404,0.21009960770606995,-0.38799576163291927,0.12961696088314056,8464,-0.03527358919382095,-0.10511402040719986,0.3804950714111328,-0.5031626999378204,0.6460771918296814
2,Day 2,5,Tray 5,DJI_20260620131340_0005,30,3,10,8464,0.24738967418670654,0.20350970327854156,0.16514858603477478,0.10995003432035447,0.5134694099426269,8464,-0.09454689174890518,-0.10705596208572388,0.2051604837179184,-0.3397896975278854,0.18603462874889373,8464,-0.006816796492785215,-0.10332749783992767,0.3613109290599823,-0.4605798870325088,0.5932978928089142
2,Day 2,5,Tray 5,DJI_20260620131340_0005,31,4,1,8464,0.35626038908958435,0.33318936824798584,0.2188546359539032,0.10456789806485177,0.6416457176208495,8464,0.018323520198464394,-0.049748316407203674,0.23311640322208405,-0.2605818212032318,0.3428788304328918,8464,0.276417076587677,0.4331936240196228,0.38441184163093567,-0.25878430902957916,0.7241107165813446
2,Day 2,5,Tray 5,DJI_20260620131340_0005,32,4,2,8464,0.4167884290218353,0.47883057594299316,0.1989467293024063,0.15579986572265625,0.6613677442073822,8464,0.08690940588712692,0.09152495861053467,0.21425852179527283,-0.13464569002389906,0.424384006857872,8464,0.35625267028808594,0.4590829908847809,0.34401535987854004,-0.1389358937740326,0.7473763227462769
2,Day 2,5,Tray 5,DJI_20260620131340_0005,33,4,3,8464,0.4073627293109894,0.43715545535087585,0.185265451669693,0.1736375093460083,0.6479769825935364,8464,0.061833661049604416,0.032676152884960175,0.20416958630084991,-0.15350516885519025,0.3798427999019621,8464,0.2095918357372284,0.27344387769699097,0.38547009229660034,-0.3520875662565231,0.7123073935508728
2,Day 2,5,Tray 5,DJI_20260620131340_0005,34,4,4,8464,0.4360274374485016,0.48244619369506836,0.19666723906993866,0.1876488819718361,0.6203963220119476,8464,0.04090892896056175,0.07323808968067169,0.25908398628234863,-0.3326524794101715,0.34332183897495266,8464,0.24070274829864502,0.45024049282073975,0.4442310035228729,-0.45937275886535645,0.7273242354393005
2,Day 2,5,Tray 5,DJI_20260620131340_0005,35,4,5,8464,0.36736932396888733,0.4422476291656494,0.2478485107421875,0.015685336850583566,0.6092363595962524,8464,-0.014202638529241085,0.009321657940745354,0.2752455472946167,-0.4169710040092468,0.3222322165966034,8464,0.05937288701534271,0.006497010588645935,0.409911572933197,-0.5090583622455597,0.5447693645954131
2,Day 2,5,Tray 5,DJI_20260620131340_0005,36,4,6,8464,0.38428089022636414,0.4921751618385315,0.24060480296611786,0.039282823726534875,0.6064542412757874,8464,-0.004193633329123259,0.05454320088028908,0.24675226211547852,-0.41744206845760345,0.2636121541261673,8464,0.08612675219774246,0.12783800065517426,0.40307947993278503,-0.49479833245277405,0.5336441814899444
2,Day 2,5,Tray 5,DJI_20260620131340_0005,37,4,7,8464,0.3202110230922699,0.2746569514274597,0.21948091685771942,0.0733406163752079,0.5780107319355011,8464,-0.05250948667526245,-0.06280820071697235,0.22219330072402954,-0.3539428114891052,0.21168044060468671,8464,-0.013942386023700237,-0.07572076469659805,0.3382114768028259,-0.4689983755350113,0.49425725638866425
2,Day 2,5,Tray 5,DJI_20260620131340_0005,38,4,8,8464,0.3100408613681793,0.23187467455863953,0.194717139005661,0.12059205919504166,0.580161863565445,8464,-0.0614602230489254,-0.07072819769382477,0.20255319774150848,-0.33711627423763274,0.19982392638921737,8464,0.006378606427460909,-0.07452112436294556,0.3753041923046112,-0.47328656911849976,0.6060560703277588
2,Day 2,5,Tray 5,DJI_20260620131340_0005,39,4,9,8464,0.3259079158306122,0.22775286436080933,0.21070444583892822,0.12945456504821778,0.5986791133880616,8464,-0.02269860915839672,-0.07692307978868484,0.2553292214870453,-0.35683207809925077,0.31934475600719453,8464,0.0789911150932312,-0.07883817702531815,0.43576571345329285,-0.48415272831916806,0.7323907017707825
2,Day 2,5,Tray 5,DJI_20260620131340_0005,40,4,10,8464,0.27434900403022766,0.2041447013616562,0.1928420066833496,0.12531895488500597,0.5678928673267365,8464,-0.08013436943292618,-0.09345794469118118,0.21643856167793274,-0.3245475679636001,0.2170022428035736,8464,-0.001669740886427462,-0.09083644300699234,0.3701968789100647,-0.46721604466438293,0.6310344934463501
2,Day 2,5,Tray 5,DJI_20260620131340_0005,41,5,1,8464,0.3565520942211151,0.27949294447898865,0.21796564757823944,0.12180258482694627,0.6563075542449951,8464,0.027629641816020012,-0.10352607816457748,0.2438639998435974,-0.23734703660011292,0.4188257932662964,8464,0.1456346958875656,-0.08325852453708649,0.3780442774295807,-0.23921924829483032,0.7283300459384918
2,Day 2,5,Tray 5,DJI_20260620131340_0005,42,5,2,8464,0.4008263349533081,0.44340780377388,0.20475761592388153,0.15985526889562607,0.6659129202365875,8464,0.08951745182275772,0.07868454605340958,0.2074047029018402,-0.12577319145202637,0.40522306561470023,8464,0.21044859290122986,0.21762657165527344,0.3602852523326874,-0.19843724817037578,0.7182538330554962
2,Day 2,5,Tray 5,DJI_20260620131340_0005,43,5,3,8464,0.4327668845653534,0.4726768732070923,0.1801213175058365,0.17356984466314315,0.6501619756221771,8464,0.09267318248748779,0.08469166606664658,0.1891230046749115,-0.11530238986015319,0.35415403842926024,8464,0.2302885204553604,0.34250253438949585,0.3629566431045532,-0.258392983675003,0.6581668376922607
2,Day 2,5,Tray 5,DJI_20260620131340_0005,44,5,4,8464,0.3814910650253296,0.43981969356536865,0.21911439299583435,0.12366310954093936,0.6349750220775604,8464,0.04055196791887283,0.048639774322509766,0.22964689135551453,-0.22038444876670837,0.3261250346899032,8464,0.09752582758665085,-0.03854934498667717,0.41137102246284485,-0.49180328845977783,0.6390670537948607
2,Day 2,5,Tray 5,DJI_20260620131340_0005,45,5,5,8464,0.4072865843772888,0.48211848735809326,0.20809929072856903,0.14333643317222594,0.6298404932022095,8464,0.045786820352077484,0.06094587966799736,0.2081013172864914,-0.19813917726278302,0.30739490389823915,8464,0.07991601526737213,-0.06315311789512634,0.38518065214157104,-0.4210762053728104,0.5934640645980834
2,Day 2,5,Tray 5,DJI_20260620131340_0005,46,5,6,8464,0.38816988468170166,0.4742530882358551,0.22523534297943115,0.11460053920745852,0.6116303205490112,8464,0.014211397618055344,0.03086266480386257,0.21419373154640198,-0.2996699601411819,0.2631664872169494,8464,0.06316135078668594,-0.04711373150348663,0.3680651783943176,-0.4801294058561325,0.5170392513275146
2,Day 2,5,Tray 5,DJI_20260620131340_0005,47,5,7,8464,0.3442244827747345,0.33493784070014954,0.21681666374206543,0.10325669869780542,0.618721890449524,8464,-0.035261910408735275,-0.05868665874004364,0.22212734818458557,-0.3305904358625412,0.27156876027584076,8464,0.002502966206520796,-0.06466642022132874,0.3355181813240051,-0.4350797235965729,0.5045815289020538
2,Day 2,5,Tray 5,DJI_20260620131340_0005,48,5,8,8464,0.3040595054626465,0.22707723081111908,0.18533657491207123,0.13306282311677933,0.5519419133663177,8464,-0.054015275090932846,-0.05991976335644722,0.18407514691352844,-0.27736855745315553,0.1592881813645363,8464,-0.010063013061881065,-0.06412005424499512,0.3477957844734192,-0.48488649725914,0.5505311906337738
2,Day 2,5,Tray 5,DJI_20260620131340_0005,49,5,9,8464,0.3249453008174896,0.2368592768907547,0.19879268109798431,0.1447086051106453,0.5995220839977264,8464,-0.021143291145563126,-0.06253243237733841,0.22219666838645935,-0.2877486228942871,0.2776753693819045,8464,0.036562491208314896,-0.06561881303787231,0.376684308052063,-0.45184337496757504,0.6604735672473907
2,Day 2,5,Tray 5,DJI_20260620131340_0005,50,5,10,8464,0.29279467463493347,0.21050415933132172,0.1683661788702011,0.1574817031621933,0.5507839679718017,8464,-0.04211011156439781,-0.08909574151039124,0.1946387141942978,-0.22604790329933167,0.24702028632163997,8464,0.05493874102830887,-0.08743278682231903,0.366275817155838,-0.41725000143051144,0.6270700573921204
2,Day 2,5,Tray 5,DJI_20260620131340_0005,51,6,1,8464,0.3167440891265869,0.20092792809009552,0.22153815627098083,0.1453243374824524,0.6955758929252625,8464,0.010110254399478436,-0.11292295157909393,0.25023558735847473,-0.2003265634179115,0.4625246524810791,8464,0.089198037981987,-0.10840438306331635,0.3389945328235626,-0.1747571930289268,0.6336683690547943
2,Day 2,5,Tray 5,DJI_20260620131340_0005,52,6,2,8464,0.32302045822143555,0.23348018527030945,0.20220829546451569,0.1427394211292267,0.6495985329151149,8464,0.015620249323546886,-0.09506618231534958,0.2255435734987259,-0.171171173453331,0.4282395213842392,8464,0.0701049268245697,-0.09433458000421524,0.317269891500473,-0.20324393808841704,0.6690513432025906
2,Day 2,5,Tray 5,DJI_20260620131340_0005,53,6,3,8464,0.3600902855396271,0.39837995171546936,0.2554800510406494,0.10950360596179963,0.6741471886634827,8464,0.027120135724544525,0.001571997650898993,0.2794257700443268,-0.3282424360513687,0.4345253258943558,8464,0.13075581192970276,0.08235856890678406,0.42673641443252563,-0.45653078854084017,0.72181978225708
2,Day 2,5,Tray 5,DJI_20260620131340_0005,54,6,4,8464,0.38412466645240784,0.44532227516174316,0.23630186915397644,0.06302860304713251,0.6609695553779602,8464,0.010017836466431618,0.0240786150097847,0.27130335569381714,-0.3808742702007294,0.37562925815582277,8464,0.030920930206775665,-0.07649841904640198,0.35660627484321594,-0.41087587773799894,0.5349428057670593
2,Day 2,5,Tray 5,DJI_20260620131340_0005,55,6,5,8464,0.328888863325119,0.3350115418434143,0.27953457832336426,0.013918589893728505,0.657210522890091,8464,-0.03870481252670288,-0.06710097938776016,0.2895577549934387,-0.4101045995950699,0.3610925704240799,8464,0.0315374918282032,-0.07621550559997559,0.398517370223999,-0.42936673760414124,0.6298568248748779
2,Day 2,5,Tray 5,DJI_20260620131340_0005,56,6,6,8464,0.3301272690296173,0.35759493708610535,0.2490607351064682,0.029345012642443234,0.6090810120105743,8464,-0.0255660992115736,-0.050808314234018326,0.24225951731204987,-0.36285361647605896,0.26000873148441306,8464,0.007508815266191959,-0.07401836663484573,0.366027295589447,-0.47457281351089475,0.5392283380031586
2,Day 2,5,Tray 5,DJI_20260620131340_0005,57,6,7,8464,0.3005329668521881,0.2261175513267517,0.2136465609073639,0.08317793533205987,0.5758059620857239,8464,-0.041681643575429916,-0.06432748585939407,0.20013728737831116,-0.29796040356159204,0.22505287528038023,8464,-0.038327693939208984,-0.07579141110181808,0.29749804735183716,-0.4323189854621887,0.45783088505268094
2,Day 2,5,Tray 5,DJI_20260620131340_0005,58,6,8,8464,0.2870584726333618,0.20335224270820618,0.21122027933597565,0.10655482858419418,0.5866899967193603,8464,-0.0466611422598362,-0.06446582078933716,0.2070506364107132,-0.3051915019750595,0.24834364950656876,8464,-0.00614421209320426,-0.06821442395448685,0.33975547552108765,-0.4382481575012207,0.5233809947967529
2,Day 2,5,Tray 5,DJI_20260620131340_0005,59,6,9,8464,0.2927042841911316,0.22848664224147797,0.20191669464111328,0.100596471875906,0.5630550265312195,8464,-0.04552082344889641,-0.08033241331577301,0.2112092524766922,-0.2712606370449066,0.2349463641643524,8464,0.0033577510621398687,-0.08736059814691544,0.36384642124176025,-0.49072961807250975,0.5681917071342468
2,Day 2,5,Tray 5,DJI_20260620131340_0005,60,6,10,8464,0.2714017629623413,0.20226040482521057,0.17988409101963043,0.12139151096343995,0.5403189599514008,8464,-0.07971059530973434,-0.11428571492433548,0.19491370022296906,-0.2616641134023666,0.1926253259181976,8464,-0.02916029654443264,-0.1180887371301651,0.31018394231796265,-0.3187461614608764,0.5096451997756956
2,Day 2,5,Tray 5,DJI_20260620131340_0005,61,7,1,8464,0.27959176898002625,0.18760335445404053,0.21995872259140015,0.11360574513673782,0.6708597183227538,8464,-0.03644625470042229,-0.1299668848514557,0.25334420800209045,-0.24283666908740995,0.4129880607128142,8464,0.11527319997549057,-0.10851176083087921,0.3456874191761017,-0.1783664062619209,0.6888346433639526
2,Day 2,5,Tray 5,DJI_20260620131340_0005,62,7,2,8464,0.30734768509864807,0.20642857253551483,0.2419085055589676,0.09450089633464814,0.6647345602512359,8464,-0.010443147271871567,-0.10600945353507996,0.26950904726982117,-0.2685912519693375,0.4404477924108505,8464,0.06216965615749359,-0.10305264592170715,0.36936670541763306,-0.2974356561899185,0.7069171547889709
2,Day 2,5,Tray 5,DJI_20260620131340_0005,63,7,3,8464,0.29947739839553833,0.23220959305763245,0.24072612822055817,0.03569910675287247,0.6312716603279114,8464,-0.05278140679001808,-0.09711989015340805,0.2453857958316803,-0.3386727571487427,0.3010474056005476,8464,0.001231025904417038,-0.09045655280351639,0.34043776988983154,-0.37456950545310974,0.5673170685768127
2,Day 2,5,Tray 5,DJI_20260620131340_0005,64,7,4,8464,0.2992948591709137,0.22603225708007812,0.2582148611545563,-0.004314706753939387,0.6416365802288055,8464,-0.04004400968551636,-0.06974921375513077,0.2619869112968445,-0.3737001121044159,0.33275214433670036,8464,0.03401021286845207,-0.07607410103082657,0.38859161734580994,-0.43492650687694545,0.6351181209087372
2,Day 2,5,Tray 5,DJI_20260620131340_0005,65,7,5,8464,0.24034757912158966,0.19054043292999268,0.2518822252750397,-0.03940016962587829,0.6120603859424592,8464,-0.07140503078699112,-0.07890923321247101,0.2577735185623169,-0.3594001084566116,0.3336457312107086,8464,-0.05211943760514259,-0.09243697673082352,0.32966089248657227,-0.4546438068151474,0.5245749831199645
2,Day 2,5,Tray 5,DJI_20260620131340_0005,66,7,6,8464,0.24908779561519623,0.20391419529914856,0.28895625472068787,-0.16960481554269788,0.5957467377185821,8464,-0.0734696090221405,-0.056637853384017944,0.26569604873657227,-0.5219396233558654,0.2739318311214447,8464,-0.03018718585371971,-0.06763653457164764,0.3500998914241791,-0.5204416453838348,0.5225155115127563
2,Day 2,5,Tray 5,DJI_20260620131340_0005,67,7,7,8464,0.25354188680648804,0.1967858374118805,0.29113203287124634,-0.1423619553446769,0.5974833905696869,8464,-0.05768731236457825,-0.06716338545084,0.27731752395629883,-0.5314136147499084,0.29560422301292416,8464,-0.03470708429813385,-0.0722702294588089,0.3485860228538513,-0.5504609823226928,0.4842510521411896
2,Day 2,5,Tray 5,DJI_20260620131340_0005,68,7,8,8464,0.23550942540168762,0.1818763017654419,0.22022269666194916,0.016297298297286066,0.5548324465751647,8464,-0.08046372979879379,-0.07816089689731598,0.19291843473911285,-0.3449382007122039,0.15642002969980234,8464,-0.09020890295505524,-0.0833333358168602,0.23522554337978363,-0.4122259497642517,0.24686785787343968
2,Day 2,5,Tray 5,DJI_20260620131340_0005,69,7,9,8464,0.26278337836265564,0.19951632618904114,0.19557605683803558,0.08658299446105958,0.5595273733139038,8464,-0.07451193779706955,-0.09345794469118118,0.19118577241897583,-0.3014310210943222,0.18379198163747784,8464,-0.05547480285167694,-0.09888635575771332,0.3035843074321747,-0.42986016571521757,0.4476120769977569
2,Day 2,5,Tray 5,DJI_20260620131340_0005,70,7,10,8464,0.23400624096393585,0.19211411476135254,0.20690076053142548,-0.015171833988279086,0.5231133043766021,8464,-0.12730273604393005,-0.15800556540489197,0.21279898285865784,-0.39673239588737486,0.14851235449314115,8464,-0.08787740021944046,-0.16005665063858032,0.3152709901332855,-0.4356566667556762,0.3984699279069898
2,Day 2,6,Tray 6,DJI_20260620131437_0006,1,1,1,8464,0.2730281949043274,0.19029125571250916,0.16776041686534882,0.14362529665231705,0.5347721576690674,8464,-0.06527342647314072,-0.1267024278640747,0.15744993090629578,-0.19144602119922638,0.17664428353309627,8464,0.12163443863391876,-0.09573912620544434,0.3335999548435211,-0.18227881342172622,0.6372548937797546
2,Day 2,6,Tray 6,DJI_20260620131437_0006,2,1,2,8464,0.270860880613327,0.1868308186531067,0.17109990119934082,0.1375274255871773,0.5293045461177825,8464,-0.07144377380609512,-0.12391930818557739,0.17729179561138153,-0.22548207789659497,0.19870021790266035,8464,0.1300203800201416,-0.09844420850276947,0.33869895339012146,-0.17167381942272186,0.6656227409839629
2,Day 2,6,Tray 6,DJI_20260620131437_0006,3,1,3,8464,0.3000178337097168,0.20640867948532104,0.17861805856227875,0.1416571781039238,0.5543102562427521,8464,-0.0471041314303875,-0.09660793840885162,0.17061558365821838,-0.20141721367835996,0.1909484013915062,8464,0.17354747653007507,0.06681311875581741,0.3396744430065155,-0.16236162185668945,0.6620102703571319
2,Day 2,6,Tray 6,DJI_20260620131437_0006,4,1,4,8464,0.28053176403045654,0.2116331160068512,0.19998586177825928,0.06413631290197372,0.5410933494567871,8464,-0.07671557366847992,-0.09040074795484543,0.20254062116146088,-0.3718342512845993,0.18678582161664958,8464,0.08481178432703018,-0.07689430564641953,0.368884414434433,-0.3660859614610672,0.6448798477649689
2,Day 2,6,Tray 6,DJI_20260620131437_0006,5,1,5,8464,0.29331475496292114,0.27642276883125305,0.20710590481758118,0.07716689258813862,0.5363347709178925,8464,-0.06879797577857971,-0.07586207985877991,0.20430530607700348,-0.42303616404533384,0.17506288290023803,8464,0.09765466302633286,-0.06019417569041252,0.35383620858192444,-0.4013654440641403,0.5756385326385498
2,Day 2,6,Tray 6,DJI_20260620131437_0006,6,1,6,8464,0.26436612010002136,0.20042817294597626,0.2190672606229782,0.0050053469836712095,0.5500354647636413,8464,-0.0947929248213768,-0.10481586307287216,0.22159893810749054,-0.40283805429935454,0.21309271603822708,8464,0.01960449293255806,-0.09477342665195465,0.33903422951698303,-0.40739157497882844,0.5235964596271515
2,Day 2,6,Tray 6,DJI_20260620131437_0006,7,1,7,8464,0.2563811242580414,0.1930932104587555,0.21239863336086273,0.03357355371117592,0.5365098595619201,8464,-0.10181881487369537,-0.09229128062725067,0.20202454924583435,-0.4112660080194473,0.1406566485762596,8464,-0.012946565635502338,-0.09178164601325989,0.29730966687202454,-0.38672536611557007,0.44891329407691954
2,Day 2,6,Tray 6,DJI_20260620131437_0006,8,1,8,8464,0.21859611570835114,0.17396940290927887,0.1809740513563156,0.022923949733376518,0.504515141248703,8464,-0.132276713848114,-0.11035791784524918,0.17675012350082397,-0.3820098519325256,0.09367002770304676,8464,-0.08201387524604797,-0.10593605041503906,0.24473066627979279,-0.38461539149284363,0.3664765626192091
2,Day 2,6,Tray 6,DJI_20260620131437_0006,9,1,9,8464,0.23770692944526672,0.17962458729743958,0.18305067718029022,0.12206120267510415,0.5034837663173676,8464,-0.12314388155937195,-0.11732605844736099,0.17652839422225952,-0.34432920813560486,0.09409883022308348,8464,-0.11270144581794739,-0.12145693600177765,0.25686919689178467,-0.4498594343662262,0.33179421424865724
2,Day 2,6,Tray 6,DJI_20260620131437_0006,10,1,10,8464,0.20965000987052917,0.17738530039787292,0.12072420120239258,0.1319803550839424,0.3954479783773422,8464,-0.13303233683109283,-0.13844870030879974,0.15511906147003174,-0.3026296615600586,0.06891340836882585,8464,-0.05577851086854935,-0.1340348869562149,0.298658162355423,-0.32375879585742945,0.5063386380672454
2,Day 2,6,Tray 6,DJI_20260620131437_0006,11,2,1,8464,0.2768218219280243,0.19185493886470795,0.20290333032608032,0.07985378950834277,0.54526247382164,8464,-0.07069198787212372,-0.12530915439128876,0.20562788844108582,-0.34571146965026855,0.20036835819482787,8464,0.1782379299402237,0.26018330454826355,0.37176012992858887,-0.3063455373048781,0.6656799674034118
2,Day 2,6,Tray 6,DJI_20260620131437_0006,12,2,2,8464,0.28510725498199463,0.19392609596252441,0.1987682431936264,0.10574458912014963,0.5633009850978851,8464,-0.04617084562778473,-0.1024480015039444,0.19164663553237915,-0.2563741564750671,0.2405588716268539,8464,0.1823720484972,0.16537624597549438,0.33752697706222534,-0.16115861535072326,0.643135154247284
2,Day 2,6,Tray 6,DJI_20260620131437_0006,13,2,3,8464,0.3135157525539398,0.2846214175224304,0.18540452420711517,0.1397459924221039,0.5293217837810517,8464,-0.04917154088616371,-0.08161648362874985,0.18249264359474182,-0.27989266216754916,0.16076402366161346,8464,0.21942020952701569,0.3553635776042938,0.3742612898349762,-0.28773584961891174,0.6839113652706146
2,Day 2,6,Tray 6,DJI_20260620131437_0006,14,2,4,8464,0.29980552196502686,0.3101900517940521,0.1939457654953003,0.08165393397212029,0.5338186144828796,8464,-0.07389876246452332,-0.07734806835651398,0.19258315861225128,-0.3708433479070663,0.15930598974227905,8464,0.17411430180072784,0.2790742516517639,0.3682713508605957,-0.37637102901935576,0.6339486956596374
2,Day 2,6,Tray 6,DJI_20260620131437_0006,15,2,5,8464,0.29833105206489563,0.33107638359069824,0.20290076732635498,0.027476568706333686,0.5329052150249481,8464,-0.08146759122610092,-0.08276044577360153,0.19403493404388428,-0.3715258598327636,0.15935198217630384,8464,0.11121119558811188,0.1180778220295906,0.3608705997467041,-0.4146788209676742,0.5421433746814728
2,Day 2,6,Tray 6,DJI_20260620131437_0006,16,2,6,8464,0.26096275448799133,0.1980990767478943,0.21153688430786133,-0.007976513355970381,0.5342313826084137,8464,-0.09983138740062714,-0.1037735864520073,0.21643482148647308,-0.38210618495941157,0.18235926330089564,8464,0.01122936513274908,-0.09491978585720062,0.352056622505188,-0.4234712481498718,0.5122887790203094
2,Day 2,6,Tray 6,DJI_20260620131437_0006,17,2,7,8464,0.24767015874385834,0.21242386102676392,0.22918111085891724,-0.040850292518734885,0.5088345944881439,8464,-0.11995251476764679,-0.08147365599870682,0.20475313067436218,-0.46007523238658904,0.11663456335663794,8464,0.03654499724507332,-0.0629461407661438,0.34849119186401367,-0.4651162922382355,0.4904440850019455
2,Day 2,6,Tray 6,DJI_20260620131437_0006,18,2,8,8464,0.24219582974910736,0.18527118861675262,0.20400461554527283,0.024434286355972317,0.5111139833927154,8464,-0.11745274066925049,-0.09302014857530594,0.19696685671806335,-0.42644697427749634,0.1137381255626678,8464,-0.0664820671081543,-0.0941883772611618,0.2895284593105316,-0.46207112073898315,0.4036136120557785
2,Day 2,6,Tray 6,DJI_20260620131437_0006,19,2,9,8464,0.24463392794132233,0.18409022688865662,0.17586946487426758,0.0988096185028553,0.4921424478292465,8464,-0.12488522380590439,-0.10571081191301346,0.17363035678863525,-0.4383561611175537,0.08248324841260908,8464,0.010993391275405884,-0.09888635575771332,0.3493076264858246,-0.46485424041748047,0.5192289233207702
2,Day 2,6,Tray 6,DJI_20260620131437_0006,20,2,10,8464,0.24006709456443787,0.18052223324775696,0.15764079988002777,0.11753558143973351,0.49486330449581145,8464,-0.11885065585374832,-0.1240735650062561,0.16918471455574036,-0.36629798710346223,0.11106369495391843,8464,0.04772867634892464,-0.11126187443733215,0.3671514093875885,-0.41362885832786556,0.6099358618259428
2,Day 2,6,Tray 6,DJI_20260620131437_0006,21,3,1,8464,0.2942589223384857,0.20335471630096436,0.19951224327087402,0.08079429864883425,0.5739514231681824,8464,-0.06028088554739952,-0.12330270558595657,0.18386666476726532,-0.28223193287849424,0.21159250885248182,8464,0.24251194298267365,0.3919323682785034,0.36896222829818726,-0.26990526616573335,0.6707144141197204
2,Day 2,6,Tray 6,DJI_20260620131437_0006,22,3,2,8464,0.31215402483940125,0.3341658115386963,0.20335173606872559,0.11449763178825378,0.5568090081214905,8464,-0.04095304384827614,-0.0867263525724411,0.1937296986579895,-0.29387998282909383,0.20880748033523558,8464,0.26853930950164795,0.38577088713645935,0.3410145342350006,-0.18535886853933334,0.6520675420761108
2,Day 2,6,Tray 6,DJI_20260620131437_0006,23,3,3,8464,0.32547464966773987,0.3436688184738159,0.1923421174287796,0.13352954834699632,0.5518039286136627,8464,-0.023637793958187103,-0.05462940037250519,0.17721740901470184,-0.2139242723584175,0.2020726263523102,8464,0.30703768134117126,0.40287768840789795,0.29581698775291443,-0.10615883022546768,0.6497380077838898
2,Day 2,6,Tray 6,DJI_20260620131437_0006,24,3,4,8464,0.34422191977500916,0.4108578562736511,0.2207060009241104,0.058619577065110236,0.5757534146308898,8464,-0.03489632532000542,-0.023439686745405197,0.23824244737625122,-0.40884890258312223,0.2487163916230201,8464,0.2206931859254837,0.3941219449043274,0.4213150441646576,-0.46775257885456084,0.6790712654590606
2,Day 2,6,Tray 6,DJI_20260620131437_0006,25,3,5,8464,0.31584447622299194,0.38331344723701477,0.22883091866970062,-0.04509165696799754,0.5502517640590667,8464,-0.0812031477689743,-0.06598984450101852,0.2323266714811325,-0.4352701336145401,0.196660454571247,8464,0.1856812983751297,0.34940922260284424,0.4095381796360016,-0.46302250027656555,0.6280572414398193
2,Day 2,6,Tray 6,DJI_20260620131437_0006,26,3,6,8464,0.3008231520652771,0.3983152210712433,0.2527948319911957,-0.06858736500144004,0.5566681623458862,8464,-0.10228469967842102,-0.08647631108760834,0.233568012714386,-0.4444444477558136,0.16611382514238357,8464,0.06557927280664444,0.12109941244125366,0.4042681157588959,-0.47727271914482117,0.5431756973266602
2,Day 2,6,Tray 6,DJI_20260620131437_0006,27,3,7,8464,0.2754836082458496,0.355286568403244,0.24650555849075317,-0.07809982821345329,0.5274846911430359,8464,-0.11506666243076324,-0.08808290213346481,0.2290833741426468,-0.47037702798843384,0.14385050535202026,8464,0.030233735218644142,-0.06835377216339111,0.3856096863746643,-0.4996350347995758,0.49213784039020536
2,Day 2,6,Tray 6,DJI_20260620131437_0006,28,3,8,8464,0.24945904314517975,0.19587847590446472,0.1991458237171173,-0.00506935506127771,0.4969393312931061,8464,-0.13840517401695251,-0.10273326933383942,0.172939732670784,-0.40796824991703035,0.06720196083188053,8464,-0.024692300707101822,-0.08866143971681595,0.3138611614704132,-0.4535967171192169,0.41674173772335055
2,Day 2,6,Tray 6,DJI_20260620131437_0006,29,3,9,8464,0.2606636583805084,0.19968494772911072,0.1967586725950241,0.02824544794857507,0.516694962978363,8464,-0.10627176612615585,-0.10481586307287216,0.20881561934947968,-0.4408867061138153,0.15914121717214583,8464,0.07294480502605438,-0.07802140712738037,0.4034038484096527,-0.47986195683479305,0.618135243654251
2,Day 2,6,Tray 6,DJI_20260620131437_0006,30,3,10,8464,0.23253025114536285,0.18619953095912933,0.16340875625610352,0.09691268503665926,0.4869284123182297,8464,-0.1384870857000351,-0.13325031101703644,0.178614541888237,-0.37571677565574646,0.11444515213370317,8464,-0.030980408191680908,-0.12038303911685944,0.3460293114185333,-0.46593041718006134,0.5427901923656463
2,Day 2,6,Tray 6,DJI_20260620131437_0006,31,4,1,8464,0.3059241473674774,0.28962594270706177,0.21246841549873352,0.04008191674947739,0.5680415630340576,8464,-0.05361795052886009,-0.09250955283641815,0.2023339420557022,-0.3407797753810882,0.22190898656845093,8464,0.22277328372001648,0.37991267442703247,0.392200767993927,-0.3783237934112549,0.6645073294639587
2,Day 2,6,Tray 6,DJI_20260620131437_0006,32,4,2,8464,0.3317734897136688,0.31326866149902344,0.22025322914123535,0.12314278855919839,0.6156830251216888,8464,0.0034263129346072674,-0.0658378079533577,0.2189057320356369,-0.19894598424434662,0.3634216427803039,8464,0.2791939377784729,0.3852658271789551,0.3457452952861786,-0.1327330932021141,0.6950430870056152
2,Day 2,6,Tray 6,DJI_20260620131437_0006,33,4,3,8464,0.384043425321579,0.4175332188606262,0.17480258643627167,0.16390042006969452,0.611768925189972,8464,0.04468107596039772,0.02994980663061142,0.1702045500278473,-0.1164122149348259,0.2946302086114883,8464,0.2809920907020569,0.3840601444244385,0.32162806391716003,-0.12774190306663513,0.6570841670036316
2,Day 2,6,Tray 6,DJI_20260620131437_0006,34,4,4,8464,0.40915510058403015,0.44485294818878174,0.1659422218799591,0.17661737650632858,0.6037912487983703,8464,0.04248829185962677,0.03196641802787781,0.18182863295078278,-0.14570900201797482,0.2951432168483734,8464,0.26829323172569275,0.40323108434677124,0.3605661988258362,-0.338068476319313,0.6562043130397797
2,Day 2,6,Tray 6,DJI_20260620131437_0006,35,4,5,8464,0.400520384311676,0.457985520362854,0.1997392326593399,0.09313967749476434,0.6083927810192108,8464,0.007904263213276863,0.040816325694322586,0.21968108415603638,-0.34546908736228943,0.27325047254562373,8464,0.14868542551994324,0.34406575560569763,0.4102960526943207,-0.45843724012374876,0.5959318280220031
2,Day 2,6,Tray 6,DJI_20260620131437_0006,36,4,6,8464,0.33976316452026367,0.43213438987731934,0.24166417121887207,-0.03770792782306671,0.5693726539611816,8464,-0.05580051988363266,-0.012806085869669914,0.24515123665332794,-0.40465821325778956,0.24506019800901396,8464,0.11997006833553314,0.290436327457428,0.4134467840194702,-0.44317179918289185,0.598280519247055
2,Day 2,6,Tray 6,DJI_20260620131437_0006,37,4,7,8464,0.30303725600242615,0.33963334560394287,0.20172105729579926,0.033727147057652486,0.5374811291694641,8464,-0.09356173872947693,-0.07802902907133102,0.19353249669075012,-0.38205408751964565,0.15372999906539916,8464,-0.004510484170168638,-0.0779152438044548,0.35772237181663513,-0.4680050313472748,0.4695293754339218
2,Day 2,6,Tray 6,DJI_20260620131437_0006,38,4,8,8464,0.28426986932754517,0.22797241806983948,0.181309774518013,0.08028544783592227,0.5178110122680664,8464,-0.10234203189611435,-0.0876368060708046,0.17552043497562408,-0.3673664450645447,0.11566602066159248,8464,0.011409194208681583,-0.08462455123662949,0.3764559328556061,-0.4656060039997101,0.49881254732608793
2,Day 2,6,Tray 6,DJI_20260620131437_0006,39,4,9,8464,0.2887979745864868,0.22293990850448608,0.19531933963298798,0.0770963154733181,0.5371479868888855,8464,-0.07880237698554993,-0.09991942346096039,0.2187565118074417,-0.3665943741798401,0.22815534472465515,8464,0.06784031540155411,-0.08837209641933441,0.40568432211875916,-0.44195903539657594,0.6654118359088897
2,Day 2,6,Tray 6,DJI_20260620131437_0006,40,4,10,8464,0.3189704120159149,0.3354092240333557,0.17788659036159515,0.12671484053134918,0.5307730734348297,8464,-0.06203643977642059,-0.09147603809833527,0.20925401151180267,-0.38034452199935914,0.1902856007218361,8464,0.12732718884944916,0.25747841596603394,0.4208323359489441,-0.4893617033958435,0.6414671063423156
2,Day 2,6,Tray 6,DJI_20260620131437_0006,41,5,1,8464,0.33783745765686035,0.31035315990448,0.21915297210216522,0.10723742097616196,0.6563628256320954,8464,0.01629297435283661,-0.06536561995744705,0.23369842767715454,-0.2428083136677742,0.39584257304668424,8464,0.19497162103652954,0.27706968784332275,0.3766053020954132,-0.25632765889167786,0.7004773020744324
2,Day 2,6,Tray 6,DJI_20260620131437_0006,42,5,2,8464,0.34995484352111816,0.35712119936943054,0.21538403630256653,0.13421718031167984,0.6735024511814117,8464,0.03973855823278427,-0.025589901953935623,0.21636277437210083,-0.14189312011003494,0.4185994386672973,8464,0.19500525295734406,0.23515860736370087,0.35156089067459106,-0.17701163440942763,0.7039806544780731
2,Day 2,6,Tray 6,DJI_20260620131437_0006,43,5,3,8464,0.37621167302131653,0.37117698788642883,0.18129275739192963,0.16216118931770326,0.649328863620758,8464,0.05959822237491608,-0.0066218627616763115,0.1731673926115036,-0.09829690307378769,0.3483445435762405,8464,0.22408773005008698,0.27534276247024536,0.310435026884079,-0.1021396815776825,0.656331479549408
2,Day 2,6,Tray 6,DJI_20260620131437_0006,44,5,4,8464,0.4039679169654846,0.4353286027908325,0.18012355268001556,0.16977809369564056,0.6440252482891082,8464,0.06408499926328659,0.04341518133878708,0.2088664472103119,-0.14385572224855422,0.37893242835998536,8464,0.1630748063325882,0.2606673240661621,0.38620665669441223,-0.40916417539119715,0.6785250306129456
2,Day 2,6,Tray 6,DJI_20260620131437_0006,45,5,5,8464,0.41154104471206665,0.46257930994033813,0.19459830224514008,0.14908918738365173,0.6150606870651245,8464,0.03202303498983383,0.04529115930199623,0.2260942906141281,-0.3030082285404204,0.34275768995285033,8464,0.1565881371498108,0.34932124614715576,0.4085785746574402,-0.4510354965925217,0.6387622117996216
2,Day 2,6,Tray 6,DJI_20260620131437_0006,46,5,6,8464,0.39634236693382263,0.44616180658340454,0.18189631402492523,0.16149909794330597,0.5778853893280029,8464,0.008324493654072285,0.018510255962610245,0.18444421887397766,-0.2297677561640739,0.2245561435818672,8464,0.07432862371206284,0.03465140983462334,0.35311251878738403,-0.44334985315799713,0.4964384585618973
2,Day 2,6,Tray 6,DJI_20260620131437_0006,47,5,7,8464,0.3508996367454529,0.38537877798080444,0.19084064662456512,0.13425227403640747,0.5726652324199676,8464,-0.02093559503555298,-0.04012474790215492,0.17258623242378235,-0.2281508833169937,0.20713294148445127,8464,0.016244547441601753,-0.05827626213431358,0.3236953616142273,-0.42476907968521116,0.4785096436738968
2,Day 2,6,Tray 6,DJI_20260620131437_0006,48,5,8,8464,0.32336631417274475,0.31677794456481934,0.19049766659736633,0.12698111981153487,0.5553495049476623,8464,-0.05509078875184059,-0.07164624333381653,0.18413718044757843,-0.29431459605693816,0.1688625961542129,8464,-0.006503317039459944,-0.07983388006687164,0.33651667833328247,-0.4624381452798843,0.4724527060985565
2,Day 2,6,Tray 6,DJI_20260620131437_0006,49,5,9,8464,0.31974345445632935,0.25850871205329895,0.19353951513767242,0.1301153779029846,0.5679219245910645,8464,-0.0327635332942009,-0.07002874463796616,0.21857880055904388,-0.3134880661964416,0.29941469728946674,8464,0.055914513766765594,-0.06988896429538727,0.3851475119590759,-0.43673525154590603,0.6680893182754516
2,Day 2,6,Tray 6,DJI_20260620131437_0006,50,5,10,8464,0.2891533076763153,0.20619764924049377,0.1709977388381958,0.15132708102464676,0.5521537065505981,8464,-0.06088518723845482,-0.10104519128799438,0.2036547064781189,-0.2928176820278168,0.23274855017662047,8464,0.02145545370876789,-0.1007029116153717,0.37964463233947754,-0.46721604466438293,0.6178621411323547
2,Day 2,6,Tray 6,DJI_20260620131437_0006,51,6,1,8464,0.2889677882194519,0.18806952238082886,0.20641747117042542,0.11951018646359446,0.608561098575592,8464,-0.024751458317041397,-0.11025185883045197,0.20961922407150269,-0.2247095301747322,0.3135250240564345,8464,0.0804075375199318,-0.10795454680919647,0.3411180078983307,-0.2678215324878692,0.6132205605506897
2,Day 2,6,Tray 6,DJI_20260620131437_0006,52,6,2,8464,0.3147691786289215,0.22020575404167175,0.2090960294008255,0.13136758506298066,0.6089827001094819,8464,0.012159498408436775,-0.07169364392757416,0.20283296704292297,-0.15367782413959502,0.3111139237880707,8464,0.13108040392398834,-0.0408620685338974,0.31425532698631287,-0.15624074339866637,0.5941372036933898
2,Day 2,6,Tray 6,DJI_20260620131437_0006,53,6,3,8464,0.33124661445617676,0.2727729082107544,0.20743849873542786,0.13695532977581024,0.636515688896179,8464,0.026401586830615997,-0.06487662345170975,0.20472653210163116,-0.13074693083763123,0.35938526391983033,8464,0.15423338115215302,-0.014260450378060341,0.330179899930954,-0.14733200073242186,0.6566558301448822
2,Day 2,6,Tray 6,DJI_20260620131437_0006,54,6,4,8464,0.3489324748516083,0.37629973888397217,0.2081984281539917,0.1272260069847107,0.6214527010917662,8464,0.019007954746484756,-0.023492030799388885,0.21715834736824036,-0.2312086522579193,0.36197838485240935,8464,0.09280315041542053,-0.04560491815209389,0.362591952085495,-0.397777909040451,0.6170211613178253
2,Day 2,6,Tray 6,DJI_20260620131437_0006,55,6,5,8464,0.3663116693496704,0.4205469489097595,0.2145150750875473,0.10612024515867233,0.6234372675418853,8464,0.031774431467056274,0.0032882820814847946,0.19830338656902313,-0.19373002052307128,0.3332928508520126,8464,0.08235162496566772,-0.03604045510292053,0.3523595929145813,-0.41450777649879456,0.5483599603176116
2,Day 2,6,Tray 6,DJI_20260620131437_0006,56,6,6,8464,0.3242124617099762,0.33626341819763184,0.2262519896030426,0.049504950642585754,0.6115108132362366,8464,-0.028070881962776184,-0.04624425247311592,0.22548702359199524,-0.35425627827644346,0.2770814001560211,8464,0.05025976151227951,-0.05928783863782883,0.3699644207954407,-0.4321201920509338,0.5783454179763794
2,Day 2,6,Tray 6,DJI_20260620131437_0006,57,6,7,8464,0.294299453496933,0.2848438620567322,0.20711089670658112,0.09307950288057329,0.5440473020076751,8464,-0.05739268288016319,-0.05882352963089943,0.17070288956165314,-0.2784290462732315,0.15990925729274735,8464,-0.03596888855099678,-0.07058823853731155,0.28629812598228455,-0.424843430519104,0.42303770780563354
2,Day 2,6,Tray 6,DJI_20260620131437_0006,58,6,8,8464,0.2687232494354248,0.2061426341533661,0.19308283925056458,0.09292854368686676,0.5321124970912933,8464,-0.07787538319826126,-0.0728791207075119,0.16659879684448242,-0.3107565432786941,0.1319485604763031,8464,-0.05923695117235184,-0.08004747331142426,0.2808552086353302,-0.4308176040649414,0.4023863315582275
2,Day 2,6,Tray 6,DJI_20260620131437_0006,59,6,9,8464,0.2896285653114319,0.2078104466199875,0.1903269737958908,0.12658800184726715,0.5461750864982605,8464,-0.050831589847803116,-0.07933579385280609,0.1714334636926651,-0.2674350887537002,0.17460561245679845,8464,-0.018530935049057007,-0.08938547223806381,0.32022616267204285,-0.4622388780117035,0.47303345799446106
2,Day 2,6,Tray 6,DJI_20260620131437_0006,60,6,10,8464,0.2550847828388214,0.18784628808498383,0.16011960804462433,0.1371684342622757,0.5148096442222595,8464,-0.10680464655160904,-0.14136165380477905,0.15995904803276062,-0.2468410551548004,0.11382859125733365,8464,-0.07027602195739746,-0.1472194939851761,0.2890281081199646,-0.39651472270488736,0.43021531999111173
2,Day 2,6,Tray 6,DJI_20260620131437_0006,61,7,1,8464,0.23946106433868408,0.17618824541568756,0.19797386229038239,0.09203237369656564,0.5738921999931335,8464,-0.06252655386924744,-0.12084303051233292,0.22017532587051392,-0.27808988094329834,0.3418940097093581,8464,0.05089068040251732,-0.11050847172737122,0.33419346809387207,-0.21766279637813568,0.6236438751220703
2,Day 2,6,Tray 6,DJI_20260620131437_0006,62,7,2,8464,0.28115925192832947,0.192463219165802,0.2197018563747406,0.11713144779205323,0.6193054974079132,8464,-0.02141321450471878,-0.09214562177658081,0.22501003742218018,-0.17330902814865112,0.31269358992576596,8464,0.12546338140964508,-0.05729041248559952,0.343793660402298,-0.15939977765083313,0.6638865530490874
2,Day 2,6,Tray 6,DJI_20260620131437_0006,63,7,3,8464,0.3010402321815491,0.2221129834651947,0.23333023488521576,0.08697399497032166,0.6758291363716126,8464,-0.005216521210968494,-0.07651245594024658,0.2533946633338928,-0.2856074571609497,0.4289168208837509,8464,0.12631778419017792,-0.0364014208316803,0.35639676451683044,-0.27669525146484375,0.6549047231674194
2,Day 2,6,Tray 6,DJI_20260620131437_0006,64,7,4,8464,0.26970189809799194,0.21182045340538025,0.22548046708106995,0.010991976503282796,0.5827451467514038,8464,-0.05113620683550835,-0.07508532702922821,0.22460970282554626,-0.3598963707685471,0.28515262305736533,8464,0.04189351201057434,-0.0714285746216774,0.36290442943573,-0.42580200731754303,0.6002879977226256
2,Day 2,6,Tray 6,DJI_20260620131437_0006,65,7,5,8464,0.27953967452049255,0.2681305408477783,0.2574607729911804,-0.045452900603413546,0.6364594101905823,8464,-0.041910570114851,-0.05991976335644722,0.2601291537284851,-0.40351576507091524,0.3538089871406555,8464,0.059768013656139374,-0.04384399577975273,0.377531498670578,-0.4530809223651886,0.6078933119773865
2,Day 2,6,Tray 6,DJI_20260620131437_0006,66,7,6,8464,0.2772071957588196,0.3107389211654663,0.29499056935310364,-0.17126813530921936,0.603277325630188,8464,-0.04708363488316536,-0.05026929825544357,0.27876195311546326,-0.507759803533554,0.32200506925582884,8464,0.026992615312337875,-0.05718342587351799,0.3922841548919678,-0.5072653830051422,0.566212260723114
2,Day 2,6,Tray 6,DJI_20260620131437_0006,67,7,7,8464,0.24590149521827698,0.23235902190208435,0.2887207567691803,-0.1944584235548973,0.6012687087059021,8464,-0.07464556396007538,-0.07241063565015793,0.27366799116134644,-0.5162932634353637,0.29679653644561765,8464,-0.023375362157821655,-0.0779152438044548,0.3537576198577881,-0.5229842901229858,0.4982477068901062
2,Day 2,6,Tray 6,DJI_20260620131437_0006,68,7,8,8464,0.2302992194890976,0.18790903687477112,0.26233211159706116,-0.11471405178308476,0.5595325052738189,8464,-0.09106442332267761,-0.08076009154319763,0.23142807185649872,-0.4798915147781372,0.18907960206270202,8464,-0.07498431205749512,-0.08721625059843063,0.2715109586715698,-0.47940751910209656,0.3582918882369994
2,Day 2,6,Tray 6,DJI_20260620131437_0006,69,7,9,8464,0.2208475023508072,0.1805019974708557,0.2123555988073349,0.04723275750875478,0.5196333229541779,8464,-0.11558588594198227,-0.09069117158651352,0.17260049283504486,-0.41021327078342434,0.059223973006010004,8464,-0.09219097346067429,-0.09638553857803345,0.27997589111328125,-0.47372897565364835,0.35202863812446594
2,Day 2,6,Tray 6,DJI_20260620131437_0006,70,7,10,8464,0.23081257939338684,0.18778640031814575,0.1865944266319275,0.01849097013473514,0.5027627646923065,8464,-0.12918876111507416,-0.17217689752578735,0.18743161857128143,-0.3475016713142395,0.11663107126951212,8464,-0.07804479449987411,-0.1738569587469101,0.2991161644458771,-0.401437371969223,0.4023674815893173
2,Day 2,7,Tray 7,DJI_20260620131539_0007,1,1,1,8464,0.22620555758476257,0.1641620546579361,0.1919102817773819,0.06872088834643365,0.5488247632980346,8464,-0.11136190593242645,-0.15487802028656006,0.20176030695438385,-0.3343108594417572,0.23514606952667236,8464,0.015150723047554493,-0.14754098653793335,0.36471647024154663,-0.39539638757705686,0.6224946141242981
2,Day 2,7,Tray 7,DJI_20260620131539_0007,2,1,2,8464,0.27129530906677246,0.1784638613462448,0.17570346593856812,0.12200640887022018,0.545676988363266,8464,-0.06269154697656631,-0.125,0.154883474111557,-0.18398797810077666,0.1823356583714485,8464,0.1508820354938507,-0.08868688344955444,0.34198281168937683,-0.17486730217933655,0.6446001827716827
2,Day 2,7,Tray 7,DJI_20260620131539_0007,3,1,3,8464,0.2940373122692108,0.19713132083415985,0.20753954350948334,0.11538596376776696,0.600547194480896,8464,-0.03470846638083458,-0.10176704823970795,0.22319839894771576,-0.25627734065055846,0.2896170794963835,8464,0.14077472686767578,0.021478690207004547,0.3596663475036621,-0.26357758939266196,0.6606294751167298
2,Day 2,7,Tray 7,DJI_20260620131539_0007,4,1,4,8464,0.33389487862586975,0.3499125838279724,0.19212719798088074,0.13780011534690856,0.5752636790275574,8464,-0.016672246158123016,-0.05887859687209129,0.19426943361759186,-0.20115356147289276,0.24863423258066175,8464,0.19472992420196533,0.2863931357860565,0.3739072382450104,-0.3109405040740967,0.6594390034675598
2,Day 2,7,Tray 7,DJI_20260620131539_0007,5,1,5,8464,0.3221502900123596,0.35772326588630676,0.1988397240638733,0.08527299016714103,0.5611733853816986,8464,-0.055602651089429855,-0.0872795581817627,0.22100232541561127,-0.3650429844856262,0.2595788776874542,8464,0.11262742429971695,0.16580742597579956,0.3687197268009186,-0.4017020255327225,0.5816010594367981
2,Day 2,7,Tray 7,DJI_20260620131539_0007,6,1,6,8464,0.23769257962703705,0.18231552839279175,0.21535860002040863,-0.011435325909405897,0.5244439125061036,8464,-0.11219951510429382,-0.1060628890991211,0.20972011983394623,-0.4332464188337326,0.13494037687778473,8464,-0.007983343675732613,-0.10147267580032349,0.3360168933868408,-0.43867126405239104,0.4895718991756439
2,Day 2,7,Tray 7,DJI_20260620131539_0007,7,1,7,8464,0.218635693192482,0.16094261407852173,0.19796329736709595,0.009582494478672782,0.4972677528858185,8464,-0.12221784889698029,-0.10273326933383942,0.18964077532291412,-0.4141654014587402,0.1121273532509803,8464,-0.04928065463900566,-0.09873893111944199,0.28449469804763794,-0.4316680461168289,0.4261481434106825
2,Day 2,7,Tray 7,DJI_20260620131539_0007,8,1,8,8464,0.21466676890850067,0.1603081375360489,0.18221968412399292,0.025220422074198723,0.500943797826767,8464,-0.1439509391784668,-0.11839409917593002,0.1657532900571823,-0.37000969350337976,0.03635851256549355,8464,-0.13329313695430756,-0.12161051481962204,0.2250450998544693,-0.4263322949409485,0.1986035704612732
2,Day 2,7,Tray 7,DJI_20260620131539_0007,9,1,9,8464,0.1920812427997589,0.1616777777671814,0.12400658428668976,0.09545727074146271,0.37833454906940456,8464,-0.14914439618587494,-0.1240735650062561,0.13489429652690887,-0.3509724110364914,-0.046967247501015726,8464,-0.08490686118602753,-0.11824139952659607,0.24944718182086945,-0.34121835231781006,0.2822580635547638
2,Day 2,7,Tray 7,DJI_20260620131539_0007,10,1,10,8464,0.20047596096992493,0.16379466652870178,0.12398514896631241,0.11506892070174218,0.4277372360229492,8464,-0.13312861323356628,-0.12934362888336182,0.12214118987321854,-0.26408395171165466,-0.008120649494230747,8464,-0.03100728802382946,-0.12469101697206497,0.2976476848125458,-0.2926136255264282,0.5403409540653229
2,Day 2,7,Tray 7,DJI_20260620131539_0007,11,2,1,8464,0.2507173418998718,0.16951978206634521,0.206267848610878,0.053216183558106485,0.5599564790725707,8464,-0.09366794675588608,-0.14979644119739532,0.2052052915096283,-0.33627018332481384,0.22655841261148446,8464,0.1097743883728981,-0.13450616598129272,0.41175180673599243,-0.3855523467063904,0.6887987136840821
2,Day 2,7,Tray 7,DJI_20260620131539_0007,12,2,2,8464,0.2723222076892853,0.18348367512226105,0.2073909491300583,0.0997941479086876,0.5476077675819396,8464,-0.05650566145777702,-0.11709746718406677,0.2150445580482483,-0.2739266782999038,0.22572912275791165,8464,0.16818341612815857,0.1575201004743576,0.354487806558609,-0.23436322808265686,0.6484533309936523
2,Day 2,7,Tray 7,DJI_20260620131539_0007,13,2,3,8464,0.3370819687843323,0.32123953104019165,0.18067768216133118,0.13972771167755127,0.5657674431800841,8464,-0.013702824711799622,-0.07502508163452148,0.15697064995765686,-0.15136434733867643,0.19813522845506668,8464,0.31009888648986816,0.42665642499923706,0.31799766421318054,-0.11885245889425278,0.6627240121364594
2,Day 2,7,Tray 7,DJI_20260620131539_0007,14,2,4,8464,0.2736735939979553,0.19414761662483215,0.18809501826763153,0.07673402652144434,0.5393627226352691,8464,-0.08292148262262344,-0.09045767039060593,0.16847975552082062,-0.3010605156421661,0.1215060360729694,8464,0.10892241448163986,-0.06704674661159515,0.341081827878952,-0.29547610878944397,0.5933868169784545
2,Day 2,7,Tray 7,DJI_20260620131539_0007,15,2,5,8464,0.25577491521835327,0.21436510980129242,0.21535740792751312,-0.016386868245899595,0.5405136585235596,8464,-0.10307977348566055,-0.09287429600954056,0.20498023927211761,-0.37991992831230165,0.17344552576541894,8464,0.109260693192482,-0.02214808389544487,0.35250890254974365,-0.3386727571487427,0.5818930268287659
2,Day 2,7,Tray 7,DJI_20260620131539_0007,16,2,6,8464,0.28740379214286804,0.2981228828430176,0.2309224009513855,-0.01967720501124859,0.5608140230178833,8464,-0.08565626293420792,-0.08448093384504318,0.22584454715251923,-0.4205145210027694,0.2066840901970863,8464,0.04137813672423363,-0.08311022818088531,0.3704487383365631,-0.44128674566745757,0.5249193251132965
2,Day 2,7,Tray 7,DJI_20260620131539_0007,17,2,7,8464,0.248277485370636,0.1788039356470108,0.2323341816663742,-0.04881610199809073,0.5335977375507355,8464,-0.10911945253610611,-0.0941883772611618,0.21525788307189941,-0.4170173704624176,0.16963014304637905,8464,-0.007872889749705791,-0.0855325385928154,0.31818288564682007,-0.432494369149208,0.4446087181568145
2,Day 2,7,Tray 7,DJI_20260620131539_0007,18,2,8,8464,0.2153826653957367,0.1694870889186859,0.17601442337036133,0.00731034907512367,0.48289750814437865,8464,-0.14395712316036224,-0.1150442510843277,0.15293940901756287,-0.35461461544036865,0.03563445731997489,8464,-0.07853039354085922,-0.11065907031297684,0.2488655000925064,-0.3753847509622574,0.3532195806503296
2,Day 2,7,Tray 7,DJI_20260620131539_0007,19,2,9,8464,0.1948593407869339,0.16364288330078125,0.149595245718956,0.056406911462545395,0.4351145029067993,8464,-0.1504410058259964,-0.12022978812456131,0.15411600470542908,-0.37322414815425875,0.0005772170319687329,8464,-0.08666528016328812,-0.1164122149348259,0.27653810381889343,-0.4180437177419662,0.4001915216445922
2,Day 2,7,Tray 7,DJI_20260620131539_0007,20,2,10,8464,0.20389324426651,0.16473403573036194,0.14212605357170105,0.09498739391565324,0.45680142641067506,8464,-0.12521380186080933,-0.12841002643108368,0.17176184058189392,-0.33535523712635035,0.10230507925152775,8464,-0.000637498393189162,-0.12268677353858948,0.35219863057136536,-0.4129703432321548,0.5822591304779051
2,Day 2,7,Tray 7,DJI_20260620131539_0007,21,3,1,8464,0.23888452351093292,0.16401124000549316,0.21365292370319366,0.007558893598616146,0.5527923464775085,8464,-0.10585892200469971,-0.14577503502368927,0.210928276181221,-0.36607010662555695,0.1877646043896675,8464,0.14368246495723724,0.18251442909240723,0.40637436509132385,-0.3745531439781189,0.6572367250919342
2,Day 2,7,Tray 7,DJI_20260620131539_0007,22,3,2,8464,0.272359162569046,0.18786166608333588,0.20188240706920624,0.06616959720849991,0.560985255241394,8464,-0.06632544100284576,-0.12038303911685944,0.19359150528907776,-0.2724030315876007,0.21574501544237135,8464,0.19645196199417114,0.21237793564796448,0.37075915932655334,-0.24557054638862608,0.6913925170898437
2,Day 2,7,Tray 7,DJI_20260620131539_0007,23,3,3,8464,0.34229955077171326,0.40594059228897095,0.22841045260429382,0.0970245823264122,0.5884636640548706,8464,-0.00031715890509076416,-0.016532428562641144,0.23722586035728455,-0.2730042606592178,0.28285208642482756,8464,0.33292344212532043,0.4564831256866455,0.36294591426849365,-0.1914763644337654,0.7378304839134217
2,Day 2,7,Tray 7,DJI_20260620131539_0007,24,3,4,8464,0.36643439531326294,0.4340255856513977,0.1989816427230835,0.13223734945058824,0.5529191493988037,8464,-0.008996104821562767,0.00040625594556331635,0.1949591338634491,-0.19615849107503888,0.1950775936245917,8464,0.39361757040023804,0.42635154724121094,0.26254239678382874,-0.056924241781234716,0.6756622791290283
2,Day 2,7,Tray 7,DJI_20260620131539_0007,25,3,5,8464,0.3524612486362457,0.4438314437866211,0.23376573622226715,0.0015471494407393053,0.5719030559062958,8464,-0.051216475665569305,-0.027888260781764984,0.2254786491394043,-0.4156726688146591,0.22553085982799526,8464,0.2414899319410324,0.406822144985199,0.4073321223258972,-0.44114023447036743,0.6623782932758331
2,Day 2,7,Tray 7,DJI_20260620131539_0007,26,3,6,8464,0.34075143933296204,0.43944117426872253,0.2486579865217209,-0.038077969104051576,0.5903484702110291,8464,-0.07251819968223572,-0.057851001620292664,0.24087461829185486,-0.4179362952709198,0.223224164545536,8464,0.149497389793396,0.33352380990982056,0.414426326751709,-0.44436803162097926,0.601565146446228
2,Day 2,7,Tray 7,DJI_20260620131539_0007,27,3,7,8464,0.24314969778060913,0.20252105593681335,0.2202494889497757,-0.051643192768096924,0.5159946560859681,8464,-0.13843616843223572,-0.11869963258504868,0.1997586339712143,-0.4248713582754135,0.13268138617277145,8464,-0.03337487578392029,-0.11095622181892395,0.34816205501556396,-0.46984925866127014,0.459379580616951
2,Day 2,7,Tray 7,DJI_20260620131539_0007,28,3,8,8464,0.2494511753320694,0.18834438920021057,0.2132517248392105,-0.028641296736896013,0.5141051769256592,8464,-0.13202284276485443,-0.10303030163049698,0.19867590069770813,-0.4429175555706024,0.10900473594665527,8464,0.009305245243012905,-0.08678343892097473,0.36439308524131775,-0.49098852276802063,0.4558281511068344
2,Day 2,7,Tray 7,DJI_20260620131539_0007,29,3,9,8464,0.23831844329833984,0.1770240068435669,0.20331962406635284,-0.010010248795151703,0.5103832364082337,8464,-0.1261969953775406,-0.11595585197210312,0.21173463761806488,-0.42246202826499935,0.15199050307273865,8464,0.022221652790904045,-0.09873893111944199,0.39161446690559387,-0.4879760205745697,0.5799256563186646
2,Day 2,7,Tray 7,DJI_20260620131539_0007,30,3,10,8464,0.2096836417913437,0.17263726890087128,0.16078326106071472,0.07174440547823907,0.46170008778572075,8464,-0.14229469001293182,-0.12981100380420685,0.1876397281885147,-0.3903036117553711,0.08670234009623523,8464,-0.05950874835252762,-0.12176413834095001,0.34196650981903076,-0.5000772297382354,0.5318826496601105
2,Day 2,7,Tray 7,DJI_20260620131539_0007,31,4,1,8464,0.25728848576545715,0.18720808625221252,0.22644858062267303,-0.01117517575621602,0.5740932822227478,8464,-0.07805724442005157,-0.1318407952785492,0.21718746423721313,-0.32932963967323303,0.2246865779161453,8464,0.14211557805538177,0.1325690746307373,0.39269933104515076,-0.3364447474479675,0.6304348111152649
2,Day 2,7,Tray 7,DJI_20260620131539_0007,32,4,2,8464,0.3327091932296753,0.3869926929473877,0.2544637620449066,-0.017840893566608413,0.636521965265274,8464,0.01379052922129631,0.0252920463681221,0.2648955285549164,-0.4007183313369751,0.38598644137382504,8464,0.26080408692359924,0.43181312084198,0.4168224036693573,-0.4293444007635116,0.724892258644104
2,Day 2,7,Tray 7,DJI_20260620131539_0007,33,4,3,8464,0.38287806510925293,0.4327935576438904,0.193282350897789,0.1374697983264923,0.6157154619693755,8464,0.05585451424121857,0.02755163609981537,0.19043588638305664,-0.1281120240688324,0.32949441373348237,8464,0.36040085554122925,0.44029879570007324,0.29084187746047974,-0.10407117754220963,0.7011423110961914
2,Day 2,7,Tray 7,DJI_20260620131539_0007,34,4,4,8464,0.3593403100967407,0.41380929946899414,0.1953895092010498,0.13537442535161973,0.5806310653686523,8464,-0.012006827630102634,-0.018752701580524445,0.19743432104587555,-0.2723318338394165,0.24615679085254666,8464,0.29395031929016113,0.40224960446357727,0.3321841061115265,-0.11337683349847794,0.6354472637176514
2,Day 2,7,Tray 7,DJI_20260620131539_0007,35,4,5,8464,0.36559316515922546,0.45069706439971924,0.23871812224388123,0.014010908547788865,0.5807365417480469,8464,-0.045531950891017914,0.0034535322338342667,0.2515338659286499,-0.4267027050256729,0.23850584924221035,8464,0.21680627763271332,0.3892759680747986,0.42455682158470154,-0.4761278301477432,0.6664769649505615
2,Day 2,7,Tray 7,DJI_20260620131539_0007,36,4,6,8464,0.3865612745285034,0.4601588547229767,0.22346793115139008,0.05564140416681769,0.6047418892383575,8464,-0.018296413123607635,0.02343929000198841,0.2372070699930191,-0.41774349808692934,0.2726108819246291,8464,0.13884671032428741,0.3288845121860504,0.4127900302410126,-0.4871981143951416,0.5781000316143036
2,Day 2,7,Tray 7,DJI_20260620131539_0007,37,4,7,8464,0.3358820080757141,0.41425517201423645,0.1995537281036377,0.045960804075002686,0.5296934843063354,8464,-0.08508991450071335,-0.06432750821113586,0.18540845811367035,-0.37963417172431946,0.13380979150533676,8464,0.04137616232037544,0.13226622343063354,0.3682965636253357,-0.47233313322067255,0.459986874461174
2,Day 2,7,Tray 7,DJI_20260620131539_0007,38,4,8,8464,0.31177544593811035,0.3213619291782379,0.200862854719162,0.09675780758261682,0.5502944111824035,8464,-0.08028361201286316,-0.09462710469961166,0.1868346780538559,-0.34397053718566895,0.1517919912934303,8464,0.01272488571703434,-0.09594540297985077,0.3762449324131012,-0.4768451452255249,0.5061089992523193
2,Day 2,7,Tray 7,DJI_20260620131539_0007,39,4,9,8464,0.28340473771095276,0.2531614303588867,0.19591054320335388,0.10739733129739762,0.5335988223552703,8464,-0.09319663792848587,-0.09873893111944199,0.21162265539169312,-0.42243703603744504,0.1704782724380493,8464,0.005413066130131483,-0.07217942178249359,0.37952351570129395,-0.5438265800476074,0.4914282888174057
2,Day 2,7,Tray 7,DJI_20260620131539_0007,40,4,10,8464,0.27547645568847656,0.19508159160614014,0.1935938149690628,0.0761050209403038,0.5540474951267242,8464,-0.07420672476291656,-0.1153479516506195,0.23081016540527344,-0.38642479181289674,0.2663650780916214,8464,0.06591130793094635,-0.09422951936721802,0.41451045870780945,-0.4890721082687378,0.6300473511219025
2,Day 2,7,Tray 7,DJI_20260620131539_0007,41,5,1,8464,0.2854049801826477,0.19646981358528137,0.23179812729358673,0.005672275274991996,0.6075425326824189,8464,-0.05170220509171486,-0.1304347813129425,0.24411259591579437,-0.34062022566795347,0.2895211607217788,8464,0.14079400897026062,0.05549019202589989,0.414262592792511,-0.38244181871414185,0.666763424873352
2,Day 2,7,Tray 7,DJI_20260620131539_0007,42,5,2,8464,0.305627703666687,0.2789827883243561,0.24858799576759338,0.04612222239375118,0.6380107402801514,8464,-0.012663055211305618,-0.08276044577360153,0.2555992901325226,-0.3317079544067383,0.3602026671171188,8464,0.2116585224866867,0.31210365891456604,0.38253089785575867,-0.3237433433532715,0.670896941423416
2,Day 2,7,Tray 7,DJI_20260620131539_0007,43,5,3,8464,0.38957479596138,0.43381619453430176,0.18553204834461212,0.1441015347838402,0.6162854492664337,8464,0.06571346521377563,0.05225783959031105,0.16950422525405884,-0.11474070698022842,0.3040196716785431,8464,0.30024170875549316,0.38524186611175537,0.30461570620536804,-0.11682510077953337,0.6585687398910522
2,Day 2,7,Tray 7,DJI_20260620131539_0007,44,5,4,8464,0.43721362948417664,0.4740702211856842,0.16435566544532776,0.17122190147638322,0.6258841216564178,8464,0.087038055062294,0.07133615761995316,0.1797274649143219,-0.08981881812214851,0.3405091732740402,8464,0.27777162194252014,0.37007346749305725,0.32520124316215515,-0.169932472705841,0.6661475241184235
2,Day 2,7,Tray 7,DJI_20260620131539_0007,45,5,5,8464,0.43104609847068787,0.46711868047714233,0.17604297399520874,0.17158634066581727,0.6346440494060516,8464,0.06810358911752701,0.06634794920682907,0.22254782915115356,-0.23284811824560164,0.3869634598493576,8464,0.21468950808048248,0.3708280324935913,0.3960551619529724,-0.4323219686746597,0.6511613667011261
2,Day 2,7,Tray 7,DJI_20260620131539_0007,46,5,6,8464,0.4285341203212738,0.47217822074890137,0.1741337925195694,0.16619718074798584,0.5985707104206085,8464,0.02529340796172619,0.045779407024383545,0.21338771283626556,-0.300449138879776,0.2847510278224945,8464,0.12720094621181488,0.29700833559036255,0.3750217854976654,-0.4601533114910126,0.512508749961853
2,Day 2,7,Tray 7,DJI_20260620131539_0007,47,5,7,8464,0.34977424144744873,0.41342693567276,0.2031273990869522,0.09526436328887941,0.556130450963974,8464,-0.039539460092782974,-0.047277599573135376,0.20474587380886078,-0.3158463567495346,0.1876923561096191,8464,0.0045896368101239204,-0.0740983635187149,0.36527857184410095,-0.48796244263648986,0.4699999988079071
2,Day 2,7,Tray 7,DJI_20260620131539_0007,48,5,8,8464,0.32367366552352905,0.36355671286582947,0.20099039375782013,0.09323308616876602,0.5525055825710297,8464,-0.07059337198734283,-0.0740983635187149,0.18528829514980316,-0.3264654546976089,0.14117777198553083,8464,0.003024814184755087,-0.08118811994791031,0.34298640489578247,-0.4552238881587982,0.4492178052663803
2,Day 2,7,Tray 7,DJI_20260620131539_0007,49,5,9,8464,0.3084225058555603,0.26065492630004883,0.1861122101545334,0.13466764390468597,0.5469658017158509,8464,-0.037998881191015244,-0.07905138283967972,0.20024758577346802,-0.19151974618434903,0.22917160987854002,8464,0.037565842270851135,-0.08433734625577927,0.3641877770423889,-0.4895513355731964,0.5939827203750611
2,Day 2,7,Tray 7,DJI_20260620131539_0007,50,5,10,8464,0.30516886711120605,0.21575485169887543,0.16821254789829254,0.14581407606601715,0.5480281889438628,8464,-0.04012596234679222,-0.10258481651544571,0.19064639508724213,-0.22290994226932526,0.2496407002210617,8464,0.027633683755993843,-0.10780467838048935,0.3636358082294464,-0.4274021714925766,0.6084286987781524
2,Day 2,7,Tray 7,DJI_20260620131539_0007,51,6,1,8464,0.26635798811912537,0.1763671338558197,0.22176238894462585,0.02923809997737409,0.6213614284992217,8464,-0.05676272511482239,-0.13278008997440338,0.22839155793190002,-0.30568731427192686,0.3399608969688414,8464,0.08767455071210861,-0.12268677353858948,0.3801659047603607,-0.36545515060424805,0.6249301135540009
2,Day 2,7,Tray 7,DJI_20260620131539_0007,52,6,2,8464,0.2710703909397125,0.19377875328063965,0.22027283906936646,0.11139106750488281,0.6125346720218657,8464,-0.026942415162920952,-0.10065851360559464,0.23713494837284088,-0.20182136595249164,0.36105348765850065,8464,0.08259587734937668,-0.08938547223806381,0.34063881635665894,-0.19701841473579407,0.6550775170326233
2,Day 2,7,Tray 7,DJI_20260620131539_0007,53,6,3,8464,0.3397398591041565,0.34077733755111694,0.20637692511081696,0.12875733226537706,0.6226013362407684,8464,0.031182099133729935,-0.03344135731458664,0.20223112404346466,-0.14240752607584,0.34272527992725366,8464,0.1995026022195816,0.24288798868656158,0.3174777328968048,-0.1468500182032585,0.6121635258197784
2,Day 2,7,Tray 7,DJI_20260620131539_0007,54,6,4,8464,0.3734440505504608,0.40188172459602356,0.21644893288612366,0.14307861030101776,0.6688523471355438,8464,0.060623154044151306,0.01678231917321682,0.21747983992099762,-0.13568675071001052,0.40589971542358394,8464,0.20154595375061035,0.2570883631706238,0.3300182819366455,-0.1906641811132431,0.6842913150787353
2,Day 2,7,Tray 7,DJI_20260620131539_0007,55,6,5,8464,0.3799559772014618,0.4247320890426636,0.21074046194553375,0.12469322010874748,0.6303871273994446,8464,0.05109985172748566,0.0431416779756546,0.20961087942123413,-0.17047257125377654,0.34518622159957885,8464,0.17158472537994385,0.28499796986579895,0.3715136647224426,-0.42498541474342344,0.6281323492527008
2,Day 2,7,Tray 7,DJI_20260620131539_0007,56,6,6,8464,0.38724884390830994,0.4566858112812042,0.22924146056175232,0.12279110327363014,0.621857899427414,8464,0.0338226854801178,0.026006482541561127,0.2267487645149231,-0.2158450111746788,0.3427422136068343,8464,0.10834114253520966,0.036209672689437866,0.3865393102169037,-0.4520219802856445,0.5835511326789855
2,Day 2,7,Tray 7,DJI_20260620131539_0007,57,6,7,8464,0.3464110791683197,0.4141947627067566,0.22030900418758392,0.07858137413859367,0.595545071363449,8464,-0.02824067324399948,-0.045042745769023895,0.21097858250141144,-0.31763443946838377,0.23876342177391052,8464,0.026013055816292763,-0.07241063565015793,0.37048104405403137,-0.46984925866127014,0.5005366742610932
2,Day 2,7,Tray 7,DJI_20260620131539_0007,58,6,8,8464,0.31945592164993286,0.3671741783618927,0.2160910665988922,0.09952801465988159,0.562751704454422,8464,-0.0588836744427681,-0.07621550559997559,0.18684230744838715,-0.3028331637382507,0.16806365996599196,8464,-0.013294863514602184,-0.09445403516292572,0.32872599363327026,-0.46119534969329834,0.46206992268562314
2,Day 2,7,Tray 7,DJI_20260620131539_0007,59,6,9,8464,0.2755053639411926,0.20146888494491577,0.2021062672138214,0.10806863754987717,0.5326061129570007,8464,-0.08325541764497757,-0.09389608353376389,0.1875426322221756,-0.31653091013431545,0.14339559078216552,8464,-0.03783044591546059,-0.10117647796869278,0.3347236216068268,-0.48342692852020264,0.46053775846958156
2,Day 2,7,Tray 7,DJI_20260620131539_0007,60,6,10,8464,0.2543981373310089,0.18639691174030304,0.18588845431804657,0.13549365103244781,0.50645432472229,8464,-0.10583315044641495,-0.13809210062026978,0.162205770611763,-0.21112639605998992,0.11114561110734936,8464,-0.0730649009346962,-0.15939977765083313,0.3211801052093506,-0.47924723923206325,0.47201124131679517
2,Day 2,7,Tray 7,DJI_20260620131539_0007,61,7,1,8464,0.23678822815418243,0.16621054708957672,0.2115095555782318,0.06341082751750948,0.5983835160732269,8464,-0.07705122977495193,-0.13844870030879974,0.21566914021968842,-0.2732615083456039,0.28961747884750366,8464,0.011883184313774109,-0.1329367756843567,0.32451391220092773,-0.2790280103683472,0.5653422474861145
2,Day 2,7,Tray 7,DJI_20260620131539_0007,62,7,2,8464,0.2775161862373352,0.18433569371700287,0.22521460056304932,0.10531388148665428,0.600737601518631,8464,-0.030555598437786102,-0.1028817668557167,0.23054072260856628,-0.20808933079242706,0.33035095930099484,8464,0.12828125059604645,-0.044821783900260925,0.3405021131038666,-0.1896634429693222,0.6247359454631806
2,Day 2,7,Tray 7,DJI_20260620131539_0007,63,7,3,8464,0.3071407377719879,0.20154660940170288,0.22539283335208893,0.10744937583804132,0.6624669790267944,8464,0.006912657991051674,-0.08519941568374634,0.2213120013475418,-0.1927544444799423,0.37621943950653064,8464,0.1468261331319809,0.036535922437906265,0.3243870735168457,-0.17650439888238906,0.6214697182178497
2,Day 2,7,Tray 7,DJI_20260620131539_0007,64,7,4,8464,0.32681941986083984,0.299651563167572,0.24268050491809845,0.08321774527430537,0.6784141063690186,8464,0.021206554025411606,-0.06267029792070389,0.24041101336479187,-0.25179593563079833,0.4034556716680527,8464,0.13927854597568512,0.07651522755622864,0.3533472716808319,-0.3132378965616226,0.629527235031128
2,Day 2,7,Tray 7,DJI_20260620131539_0007,65,7,5,8464,0.3198539614677429,0.33136290311813354,0.2575976550579071,-0.0029408091213554122,0.6769011497497558,8464,0.0007780400337651372,-0.05107802897691727,0.25898465514183044,-0.34143319725990295,0.4185997426509857,8464,0.07216067612171173,-0.06129324808716774,0.4016173183917999,-0.46796312630176545,0.666806423664093
2,Day 2,7,Tray 7,DJI_20260620131539_0007,66,7,6,8464,0.3132151961326599,0.34484660625457764,0.26039552688598633,-0.04689340963959693,0.6443455874919891,8464,-0.03195586055517197,-0.05582055076956749,0.24737076461315155,-0.38452214002609253,0.32453850507736204,8464,0.018933366984128952,-0.07107827067375183,0.36803483963012695,-0.4548223435878754,0.5427491664886475
2,Day 2,7,Tray 7,DJI_20260620131539_0007,67,7,7,8464,0.28364288806915283,0.31099045276641846,0.27286896109580994,-0.11275337710976589,0.5869682967662812,8464,-0.07273397594690323,-0.08440914005041122,0.2477870136499405,-0.44264800250530245,0.2324643552303314,8464,-0.015306416898965836,-0.08678343892097473,0.3460499048233032,-0.48235294222831726,0.4636905074119567
2,Day 2,7,Tray 7,DJI_20260620131539_0007,68,7,8,8464,0.26810839772224426,0.2095365971326828,0.23480269312858582,-0.01149046272039413,0.572329044342041,8464,-0.08033165335655212,-0.08924058824777603,0.20987311005592346,-0.3898480623960495,0.20423861891031259,8464,-0.04745825007557869,-0.10080645233392715,0.3103172779083252,-0.4702978491783142,0.42467807829380033
2,Day 2,7,Tray 7,DJI_20260620131539_0007,69,7,9,8464,0.2346813827753067,0.18183352053165436,0.2469865381717682,0.014502935577183986,0.5837167918682098,8464,-0.0889216735959053,-0.1021396815776825,0.22867093980312347,-0.4477895081043243,0.2267913267016411,8464,-0.07462715357542038,-0.11065907031297684,0.2929285764694214,-0.48819806873798366,0.39798879325389863
2,Day 2,7,Tray 7,DJI_20260620131539_0007,70,7,10,8464,0.22073276340961456,0.19195614755153656,0.23525111377239227,-0.02722323127090931,0.5177825629711151,8464,-0.1684914082288742,-0.18262939155101776,0.20483841001987457,-0.41545754969120025,0.0955414660274982,8464,-0.14794673025608063,-0.1919662356376648,0.2857789993286133,-0.4895513355731964,0.276426151394844
2,Day 2,8,Tray 8,DJI_20260620131623_0008,1,1,1,8464,0.2753131091594696,0.18452218174934387,0.18441076576709747,0.12529049217700958,0.5573875844478607,8464,-0.06636092066764832,-0.13262343406677246,0.18467697501182556,-0.22987165898084638,0.20632670670747758,8464,0.13570289313793182,-0.09815365076065063,0.3683130145072937,-0.21652333736419677,0.7201127588748931
2,Day 2,8,Tray 8,DJI_20260620131623_0008,2,1,2,8464,0.2854480445384979,0.19592329859733582,0.18756060302257538,0.12999626845121384,0.5386263310909271,8464,-0.050456851720809937,-0.10870447754859924,0.19866380095481873,-0.19365135580301285,0.2015387445688247,8464,0.15213973820209503,-0.07546917349100113,0.3750414550304413,-0.1896116182208061,0.7341329216957092
2,Day 2,8,Tray 8,DJI_20260620131623_0008,3,1,3,8464,0.3251771926879883,0.26826632022857666,0.2257058471441269,0.11607823595404625,0.6108197450637818,8464,-0.02102353237569332,-0.08678343892097473,0.2395533323287964,-0.3125596225261688,0.3109034419059752,8464,0.1734440177679062,0.1989516317844391,0.40289759635925293,-0.38595619201660153,0.7193112134933471
2,Day 2,8,Tray 8,DJI_20260620131623_0008,4,1,4,8464,0.3327064514160156,0.34834444522857666,0.20313173532485962,0.13130064755678178,0.579871416091919,8464,-0.030748728662729263,-0.06573721766471863,0.2024541050195694,-0.28777697682380676,0.21722014546394328,8464,0.1926632970571518,0.30967849493026733,0.38138553500175476,-0.32310178875923157,0.6523646712303162
2,Day 2,8,Tray 8,DJI_20260620131623_0008,5,1,5,8464,0.26948168873786926,0.210048109292984,0.22000809013843536,0.02603440172970295,0.5616360664367676,8464,-0.08570392429828644,-0.09506618231534958,0.2285662442445755,-0.37878231108188626,0.23895784467458725,8464,0.04077589884400368,-0.087649405002594,0.37227556109428406,-0.39220124483108515,0.6064485311508179
2,Day 2,8,Tray 8,DJI_20260620131623_0008,6,1,6,8464,0.2848261892795563,0.25347214937210083,0.23024670779705048,0.027522936463356018,0.5676570057868957,8464,-0.07878115773200989,-0.08175934851169586,0.235871821641922,-0.4413938820362091,0.22974716722965238,8464,0.0534621924161911,-0.07494422048330307,0.3707687258720398,-0.4695064097642898,0.557676637172699
2,Day 2,8,Tray 8,DJI_20260620131623_0008,7,1,7,8464,0.21788091957569122,0.16985207796096802,0.19910259544849396,0.022928964160382752,0.5021024823188781,8464,-0.1208023726940155,-0.08649509400129318,0.18577665090560913,-0.3914373219013214,0.09881124719977377,8464,-0.03581448644399643,-0.07876712083816528,0.2949572205543518,-0.41277995705604553,0.4462171584367752
2,Day 2,8,Tray 8,DJI_20260620131623_0008,8,1,8,8464,0.22256067395210266,0.1744828224182129,0.18234331905841827,0.04659196026623249,0.5033063888549805,8464,-0.12155364453792572,-0.09785522520542145,0.1861463338136673,-0.3987390249967575,0.07977467998862262,8464,-0.07000070065259933,-0.09105442464351654,0.2627165913581848,-0.3966575860977173,0.41337211728096007
2,Day 2,8,Tray 8,DJI_20260620131623_0008,9,1,9,8464,0.23025469481945038,0.17693492770195007,0.15486794710159302,0.10932113751769065,0.469857856631279,8464,-0.12129061669111252,-0.10780467838048935,0.16660331189632416,-0.3546686083078384,0.06391019746661183,8464,-0.028746290132403374,-0.1005106121301651,0.2977340519428253,-0.3519313335418701,0.4845115303993225
2,Day 2,8,Tray 8,DJI_20260620131623_0008,10,1,10,8464,0.21005046367645264,0.17736844718456268,0.1247449517250061,0.11999999731779099,0.4126534640789032,8464,-0.13434667885303497,-0.11946418881416321,0.13369011878967285,-0.32738407850265494,-0.007177027547732058,8464,-0.01693347841501236,-0.10885459184646606,0.2916877567768097,-0.29494411647319785,0.5183410108089447
2,Day 2,8,Tray 8,DJI_20260620131623_0008,11,2,1,8464,0.2836928367614746,0.20736148953437805,0.21661433577537537,0.04973037913441658,0.5727952420711516,8464,-0.07429781556129456,-0.13406014442443848,0.2336089164018631,-0.379439640045166,0.2650732815265655,8464,0.19623543322086334,0.3653663992881775,0.42327645421028137,-0.4352810680866241,0.7028175354003906
2,Day 2,8,Tray 8,DJI_20260620131623_0008,12,2,2,8464,0.2812630534172058,0.20295162498950958,0.17020247876644135,0.12389900535345078,0.5292587876319885,8464,-0.053654950112104416,-0.10630825161933899,0.16099172830581665,-0.21423275768756866,0.1808025628328323,8464,0.23216170072555542,0.2950170636177063,0.3259808123111725,-0.13702623546123505,0.6381613671779632
2,Day 2,8,Tray 8,DJI_20260620131623_0008,13,2,3,8464,0.33235493302345276,0.32312139868736267,0.19294673204421997,0.1269300177693367,0.5712579548358917,8464,-0.03252878040075302,-0.07734806835651398,0.1853019744157791,-0.2604037821292877,0.20932804346084594,8464,0.23984204232692719,0.3501620888710022,0.37517502903938293,-0.23343373835086823,0.7027206420898438
2,Day 2,8,Tray 8,DJI_20260620131623_0008,14,2,4,8464,0.36339113116264343,0.4238682985305786,0.19748853147029877,0.11677443161606789,0.5761125564575196,8464,-0.03240867331624031,-0.03917226195335388,0.21629862487316132,-0.33465945124626156,0.23265314400196066,8464,0.2322026491165161,0.4130905866622925,0.3956219255924225,-0.3822792857885361,0.6930900037288665
2,Day 2,8,Tray 8,DJI_20260620131623_0008,15,2,5,8464,0.2665949761867523,0.2269338220357895,0.21342973411083221,-0.003213624609634273,0.550763738155365,8464,-0.11006966978311539,-0.0936039537191391,0.20328368246555328,-0.38617405891418455,0.16532668173313136,8464,0.07070602476596832,-0.06338518112897873,0.3718039393424988,-0.4098944514989853,0.6123613476753235
2,Day 2,8,Tray 8,DJI_20260620131623_0008,16,2,6,8464,0.24746735394001007,0.19134852290153503,0.21363696455955505,-0.03648176044225693,0.5282233953475952,8464,-0.11953013390302658,-0.09623879194259644,0.19196458160877228,-0.3814165979623794,0.12873830348253246,8464,0.013877364806830883,-0.0784120112657547,0.35376080870628357,-0.44489863216876985,0.5126427054405213
2,Day 2,8,Tray 8,DJI_20260620131623_0008,17,2,7,8464,0.23390880227088928,0.17659717798233032,0.2088286429643631,-0.007114248163998114,0.5180687308311462,8464,-0.12464359402656555,-0.09083644300699234,0.19685892760753632,-0.4228613078594208,0.10571487545967102,8464,-0.03368557617068291,-0.08319005370140076,0.3068857491016388,-0.42452200353145597,0.46532759070396423
2,Day 2,8,Tray 8,DJI_20260620131623_0008,18,2,8,8464,0.25394976139068604,0.1860484778881073,0.21484950184822083,0.04480734132230284,0.5420723855495453,8464,-0.11493425071239471,-0.09741390496492386,0.20656390488147736,-0.42958366870880127,0.15249886363744733,8464,-0.04403180629014969,-0.09609207510948181,0.31325286626815796,-0.4659072607755661,0.4484073609113693
2,Day 2,8,Tray 8,DJI_20260620131623_0008,19,2,9,8464,0.24979053437709808,0.20172055065631866,0.18183095753192902,0.0728174939751625,0.49728311300277706,8464,-0.11919126659631729,-0.1080273985862732,0.19956350326538086,-0.4265807271003723,0.11466464698314664,8464,0.01940022222697735,-0.09682603180408478,0.38211309909820557,-0.5073712348937988,0.5675543546676636
2,Day 2,8,Tray 8,DJI_20260620131623_0008,20,2,10,8464,0.22766615450382233,0.17445345222949982,0.15970368683338165,0.11350059509277344,0.49233311116695405,8464,-0.1183895394206047,-0.11580381542444229,0.17026327550411224,-0.3419629633426666,0.12199254333972931,8464,0.021229451522231102,-0.10571081191301346,0.36515799164772034,-0.44436803162097926,0.6196467638015746
2,Day 2,8,Tray 8,DJI_20260620131623_0008,21,3,1,8464,0.2847175598144531,0.21812115609645844,0.22792337834835052,0.03190160021185876,0.5849991559982299,8464,-0.05585961788892746,-0.11929155141115189,0.2356051206588745,-0.3519244253635406,0.2910383403301238,8464,0.22099822759628296,0.3169530928134918,0.39832940697669983,-0.32075919210910797,0.711651474237442
2,Day 2,8,Tray 8,DJI_20260620131623_0008,22,3,2,8464,0.34894949197769165,0.3703764081001282,0.18379667401313782,0.13827532678842544,0.5768403112888336,8464,-0.010407096706330776,-0.03812219202518463,0.1669430285692215,-0.1565655082464218,0.21655929535627363,8464,0.34843629598617554,0.44546496868133545,0.28792819380760193,-0.11383108794689178,0.6646142601966858
2,Day 2,8,Tray 8,DJI_20260620131623_0008,23,3,3,8464,0.33607009053230286,0.37003400921821594,0.20837822556495667,0.10893602520227434,0.5710106432437896,8464,-0.020791081711649895,-0.052797477692365646,0.2263684719800949,-0.3043764531612396,0.269173514842987,8464,0.2531256675720215,0.4140918552875519,0.40815359354019165,-0.43429556488990784,0.6891724765300751
2,Day 2,8,Tray 8,DJI_20260620131623_0008,24,3,4,8464,0.3197064995765686,0.3847222924232483,0.23585499823093414,0.0031225604470819235,0.5708220422267913,8464,-0.04721556976437569,-0.031680505722761154,0.2557559907436371,-0.44217728674411766,0.2536555826663971,8464,0.2193671315908432,0.36617112159729004,0.41162192821502686,-0.44056909680366513,0.6839959025382996
2,Day 2,8,Tray 8,DJI_20260620131623_0008,25,3,5,8464,0.3140528202056885,0.39880579710006714,0.2534642815589905,-0.06417553946375845,0.5781179368495941,8464,-0.07978067547082901,-0.06516853719949722,0.25943803787231445,-0.4430602878332138,0.24089952111244198,8464,0.09871424734592438,0.21046951413154602,0.4166288673877716,-0.48568736910820004,0.5836638808250427
2,Day 2,8,Tray 8,DJI_20260620131623_0008,26,3,6,8464,0.3126593232154846,0.4042271077632904,0.25032687187194824,-0.035770587623119354,0.5679982304573059,8464,-0.09614241868257523,-0.08663924783468246,0.2361886352300644,-0.42190971076488487,0.18498148173093792,8464,0.06858126819133759,-0.007660167291760445,0.4069001376628876,-0.49172178506851194,0.5722918152809142
2,Day 2,8,Tray 8,DJI_20260620131623_0008,27,3,7,8464,0.279296875,0.3269597589969635,0.22322170436382294,-0.03858617916703224,0.5434899747371673,8464,-0.11568151414394379,-0.09770649671554565,0.1974102258682251,-0.39049234986305237,0.1354600042104721,8464,0.026678428053855896,-0.06116441637277603,0.3435504138469696,-0.42106086313724517,0.49361484348773954
2,Day 2,8,Tray 8,DJI_20260620131623_0008,28,3,8,8464,0.27844440937042236,0.2362884134054184,0.22059521079063416,-0.010248584393411841,0.5384357094764709,8464,-0.10264275968074799,-0.09011047333478928,0.21990865468978882,-0.4719626307487488,0.16088149398565288,8464,0.06678120791912079,-0.047848157584667206,0.40876105427742004,-0.5184352695941925,0.5429910480976105
2,Day 2,8,Tray 8,DJI_20260620131623_0008,29,3,9,8464,0.2513916790485382,0.18573570251464844,0.19555459916591644,0.045590702816844,0.5460805594921112,8464,-0.10951347649097443,-0.11367963254451752,0.2066223919391632,-0.3783237934112549,0.17644037306308744,8464,0.052908867597579956,-0.09440770000219345,0.3919858932495117,-0.3937738537788391,0.6721454679965972
2,Day 2,8,Tray 8,DJI_20260620131623_0008,30,3,10,8464,0.2729376554489136,0.1996820867061615,0.20726190507411957,0.08187679946422578,0.5343410670757294,8464,-0.07905331254005432,-0.10711114853620529,0.23889251053333282,-0.46642792224884033,0.21572420448064802,8464,0.10503972321748734,-0.0011325847590342164,0.4398804008960724,-0.5348575711250305,0.6958432793617249
2,Day 2,8,Tray 8,DJI_20260620131623_0008,31,4,1,8464,0.31174877285957336,0.2918020486831665,0.24218402802944183,-0.014521842822432515,0.6400067567825317,8464,-0.0067022438161075115,-0.08164463937282562,0.2522224187850952,-0.3505000025033951,0.3649180591106414,8464,0.22863298654556274,0.3368421196937561,0.4081193804740906,-0.36796391010284424,0.721323549747467
2,Day 2,8,Tray 8,DJI_20260620131623_0008,32,4,2,8464,0.3929860591888428,0.4414442777633667,0.1998881846666336,0.1418742150068283,0.641285753250122,8464,0.07230385392904282,0.0644427239894867,0.20488141477108002,-0.13059084117412567,0.356026417016983,8464,0.3463286757469177,0.4463568925857544,0.31457871198654175,-0.11454350650310516,0.7120320558547973
2,Day 2,8,Tray 8,DJI_20260620131623_0008,33,4,3,8464,0.37567147612571716,0.39123040437698364,0.21141159534454346,0.1435209095478058,0.639689564704895,8464,0.03934677317738533,0.010391484014689922,0.2489704042673111,-0.23057565093040466,0.3803350061178207,8464,0.2284153550863266,0.37551504373550415,0.4168674945831299,-0.41858254969120023,0.7090899348258972
2,Day 2,8,Tray 8,DJI_20260620131623_0008,34,4,4,8464,0.44858989119529724,0.483689546585083,0.18939241766929626,0.189994677901268,0.6676091551780701,8464,0.07002462446689606,0.08247509598731995,0.26796549558639526,-0.3078994154930115,0.4572472691535949,8464,0.24544782936573029,0.3996983468532562,0.4310874938964844,-0.476482629776001,0.7453109622001648
2,Day 2,8,Tray 8,DJI_20260620131623_0008,35,4,5,8464,0.3605053722858429,0.43102139234542847,0.24516728520393372,0.008348802756518165,0.6151728928089142,8464,-0.026711631566286087,0.009304206818342209,0.28974059224128723,-0.43485215604305266,0.34189004898071285,8464,0.12724825739860535,0.3159775733947754,0.4632306694984436,-0.5335465788841247,0.6615223050117492
2,Day 2,8,Tray 8,DJI_20260620131623_0008,36,4,6,8464,0.35517534613609314,0.4382098317146301,0.2198186069726944,0.002815278409980247,0.5755055546760559,8464,-0.05793783441185951,-0.034382011741399765,0.23468919098377228,-0.38573491871356963,0.23331329226493835,8464,0.07862768322229385,0.11436120420694351,0.4107176661491394,-0.47222721576690674,0.5402127802371979
2,Day 2,8,Tray 8,DJI_20260620131623_0008,37,4,7,8464,0.34925490617752075,0.4168914556503296,0.22843025624752045,0.06213362552225591,0.5903719663619995,8464,-0.05030139908194542,-0.05795392394065857,0.23406395316123962,-0.3902866870164871,0.23980992287397385,8464,0.0232329610735178,-0.06409458816051483,0.37077459692955017,-0.48425308167934417,0.5057180345058441
2,Day 2,8,Tray 8,DJI_20260620131623_0008,38,4,8,8464,0.29570886492729187,0.26192063093185425,0.2062709480524063,0.10932762920856476,0.5314505696296692,8464,-0.06256774812936783,-0.07395751029253006,0.21095041930675507,-0.39104925394058226,0.18229448497295378,8464,-0.012031388469040394,-0.0767814889550209,0.3809657692909241,-0.5578338921070098,0.49677824079990385
2,Day 2,8,Tray 8,DJI_20260620131623_0008,39,4,9,8464,0.23381729423999786,0.18733802437782288,0.18545271456241608,0.05199415236711502,0.49465720951557157,8464,-0.12335969507694244,-0.10003922879695892,0.19607719779014587,-0.41882445216178893,0.13177803754806516,8464,-0.05390690639615059,-0.10236221551895142,0.3720130920410156,-0.5458348631858826,0.523553192615509
2,Day 2,8,Tray 8,DJI_20260620131623_0008,40,4,10,8464,0.29220861196517944,0.23564058542251587,0.19753676652908325,0.09718259945511819,0.5576220870018005,8464,-0.0774105042219162,-0.1118653267621994,0.2251540869474411,-0.3318690240383148,0.24209140986204145,8464,0.06532169133424759,-0.08568314462900162,0.4237789213657379,-0.49529218077659604,0.659276282787323
2,Day 2,8,Tray 8,DJI_20260620131623_0008,41,5,1,8464,0.3268297016620636,0.22960495948791504,0.21412880718708038,0.12187885418534279,0.668539011478424,8464,0.03162476792931557,-0.08793836086988449,0.22677138447761536,-0.16716545820236206,0.4105672776699066,8464,0.16729919612407684,-0.056014351546764374,0.35499250888824463,-0.17481675148010253,0.6936460137367249
2,Day 2,8,Tray 8,DJI_20260620131623_0008,42,5,2,8464,0.3989112973213196,0.44102180004119873,0.20937834680080414,0.14469361305236816,0.6843890905380249,8464,0.1039556935429573,0.07820010930299759,0.22453738749027252,-0.12361092120409012,0.462716120481491,8464,0.2237580120563507,0.32483962178230286,0.37149176001548767,-0.2133333384990692,0.7414735019207
2,Day 2,8,Tray 8,DJI_20260620131623_0008,43,5,3,8464,0.44214391708374023,0.4692074656486511,0.1824413686990738,0.17755283862352372,0.6976567924022674,8464,0.12087779492139816,0.08882035315036774,0.22594934701919556,-0.1307727441191673,0.49236806631088254,8464,0.23000258207321167,0.3807642459869385,0.4216478168964386,-0.44164758920669556,0.7462193846702576
2,Day 2,8,Tray 8,DJI_20260620131623_0008,44,5,4,8464,0.46520423889160156,0.49285030364990234,0.1858437955379486,0.18417903035879138,0.6994403243064881,8464,0.10828696191310883,0.10833799093961716,0.2602320909500122,-0.2459852159023285,0.4762032866477966,8464,0.20082542300224304,0.36018043756484985,0.4465050995349884,-0.5024766325950623,0.7457069754600525
2,Day 2,8,Tray 8,DJI_20260620131623_0008,45,5,5,8464,0.37791767716407776,0.42461246252059937,0.24047158658504486,0.0804626762866974,0.6691290497779846,8464,0.049393631517887115,0.028003036975860596,0.27545905113220215,-0.3045310974121094,0.42936231195926666,8464,0.08164894580841064,-0.028700627386569977,0.4208543002605438,-0.5013749003410339,0.6723618209362029
2,Day 2,8,Tray 8,DJI_20260620131623_0008,46,5,6,8464,0.39651986956596375,0.4815031886100769,0.24060748517513275,0.08661087453365329,0.6452042698860169,8464,0.03496285527944565,0.0729188621044159,0.2532930374145508,-0.38994960486888885,0.3465717911720275,8464,0.0883692279458046,0.03223997727036476,0.38934585452079773,-0.4836956560611725,0.5440115332603455
2,Day 2,8,Tray 8,DJI_20260620131623_0008,47,5,7,8464,0.34509244561195374,0.37969154119491577,0.20750397443771362,0.11221260949969293,0.5882672667503357,8464,-0.031332675367593765,-0.04910576343536377,0.22629764676094055,-0.3199080675840377,0.2572955727577209,8464,-0.03165831044316292,-0.06668402999639511,0.32590314745903015,-0.46984925866127014,0.46314925253391265
2,Day 2,8,Tray 8,DJI_20260620131623_0008,48,5,8,8464,0.3227018713951111,0.28587397933006287,0.18946997821331024,0.12459299862384798,0.5721034586429595,8464,-0.04985492303967476,-0.06779661029577255,0.2108844369649887,-0.3296676129102707,0.2227347180247307,8464,0.02897549420595169,-0.061155740171670914,0.39096277952194214,-0.46828794181346894,0.6048197269439696
2,Day 2,8,Tray 8,DJI_20260620131623_0008,49,5,9,8464,0.2949800491333008,0.22187215089797974,0.21296490728855133,0.10233790278434754,0.5758354723453522,8464,-0.02622118592262268,-0.0667797178030014,0.25740113854408264,-0.2774520576000213,0.35074575245380396,8464,0.05589482933282852,-0.06779661029577255,0.43343546986579895,-0.5290984749794007,0.7197726428508758
2,Day 2,8,Tray 8,DJI_20260620131623_0008,50,5,10,8464,0.29900628328323364,0.21851176023483276,0.19599942862987518,0.12263069525361062,0.5716135859489441,8464,-0.020288601517677307,-0.0872649997472763,0.25253522396087646,-0.309497207403183,0.3757071465253828,8464,0.07463377714157104,-0.08276044577360153,0.4304392337799072,-0.5302875280380249,0.7079261541366577
2,Day 2,8,Tray 8,DJI_20260620131623_0008,51,6,1,8464,0.3221001923084259,0.22414237260818481,0.21400141716003418,0.12757274955511094,0.6518679261207581,8464,0.014865763485431671,-0.09345794469118118,0.22336573898792267,-0.1980164796113968,0.3707515090703964,8464,0.1789909154176712,0.09255271404981613,0.3428587317466736,-0.19942006319761274,0.6732620596885681
2,Day 2,8,Tray 8,DJI_20260620131623_0008,52,6,2,8464,0.3365384340286255,0.3037165403366089,0.22973406314849854,0.1296810194849968,0.6680896282196045,8464,0.03332015126943588,-0.06238442659378052,0.24549487233161926,-0.18396676629781722,0.4192204177379608,8464,0.1756564825773239,0.18401481211185455,0.3957626223564148,-0.3713998794555664,0.7105715572834015
2,Day 2,8,Tray 8,DJI_20260620131623_0008,53,6,3,8464,0.35616210103034973,0.35370534658432007,0.21512410044670105,0.11508489027619362,0.6449478685855865,8464,0.036411676555871964,-0.02571185678243637,0.22656387090682983,-0.2108215093612671,0.3572380065917969,8464,0.10400553792715073,0.011243741028010845,0.3868444263935089,-0.4079757153987884,0.6349834442138671
2,Day 2,8,Tray 8,DJI_20260620131623_0008,54,6,4,8464,0.3841727674007416,0.4535362124443054,0.23374131321907043,0.09097116887569431,0.6628793656826019,8464,0.07161588966846466,0.07765602320432663,0.2494076043367386,-0.22669299989938735,0.4214559495449066,8464,0.11808618158102036,0.03986254334449768,0.3987877666950226,-0.46876283288002013,0.6292287111282349
2,Day 2,8,Tray 8,DJI_20260620131623_0008,55,6,5,8464,0.3677331507205963,0.38813257217407227,0.2219860702753067,0.11607595011591912,0.6625842630863189,8464,0.06306862831115723,0.016834553331136703,0.2313992977142334,-0.17279796302318573,0.3995989471673965,8464,0.07512138783931732,-0.044509630650281906,0.3757575750350952,-0.46766304373741147,0.5980755090713501
2,Day 2,8,Tray 8,DJI_20260620131623_0008,56,6,6,8464,0.36249756813049316,0.4208497405052185,0.2246696501970291,0.10954074338078502,0.6286209285259247,8464,0.029341746121644974,0.00821355264633894,0.22616489231586456,-0.24175031185150145,0.3295668661594391,8464,0.03191417083144188,-0.04825291037559509,0.36747992038726807,-0.48181653022766113,0.5152238607406616
2,Day 2,8,Tray 8,DJI_20260620131623_0008,57,6,7,8464,0.3259660005569458,0.32723379135131836,0.23030368983745575,0.07135833054780963,0.6078530192375182,8464,-0.032122232019901276,-0.05121293663978577,0.24062684178352356,-0.3808639973402023,0.28714078068733206,8464,0.02312375046312809,-0.05000000074505806,0.3811279535293579,-0.49671053886413574,0.5333702325820923
2,Day 2,8,Tray 8,DJI_20260620131623_0008,58,6,8,8464,0.2729460895061493,0.21111498773097992,0.20061999559402466,0.09739226549863815,0.5628187954425812,8464,-0.049990732222795486,-0.058549825102090836,0.1986825168132782,-0.26460781693458557,0.22032451629638672,8464,-0.04428096488118172,-0.0668768361210823,0.309112548828125,-0.4510985016822815,0.43948409855365755
2,Day 2,8,Tray 8,DJI_20260620131623_0008,59,6,9,8464,0.29038238525390625,0.20278754830360413,0.18500711023807526,0.12612042576074603,0.5815973043441772,8464,-0.02772430330514908,-0.07890923321247101,0.2068256288766861,-0.23630108684301374,0.29881590306758876,8464,0.002933079842478037,-0.08254577219486237,0.367963045835495,-0.4226711064577102,0.6245796442031858
2,Day 2,8,Tray 8,DJI_20260620131623_0008,60,6,10,8464,0.297588586807251,0.21021738648414612,0.1875944435596466,0.13444476574659348,0.5665781676769256,8464,-0.05068792775273323,-0.12082669883966446,0.24041146039962769,-0.2753036320209503,0.3226027280092239,8464,-0.012366722337901592,-0.13662175834178925,0.3799133598804474,-0.4429175555706024,0.6768991708755493
2,Day 2,8,Tray 8,DJI_20260620131623_0008,61,7,1,8464,0.2587250769138336,0.17230914533138275,0.20728400349617004,0.10498485341668129,0.6198791265487671,8464,-0.031603045761585236,-0.1294993758201599,0.24732635915279388,-0.21023155748844147,0.43082696199417103,8464,0.04276132583618164,-0.11456659436225891,0.3167382478713989,-0.19719339907169342,0.5813953280448914
2,Day 2,8,Tray 8,DJI_20260620131623_0008,62,7,2,8464,0.30409809947013855,0.19485658407211304,0.22531482577323914,0.11019169986248017,0.6614953577518463,8464,-0.0031739079859107733,-0.09156337380409241,0.24787062406539917,-0.25939506888389585,0.41438356041908264,8464,0.09301607310771942,-0.07732255011796951,0.3288009762763977,-0.2143589913845062,0.6500187575817108
2,Day 2,8,Tray 8,DJI_20260620131623_0008,63,7,3,8464,0.3196263015270233,0.307106614112854,0.23960177600383759,0.04458224773406983,0.6521937727928161,8464,-0.0215460155159235,-0.06824208796024323,0.25113385915756226,-0.30490894615650177,0.3453371971845627,8464,0.10459812730550766,0.012684828601777554,0.3752586841583252,-0.345347648859024,0.6637525439262391
2,Day 2,8,Tray 8,DJI_20260620131623_0008,64,7,4,8464,0.3201763927936554,0.3508056402206421,0.2742989659309387,-0.019626131281256513,0.6439873099327087,8464,0.0006068820948712528,-0.03469419106841087,0.2820091247558594,-0.4314928501844406,0.39199647307395935,8464,0.08328895270824432,-0.04454098641872406,0.43992945551872253,-0.5362971425056458,0.6952242136001585
2,Day 2,8,Tray 8,DJI_20260620131623_0008,65,7,5,8464,0.2943839430809021,0.28644222021102905,0.24548675119876862,-0.02964154500514261,0.6374004244804382,8464,-0.04081670939922333,-0.06640625,0.25769755244255066,-0.3595317006111145,0.3623571157455444,8464,-0.012538553215563297,-0.08004747331142426,0.3247744143009186,-0.3504007160663605,0.548930901288986
2,Day 2,8,Tray 8,DJI_20260620131623_0008,66,7,6,8464,0.28758472204208374,0.22822342813014984,0.23520997166633606,-0.002073348429985343,0.5954914689064025,8464,-0.05438339710235596,-0.07565011829137802,0.24844831228256226,-0.36500000953674316,0.29585105776786796,8464,-0.03845284506678581,-0.08866143971681595,0.3512091338634491,-0.470760178565979,0.5151445269584656
2,Day 2,8,Tray 8,DJI_20260620131623_0008,67,7,7,8464,0.26287925243377686,0.18239611387252808,0.24131324887275696,-0.0010875449166633108,0.6068687856197357,8464,-0.06163901835680008,-0.056365277618169785,0.24497190117835999,-0.38438132405281067,0.2684835344552994,8464,-0.07230246812105179,-0.06460418552160263,0.296112984418869,-0.4668356150388717,0.42149688899517046
2,Day 2,8,Tray 8,DJI_20260620131623_0008,68,7,8,8464,0.27879878878593445,0.19942761957645416,0.21912626922130585,0.051245981082320244,0.6087537407875061,8464,-0.046081479638814926,-0.0714285746216774,0.21718735992908478,-0.32754711508750917,0.2775973975658417,8464,-0.036636676639318466,-0.07438016682863235,0.3127473294734955,-0.4700339466333389,0.4519664019346236
2,Day 2,8,Tray 8,DJI_20260620131623_0008,69,7,9,8464,0.26030877232551575,0.1941680908203125,0.22289036214351654,0.06989043951034546,0.5679723620414734,8464,-0.07921847701072693,-0.08635097742080688,0.21857023239135742,-0.3701706290245056,0.19160109162330619,8464,-0.03878498077392578,-0.0850556418299675,0.309964120388031,-0.42465202510356903,0.4495916724205016
2,Day 2,8,Tray 8,DJI_20260620131623_0008,70,7,10,8464,0.26039546728134155,0.20145666599273682,0.2135850042104721,0.027702354080975062,0.528858184814453,8464,-0.0888124480843544,-0.144450843334198,0.24455589056015015,-0.36525036394596094,0.2672458171844482,8464,-0.019065391272306442,-0.15378358960151672,0.3612680733203888,-0.40480273962020874,0.5780655145645142
3,Day 3,4,Tray 4,DJI_20260621125808_0004,1,1,1,8464,0.21666471660137177,0.16401612758636475,0.1483296900987625,0.11471149623394013,0.4714481651782989,8464,-0.10685910284519196,-0.1417013555765152,0.14311210811138153,-0.20264317095279694,0.06495391428470611,8464,0.026453426107764244,-0.13246680796146393,0.29419827461242676,-0.18681574016809463,0.5490976691246032
3,Day 3,4,Tray 4,DJI_20260621125808_0004,2,1,2,8464,0.24347065389156342,0.16944269835948944,0.15672436356544495,0.12378869876265526,0.5071753680706024,8464,-0.08793038874864578,-0.12161051481962204,0.12716935575008392,-0.1825007200241089,0.07769423723220825,8464,0.07083710283041,-0.11200220882892609,0.31161803007125854,-0.16335226595401764,0.6017626464366913
3,Day 3,4,Tray 4,DJI_20260621125808_0004,3,1,3,8464,0.2646796703338623,0.17414969205856323,0.18819238245487213,0.10959367156028749,0.555760383605957,8464,-0.07404199987649918,-0.10615883022546768,0.17727483808994293,-0.249068246781826,0.17757876366376876,8464,0.0741102322936058,-0.09623879194259644,0.34063392877578735,-0.2904681235551834,0.6196309566497803
3,Day 3,4,Tray 4,DJI_20260621125808_0004,4,1,4,8464,0.23798681795597076,0.1692492961883545,0.1829182654619217,0.06012555398046972,0.5347626805305481,8464,-0.09096138924360275,-0.10289089381694794,0.17167364060878754,-0.3066277623176575,0.1746764987707138,8464,0.006113382056355476,-0.10006716102361679,0.2995672821998596,-0.30657436847686764,0.5171375513076782
3,Day 3,4,Tray 4,DJI_20260621125808_0004,5,1,5,8464,0.27801865339279175,0.21680310368537903,0.22012211382389069,0.03439119160175323,0.5748211801052093,8464,-0.07150012999773026,-0.09377308189868927,0.20239689946174622,-0.3419191271066665,0.20730229467153546,8464,0.04853612929582596,-0.09763452410697937,0.3699284791946411,-0.3767078429460525,0.6158376514911652
3,Day 3,4,Tray 4,DJI_20260621125808_0004,6,1,6,8464,0.2624156177043915,0.18526220321655273,0.1979673206806183,0.03436284065246583,0.5446300506591797,8464,-0.09687276184558868,-0.10258481651544571,0.19129881262779236,-0.33275097906589507,0.16266748905181885,8464,-0.01398136280477047,-0.10036275535821915,0.3200893998146057,-0.37085477411746975,0.5
3,Day 3,4,Tray 4,DJI_20260621125808_0004,7,1,7,8464,0.21090011298656464,0.15575312077999115,0.1654050052165985,0.05884697549045086,0.4962962865829468,8464,-0.12078241258859634,-0.11050847172737122,0.1422603279352188,-0.30005608797073363,0.04035266116261482,8464,-0.0836809054017067,-0.11065907031297684,0.23258227109909058,-0.31559925377368925,0.3452504903078078
3,Day 3,4,Tray 4,DJI_20260621125808_0004,8,1,8,8464,0.19748671352863312,0.1552601456642151,0.1464778184890747,0.07163186818361283,0.46129975020885466,8464,-0.1306380033493042,-0.11292295157909393,0.13059191405773163,-0.2926136255264282,-0.028021446615457538,8464,-0.12787917256355286,-0.11610793322324753,0.19013525545597076,-0.33714285492897034,-0.03305784985423088
3,Day 3,4,Tray 4,DJI_20260621125808_0004,9,1,9,8464,0.18131764233112335,0.15466073155403137,0.10961056500673294,0.10399312525987627,0.32655915021896353,8464,-0.1448298841714859,-0.12716762721538544,0.10055890679359436,-0.2794276237487793,-0.08721625059843063,8464,-0.11091013997793198,-0.12438220530748367,0.1775902956724167,-0.28390029072761536,0.03346191123127926
3,Day 3,4,Tray 4,DJI_20260621125808_0004,10,1,10,8464,0.19020742177963257,0.15922190248966217,0.11146805435419083,0.1204719141125679,0.36299310624599446,8464,-0.12956902384757996,-0.13074693083763123,0.12541715800762177,-0.2586671143770218,-0.01336725866422063,8464,-0.055364858359098434,-0.12530915439128876,0.24945397675037384,-0.25108841359615325,0.4423076808452606
3,Day 3,4,Tray 4,DJI_20260621125808_0004,11,2,1,8464,0.26138177514076233,0.17091059684753418,0.22847585380077362,0.08947725519537927,0.571212112903595,8464,-0.07798773050308228,-0.12561847269535065,0.19716478884220123,-0.3022163510322571,0.18957896530628204,8464,0.18408885598182678,0.17825457453727722,0.4055686593055725,-0.27128510773181913,0.6871345043182373
3,Day 3,4,Tray 4,DJI_20260621125808_0004,12,2,2,8464,0.2543351352214813,0.17736728489398956,0.17001888155937195,0.11189004257321358,0.5280768871307373,8464,-0.0806991383433342,-0.11961722373962402,0.1559481918811798,-0.22087930887937546,0.13327206969261168,8464,0.16803960502147675,-0.015429592691361904,0.33173003792762756,-0.1538461595773697,0.6374959290027619
3,Day 3,4,Tray 4,DJI_20260621125808_0004,13,2,3,8464,0.29674091935157776,0.22672680020332336,0.1949944645166397,0.1175631619989872,0.5555555820465088,8464,-0.04503734037280083,-0.08589693903923035,0.16329659521579742,-0.17681160271167753,0.17374135851860045,8464,0.20862430334091187,0.27634483575820923,0.34327730536460876,-0.15222284197807312,0.6470272123813628
3,Day 3,4,Tray 4,DJI_20260621125808_0004,14,2,4,8464,0.26630890369415283,0.1879464089870453,0.2117188572883606,0.03696545213460922,0.5550958037376403,8464,-0.0861191600561142,-0.08779551088809967,0.1920686960220337,-0.34639254212379456,0.16180066019296643,8464,0.10906372219324112,-0.06779661029577255,0.3678310215473175,-0.35170820355415344,0.6135026752948761
3,Day 3,4,Tray 4,DJI_20260621125808_0004,15,2,5,8464,0.2654903531074524,0.19129641354084015,0.21328875422477722,0.010476689785718918,0.5615250945091248,8464,-0.08581463247537613,-0.09462710469961166,0.20455434918403625,-0.35481305718421935,0.20195156335830688,8464,0.0685177892446518,-0.07738520205020905,0.3622139096260071,-0.35933610796928406,0.6037130713462828
3,Day 3,4,Tray 4,DJI_20260621125808_0004,16,2,6,8464,0.26818475127220154,0.22479620575904846,0.1998031884431839,0.020135880820453245,0.5311950504779815,8464,-0.10544393956661224,-0.09348904341459274,0.15710285305976868,-0.3246854305267334,0.10206952616572379,8464,0.060550812631845474,-0.07652363926172256,0.33247289061546326,-0.3388259649276733,0.544474744796753
3,Day 3,4,Tray 4,DJI_20260621125808_0004,17,2,7,8464,0.24177579581737518,0.16162222623825073,0.20312641561031342,0.013114754110574722,0.5372839748859405,8464,-0.11976798623800278,-0.10080645233392715,0.17573873698711395,-0.3618224263191223,0.0998878702521324,8464,-0.04305184632539749,-0.10055787861347198,0.2925848066806793,-0.3760080635547638,0.46922093629837036
3,Day 3,4,Tray 4,DJI_20260621125808_0004,18,2,8,8464,0.2692248523235321,0.17974010109901428,0.20411255955696106,0.06380712538957596,0.5535627424716949,8464,-0.10050564259290695,-0.10169491171836853,0.19860026240348816,-0.37686399221420286,0.1735339194536209,8464,0.031027114018797874,-0.09200000017881393,0.34970200061798096,-0.3911300778388977,0.5511092782020569
3,Day 3,4,Tray 4,DJI_20260621125808_0004,19,2,9,8464,0.1970045417547226,0.158647358417511,0.13476672768592834,0.08255097642540933,0.430456280708313,8464,-0.1431868076324463,-0.11977030336856842,0.12944723665714264,-0.30919773578643794,-0.0393922857940197,8464,-0.06624991446733475,-0.11354935169219971,0.28770145773887634,-0.358749783039093,0.4347229212522504
3,Day 3,4,Tray 4,DJI_20260621125808_0004,20,2,10,8464,0.2083471268415451,0.15755432844161987,0.13780198991298676,0.11208517104387283,0.4594790190458297,8464,-0.1280900239944458,-0.1268574595451355,0.13708825409412384,-0.2948420256376266,0.04539293497800822,8464,0.02068542316555977,-0.1180887371301651,0.3373472988605499,-0.3305015981197357,0.579326331615448
3,Day 3,4,Tray 4,DJI_20260621125808_0004,21,3,1,8464,0.28459498286247253,0.2846987247467041,0.23499229550361633,-0.028067806176841258,0.5711501240730286,8464,-0.070506252348423,-0.1167166605591774,0.2174055427312851,-0.38884177803993225,0.2384428232908249,8464,0.24918067455291748,0.39258986711502075,0.3924417495727539,-0.40359896421432495,0.6703708648681641
3,Day 3,4,Tray 4,DJI_20260621125808_0004,22,3,2,8464,0.2798018455505371,0.2011587768793106,0.20420438051223755,0.08543031662702562,0.5636442065238952,8464,-0.056506942957639694,-0.10675675421953201,0.19071155786514282,-0.2605818212032318,0.21524067074060438,8464,0.22463493049144745,0.303661972284317,0.3375520408153534,-0.15173675119876862,0.6472285926342011
3,Day 3,4,Tray 4,DJI_20260621125808_0004,23,3,3,8464,0.3305039405822754,0.35685840249061584,0.18468597531318665,0.12339327707886696,0.5474884927272796,8464,-0.027201829478144646,-0.06114037707448006,0.16872049868106842,-0.18502544164657592,0.1782449811697006,8464,0.29890769720077515,0.3915766179561615,0.3060530424118042,-0.10765485465526581,0.6458249986171722
3,Day 3,4,Tray 4,DJI_20260621125808_0004,24,3,4,8464,0.3033970892429352,0.34821680188179016,0.20078180730342865,0.03847218304872513,0.5349032044410705,8464,-0.07964726537466049,-0.07396377623081207,0.18125653266906738,-0.34277704954147337,0.1371769532561302,8464,0.17945951223373413,0.3388315439224243,0.39183005690574646,-0.4113249361515045,0.6411994397640228
3,Day 3,4,Tray 4,DJI_20260621125808_0004,25,3,5,8464,0.33435434103012085,0.40278691053390503,0.1960964798927307,0.039675935357809076,0.5374042332172394,8464,-0.09167373180389404,-0.081694096326828,0.17340248823165894,-0.3397901654243469,0.12793615609407422,8464,0.18114012479782104,0.360284686088562,0.37163522839546204,-0.3764705955982208,0.5586935639381408
3,Day 3,4,Tray 4,DJI_20260621125808_0004,26,3,6,8464,0.2815251052379608,0.32382911443710327,0.20623403787612915,-0.008365737553685892,0.5255203425884247,8464,-0.12392496317625046,-0.11231835186481476,0.16053925454616547,-0.35833015143871305,0.07885715439915657,8464,0.060657255351543427,-0.06668402999639511,0.36724022030830383,-0.4084264934062958,0.5127782225608826
3,Day 3,4,Tray 4,DJI_20260621125808_0004,27,3,7,8464,0.2266993671655655,0.16668103635311127,0.19869965314865112,-0.02265227567404508,0.5005181431770325,8464,-0.14947110414505005,-0.12887664139270782,0.1611897200345993,-0.3741947531700134,0.05196089595556259,8464,-0.021212216466665268,-0.11050847172737122,0.32615503668785095,-0.40866872668266296,0.4551123857498169
3,Day 3,4,Tray 4,DJI_20260621125808_0004,28,3,8,8464,0.26452720165252686,0.21475182473659515,0.20548754930496216,0.025266281329095384,0.5241706371307373,8464,-0.10866429656744003,-0.09669696539640427,0.19041088223457336,-0.4073132544755935,0.11842281371355057,8464,0.0418558232486248,-0.08606287837028503,0.36935022473335266,-0.4378511309623718,0.5285167217254638
3,Day 3,4,Tray 4,DJI_20260621125808_0004,29,3,9,8464,0.22936104238033295,0.16619610786437988,0.1684516966342926,0.0637156292796135,0.49830386638641355,8464,-0.12650159001350403,-0.12151403725147247,0.16491800546646118,-0.3441654443740845,0.10844154953956603,8464,0.0044387998059391975,-0.11610793322324753,0.34829941391944885,-0.39157983064651486,0.5448488593101501
3,Day 3,4,Tray 4,DJI_20260621125808_0004,30,3,10,8464,0.24668091535568237,0.17460913956165314,0.17466174066066742,0.09548285901546479,0.504643976688385,8464,-0.10690644383430481,-0.1319972425699234,0.19078701734542847,-0.36372721791267393,0.15381584167480464,8464,0.03312041983008385,-0.12145693600177765,0.38308075070381165,-0.44768706560134885,0.5953544318675995
3,Day 3,4,Tray 4,DJI_20260621125808_0004,31,4,1,8464,0.29772472381591797,0.2327476143836975,0.21300208568572998,0.050206732004880905,0.606722217798233,8464,-0.02208481915295124,-0.09800241142511368,0.19818995893001556,-0.2572340816259384,0.2900393635034561,8464,0.15384523570537567,-0.051334574818611145,0.36767053604125977,-0.27558173835277555,0.6434649348258972
3,Day 3,4,Tray 4,DJI_20260621125808_0004,32,4,2,8464,0.36929020285606384,0.4305955171585083,0.2020481675863266,0.11449591964483262,0.6006955623626709,8464,0.02264392375946045,0.003710455959662795,0.17442402243614197,-0.1607142835855484,0.2729902684688568,8464,0.3033415973186493,0.43382352590560913,0.34843504428863525,-0.25338599681854246,0.6574474751949311
3,Day 3,4,Tray 4,DJI_20260621125808_0004,33,4,3,8464,0.40074869990348816,0.44518381357192993,0.1770140826702118,0.14564713835716248,0.6148103654384612,8464,0.019787490367889404,-0.0031729238107800484,0.18190596997737885,-0.16914745569229125,0.2928297966718673,8464,0.31492897868156433,0.4161413311958313,0.3256501257419586,-0.22175732254981995,0.6736716985702514
3,Day 3,4,Tray 4,DJI_20260621125808_0004,34,4,4,8464,0.4048788547515869,0.4477502703666687,0.17926068603992462,0.15683890730142594,0.6117217302322387,8464,0.034821003675460815,0.03398887813091278,0.19638097286224365,-0.1959286957979202,0.28864755034446715,8464,0.19424977898597717,0.35696518421173096,0.39852532744407654,-0.4201491177082062,0.6372136294841766
3,Day 3,4,Tray 4,DJI_20260621125808_0004,35,4,5,8464,0.3865683972835541,0.43623775243759155,0.17810720205307007,0.13015674650669098,0.5751228392124176,8464,-0.02019047923386097,-0.009158546105027199,0.19117671251296997,-0.30088886320590974,0.22496519237756724,8464,0.1735575795173645,0.35195791721343994,0.3869210183620453,-0.41328731179237366,0.5810752093791961
3,Day 3,4,Tray 4,DJI_20260621125808_0004,36,4,6,8464,0.35830408334732056,0.4325452148914337,0.22006909549236298,0.03524153307080269,0.5683223307132721,8464,-0.05586661770939827,-0.029760872945189476,0.2097868174314499,-0.38672536611557007,0.1864558905363083,8464,0.12725555896759033,0.3244878649711609,0.3981020152568817,-0.4516128897666931,0.5519020795822144
3,Day 3,4,Tray 4,DJI_20260621125808_0004,37,4,7,8464,0.3255697190761566,0.3974609375,0.21314722299575806,0.08863374143838883,0.5481036782264709,8464,-0.07434092462062836,-0.07325383275747299,0.1810840517282486,-0.3494242191314697,0.1268927812576294,8464,0.032233815640211105,-0.07146301120519638,0.36721473932266235,-0.4651162922382355,0.4788032352924347
3,Day 3,4,Tray 4,DJI_20260621125808_0004,38,4,8,8464,0.27747464179992676,0.20759183168411255,0.18688830733299255,0.07897680252790452,0.5321793973445892,8464,-0.09841161221265793,-0.09011047333478928,0.170477494597435,-0.3345891028642654,0.11402727067470546,8464,-0.048221610486507416,-0.09682603180408478,0.31059330701828003,-0.43805786967277527,0.44400624632835384
3,Day 3,4,Tray 4,DJI_20260621125808_0004,39,4,9,8464,0.28235504031181335,0.2100638896226883,0.17777468264102936,0.10769487395882607,0.5291529297828674,8464,-0.08559203892946243,-0.09099678695201874,0.18509630858898163,-0.345380374789238,0.16010885983705517,8464,-0.002292788587510586,-0.09003793448209763,0.37391743063926697,-0.49561724066734314,0.5306501388549805
3,Day 3,4,Tray 4,DJI_20260621125808_0004,40,4,10,8464,0.30715224146842957,0.2306542545557022,0.18909204006195068,0.11701210141181946,0.5672129333019257,8464,-0.04640507325530052,-0.09903381764888763,0.2326968014240265,-0.3029898196458816,0.2832015156745909,8464,0.10763641446828842,-0.07615365087985992,0.43540439009666443,-0.46614630818367003,0.7114782691001892
3,Day 3,4,Tray 4,DJI_20260621125808_0004,41,5,1,8464,0.28370338678359985,0.18234434723854065,0.21650367975234985,0.08131244629621506,0.6285790801048279,8464,-0.006497029215097427,-0.1028817668557167,0.2192210555076599,-0.22526478320360183,0.3507881015539169,8464,0.08696119487285614,-0.10600945353507996,0.3422286808490753,-0.2376649186015129,0.6394488930702209
3,Day 3,4,Tray 4,DJI_20260621125808_0004,42,5,2,8464,0.33812493085861206,0.3248348832130432,0.21351124346256256,0.11590681672096252,0.6312429189682006,8464,0.03403114154934883,-0.01808815635740757,0.1855042725801468,-0.12325649112462997,0.3124229371547699,8464,0.1722061038017273,0.054066628217697144,0.3396340608596802,-0.18747282028198242,0.6339548826217651
3,Day 3,4,Tray 4,DJI_20260621125808_0004,43,5,3,8464,0.35620325803756714,0.36243122816085815,0.17261822521686554,0.13809746652841567,0.5933348596096039,8464,0.030165238305926323,-0.024939145892858505,0.1495220810174942,-0.103840833902359,0.2704570651054382,8464,0.18594644963741302,0.16112548112869263,0.31702205538749695,-0.1501193642616272,0.6204540848731994
3,Day 3,4,Tray 4,DJI_20260621125808_0004,44,5,4,8464,0.37747275829315186,0.3944586217403412,0.18076907098293304,0.14291736334562302,0.6145166099071502,8464,0.03377331420779228,-0.013475228101015091,0.168474018573761,-0.13529248535633087,0.2806810021400451,8464,0.1621614545583725,0.0774679034948349,0.3405640423297882,-0.22862286865711212,0.6261413574218749
3,Day 3,4,Tray 4,DJI_20260621125808_0004,45,5,5,8464,0.37204211950302124,0.4256459176540375,0.20511285960674286,0.1182202622294426,0.5951923131942749,8464,0.005842458922415972,0.002480275696143508,0.20067469775676727,-0.2477598637342453,0.251684308052063,8464,0.08279726654291153,-0.032526493072509766,0.381559282541275,-0.4452091157436371,0.5728361248970031
3,Day 3,4,Tray 4,DJI_20260621125808_0004,46,5,6,8464,0.3922628164291382,0.46371540427207947,0.2007998377084732,0.11731473878026008,0.5804352343082428,8464,-0.009497638791799545,0.01467143651098013,0.19208315014839172,-0.32160723209381104,0.21492698490619652,8464,0.10091802477836609,0.2372809648513794,0.38283973932266235,-0.4280732274055481,0.5368213355541229
3,Day 3,4,Tray 4,DJI_20260621125808_0004,47,5,7,8464,0.3370795249938965,0.3878164291381836,0.19233174622058868,0.11127779930830002,0.5529255032539367,8464,-0.04777621850371361,-0.06308290362358093,0.16867952048778534,-0.2545756042003632,0.15426682233810424,8464,-0.0022385006304830313,-0.07635694742202759,0.3305894732475281,-0.4294039338827133,0.4683426320552826
3,Day 3,4,Tray 4,DJI_20260621125808_0004,48,5,8,8464,0.3061025142669678,0.25097429752349854,0.185977041721344,0.12006786465644836,0.5628672242164612,8464,-0.05690519139170647,-0.07785578072071075,0.16681699454784393,-0.2518183946609497,0.17853478491306302,8464,-0.00040953821735456586,-0.08635097742080688,0.35136470198631287,-0.4255874752998352,0.5390390694141388
3,Day 3,4,Tray 4,DJI_20260621125808_0004,49,5,9,8464,0.29548799991607666,0.21593007445335388,0.17641958594322205,0.11622663363814355,0.544792342185974,8464,-0.049214866012334824,-0.08175934851169586,0.18097051978111267,-0.24011318087577818,0.21525129675865173,8464,0.02607620693743229,-0.08953040093183517,0.3733260929584503,-0.41036680340766907,0.6467928647994995
3,Day 3,4,Tray 4,DJI_20260621125808_0004,50,5,10,8464,0.28208884596824646,0.19657307863235474,0.17341725528240204,0.13453973829746246,0.5634391129016876,8464,-0.06020033732056618,-0.10765485465526581,0.19962197542190552,-0.2344385489821434,0.25872943699359885,8464,0.04247279837727547,-0.10645771771669388,0.3880399167537689,-0.46398419737815855,0.6340096831321717
3,Day 3,4,Tray 4,DJI_20260621125808_0004,51,6,1,8464,0.23547789454460144,0.16140314936637878,0.19499000906944275,0.10238239914178848,0.558705198764801,8464,-0.06472530215978622,-0.11201629042625427,0.19620303809642792,-0.22715014219284058,0.27352791726589193,8464,0.05967596545815468,-0.10795454680919647,0.33829280734062195,-0.18766228258609768,0.6466296136379241
3,Day 3,4,Tray 4,DJI_20260621125808_0004,52,6,2,8464,0.2689339220523834,0.1747555136680603,0.20978306233882904,0.1013514943420887,0.6051459908485413,8464,-0.0074436478316783905,-0.07834101468324661,0.20197130739688873,-0.1666666716337204,0.33870431780815125,8464,0.07465291768312454,-0.07763157784938812,0.314175546169281,-0.1957949995994568,0.6106921434402465
3,Day 3,4,Tray 4,DJI_20260621125808_0004,53,6,3,8464,0.285832017660141,0.21361465752124786,0.21524815261363983,0.10362143516540527,0.6226529717445374,8464,-0.02193400077521801,-0.07494422048330307,0.20049020648002625,-0.20030787885189055,0.2773744702339171,8464,0.08100147545337677,-0.07044830918312073,0.34870386123657227,-0.24541788399219513,0.633406925201416
3,Day 3,4,Tray 4,DJI_20260621125808_0004,54,6,4,8464,0.29371359944343567,0.2331499457359314,0.20752419531345367,0.087520170211792,0.6088112592697144,8464,-0.012714201584458351,-0.058961041271686554,0.19708052277565002,-0.19806905090808868,0.3028139919042587,8464,0.016659395769238472,-0.06682297587394714,0.32839682698249817,-0.3414564043283462,0.557669460773468
3,Day 3,4,Tray 4,DJI_20260621125808_0004,55,6,5,8464,0.2892160713672638,0.27053138613700867,0.2356329709291458,0.05103194154798986,0.5981499791145325,8464,-0.034451499581336975,-0.04305003210902214,0.21134386956691742,-0.31271709203720094,0.250636801123619,8464,0.06174184009432793,-0.0398019477725029,0.3801138699054718,-0.45411289930343623,0.6189167499542236
3,Day 3,4,Tray 4,DJI_20260621125808_0004,56,6,6,8464,0.30604737997055054,0.2921202778816223,0.22032472491264343,0.059275140985846526,0.6056906104087829,8464,-0.03435966372489929,-0.06905103474855423,0.20739668607711792,-0.30397884249687196,0.2876712381839752,8464,0.011425849981606007,-0.07720636576414108,0.32776984572410583,-0.41597509384155273,0.5015947937965393
3,Day 3,4,Tray 4,DJI_20260621125808_0004,57,6,7,8464,0.28673046827316284,0.24162454903125763,0.2173873782157898,0.05519317463040352,0.5623959898948669,8464,-0.06385727226734161,-0.06598984450101852,0.182687908411026,-0.337579607963562,0.16583972126245497,8464,-0.023198556154966354,-0.07635694742202759,0.3199024796485901,-0.43533122539520264,0.47975028753280635
3,Day 3,4,Tray 4,DJI_20260621125808_0004,58,6,8,8464,0.3243543803691864,0.3202284574508667,0.19639387726783752,0.11018774658441545,0.5740959048271179,8464,-0.05057474225759506,-0.07692307978868484,0.17425142228603363,-0.28198418915271756,0.18666666746139526,8464,0.04088311269879341,-0.07706470042467117,0.34274283051490784,-0.41346486806869504,0.5125537872314453
3,Day 3,4,Tray 4,DJI_20260621125808_0004,59,6,9,8464,0.25942230224609375,0.1981038898229599,0.18878908455371857,0.08889003247022631,0.5586818277835846,8464,-0.0833088830113411,-0.10690633952617645,0.16578255593776703,-0.25698326528072357,0.1563835740089416,8464,-0.04236910864710808,-0.11065907031297684,0.3041132390499115,-0.37577691674232483,0.47987082898616784
3,Day 3,4,Tray 4,DJI_20260621125808_0004,60,6,10,8464,0.29926562309265137,0.21960940957069397,0.2069535255432129,0.11524170488119126,0.5836849749088288,8464,-0.04796494543552399,-0.10660721361637115,0.21671460568904877,-0.2699571579694748,0.2947917491197586,8464,0.022118305787444115,-0.10840438306331635,0.35787102580070496,-0.3761528968811035,0.6373266160488129
3,Day 3,4,Tray 4,DJI_20260621125808_0004,61,7,1,8464,0.22722876071929932,0.15596501529216766,0.18819215893745422,0.10017172247171402,0.5517665088176728,8464,-0.06289296597242355,-0.11778353899717331,0.18787960708141327,-0.2188769742846489,0.28423542380332945,8464,0.02638990245759487,-0.10990649461746216,0.28300485014915466,-0.180915030837059,0.5328866600990295
3,Day 3,4,Tray 4,DJI_20260621125808_0004,62,7,2,8464,0.218767449259758,0.15440413355827332,0.1958470344543457,0.07918759509921074,0.5410675764083862,8464,-0.06116495653986931,-0.10258481651544571,0.21157032251358032,-0.24262069314718246,0.28150564730167377,8464,0.0035839963238686323,-0.09814963489770889,0.29519471526145935,-0.21983914077281952,0.5640985131263733
3,Day 3,4,Tray 4,DJI_20260621125808_0004,63,7,3,8464,0.3139316737651825,0.26796597242355347,0.22380121052265167,0.10387407317757606,0.6284735202789307,8464,-0.009179793298244476,-0.06946983188390732,0.22067569196224213,-0.25470143854618066,0.32902779579162594,8464,0.15876199305057526,0.13301733136177063,0.3911771774291992,-0.4032246470451355,0.6812095463275909
3,Day 3,4,Tray 4,DJI_20260621125808_0004,64,7,4,8464,0.271222859621048,0.19280266761779785,0.23275844752788544,-0.002933203522115942,0.6028532683849335,8464,-0.03640066459774971,-0.05568445473909378,0.2297363132238388,-0.35249779820442195,0.29734011888504025,8464,0.06825237721204758,-0.04584344103932381,0.3459241986274719,-0.39549250304698946,0.5635614991188049
3,Day 3,4,Tray 4,DJI_20260621125808_0004,65,7,5,8464,0.22766539454460144,0.17077714204788208,0.21588486433029175,-0.004593531088903542,0.5661022901535033,8464,-0.06971685588359833,-0.07081422209739685,0.20910236239433289,-0.3235294222831726,0.27781223356723783,8464,-0.017504211515188217,-0.06821442395448685,0.3128984272480011,-0.3725139081478119,0.5506888926029204
3,Day 3,4,Tray 4,DJI_20260621125808_0004,66,7,6,8464,0.24559646844863892,0.19104138016700745,0.2295849323272705,-0.05624404177069664,0.5722833871841431,8464,-0.0842975452542305,-0.07890923321247101,0.20966070890426636,-0.3670505881309509,0.21346901208162306,8464,-0.024834968149662018,-0.0861348807811737,0.33437830209732056,-0.4152410626411438,0.5243229448795318
3,Day 3,4,Tray 4,DJI_20260621125808_0004,67,7,7,8464,0.2697368860244751,0.20923306047916412,0.24792660772800446,-0.059992868080735194,0.5666865348815917,8464,-0.0755748450756073,-0.0714285746216774,0.21790994703769684,-0.41005114316940305,0.20372836291790009,8464,-0.004995493218302727,-0.07494422048330307,0.3420626223087311,-0.44190141558647156,0.5098121166229248
3,Day 3,4,Tray 4,DJI_20260621125808_0004,68,7,8,8464,0.21634292602539062,0.16465330123901367,0.20470765233039856,-0.017543859779834747,0.5129537880420685,8464,-0.1181551069021225,-0.0941883772611618,0.1678161770105362,-0.36782571673393244,0.07843418419361112,8464,-0.0916447564959526,-0.09873893111944199,0.2565173804759979,-0.4192631870508194,0.32529162168502807
3,Day 3,4,Tray 4,DJI_20260621125808_0004,69,7,9,8464,0.24066443741321564,0.16421347856521606,0.21141432225704193,0.07219729498028758,0.5633210241794586,8464,-0.08588042855262756,-0.11035791784524918,0.2025797814130783,-0.34692225456237785,0.2040353149175643,8464,-0.06156563758850098,-0.11519607901573181,0.3046973645687103,-0.4386088252067566,0.43887776136398315
3,Day 3,4,Tray 4,DJI_20260621125808_0004,70,7,10,8464,0.22071586549282074,0.16700907051563263,0.17897655069828033,0.0667838305234909,0.5393731474876403,8464,-0.11027263104915619,-0.13165244460105896,0.1799774169921875,-0.29875603318214417,0.12852138280868525,8464,-0.04981748014688492,-0.1318407952785492,0.30534690618515015,-0.3343108594417572,0.5459583401679993
3,Day 3,5,Tray 5,DJI_20260621125931_0005,1,1,1,8464,0.2696540355682373,0.17928598821163177,0.19060517847537994,0.1360730528831482,0.5940299212932586,8464,-0.05672403424978256,-0.142259418964386,0.21771807968616486,-0.2239322319626808,0.31084656715393066,8464,0.07240791618824005,-0.13372093439102173,0.3499477505683899,-0.20937392860651016,0.6958556175231934
3,Day 3,5,Tray 5,DJI_20260621125931_0005,2,1,2,8464,0.25693458318710327,0.18916882574558258,0.1815613955259323,0.1286048635840416,0.5446472883224487,8464,-0.06900396198034286,-0.1268574595451355,0.2273823320865631,-0.24949215352535248,0.28991485536098477,8464,0.057656120508909225,-0.10243640094995499,0.33875077962875366,-0.2362264096736908,0.6895316779613494
3,Day 3,5,Tray 5,DJI_20260621125931_0005,3,1,3,8464,0.2875196635723114,0.20985671877861023,0.1938081830739975,0.11515991985797883,0.5682006716728211,8464,-0.0647079199552536,-0.10243640094995499,0.1998373121023178,-0.2722923070192337,0.22127045392990108,8464,0.12455642968416214,-0.05169030278921127,0.3517134189605713,-0.23430742472410201,0.6486735999584198
3,Day 3,5,Tray 5,DJI_20260621125931_0005,4,1,4,8464,0.268610417842865,0.2235482931137085,0.21137623488903046,0.016350029408931734,0.5584362745285033,8464,-0.0888570174574852,-0.1034761518239975,0.23015767335891724,-0.39362484216690063,0.21704462617635728,8464,0.064532570540905,-0.08228759467601776,0.35058072209358215,-0.32438552379608154,0.6223500847816468
3,Day 3,5,Tray 5,DJI_20260621125931_0005,5,1,5,8464,0.2542050778865814,0.20125555992126465,0.21473650634288788,0.025463794544339186,0.5335472643375396,8464,-0.09896545857191086,-0.08966091275215149,0.2065674215555191,-0.3973009467124939,0.15281501412391663,8464,0.06234913691878319,-0.06133917346596718,0.35831108689308167,-0.39737245440483093,0.5727541685104369
3,Day 3,5,Tray 5,DJI_20260621125931_0005,6,1,6,8464,0.21445946395397186,0.16826973855495453,0.2200448364019394,-0.027857884950935802,0.5243782520294189,8464,-0.11290083825588226,-0.10006427764892578,0.23256170749664307,-0.4052848219871521,0.18067160695791235,8464,-0.04389878362417221,-0.09587208926677704,0.3067895472049713,-0.3607389867305756,0.44165455400943754
3,Day 3,5,Tray 5,DJI_20260621125931_0005,7,1,7,8464,0.18805237114429474,0.16324052214622498,0.2131994366645813,-0.047680970281362534,0.5041501224040985,8464,-0.139845073223114,-0.09470026195049286,0.2181372195482254,-0.47437406778335567,0.12380952388048172,8464,-0.11084659397602081,-0.09389608353376389,0.271001935005188,-0.4559223592281341,0.3326500982046126
3,Day 3,5,Tray 5,DJI_20260621125931_0005,8,1,8,8464,0.20776109397411346,0.16504864394664764,0.18715694546699524,0.028174134157598025,0.5345027863979339,8464,-0.12324779480695724,-0.09623879194259644,0.1826379895210266,-0.3600601524114609,0.10136757418513276,8464,-0.1032618060708046,-0.09653233736753464,0.22827965021133423,-0.35717367231845853,0.1975051909685135
3,Day 3,5,Tray 5,DJI_20260621125931_0005,9,1,9,8464,0.17909051477909088,0.16732607781887054,0.14033421874046326,0.07661002725362782,0.3497529298067091,8464,-0.1350465565919876,-0.10645771771669388,0.1507059782743454,-0.2988454908132553,-0.05215827375650406,8464,-0.08811395615339279,-0.10243640094995499,0.24026675522327423,-0.3087248206138611,0.15050523728132217
3,Day 3,5,Tray 5,DJI_20260621125931_0005,10,1,10,8464,0.16841630637645721,0.16690725088119507,0.10150732100009918,0.09696360230445862,0.2460088402032852,8464,-0.1339704394340515,-0.11028265953063965,0.14724767208099365,-0.27548607289791105,-0.06363636255264282,8464,-0.04820644482970238,-0.10080645233392715,0.2563336193561554,-0.2325056493282318,0.39717171192169176
3,Day 3,5,Tray 5,DJI_20260621125931_0005,11,2,1,8464,0.2704084515571594,0.18947233259677887,0.17938384413719177,0.10768064856529237,0.5418971717357636,8464,-0.07535899430513382,-0.13121546804904938,0.17771472036838531,-0.23693653345108032,0.19049235135316847,8464,0.15523582696914673,-0.04028705134987831,0.3529755473136902,-0.20405763387680054,0.6907861292362213
3,Day 3,5,Tray 5,DJI_20260621125931_0005,12,2,2,8464,0.31702226400375366,0.25798022747039795,0.19872406125068665,0.12507379800081253,0.5853104710578918,8464,-0.06389357894659042,-0.11277174204587936,0.2129303365945816,-0.30955753326416013,0.2219460114836692,8464,0.2090657353401184,0.1912567913532257,0.36397331953048706,-0.19244683682918548,0.7195685148239135
3,Day 3,5,Tray 5,DJI_20260621125931_0005,13,2,3,8464,0.29659125208854675,0.23385722935199738,0.18722189962863922,0.1081894062459469,0.5451408743858337,8464,-0.07050164043903351,-0.0931660458445549,0.2183755785226822,-0.3166767001152038,0.21882653683423994,8464,0.2036864459514618,0.17267698049545288,0.35383397340774536,-0.1694486916065216,0.7012181460857392
3,Day 3,5,Tray 5,DJI_20260621125931_0005,14,2,4,8464,0.29585471749305725,0.2853054404258728,0.21291285753250122,0.05574314035475254,0.5556563019752502,8464,-0.07780750840902328,-0.08837209641933441,0.2445797175168991,-0.4283081591129303,0.23367190510034552,8464,0.13186219334602356,0.12226277589797974,0.41964802145957947,-0.47268167734146116,0.7113031148910522
3,Day 3,5,Tray 5,DJI_20260621125931_0005,15,2,5,8464,0.2600991725921631,0.20902860164642334,0.22295333445072174,-0.023821894638240332,0.5687413334846496,8464,-0.10219541937112808,-0.11112646758556366,0.2584993839263916,-0.42831431031227113,0.2618484437465667,8464,0.03195184841752052,-0.07353519648313522,0.3942863345146179,-0.4592341363430023,0.6566814303398132
3,Day 3,5,Tray 5,DJI_20260621125931_0005,16,2,6,8464,0.2255978137254715,0.17700818181037903,0.2378866970539093,-0.0585558090358972,0.5704474210739136,8464,-0.15272347629070282,-0.1439775973558426,0.24434371292591095,-0.4394411325454712,0.19820637106895445,8464,-0.07873141020536423,-0.09932886064052582,0.30580636858940125,-0.4317431032657623,0.4146136462688446
3,Day 3,5,Tray 5,DJI_20260621125931_0005,17,2,7,8464,0.2521560490131378,0.18374446034431458,0.2330886870622635,-0.034997848048806166,0.5416962802410126,8464,-0.09990214556455612,-0.07315835356712341,0.21492816507816315,-0.4668101966381073,0.1478345215320587,8464,0.023043857887387276,-0.06488102674484253,0.3560871481895447,-0.49343544244766235,0.5013041853904724
3,Day 3,5,Tray 5,DJI_20260621125931_0005,18,2,8,8464,0.21079741418361664,0.1692134141921997,0.17305506765842438,0.013155768904834986,0.4829842150211334,8464,-0.14110252261161804,-0.09098175168037415,0.1605396270751953,-0.3783237934112549,-0.011147497314959787,8464,-0.05158362165093422,-0.08047493547201157,0.29082968831062317,-0.4070202112197876,0.4194072186946869
3,Day 3,5,Tray 5,DJI_20260621125931_0005,19,2,9,8464,0.2128826081752777,0.17208120226860046,0.17304109036922455,0.059251251444220554,0.49447599053382874,8464,-0.12307930737733841,-0.09609207510948181,0.18767832219600677,-0.41515257954597473,0.0860459677875042,8464,-0.010535608977079391,-0.0859188511967659,0.32466408610343933,-0.45903479158878324,0.5047847032546997
3,Day 3,5,Tray 5,DJI_20260621125931_0005,20,2,10,8464,0.19100475311279297,0.17100390791893005,0.1472090780735016,0.06924809738993648,0.41058500409126275,8464,-0.13155339658260345,-0.10481586307287216,0.18410032987594604,-0.3803448438644409,0.006136881699785585,8464,-0.026555651798844337,-0.09579876810312271,0.32696130871772766,-0.40770024061203003,0.5784402132034301
3,Day 3,5,Tray 5,DJI_20260621125931_0005,21,3,1,8464,0.33483660221099854,0.2679780125617981,0.21953706443309784,0.07941698059439659,0.6131778359413147,8464,-0.014723227359354496,-0.11824139952659607,0.22934401035308838,-0.25994184911251067,0.29673101902008053,8464,0.29188790917396545,0.43712061643600464,0.36792343854904175,-0.23269115388393402,0.7314682364463806
3,Day 3,5,Tray 5,DJI_20260621125931_0005,22,3,2,8464,0.3751150071620941,0.42443403601646423,0.22297680377960205,0.13987509161233902,0.665332418680191,8464,0.03291567042469978,0.015158718451857567,0.2563127279281616,-0.24915848970413207,0.4114629060029983,8464,0.28734543919563293,0.40706196427345276,0.37030914425849915,-0.19676243513822556,0.7454187631607055
3,Day 3,5,Tray 5,DJI_20260621125931_0005,23,3,3,8464,0.32210320234298706,0.30400562286376953,0.23432910442352295,0.09664229899644854,0.5805072426795959,8464,-0.027551455423235893,-0.07466211915016174,0.2706078886985779,-0.34880731999874115,0.3046776354312897,8464,0.15939661860466003,0.18195462226867676,0.437750905752182,-0.4829121887683868,0.7248248517513275
3,Day 3,5,Tray 5,DJI_20260621125931_0005,24,3,4,8464,0.316557914018631,0.38911429047584534,0.25770801305770874,-0.045567291229963267,0.5851578056812287,8464,-0.06486799567937851,-0.06846581399440765,0.2881845533847809,-0.49250818490982057,0.26555877625942226,8464,0.1527857929468155,0.29930394887924194,0.47190025448799133,-0.5268456339836121,0.722528338432312
3,Day 3,5,Tray 5,DJI_20260621125931_0005,25,3,5,8464,0.30952155590057373,0.39182934165000916,0.25910523533821106,-0.08215841203927994,0.5806639194488525,8464,-0.07697343826293945,-0.07220004498958588,0.2804979085922241,-0.44132371842861173,0.259727597236633,8464,0.12081170082092285,0.2731534242630005,0.43924975395202637,-0.48379723131656643,0.6776916861534118
3,Day 3,5,Tray 5,DJI_20260621125931_0005,26,3,6,8464,0.2902064621448517,0.3533775210380554,0.2324550449848175,-0.03810405433177943,0.5441291451454162,8464,-0.11440883576869965,-0.09792599081993103,0.22566749155521393,-0.42680902183055874,0.17530985623598092,8464,0.004508748650550842,-0.09375,0.38808831572532654,-0.48128053545951843,0.5094054102897644
3,Day 3,5,Tray 5,DJI_20260621125931_0005,27,3,7,8464,0.279122531414032,0.2553235590457916,0.23763680458068848,-0.011899952124804223,0.5585143804550171,8464,-0.11175043880939484,-0.08185625821352005,0.23003993928432465,-0.45256549417972564,0.1748227924108505,8464,0.012521931901574135,-0.08127740025520325,0.3895482122898102,-0.4973750740289688,0.5240145325660706
3,Day 3,5,Tray 5,DJI_20260621125931_0005,28,3,8,8464,0.21883010864257812,0.18245220184326172,0.22046858072280884,-0.056596877053380006,0.522761446237564,8464,-0.14133727550506592,-0.09726688265800476,0.21091097593307495,-0.4995322644710541,0.11264485418796538,8464,-0.07164659351110458,-0.09962406009435654,0.3383515775203705,-0.5203206717967988,0.45163617730140676
3,Day 3,5,Tray 5,DJI_20260621125931_0005,29,3,9,8464,0.22304491698741913,0.20224329829216003,0.2023751139640808,-0.0018636920372955413,0.49082296192646024,8464,-0.14817339181900024,-0.12934362888336182,0.20540136098861694,-0.4089110493659973,0.08917619138956069,8464,-0.0384434349834919,-0.10556155443191528,0.35520225763320923,-0.46996349692344663,0.6179804921150206
3,Day 3,5,Tray 5,DJI_20260621125931_0005,30,3,10,8464,0.2210797220468521,0.18212798237800598,0.1655476838350296,0.07159895300865174,0.4873974442481995,8464,-0.10716810077428818,-0.10840438306331635,0.20602937042713165,-0.37232732474803926,0.17847569286823262,8464,0.012148045934736729,-0.09947644174098969,0.3733539283275604,-0.46786434650421144,0.5961058139801025
3,Day 3,5,Tray 5,DJI_20260621125931_0005,31,4,1,8464,0.36773714423179626,0.39749133586883545,0.22091275453567505,0.10479741767048836,0.647984367609024,8464,0.027389565482735634,-0.009760132059454918,0.2314785122871399,-0.24589117616415024,0.3645795613527298,8464,0.27272409200668335,0.41142594814300537,0.37905991077423096,-0.25338599681854246,0.7204346835613251
3,Day 3,5,Tray 5,DJI_20260621125931_0005,32,4,2,8464,0.4166300594806671,0.4713187515735626,0.19609379768371582,0.15239752531051637,0.6606014192104339,8464,0.0721355527639389,0.06664024293422699,0.21670770645141602,-0.1376807451248169,0.4258890450000763,8464,0.33132684230804443,0.4390062093734741,0.3639627695083618,-0.1909869074821472,0.7409106731414794
3,Day 3,5,Tray 5,DJI_20260621125931_0005,33,4,3,8464,0.40121567249298096,0.4297388195991516,0.1872243732213974,0.16416364908218384,0.6471371591091156,8464,0.04816640913486481,0.017477912828326225,0.20618824660778046,-0.16689186841249465,0.3620841860771179,8464,0.19226115942001343,0.29360729455947876,0.4019014537334442,-0.42459358572959893,0.703424710035324
3,Day 3,5,Tray 5,DJI_20260621125931_0005,34,4,4,8464,0.4079727828502655,0.4543032646179199,0.20115461945533752,0.1214766286313534,0.620819503068924,8464,-0.0013833650154992938,0.015955714508891106,0.25153714418411255,-0.37165420353412626,0.30611023902893064,8464,0.23304955661296844,0.4231629967689514,0.4346381723880768,-0.45470693707466125,0.7062206864356995
3,Day 3,5,Tray 5,DJI_20260621125931_0005,35,4,5,8464,0.3574416935443878,0.43347132205963135,0.2597302198410034,-0.019267413392662996,0.6044900953769684,8464,-0.03238380327820778,0.0002624671906232834,0.28364744782447815,-0.45315250754356384,0.30025437772274016,8464,0.057790935039520264,0.04969894140958786,0.42072027921676636,-0.5233525097370147,0.5426109910011292
3,Day 3,5,Tray 5,DJI_20260621125931_0005,36,4,6,8464,0.3703169822692871,0.4829787015914917,0.253578245639801,-0.01541262613609431,0.604640531539917,8464,-0.032458048313856125,0.02707647532224655,0.25202274322509766,-0.44276216030120846,0.2455634534358978,8464,0.0936206802725792,0.24797342717647552,0.4152092933654785,-0.4983534514904022,0.5499988615512847
3,Day 3,5,Tray 5,DJI_20260621125931_0005,37,4,7,8464,0.30755385756492615,0.2857343852519989,0.23106861114501953,0.02816598489880562,0.5800078690052033,8464,-0.06918024271726608,-0.06605923175811768,0.22533218562602997,-0.3947547674179077,0.20661986768245694,8464,-0.031552884727716446,-0.08635009080171585,0.34500160813331604,-0.48596867322921755,0.4824082463979721
3,Day 3,5,Tray 5,DJI_20260621125931_0005,38,4,8,8464,0.28645509481430054,0.20950175821781158,0.21191608905792236,0.05940375812351706,0.5791885495185851,8464,-0.08623969554901123,-0.07593274116516113,0.21378538012504578,-0.3904072344303131,0.18865397870540615,8464,-0.0014417710481211543,-0.07933579385280609,0.39110612869262695,-0.48882022500038147,0.6125503838062286
3,Day 3,5,Tray 5,DJI_20260621125931_0005,39,4,9,8464,0.30511295795440674,0.22558550536632538,0.23396527767181396,0.059861465543508546,0.5989442944526673,8464,-0.048615653067827225,-0.0824742242693901,0.27165481448173523,-0.4233329802751541,0.33219562470912933,8464,0.08902770280838013,-0.07430970668792725,0.45814982056617737,-0.5002747774124146,0.7379500925540924
3,Day 3,5,Tray 5,DJI_20260621125931_0005,40,4,10,8464,0.2589198648929596,0.20435315370559692,0.20187897980213165,0.07900602445006372,0.5566990375518799,8464,-0.09567298740148544,-0.10496491938829422,0.227763831615448,-0.37203385829925534,0.23607736676931382,8464,0.023911191150546074,-0.09127248823642731,0.39518144726753235,-0.46784721016883846,0.6524978220462798
3,Day 3,5,Tray 5,DJI_20260621125931_0005,41,5,1,8464,0.37310904264450073,0.3559284210205078,0.2205403596162796,0.13053945153951646,0.6774311304092406,8464,0.04071751609444618,-0.04208642244338989,0.25603222846984863,-0.243582084774971,0.4318980276584625,8464,0.1417054980993271,-0.05504348501563072,0.3776351809501648,-0.25190839171409607,0.7240678071975708
3,Day 3,5,Tray 5,DJI_20260621125931_0005,42,5,2,8464,0.40321478247642517,0.4580254554748535,0.20777630805969238,0.14986628144979477,0.6742933988571167,8464,0.08457229286432266,0.07171380519866943,0.20587530732154846,-0.1365528702735901,0.3876129329204559,8464,0.17872841656208038,0.16400742530822754,0.37661683559417725,-0.2740742653608322,0.7075664401054382
3,Day 3,5,Tray 5,DJI_20260621125931_0005,43,5,3,8464,0.4369760751724243,0.4762592315673828,0.18044999241828918,0.1655483826994896,0.6557068824768066,8464,0.09438467770814896,0.0903100073337555,0.18688878417015076,-0.10960574448108673,0.35047730803489685,8464,0.21903416514396667,0.3136312961578369,0.3652196526527405,-0.28171025514602654,0.6550012469291686
3,Day 3,5,Tray 5,DJI_20260621125931_0005,44,5,4,8464,0.37694627046585083,0.43250417709350586,0.22258014976978302,0.12027684897184372,0.6421453595161437,8464,0.03190341219305992,0.033955857157707214,0.22886689007282257,-0.20952789634466165,0.3347509443759918,8464,0.09387371689081192,-0.04738232120871544,0.42039811611175537,-0.5072990119457245,0.6635692954063415
3,Day 3,5,Tray 5,DJI_20260621125931_0005,45,5,5,8464,0.40576502680778503,0.47291919589042664,0.21200746297836304,0.13061872273683547,0.6385339617729187,8464,0.04507635533809662,0.047661468386650085,0.20925043523311615,-0.2075880765914917,0.3105633854866028,8464,0.08592203259468079,-0.05283455550670624,0.3935018479824066,-0.4343257546424866,0.6028275728225708
3,Day 3,5,Tray 5,DJI_20260621125931_0005,46,5,6,8464,0.3921022415161133,0.47899484634399414,0.22950497269630432,0.09801963716745377,0.6126482486724854,8464,0.005660795606672764,0.02613864094018936,0.21689897775650024,-0.346178263425827,0.2566480845212936,8464,0.06109582260251045,-0.039603959769010544,0.3671407401561737,-0.4674789607524872,0.5173834264278412
3,Day 3,5,Tray 5,DJI_20260621125931_0005,47,5,7,8464,0.3404896557331085,0.3338703513145447,0.22182093560695648,0.09881300628185273,0.6160489797592162,8464,-0.042388733476400375,-0.0536472387611866,0.2249000519514084,-0.36106852889060975,0.2551792740821838,8464,-0.022878948599100113,-0.0629461407661438,0.3163185119628906,-0.432494369149208,0.48050523996353145
3,Day 3,5,Tray 5,DJI_20260621125931_0005,48,5,8,8464,0.28876110911369324,0.2093663513660431,0.19183103740215302,0.11787365823984146,0.5624215126037597,8464,-0.06742959469556808,-0.06003783270716667,0.18199343979358673,-0.30490894615650177,0.1535842910408973,8464,-0.034774553030729294,-0.06377451866865158,0.34664037823677063,-0.5,0.5574510157108307
3,Day 3,5,Tray 5,DJI_20260621125931_0005,49,5,9,8464,0.30785423517227173,0.22250476479530334,0.19949971139431,0.1341918706893921,0.5916101455688476,8464,-0.03640463575720787,-0.061155740171670914,0.23585113883018494,-0.35439062118530273,0.3112432479858398,8464,0.025751277804374695,-0.06336016952991486,0.38384783267974854,-0.4539321959018707,0.6862683773040771
3,Day 3,5,Tray 5,DJI_20260621125931_0005,50,5,10,8464,0.282358855009079,0.20506535470485687,0.1804264485836029,0.13376954197883606,0.5622156202793122,8464,-0.04536626860499382,-0.08707194030284882,0.20563502609729767,-0.2659613877534866,0.26453455090522765,8464,0.07438575476408005,-0.08026787638664246,0.37387827038764954,-0.4206453800201413,0.6215471625328064
3,Day 3,5,Tray 5,DJI_20260621125931_0005,51,6,1,8464,0.34787365794181824,0.27079010009765625,0.21692751348018646,0.13831719607114792,0.6511531472206116,8464,0.01770966872572899,-0.09638553857803345,0.22771203517913818,-0.20240077078342436,0.37271761298179623,8464,0.13343380391597748,0.001043683267198503,0.33514195680618286,-0.21657754480838776,0.6144721508026123
3,Day 3,5,Tray 5,DJI_20260621125931_0005,52,6,2,8464,0.31645074486732483,0.23248626291751862,0.2020152509212494,0.1300198629498482,0.6256959438323975,8464,0.0006707805441692472,-0.10273326933383942,0.22046050429344177,-0.1971409037709236,0.3953871428966522,8464,0.023557046428322792,-0.10615883022546768,0.3166532516479492,-0.25418747961521143,0.5632501602172851
3,Day 3,5,Tray 5,DJI_20260621125931_0005,53,6,3,8464,0.3466525077819824,0.36931875348091125,0.26140567660331726,0.09890152961015711,0.6686001598834992,8464,0.014956522732973099,-0.030067358165979385,0.2788940370082855,-0.3461644321680069,0.415875631570816,8464,0.11105254292488098,-0.0006133274873718619,0.4213980734348297,-0.4641631245613098,0.7022765815258026
3,Day 3,5,Tray 5,DJI_20260621125931_0005,54,6,4,8464,0.3529913127422333,0.3644842803478241,0.25010401010513306,0.03366059064865112,0.6804151475429535,8464,-0.00046545875375159085,-0.04764951020479202,0.2761502265930176,-0.38305438756942745,0.4029708504676819,8464,0.0047601391561329365,-0.07741039991378784,0.3548765778541565,-0.42732658982276917,0.5223920166492462
3,Day 3,5,Tray 5,DJI_20260621125931_0005,55,6,5,8464,0.32637593150138855,0.31023454666137695,0.2782064378261566,0.03577193394303325,0.6626337766647339,8464,-0.033604785799980164,-0.061843641102313995,0.28896552324295044,-0.3949798762798309,0.3774778962135315,8464,0.03688691928982735,-0.06765741109848022,0.4081716239452362,-0.44136880338191986,0.6510027170181274
3,Day 3,5,Tray 5,DJI_20260621125931_0005,56,6,6,8464,0.3334841728210449,0.3383095860481262,0.2513405382633209,0.042650391906499885,0.6212350249290466,8464,-0.017776168882846832,-0.041852179914712906,0.2384597510099411,-0.34403870701789846,0.2746276468038559,8464,0.017148928716778755,-0.06488102674484253,0.36838313937187195,-0.4640474319458008,0.5508586823940277
3,Day 3,5,Tray 5,DJI_20260621125931_0005,57,6,7,8464,0.287942111492157,0.21345365047454834,0.21497350931167603,0.0640230089426041,0.5699342310428619,8464,-0.05070384219288826,-0.06195943057537079,0.19380049407482147,-0.29510676860809326,0.20653969645500184,8464,-0.057130154222249985,-0.07480315119028091,0.28681156039237976,-0.44276508092880246,0.4353079438209534
3,Day 3,5,Tray 5,DJI_20260621125931_0005,58,6,8,8464,0.28214648365974426,0.20191189646720886,0.21908387541770935,0.07290350049734119,0.5891889452934265,8464,-0.050726354122161865,-0.06796875596046448,0.20630110800266266,-0.3192390590906143,0.25028448998928066,8464,-0.020066194236278534,-0.07649841904640198,0.3272903561592102,-0.4166951864957809,0.5041030704975128
3,Day 3,5,Tray 5,DJI_20260621125931_0005,59,6,9,8464,0.27350014448165894,0.200764462351799,0.19795091450214386,0.11024290546774866,0.5579247117042542,8464,-0.04478093609213829,-0.07241063565015793,0.20386767387390137,-0.25148995816707603,0.23294587433338163,8464,-0.01732821762561798,-0.07848301529884338,0.3459751307964325,-0.498627632856369,0.5224767446517944
3,Day 3,5,Tray 5,DJI_20260621125931_0005,60,6,10,8464,0.2654135823249817,0.18590930104255676,0.1846209317445755,0.1319981798529625,0.5589839935302733,8464,-0.03926347568631172,-0.08347664773464203,0.18528161942958832,-0.15936781913042067,0.22181167602539054,8464,0.008908594027161598,-0.08390682935714722,0.30827033519744873,-0.254480305314064,0.5875097155570983
3,Day 3,5,Tray 5,DJI_20260621125931_0005,61,7,1,8464,0.27255889773368835,0.18032501637935638,0.22619153559207916,0.09590517282485964,0.6736458301544189,8464,-0.042836692184209824,-0.13702623546123505,0.2676519751548767,-0.2925599455833435,0.4209096580743789,8464,0.09613749384880066,-0.11580381542444229,0.34227898716926575,-0.19122074842453002,0.6679109752178192
3,Day 3,5,Tray 5,DJI_20260621125931_0005,62,7,2,8464,0.2901948392391205,0.20717503130435944,0.2370465099811554,0.08016632944345474,0.6302490472793578,8464,-0.044313568621873856,-0.11020740121603012,0.2693330645561218,-0.30023568570613857,0.4288314670324324,8464,0.03568881377577782,-0.10481586307287216,0.370915025472641,-0.35343515574932094,0.7091774106025696
3,Day 3,5,Tray 5,DJI_20260621125931_0005,63,7,3,8464,0.2942177951335907,0.2393486201763153,0.2393200397491455,0.024787452630698682,0.6379156649112702,8464,-0.07012990117073059,-0.10614326596260071,0.2484530657529831,-0.3549956202507019,0.31357118785381305,8464,-0.005781936459243298,-0.09785522520542145,0.3569897711277008,-0.39968096613883974,0.6293962895870208
3,Day 3,5,Tray 5,DJI_20260621125931_0005,64,7,4,8464,0.28224676847457886,0.20872865617275238,0.25601595640182495,-0.014654571190476418,0.6400643229484558,8464,-0.05379563942551613,-0.0705069974064827,0.2630615234375,-0.3868897557258606,0.3380594134330749,8464,0.04015294834971428,-0.06515801697969437,0.38963624835014343,-0.43374559879302976,0.654469621181488
3,Day 3,5,Tray 5,DJI_20260621125931_0005,65,7,5,8464,0.21623219549655914,0.17947113513946533,0.24681344628334045,-0.04694835841655731,0.5726143717765807,8464,-0.09091223776340485,-0.08548707515001297,0.2574410140514374,-0.4004082500934601,0.3158281087875364,8464,-0.05137744918465614,-0.08433734625577927,0.33349043130874634,-0.4628501832485199,0.5281104445457456
3,Day 3,5,Tray 5,DJI_20260621125931_0005,66,7,6,8464,0.2409631460905075,0.19729462265968323,0.28845107555389404,-0.1909257188439369,0.5904054045677185,8464,-0.08158917725086212,-0.05731990560889244,0.2630051374435425,-0.5191986560821533,0.27172717452049255,8464,-0.02058243937790394,-0.062122978270053864,0.35273265838623047,-0.5080095529556274,0.524959659576416
3,Day 3,5,Tray 5,DJI_20260621125931_0005,67,7,7,8464,0.25038689374923706,0.19019706547260284,0.2957307696342468,-0.16805174052715297,0.5997890830039978,8464,-0.05726402625441551,-0.061018265783786774,0.2875197231769562,-0.5231541991233826,0.3278515964746475,8464,-0.03713594004511833,-0.06654512137174606,0.35464584827423096,-0.5457788586616515,0.4890666604042053
3,Day 3,5,Tray 5,DJI_20260621125931_0005,68,7,8,8464,0.2139636129140854,0.16966351866722107,0.22163937985897064,-0.03819286078214645,0.5580820679664611,8464,-0.10727987438440323,-0.08276044577360153,0.1832755208015442,-0.37208911776542664,0.12197432294487946,8464,-0.12435829639434814,-0.09185441583395004,0.22145195305347443,-0.4208143353462219,0.08155747428536397
3,Day 3,5,Tray 5,DJI_20260621125931_0005,69,7,9,8464,0.2530440092086792,0.19408482313156128,0.19784784317016602,0.0792515866458416,0.5487576901912689,8464,-0.08452122658491135,-0.09345794469118118,0.18991835415363312,-0.3463813722133636,0.19082912951707837,8464,-0.0349268764257431,-0.09250984340906143,0.3173462152481079,-0.4365900754928589,0.4748325347900389
3,Day 3,5,Tray 5,DJI_20260621125931_0005,70,7,10,8464,0.19747553765773773,0.17222027480602264,0.17329531908035278,0.0885522097349167,0.4120628625154495,8464,-0.10077344626188278,-0.08419380336999893,0.17582650482654572,-0.33795973658561707,-0.016054174676537518,8464,-0.04556618258357048,-0.07890923321247101,0.2807534337043762,-0.4096323251724243,0.3819141894578932
3,Day 3,7,Tray 7,DJI_20260621130015_0007,1,1,1,8464,0.23667287826538086,0.16887113451957703,0.1925562024116516,0.08015558645129205,0.5317696273326873,8464,-0.11322198063135147,-0.16816431283950806,0.19339485466480255,-0.3008552998304367,0.18927729129791257,8464,0.10058476775884628,-0.10893568396568298,0.39721202850341797,-0.3173556327819824,0.6695586442947388
3,Day 3,7,Tray 7,DJI_20260621130015_0007,2,1,2,8464,0.30669495463371277,0.19886213541030884,0.19006185233592987,0.12541630417108537,0.5807094156742096,8464,-0.037104278802871704,-0.13592232763767242,0.1837759166955948,-0.1982212036848068,0.24435274302959442,8464,0.23300158977508545,0.358523964881897,0.36952489614486694,-0.1959696263074875,0.6884084045886993
3,Day 3,7,Tray 7,DJI_20260621130015_0007,3,1,3,8464,0.2984847128391266,0.20843592286109924,0.19805844128131866,0.1219960905611515,0.5755137622356414,8464,-0.036940328776836395,-0.12809917330741882,0.2246648371219635,-0.2632496654987335,0.2910954982042312,8464,0.159739688038826,0.14553168416023254,0.36622828245162964,-0.23361952602863312,0.6770792186260224
3,Day 3,7,Tray 7,DJI_20260621130015_0007,4,1,4,8464,0.33666378259658813,0.38199836015701294,0.19832909107208252,0.12650000900030137,0.5773136675357818,8464,-0.016462985426187515,-0.035079725086688995,0.2050275057554245,-0.21569418311119076,0.25218142271041866,8464,0.22005534172058105,0.36232781410217285,0.37637391686439514,-0.2761897981166839,0.6708317518234252
3,Day 3,7,Tray 7,DJI_20260621130015_0007,5,1,5,8464,0.3314278721809387,0.3965685963630676,0.19365772604942322,0.08948057889938354,0.5372720718383789,8464,-0.05871764197945595,-0.05017973482608795,0.20708414912223816,-0.3670501410961151,0.19994837939739224,8464,0.11608678102493286,0.2779446244239807,0.3742312788963318,-0.4223688840866089,0.5429243922233582
3,Day 3,7,Tray 7,DJI_20260621130015_0007,6,1,6,8464,0.26092028617858887,0.21015451848506927,0.2111169546842575,0.01021340209990742,0.5281028568744659,8464,-0.11066179722547531,-0.12038303911685944,0.21339616179466248,-0.43752304315567014,0.1405621618032455,8464,0.03453030437231064,-0.11580381542444229,0.36884066462516785,-0.46197786927223206,0.5286747574806213
3,Day 3,7,Tray 7,DJI_20260621130015_0007,7,1,7,8464,0.22534668445587158,0.1578061580657959,0.1892417073249817,0.029976711608469507,0.5003076791763306,8464,-0.140166237950325,-0.13105924427509308,0.1859036535024643,-0.4015829265117645,0.12289715111255643,8464,-0.03923887386918068,-0.12330270558595657,0.32015350461006165,-0.4521276652812958,0.456130975484848
3,Day 3,7,Tray 7,DJI_20260621130015_0007,8,1,8,8464,0.20596647262573242,0.1521262228488922,0.1762666255235672,0.030085023492574692,0.4954069644212722,8464,-0.1537693291902542,-0.1438547521829605,0.16941508650779724,-0.37508395314216614,0.07065868377685547,8464,-0.14254334568977356,-0.148345485329628,0.23889286816120148,-0.419164776802063,0.22269834876060485
3,Day 3,7,Tray 7,DJI_20260621130015_0007,9,1,9,8464,0.1906747668981552,0.15622326731681824,0.11069373786449432,0.10597394853830337,0.3715188980102539,8464,-0.16848672926425934,-0.15287162363529205,0.12839727103710175,-0.34115609228610994,-0.06806803941726684,8464,-0.10254407674074173,-0.14754098653793335,0.2752971649169922,-0.3964194357395172,0.3521461248397826
3,Day 3,7,Tray 7,DJI_20260621130015_0007,10,1,10,8464,0.18495437502861023,0.1573893129825592,0.09992004930973053,0.11718443036079407,0.3474452972412109,8464,-0.15254303812980652,-0.15580016374588013,0.13051444292068481,-0.2791617542505264,-0.0016556726070121916,8464,-0.040548842400312424,-0.1485065221786499,0.30236175656318665,-0.28282617330551146,0.5314650535583496
3,Day 3,7,Tray 7,DJI_20260621130015_0007,11,2,1,8464,0.29161226749420166,0.2135200798511505,0.23218518495559692,0.03990799896419054,0.5954463899135589,8464,-0.05429959297180176,-0.15825201570987701,0.2683630585670471,-0.3796711266040802,0.3544227421283721,8464,0.1860286295413971,0.35041433572769165,0.44649818539619446,-0.4617169499397278,0.7175926804542542
3,Day 3,7,Tray 7,DJI_20260621130015_0007,12,2,2,8464,0.288305401802063,0.21317312121391296,0.2129562795162201,0.06845118477940561,0.5704356789588928,8464,-0.04659544304013252,-0.13040342926979065,0.21640446782112122,-0.2957733869552612,0.2557206273078918,8464,0.21877264976501465,0.322867751121521,0.3730570673942566,-0.25194740295410156,0.6929295599460602
3,Day 3,7,Tray 7,DJI_20260621130015_0007,13,2,3,8464,0.3560694456100464,0.3896680176258087,0.1854773312807083,0.13740352690219879,0.5681095361709594,8464,-0.019304784014821053,-0.05012355372309685,0.1869749277830124,-0.20279662758111955,0.205642794072628,8464,0.36976897716522217,0.45036816596984863,0.2883090376853943,-0.12268677353858948,0.6710680425167084
3,Day 3,7,Tray 7,DJI_20260621130015_0007,14,2,4,8464,0.30219486355781555,0.30386051535606384,0.19661031663417816,0.06593967154622078,0.5471269369125366,8464,-0.07781053334474564,-0.10609788447618484,0.18166880309581757,-0.3070042788982391,0.15403517037630082,8464,0.15770238637924194,0.2318318784236908,0.3683066666126251,-0.336291691660881,0.6054401457309723
3,Day 3,7,Tray 7,DJI_20260621130015_0007,15,2,5,8464,0.27473878860473633,0.27796778082847595,0.23115509748458862,-0.0382978729903698,0.5473339319229126,8464,-0.09822002798318863,-0.11337683349847794,0.22415640950202942,-0.3941533476114273,0.19707807749509812,8464,0.09286653250455856,0.07731958478689194,0.4016938805580139,-0.4387813836336135,0.5800775468349456
3,Day 3,7,Tray 7,DJI_20260621130015_0007,16,2,6,8464,0.2941611707210541,0.37574297189712524,0.22995738685131073,-0.0317869871854782,0.5432036519050598,8464,-0.10566934943199158,-0.10735532641410828,0.211671844124794,-0.40625,0.16126900911331177,8464,0.04273680970072746,-0.0977080836892128,0.3846094310283661,-0.4477638304233551,0.5144321084022522
3,Day 3,7,Tray 7,DJI_20260621130015_0007,17,2,7,8464,0.26671746373176575,0.22655591368675232,0.2271580547094345,-0.021928534284234018,0.5374833822250367,8464,-0.11671647429466248,-0.1129799336194992,0.19643542170524597,-0.4054123282432556,0.1392138972878456,8464,0.0025744091253727674,-0.1074870303273201,0.34048354625701904,-0.44190141558647156,0.4634797692298889
3,Day 3,7,Tray 7,DJI_20260621130015_0007,18,2,8,8464,0.23779986798763275,0.17189374566078186,0.1732029914855957,0.05098633989691736,0.5067979097366333,8464,-0.1380058377981186,-0.13168439269065857,0.15229208767414093,-0.33496272265911103,0.0854249686002731,8464,-0.07850097119808197,-0.13151898980140686,0.27690789103507996,-0.38884177803993225,0.41051700711250305
3,Day 3,7,Tray 7,DJI_20260621130015_0007,19,2,9,8464,0.2165144830942154,0.16248485445976257,0.15425950288772583,0.07675906270742416,0.48331968486309046,8464,-0.1479709893465042,-0.14481408894062042,0.15403302013874054,-0.3472159206867218,0.07245611995458597,8464,-0.04965563118457794,-0.13560731709003448,0.3127133250236511,-0.3886764407157898,0.5035932898521422
3,Day 3,7,Tray 7,DJI_20260621130015_0007,20,2,10,8464,0.22572381794452667,0.16330201923847198,0.16210192441940308,0.10755557119846344,0.5093031883239746,8464,-0.10637110471725464,-0.15270936489105225,0.20554843544960022,-0.3213012784719467,0.23558783531188965,8464,0.05910596624016762,-0.14433421194553375,0.3914640247821808,-0.35971976816654205,0.6598544001579284
3,Day 3,7,Tray 7,DJI_20260621130015_0007,21,3,1,8464,0.29395729303359985,0.251802921295166,0.21387119591236115,0.04772474989295006,0.5866441488265989,8464,-0.04174821451306343,-0.09610050916671753,0.2252177745103836,-0.30376004576683047,0.31868042945861813,8464,0.1907711625099182,0.32428425550460815,0.3881850242614746,-0.3273906111717224,0.663143515586853
3,Day 3,7,Tray 7,DJI_20260621130015_0007,22,3,2,8464,0.31055647134780884,0.2504604160785675,0.21021172404289246,0.09440092742443086,0.6107418715953826,8464,-0.013037406839430332,-0.10132330656051636,0.22492772340774536,-0.23133823424577712,0.3371935456991196,8464,0.2668682336807251,0.3994082808494568,0.3654915690422058,-0.17701163440942763,0.7102310061454773
3,Day 3,7,Tray 7,DJI_20260621130015_0007,23,3,3,8464,0.40369781851768494,0.47672826051712036,0.21418070793151855,0.12504680454730988,0.6303981661796569,8464,0.06103934720158577,0.0989019125699997,0.24405184388160706,-0.23986589908599854,0.38110076487064354,8464,0.3462890386581421,0.45756304264068604,0.3647642433643341,-0.2619998186826706,0.7233692824840545
3,Day 3,7,Tray 7,DJI_20260621130015_0007,24,3,4,8464,0.4437190294265747,0.46666666865348816,0.1343649923801422,0.1950915902853012,0.5874132990837097,8464,0.07364639639854431,0.05822569131851196,0.15767602622509003,-0.10705596208572388,0.28977369070053094,8464,0.3733862638473511,0.4115576446056366,0.2528298795223236,0.010197249054908769,0.6517743229866028
3,Day 3,7,Tray 7,DJI_20260621130015_0007,25,3,5,8464,0.40872132778167725,0.4770723581314087,0.20926035940647125,0.0940256498754025,0.6018875002861023,8464,0.02805345319211483,0.07407033443450928,0.24431112408638,-0.3437708735466003,0.3349348247051238,8464,0.18892255425453186,0.3954358994960785,0.43989408016204834,-0.4811790406703949,0.6724706292152405
3,Day 3,7,Tray 7,DJI_20260621130015_0007,26,3,6,8464,0.36476901173591614,0.44436073303222656,0.20693115890026093,0.02272752448916436,0.5671776533126831,8464,-0.05566895753145218,-0.019037120044231415,0.2010197639465332,-0.3536681056022644,0.18289909660816192,8464,0.09442172199487686,0.2328283190727234,0.3872903883457184,-0.42335766553878784,0.5351106941699981
3,Day 3,7,Tray 7,DJI_20260621130015_0007,27,3,7,8464,0.27286213636398315,0.25087377429008484,0.2090654820203781,0.004144086502492428,0.5326678335666656,8464,-0.11341542750597,-0.11656441539525986,0.18978796899318695,-0.38026301860809325,0.14393404126167295,8464,-0.049335312098264694,-0.12732277810573578,0.34515321254730225,-0.4787931531667709,0.4518312722444534
3,Day 3,7,Tray 7,DJI_20260621130015_0007,28,3,8,8464,0.2835129201412201,0.24041402339935303,0.21077431738376617,0.050917431712150574,0.5508602559566498,8464,-0.0926709696650505,-0.11388114094734192,0.20803280174732208,-0.4049802303314209,0.17283195406198493,8464,0.022733865305781364,-0.10653246939182281,0.39455243945121765,-0.5033039450645447,0.5385274469852447
3,Day 3,7,Tray 7,DJI_20260621130015_0007,29,3,9,8464,0.25253668427467346,0.1779274046421051,0.1943284124135971,0.06415246799588205,0.5250572443008422,8464,-0.11919144541025162,-0.1340348869562149,0.2032630890607834,-0.39928242564201355,0.1629640400409698,8464,0.0015558548038825393,-0.12794381380081177,0.3921050727367401,-0.4854987174272537,0.5876410365104674
3,Day 3,7,Tray 7,DJI_20260621130015_0007,30,3,10,8464,0.2171466052532196,0.16674523055553436,0.16209830343723297,0.08279668539762497,0.49417533874511715,8464,-0.1089155375957489,-0.14947368204593658,0.21409937739372253,-0.3302556872367859,0.2302046820521353,8464,0.025670262053608894,-0.13734203577041626,0.3805287480354309,-0.40118217170238496,0.6377534449100494
3,Day 3,7,Tray 7,DJI_20260621130015_0007,31,4,1,8464,0.2875365614891052,0.20953522622585297,0.21263912320137024,0.06404596194624901,0.6131357312202453,8464,-0.02403099089860916,-0.12491356581449509,0.22922779619693756,-0.2751845240592956,0.3431970089673996,8464,0.09920423477888107,-0.12518584728240967,0.38134506344795227,-0.30770097672939295,0.6744802772998809
3,Day 3,7,Tray 7,DJI_20260621130015_0007,32,4,2,8464,0.36693286895751953,0.44059404730796814,0.23321682214736938,0.11760567501187325,0.639730018377304,8464,0.07060473412275314,0.08161433786153793,0.23584876954555511,-0.1678311675786972,0.3874824821949005,8464,0.2540489137172699,0.3868374824523926,0.3634006977081299,-0.21099843680858613,0.6936846792697906
3,Day 3,7,Tray 7,DJI_20260621130015_0007,33,4,3,8464,0.4248092770576477,0.4701468348503113,0.1760537028312683,0.15273124426603318,0.6328141629695893,8464,0.11986099928617477,0.11525320261716843,0.1911163181066513,-0.1242278665304184,0.39631085395812987,8464,0.3428361713886261,0.4237060844898224,0.29903846979141235,-0.12541739493608473,0.6843589782714844
3,Day 3,7,Tray 7,DJI_20260621130015_0007,34,4,4,8464,0.4221495985984802,0.4741753935813904,0.17300662398338318,0.15925877988338472,0.6059542953968048,8464,0.06412836909294128,0.06607308238744736,0.1773446649312973,-0.11717364937067032,0.3050878018140793,8464,0.28857675194740295,0.42237913608551025,0.35820290446281433,-0.3655815750360488,0.6562843799591065
3,Day 3,7,Tray 7,DJI_20260621130015_0007,35,4,5,8464,0.41052016615867615,0.47463640570640564,0.2049560546875,0.08727894723415375,0.6053325235843657,8464,0.013695030473172665,0.044766951352357864,0.22968526184558868,-0.332976233959198,0.307363638281822,8464,0.1558145135641098,0.3472723960876465,0.41224950551986694,-0.43763532638549807,0.6207332611083984
3,Day 3,7,Tray 7,DJI_20260621130015_0007,36,4,6,8464,0.3752458989620209,0.4473709762096405,0.20448234677314758,0.10398771986365318,0.5780952572822571,8464,-0.006599925924092531,0.021060926839709282,0.20198914408683777,-0.27354883849620815,0.2332039713859558,8464,0.050586383789777756,-0.04179699718952179,0.3734999895095825,-0.47249191999435425,0.4966104984283447
3,Day 3,7,Tray 7,DJI_20260621130015_0007,37,4,7,8464,0.3343408405780792,0.4098469316959381,0.191537544131279,0.09733470380306244,0.535586017370224,8464,-0.059476010501384735,-0.06515690684318542,0.17348159849643707,-0.33250900506973263,0.1432491585612297,8464,0.012316829524934292,-0.08642303943634033,0.3400947153568268,-0.44750794768333435,0.44844699203968047
3,Day 3,7,Tray 7,DJI_20260621130015_0007,38,4,8,8464,0.2811920940876007,0.19417664408683777,0.18196076154708862,0.11418970748782158,0.544127231836319,8464,-0.06765910238027573,-0.11201629042625427,0.186971977353096,-0.2603878080844879,0.21873903423547744,8464,0.009930171072483063,-0.12007658928632736,0.37407082319259644,-0.4373464286327362,0.618741750717163
3,Day 3,7,Tray 7,DJI_20260621130015_0007,39,4,9,8464,0.279660701751709,0.210981547832489,0.17914150655269623,0.12168769761919976,0.5345496714115143,8464,-0.07685371488332748,-0.11428571492433548,0.1952611356973648,-0.2991878092288971,0.18789595216512678,8464,-0.018762145191431046,-0.1164122149348259,0.36292871832847595,-0.5254435539245605,0.5290852010250091
3,Day 3,7,Tray 7,DJI_20260621130015_0007,40,4,10,8464,0.29657337069511414,0.22350826859474182,0.18393409252166748,0.12551210820674896,0.560787945985794,8464,-0.03607810288667679,-0.11502692103385925,0.23215459287166595,-0.3447630494832992,0.2869583874940872,8464,0.08736895769834518,-0.02683866024017334,0.4059599041938782,-0.49023187160491943,0.6031652569770813
3,Day 3,7,Tray 7,DJI_20260621130015_0007,41,5,1,8464,0.30571436882019043,0.19846780598163605,0.22281645238399506,0.09821383059024812,0.64021235704422,8464,-0.00604384858161211,-0.12254159152507782,0.237271249294281,-0.25204360485076904,0.36841373145580286,8464,0.14839999377727509,-0.013559747487306595,0.3821822702884674,-0.2762376695871353,0.6732874631881713
3,Day 3,7,Tray 7,DJI_20260621130015_0007,42,5,2,8464,0.32474637031555176,0.25942832231521606,0.22942720353603363,0.11410049870610238,0.6531054258346558,8464,0.025810327380895615,-0.0658959150314331,0.24018238484859467,-0.17486730217933655,0.3853841990232468,8464,0.21344763040542603,0.2734124958515167,0.3617706000804901,-0.1562897115945816,0.6816816926002502
3,Day 3,7,Tray 7,DJI_20260621130015_0007,43,5,3,8464,0.35239991545677185,0.3754458427429199,0.18818944692611694,0.13658536225557327,0.6042971909046173,8464,0.03332226723432541,0.00541549501940608,0.18239659070968628,-0.1341448277235031,0.3052713900804519,8464,0.20889823138713837,0.2997962236404419,0.3373429477214813,-0.20405763387680054,0.6290544927120209
3,Day 3,7,Tray 7,DJI_20260621130015_0007,44,5,4,8464,0.3637920320034027,0.4078310430049896,0.19560737907886505,0.12410244569182396,0.6079623401165009,8464,0.027257880195975304,0.011664964258670807,0.1847091019153595,-0.17224209904670712,0.2867141544818878,8464,0.08304552733898163,-0.07763157784938812,0.3398582935333252,-0.3254571855068207,0.5651774287223816
3,Day 3,7,Tray 7,DJI_20260621130015_0007,45,5,5,8464,0.3848702311515808,0.4231380820274353,0.18443270027637482,0.13000817596912384,0.5916765987873077,8464,0.03563574329018593,0.01084166020154953,0.19402915239334106,-0.1590224042534828,0.32682151496410367,8464,0.09403566271066666,0.12235207855701447,0.35717639327049255,-0.4319934457540512,0.5443593323230743
3,Day 3,7,Tray 7,DJI_20260621130015_0007,46,5,6,8464,0.32825133204460144,0.3735365867614746,0.2044019103050232,0.07799387499690055,0.5673269748687744,8464,-0.03292699530720711,-0.058948814868927,0.18398217856884003,-0.2721426635980606,0.20106060206890106,8464,-0.006827025208622217,-0.0941883772611618,0.31865161657333374,-0.40263745188713074,0.45517498254776
3,Day 3,7,Tray 7,DJI_20260621130015_0007,47,5,7,8464,0.2932681143283844,0.22207914292812347,0.19851244986057281,0.09605892449617387,0.5494158208370209,8464,-0.059031885117292404,-0.08721625059843063,0.17871665954589844,-0.2622318476438522,0.17253662347793577,8464,-0.04434948042035103,-0.10392235964536667,0.3173303008079529,-0.44640742242336273,0.44419284760951994
3,Day 3,7,Tray 7,DJI_20260621130015_0007,48,5,8,8464,0.2742960751056671,0.1815302073955536,0.20008908212184906,0.0953126221895218,0.5555962443351745,8464,-0.07116761058568954,-0.10021493583917618,0.18123175203800201,-0.2698972225189209,0.18112344741821285,8464,-0.021925438195466995,-0.11163896322250366,0.3453636169433594,-0.4356017380952835,0.533269727230072
3,Day 3,7,Tray 7,DJI_20260621130015_0007,49,5,9,8464,0.3040551543235779,0.24874824285507202,0.1829393208026886,0.12307191044092178,0.5543709993362427,8464,-0.03379995375871658,-0.09127248823642731,0.19574013352394104,-0.21167436987161636,0.238673135638237,8464,0.0706273540854454,-0.10199138522148132,0.37844017148017883,-0.43274495899677273,0.6174514293670654
3,Day 3,7,Tray 7,DJI_20260621130015_0007,50,5,10,8464,0.2702733278274536,0.18262451887130737,0.16586118936538696,0.13393190056085588,0.5399904429912566,8464,-0.04154644533991814,-0.12864328920841217,0.19814714789390564,-0.19771863520145416,0.2744054675102234,8464,0.05934205278754234,-0.1242278665304184,0.3375873863697052,-0.22897186726331709,0.5823158025741577
3,Day 3,7,Tray 7,DJI_20260621130015_0007,51,6,1,8464,0.25689494609832764,0.16349254548549652,0.19262637197971344,0.10524117499589922,0.585469901561737,8464,-0.05486459657549858,-0.13892365992069244,0.19969704747200012,-0.21453393101692197,0.2929563581943511,8464,0.08363752067089081,-0.1214163601398468,0.3290049135684967,-0.21621622145175934,0.6035524010658264
3,Day 3,7,Tray 7,DJI_20260621130015_0007,52,6,2,8464,0.2559870779514313,0.17077744007110596,0.19350184500217438,0.10703092217445374,0.5592877149581907,8464,-0.038175493478775024,-0.11732605844736099,0.2086823284626007,-0.19539358168840407,0.3319123089313507,8464,0.035365991294384,-0.11408776044845581,0.29790228605270386,-0.2015316233038902,0.5393653333187103
3,Day 3,7,Tray 7,DJI_20260621130015_0007,53,6,3,8464,0.3102330267429352,0.286638468503952,0.20112526416778564,0.10950085744261742,0.5860226809978485,8464,-0.00881910789757967,-0.057679131627082825,0.19404299557209015,-0.2202799156308174,0.27047035992145535,8464,0.1310415267944336,0.09987320005893707,0.32381927967071533,-0.27075251936912537,0.5796055793762207
3,Day 3,7,Tray 7,DJI_20260621130015_0007,54,6,4,8464,0.31028392910957336,0.31298378109931946,0.2369009256362915,0.05967568941414357,0.6459395289421082,8464,-0.011517341248691082,-0.07221408188343048,0.255026251077652,-0.3122255325317383,0.3985841482877731,8464,0.08172217756509781,-0.03827143460512161,0.37529096007347107,-0.421510910987854,0.63229444026947
3,Day 3,7,Tray 7,DJI_20260621130015_0007,55,6,5,8464,0.31640809774398804,0.3472233712673187,0.23676346242427826,0.0188213512301445,0.6130587100982665,8464,-0.01185059268027544,-0.04733416810631752,0.23807422816753387,-0.3280363082885742,0.3309312164783478,8464,0.048250798135995865,-0.07550886273384094,0.37504518032073975,-0.44215530157089233,0.5755407989025116
3,Day 3,7,Tray 7,DJI_20260621130015_0007,56,6,6,8464,0.2930854856967926,0.30552077293395996,0.2605755031108856,-0.02407608870416878,0.6047347366809844,8464,-0.03879382833838463,-0.06995779275894165,0.24367187917232513,-0.3692675530910492,0.2717165797948837,8464,-0.01932884380221367,-0.09433458000421524,0.3441902697086334,-0.4381158113479614,0.4871980458498001
3,Day 3,7,Tray 7,DJI_20260621130015_0007,57,6,7,8464,0.2604149878025055,0.17838574945926666,0.2161760926246643,0.03456672690808773,0.5434982180595398,8464,-0.0837264433503151,-0.09873893111944199,0.19188587367534637,-0.3360649347305298,0.17070357501506805,8464,-0.08124309778213501,-0.11216729879379272,0.2850469946861267,-0.43752304315567014,0.39951216280460344
3,Day 3,7,Tray 7,DJI_20260621130015_0007,58,6,8,8464,0.24260364472866058,0.17080700397491455,0.20554551482200623,0.0745086394250393,0.5487929165363312,8464,-0.0931183248758316,-0.11292295157909393,0.1736176759004593,-0.3056786924600601,0.1577304378151893,8464,-0.06495823711156845,-0.12469101697206497,0.29520922899246216,-0.41353124380111694,0.4331590592861175
3,Day 3,7,Tray 7,DJI_20260621130015_0007,59,6,9,8464,0.25552722811698914,0.19168071448802948,0.20344007015228271,0.09403349831700325,0.5378127813339233,8464,-0.08582649379968643,-0.11931119114160538,0.20568819344043732,-0.2993812561035156,0.1970275193452835,8464,-0.012735521420836449,-0.12299465388059616,0.3665063679218292,-0.47666279077529905,0.5642895221710205
3,Day 3,7,Tray 7,DJI_20260621130015_0007,60,6,10,8464,0.19860102236270905,0.1661587953567505,0.17012184858322144,0.0995017856359482,0.43006863296031944,8464,-0.10836510360240936,-0.14117968082427979,0.1778327375650406,-0.22453917264938353,0.14693865776062012,8464,0.013555758632719517,-0.13356401026248932,0.33040177822113037,-0.22770199179649353,0.5969391882419586
3,Day 3,7,Tray 7,DJI_20260621130015_0007,61,7,1,8464,0.22159981727600098,0.15415091812610626,0.19564181566238403,0.07866893336176872,0.5615508377552032,8464,-0.09110966324806213,-0.14625611901283264,0.19426529109477997,-0.2584511339664459,0.24265322834253308,8464,0.023120665922760963,-0.13381090760231018,0.30590304732322693,-0.2040223941206932,0.5577043294906616
3,Day 3,7,Tray 7,DJI_20260621130015_0007,62,7,2,8464,0.26678556203842163,0.17705129086971283,0.20406070351600647,0.10881937146186829,0.5619763135910034,8464,-0.04400100186467171,-0.1164122149348259,0.21194450557231903,-0.1888000264763832,0.29159310460090637,8464,0.09674086421728134,-0.08276690542697906,0.3415960669517517,-0.2253875359892845,0.6002147436141968
3,Day 3,7,Tray 7,DJI_20260621130015_0007,63,7,3,8464,0.2743373215198517,0.1848248839378357,0.20709925889968872,0.08487499132752419,0.5831925213336945,8464,-0.04408297315239906,-0.11020740121603012,0.2140842080116272,-0.28866036236286163,0.2990750283002853,8464,0.10271260887384415,0.002610966097563505,0.3284521698951721,-0.25578849613666527,0.5671923696994781
3,Day 3,7,Tray 7,DJI_20260621130015_0007,64,7,4,8464,0.2729334831237793,0.21835678815841675,0.2512686848640442,-0.03220916911959648,0.6167313933372496,8464,-0.04344994202256203,-0.09198370575904846,0.25941380858421326,-0.38006671369075773,0.35454846918582905,8464,0.04913128912448883,-0.08146199584007263,0.3758925795555115,-0.4585151314735412,0.5822368681430816
3,Day 3,7,Tray 7,DJI_20260621130015_0007,65,7,5,8464,0.2540484070777893,0.19549784064292908,0.2549374997615814,-0.06861903890967369,0.589657837152481,8464,-0.0742814913392067,-0.10011119395494461,0.25259512662887573,-0.39808226823806764,0.33175073564052565,8464,-0.012324068695306778,-0.10236221551895142,0.3696058988571167,-0.46196733713150023,0.5627470254898072
3,Day 3,7,Tray 7,DJI_20260621130015_0007,66,7,6,8464,0.229270339012146,0.18328645825386047,0.24280141294002533,-0.09747598171234126,0.562734067440033,8464,-0.10505586117506027,-0.10065851360559464,0.23618526756763458,-0.4393673241138458,0.23458202183246601,8464,-0.07881897687911987,-0.10840438306331635,0.2925359904766083,-0.4462299048900604,0.4108998030424117
3,Day 3,7,Tray 7,DJI_20260621130015_0007,67,7,7,8464,0.21768465638160706,0.16036546230316162,0.23237544298171997,-0.04994192719459534,0.5307226359844207,8464,-0.10966504365205765,-0.1036248505115509,0.20542427897453308,-0.39126709699630735,0.1622377634048462,8464,-0.10539288073778152,-0.11035791784524918,0.2663279175758362,-0.4436042577028274,0.3447535693645477
3,Day 3,7,Tray 7,DJI_20260621130015_0007,68,7,8,8464,0.19899870455265045,0.15272244811058044,0.21142035722732544,-0.01891629882156846,0.523809552192688,8464,-0.11846067011356354,-0.11931119114160538,0.19059954583644867,-0.4003634750843048,0.1323371455073356,8464,-0.06601395457983017,-0.12068965286016464,0.30598145723342896,-0.4526427686214447,0.4685180574655532
3,Day 3,7,Tray 7,DJI_20260621130015_0007,69,7,9,8464,0.18425382673740387,0.15064457058906555,0.19840000569820404,0.0535489071160555,0.4725934356451034,8464,-0.12958408892154694,-0.12934362888336182,0.18414291739463806,-0.37408837974071496,0.09716967716813081,8464,-0.0956704169511795,-0.12809917330741882,0.2603839933872223,-0.47143369913101196,0.35685884952545166
3,Day 3,7,Tray 7,DJI_20260621130015_0007,70,7,10,8464,0.1849835067987442,0.16215968132019043,0.1890687495470047,-0.00457331035286183,0.43839346170425403,8464,-0.14111259579658508,-0.1629481464624405,0.21085260808467865,-0.3790527254343033,0.14028301835060117,8464,-0.0653577372431755,-0.1691347062587738,0.329140305519104,-0.3966575860977173,0.5501156032085419
3,Day 3,9,Tray 9,DJI_20260621130058_0009,1,1,1,8464,0.2759823799133301,0.18613485991954803,0.18165799975395203,0.12941177189350128,0.5673958003520966,8464,-0.07967661321163177,-0.16086909174919128,0.1944044828414917,-0.23520189225673674,0.2257538482546805,8464,0.07113680243492126,-0.12412682175636292,0.35194242000579834,-0.2570811063051223,0.6639480769634246
3,Day 3,9,Tray 9,DJI_20260621130058_0009,2,1,2,8464,0.28299814462661743,0.19872242212295532,0.1781623363494873,0.1346198797225952,0.5487036883831025,8464,-0.061172716319561005,-0.1335817575454712,0.20257794857025146,-0.20948882400989532,0.22524380981922149,8464,0.07491082698106766,-0.11122827231884003,0.35756054520606995,-0.23119448274374008,0.6946282923221588
3,Day 3,9,Tray 9,DJI_20260621130058_0009,3,1,3,8464,0.3265058100223541,0.3171479105949402,0.2182088941335678,0.1045636422932148,0.6088483095169067,8464,-0.025868408381938934,-0.10214321315288544,0.2497946321964264,-0.3448275923728943,0.324864599108696,8464,0.1410476267337799,0.11884023994207382,0.40759527683258057,-0.41652326583862304,0.6919343769550323
3,Day 3,9,Tray 9,DJI_20260621130058_0009,4,1,4,8464,0.32017919421195984,0.32816439867019653,0.20699083805084229,0.09653058871626854,0.5816532373428345,8464,-0.0640730932354927,-0.10168205201625824,0.21723198890686035,-0.3675984680652618,0.2324704393744468,8464,0.09920753538608551,0.015022584237158298,0.38819020986557007,-0.3939251184463501,0.616500848531723
3,Day 3,9,Tray 9,DJI_20260621130058_0009,5,1,5,8464,0.25577232241630554,0.183339461684227,0.2223518043756485,0.024862242490053192,0.5655727684497833,8464,-0.08471527695655823,-0.1304347813129425,0.24964570999145508,-0.348326176404953,0.28966734111309045,8464,-0.007507005240768194,-0.12773464620113373,0.3645850419998169,-0.3930940628051758,0.5841011464595794
3,Day 3,9,Tray 9,DJI_20260621130058_0009,6,1,6,8464,0.2592806816101074,0.18138226866722107,0.21997399628162384,0.04371316358447075,0.5748007416725158,8464,-0.09853585064411163,-0.12438220530748367,0.23334473371505737,-0.3909966468811035,0.2537878751754761,8464,-0.014995128847658634,-0.12038303911685944,0.34188082814216614,-0.42665764391422273,0.5235386729240418
3,Day 3,9,Tray 9,DJI_20260621130058_0009,7,1,7,8464,0.20730607211589813,0.16660869121551514,0.18784327805042267,0.04510361701250076,0.4901437729597092,8464,-0.1347464621067047,-0.12176413834095001,0.19217398762702942,-0.38167220354080195,0.10031347721815109,8464,-0.1054428294301033,-0.12161051481962204,0.25918450951576233,-0.4498210042715073,0.31538015007972714
3,Day 3,9,Tray 9,DJI_20260621130058_0009,8,1,8,8464,0.1965322196483612,0.1669194996356964,0.16209891438484192,0.043793397396802915,0.46553132236003875,8464,-0.14870989322662354,-0.13095250725746155,0.16403575241565704,-0.37268680334091187,-0.010241162963211536,8464,-0.12067234516143799,-0.12794381380081177,0.21507307887077332,-0.3707112967967987,0.1446653947234153
3,Day 3,9,Tray 9,DJI_20260621130058_0009,9,1,9,8464,0.2350870668888092,0.18545860052108765,0.1402202993631363,0.12666736245155336,0.4673069715499878,8464,-0.12942615151405334,-0.14066852629184723,0.15953724086284637,-0.306428462266922,0.08053435385227203,8464,-0.053656067699193954,-0.13325031101703644,0.25603896379470825,-0.2805302381515503,0.39478186070919036
3,Day 3,9,Tray 9,DJI_20260621130058_0009,10,1,10,8464,0.20364993810653687,0.17001985013484955,0.15611229836940765,0.021947449073195457,0.4596425801515579,8464,-0.15859399735927582,-0.16683287918567657,0.17374488711357117,-0.38906086683273317,0.07347521483898163,8464,-0.054304540157318115,-0.15417136251926422,0.30539217591285706,-0.39096468687057495,0.46174763739109037
3,Day 3,9,Tray 9,DJI_20260621130058_0009,11,2,1,8464,0.24063822627067566,0.1733001321554184,0.19550958275794983,0.10091532841324807,0.5218533277511597,8464,-0.11644881218671799,-0.16249340772628784,0.20550157129764557,-0.3080548793077469,0.17610333114862442,8464,0.11724930256605148,-0.05522468686103821,0.38930419087409973,-0.24149226695299145,0.6571841835975647
3,Day 3,9,Tray 9,DJI_20260621130058_0009,12,2,2,8464,0.2672281265258789,0.19020259380340576,0.16971644759178162,0.12430167347192765,0.526214987039566,8464,-0.06594493985176086,-0.13829047977924347,0.1835542768239975,-0.22458660304546357,0.22132405936717986,8464,0.1488322764635086,-0.04331343248486519,0.3384348750114441,-0.1767241358757019,0.6267485618591309
3,Day 3,9,Tray 9,DJI_20260621130058_0009,13,2,3,8464,0.2815436124801636,0.21968111395835876,0.1845741719007492,0.09432918578386307,0.5406746923923492,8464,-0.08888155221939087,-0.12284068763256073,0.18436476588249207,-0.28799280226230617,0.19186372458934783,8464,0.14868389070034027,0.04271679371595383,0.3691791892051697,-0.26213592290878296,0.6702219724655151
3,Day 3,9,Tray 9,DJI_20260621130058_0009,14,2,4,8464,0.3448106050491333,0.38652536273002625,0.2053827941417694,0.09152035117149356,0.5737464904785157,8464,-0.05547148734331131,-0.08526958525180817,0.2175741046667099,-0.36306729912757874,0.22033898532390594,8464,0.16470135748386383,0.2624623775482178,0.39938342571258545,-0.4044895678758621,0.6164676368236541
3,Day 3,9,Tray 9,DJI_20260621130058_0009,15,2,5,8464,0.24549508094787598,0.17922556400299072,0.20954863727092743,0.006055430229753281,0.5285762667655944,8464,-0.1345321089029312,-0.1259693056344986,0.2024877667427063,-0.40014009475708007,0.14052469730377196,8464,0.012266847304999828,-0.10606284439563751,0.360218346118927,-0.41529553234577177,0.5652012646198272
3,Day 3,9,Tray 9,DJI_20260621130058_0009,16,2,6,8464,0.2161330282688141,0.17105156183242798,0.19378748536109924,-0.032713768258690816,0.4819656908512115,8464,-0.1483493596315384,-0.12130339443683624,0.17986580729484558,-0.39391544461250305,0.08895343691110609,8464,-0.04993915185332298,-0.1153479516506195,0.31667834520339966,-0.4251162379980087,0.45488324463367463
3,Day 3,9,Tray 9,DJI_20260621130058_0009,17,2,7,8464,0.2460959106683731,0.19042810797691345,0.20446379482746124,0.013399504125118256,0.5305403113365174,8464,-0.13153991103172302,-0.12438220530748367,0.20974403619766235,-0.4466160386800766,0.14466860741376875,8464,-0.07668912410736084,-0.13090306520462036,0.29976099729537964,-0.4497907668352127,0.444093519449234
3,Day 3,9,Tray 9,DJI_20260621130058_0009,18,2,8,8464,0.24027074873447418,0.1769890934228897,0.19765983521938324,0.07046656236052516,0.5229813456535339,8464,-0.1372632086277008,-0.1294993758201599,0.20098747313022614,-0.42969458997249604,0.14870442301034925,8464,-0.07355421036481857,-0.12716762721538544,0.30902203917503357,-0.4618213355541229,0.43031069934368127
3,Day 3,9,Tray 9,DJI_20260621130058_0009,19,2,9,8464,0.23065052926540375,0.18180963397026062,0.1734907329082489,0.08125659674406055,0.4827954679727554,8464,-0.14806576073169708,-0.1376580148935318,0.18319450318813324,-0.4210991859436035,0.09145728349685668,8464,-8.675822027726099e-05,-0.1261264830827713,0.37822216749191284,-0.5102143287658691,0.5713532626628876
3,Day 3,9,Tray 9,DJI_20260621130058_0009,20,2,10,8464,0.22387875616550446,0.17157258093357086,0.15232966840267181,0.12138449251651764,0.4906219244003296,8464,-0.1323765367269516,-0.14465409517288208,0.17225691676139832,-0.3396785795688629,0.12411036342382427,8464,-0.009311405941843987,-0.13513512909412384,0.3625454306602478,-0.4919120222330093,0.5877718806266784
3,Day 3,9,Tray 9,DJI_20260621130058_0009,21,3,1,8464,0.2543990910053253,0.18159615993499756,0.21897143125534058,0.036261557042598744,0.5589144825935364,8464,-0.09091272205114365,-0.15287162363529205,0.23159806430339813,-0.36217658817768095,0.2495788186788559,8464,0.1685112863779068,0.06970800459384918,0.4127284288406372,-0.3631143689155579,0.7079809963703155
3,Day 3,9,Tray 9,DJI_20260621130058_0009,22,3,2,8464,0.3344624638557434,0.3203244209289551,0.18925093114376068,0.13858246803283691,0.571865439414978,8464,-0.028428776189684868,-0.07674865424633026,0.18365344405174255,-0.18335500359535217,0.21783032715320588,8464,0.33717983961105347,0.45689868927001953,0.3178483545780182,-0.14481408894062042,0.6708068072795867
3,Day 3,9,Tray 9,DJI_20260621130058_0009,23,3,3,8464,0.3156109154224396,0.3386344313621521,0.20656122267246246,0.08785412311553956,0.5543313324451447,8464,-0.0455099381506443,-0.09785376489162445,0.2291184365749359,-0.3227599024772644,0.25130343437194824,8464,0.22357898950576782,0.39238813519477844,0.4110674262046814,-0.40982996225357055,0.6899227321147918
3,Day 3,9,Tray 9,DJI_20260621130058_0009,24,3,4,8464,0.2977045178413391,0.3468390107154846,0.23854504525661469,-0.03034216035157442,0.5590075314044952,8464,-0.07829715311527252,-0.0817832201719284,0.25908130407333374,-0.46605223417282104,0.24789965450763699,8464,0.17913365364074707,0.32820284366607666,0.4268503189086914,-0.47908755540847775,0.6796565651893616
3,Day 3,9,Tray 9,DJI_20260621130058_0009,25,3,5,8464,0.28007951378822327,0.3585277795791626,0.2515975534915924,-0.08452654406428335,0.5553603768348694,8464,-0.11309772729873657,-0.11735399067401886,0.25070473551750183,-0.4492869138717651,0.2132192298769951,8464,0.04177132993936539,-0.0016137959901243448,0.3973081409931183,-0.4909670412540435,0.5307993233203888
3,Day 3,9,Tray 9,DJI_20260621130058_0009,26,3,6,8464,0.294146329164505,0.35418444871902466,0.23191064596176147,-0.03078083656728267,0.5460789263248443,8464,-0.11736629158258438,-0.11723850667476654,0.22256618738174438,-0.4186731278896332,0.17172310948371886,8464,0.023620886728167534,-0.09491978585720062,0.38741976022720337,-0.4927277714014053,0.5407012641429901
3,Day 3,9,Tray 9,DJI_20260621130058_0009,27,3,7,8464,0.24836845695972443,0.20195746421813965,0.21492666006088257,-0.031812335550785026,0.5298547744750977,8464,-0.1498633623123169,-0.13215371966362,0.18758486211299896,-0.4037245213985443,0.10807791277766227,8464,-0.032676175236701965,-0.12022978812456131,0.3316446542739868,-0.4355531334877014,0.46891491413116454
3,Day 3,9,Tray 9,DJI_20260621130058_0009,28,3,8,8464,0.2684091329574585,0.19968679547309875,0.21082909405231476,0.009072621818631905,0.5290519177913666,8464,-0.11664613336324692,-0.11946418881416321,0.22033366560935974,-0.4710901230573654,0.15599343180656433,8464,0.06370439380407333,-0.08233117312192917,0.4206227958202362,-0.5118232607841492,0.579840588569641
3,Day 3,9,Tray 9,DJI_20260621130058_0009,29,3,9,8464,0.253907710313797,0.18361905217170715,0.19988013803958893,0.052845523878932,0.5558781027793884,8464,-0.11229635775089264,-0.13734203577041626,0.21272696554660797,-0.37267425060272213,0.20070554316043848,8464,0.0492822602391243,-0.11901465058326721,0.4038310945034027,-0.4149950951337814,0.6690746545791626
3,Day 3,9,Tray 9,DJI_20260621130058_0009,30,3,10,8464,0.2764643132686615,0.19917011260986328,0.20422881841659546,0.0889864929020405,0.5336901843547821,8464,-0.08807992935180664,-0.13671061396598816,0.24061985313892365,-0.4582812190055847,0.22377210557460778,8464,0.099662184715271,0.013677726499736309,0.4442213773727417,-0.5339951515197754,0.6897661864757537
3,Day 3,9,Tray 9,DJI_20260621130058_0009,31,4,1,8464,0.2927072048187256,0.24235393106937408,0.2442978322505951,-0.03902763277292247,0.6366833984851836,8464,-0.03441471979022026,-0.11827804148197174,0.27000948786735535,-0.39476077556610106,0.3702201545238495,8464,0.21896636486053467,0.3355048894882202,0.42550328373908997,-0.414263516664505,0.7242648005485535
3,Day 3,9,Tray 9,DJI_20260621130058_0009,32,4,2,8464,0.37404197454452515,0.3989095687866211,0.19923022389411926,0.13931655883789062,0.6374551832675933,8464,0.04703474044799805,0.028869783505797386,0.21873392164707184,-0.1614350587129593,0.381610494852066,8464,0.3513212502002716,0.4386757016181946,0.31251204013824463,-0.1343557819724083,0.7184118866920471
3,Day 3,9,Tray 9,DJI_20260621130058_0009,33,4,3,8464,0.3704841434955597,0.39182689785957336,0.21082282066345215,0.13526267558336258,0.6237755000591277,8464,0.0287159476429224,0.0068859984166920185,0.2555082440376282,-0.26359832286834717,0.3702713936567306,8464,0.2321142554283142,0.3952941298484802,0.42309898138046265,-0.4227189928293228,0.708448451757431
3,Day 3,9,Tray 9,DJI_20260621130058_0009,34,4,4,8464,0.4371533989906311,0.4801424443721771,0.1941559761762619,0.16960776895284654,0.6522676527500152,8464,0.03931618109345436,0.05714643746614456,0.2682862877845764,-0.35820895433425903,0.4085836738348007,8464,0.22120551764965057,0.3727377951145172,0.4365242123603821,-0.48481451272964476,0.723493081331253
3,Day 3,9,Tray 9,DJI_20260621130058_0009,35,4,5,8464,0.3374009430408478,0.40852659940719604,0.24224503338336945,-0.008627838734537353,0.5927979409694671,8464,-0.05058010667562485,-0.017975961789488792,0.27644118666648865,-0.4395270854234695,0.30626615285873415,8464,0.09286122024059296,0.26569807529449463,0.4438542425632477,-0.5301340818405151,0.6313041865825653
3,Day 3,9,Tray 9,DJI_20260621130058_0009,36,4,6,8464,0.32492944598197937,0.4071055054664612,0.2277344912290573,-0.007565942266955963,0.5678808093070984,8464,-0.08975464850664139,-0.0997946634888649,0.24679303169250488,-0.4130758047103882,0.23158529251813886,8464,0.046304866671562195,-0.07522647082805634,0.4030235707759857,-0.4625432938337326,0.5402750372886658
3,Day 3,9,Tray 9,DJI_20260621130058_0009,37,4,7,8464,0.3312264084815979,0.40368226170539856,0.22668558359146118,0.07750768065452579,0.5755148530006409,8464,-0.05800415575504303,-0.08622395247220993,0.21821174025535583,-0.3534041106700897,0.20981039106845856,8464,-0.008861196227371693,-0.10265904664993286,0.3708779215812683,-0.5208462715148926,0.5012039721012116
3,Day 3,9,Tray 9,DJI_20260621130058_0009,38,4,8,8464,0.2910654544830322,0.2545243799686432,0.19889846444129944,0.1046266108751297,0.5247804522514343,8464,-0.07242283970117569,-0.10273326933383942,0.20857484638690948,-0.36287735104560853,0.18133129179477692,8464,-0.009539883583784103,-0.10548694431781769,0.399752140045166,-0.5616955876350402,0.5185713052749634
3,Day 3,9,Tray 9,DJI_20260621130058_0009,39,4,9,8464,0.2354983538389206,0.18708519637584686,0.18271757662296295,0.06524596065282824,0.497805655002594,8464,-0.12826941907405853,-0.12314865738153458,0.1991262584924698,-0.40551190376281737,0.13256521970033644,8464,-0.05901730805635452,-0.1267024278640747,0.3811998665332794,-0.5333445012569428,0.5898069441318512
3,Day 3,9,Tray 9,DJI_20260621130058_0009,40,4,10,8464,0.30017343163490295,0.23728813230991364,0.19056543707847595,0.11529888212680817,0.5602157115936279,8464,-0.0741107240319252,-0.1319972425699234,0.221320241689682,-0.3065082162618637,0.23560209572315216,8464,0.08152002096176147,-0.07735718041658401,0.4283258616924286,-0.4807448983192444,0.6647090315818787
3,Day 3,9,Tray 9,DJI_20260621130058_0009,41,5,1,8464,0.31446343660354614,0.21378368139266968,0.21215593814849854,0.11188540607690811,0.6527601599693298,8464,0.013959300704300404,-0.11190788447856903,0.24225710332393646,-0.20229278355836866,0.41413170099258423,8464,0.1438862830400467,-0.08425135910511017,0.3702083230018616,-0.21525975614786147,0.6892573297023773
3,Day 3,9,Tray 9,DJI_20260621130058_0009,42,5,2,8464,0.3969719111919403,0.44630110263824463,0.20669667422771454,0.14428502768278123,0.672099506855011,8464,0.09642071276903152,0.09393960982561111,0.22711023688316345,-0.15053575336933134,0.4487487405538559,8464,0.22508268058300018,0.3436378538608551,0.37595996260643005,-0.23361802399158477,0.7336110889911651
3,Day 3,9,Tray 9,DJI_20260621130058_0009,43,5,3,8464,0.4309472441673279,0.4606367349624634,0.18522576987743378,0.16484307050704958,0.6907400488853455,8464,0.11289886385202408,0.09244882315397263,0.2316819429397583,-0.15140415728092194,0.4919210493564605,8464,0.20762570202350616,0.36355698108673096,0.42667460441589355,-0.4476820588111877,0.7392491936683655
3,Day 3,9,Tray 9,DJI_20260621130058_0009,44,5,4,8464,0.452432245016098,0.49214330315589905,0.19179585576057434,0.1694753333926201,0.6762257039546966,8464,0.09659701585769653,0.11179003864526749,0.25497275590896606,-0.2610040307044983,0.4386765658855438,8464,0.17116330564022064,0.27667421102523804,0.44474098086357117,-0.5029453575611115,0.7165168166160584
3,Day 3,9,Tray 9,DJI_20260621130058_0009,45,5,5,8464,0.3642919957637787,0.415966659784317,0.24263030290603638,0.07566735967993737,0.6553115725517272,8464,0.039369847625494,0.027352165430784225,0.2742748260498047,-0.28199700415134427,0.4209338575601577,8464,0.043368615210056305,-0.07452112436294556,0.40625637769699097,-0.4955353170633316,0.5884341418743132
3,Day 3,9,Tray 9,DJI_20260621130058_0009,46,5,6,8464,0.39286965131759644,0.478806734085083,0.2320806235074997,0.08321001827716827,0.616123503446579,8464,0.01988047920167446,0.0707513839006424,0.24501101672649384,-0.36652644276618956,0.2891568630933762,8464,0.06747166812419891,-0.03057757578790188,0.38627326488494873,-0.4926189184188843,0.5308162212371825
3,Day 3,9,Tray 9,DJI_20260621130058_0009,47,5,7,8464,0.3265293836593628,0.325389564037323,0.19211091101169586,0.10985632687807087,0.5632753074169159,8464,-0.05618435516953468,-0.08476821333169937,0.20255973935127258,-0.2993812561035156,0.22904012501239776,8464,-0.06393098831176758,-0.1021396815776825,0.29180482029914856,-0.4147055447101593,0.4197614550590515
3,Day 3,9,Tray 9,DJI_20260621130058_0009,48,5,8,8464,0.32405591011047363,0.2842686176300049,0.1931900829076767,0.1114826038479805,0.5887749791145325,8464,-0.04567492753267288,-0.08852226287126541,0.22611123323440552,-0.32609489262104036,0.27444324493408195,8464,0.017097530886530876,-0.0931660458445549,0.3925468921661377,-0.4585930407047272,0.6513582825660704
3,Day 3,9,Tray 9,DJI_20260621130058_0009,49,5,9,8464,0.2972394526004791,0.21226289868354797,0.20708394050598145,0.11609891429543495,0.5713077366352081,8464,-0.025275452062487602,-0.08938547223806381,0.2527540624141693,-0.2691771388053894,0.3474254608154297,8464,0.04688618704676628,-0.09491978585720062,0.42626363039016724,-0.5060684084892273,0.7258984088897705
3,Day 3,9,Tray 9,DJI_20260621130058_0009,50,5,10,8464,0.2997705936431885,0.2168661504983902,0.1907028704881668,0.12643075585365296,0.5652701795101165,8464,-0.02554551139473915,-0.11292295157909393,0.24006713926792145,-0.27924151420593263,0.3295996725559234,8464,0.0712200179696083,-0.10825439542531967,0.42438048124313354,-0.5149833559989929,0.6785586059093475
3,Day 3,9,Tray 9,DJI_20260621130058_0009,51,6,1,8464,0.3081805408000946,0.19721786677837372,0.20847423374652863,0.12266450375318527,0.6395733416080475,8464,-0.007982456125319004,-0.12499077618122101,0.2292037308216095,-0.21877744346857067,0.3557574152946472,8464,0.15015453100204468,-0.028524082154035568,0.34645146131515503,-0.20280417948961257,0.6432298898696899
3,Day 3,9,Tray 9,DJI_20260621130058_0009,52,6,2,8464,0.33007851243019104,0.26988112926483154,0.2162533849477768,0.12751997858285904,0.6535776793956757,8464,0.023202616721391678,-0.08723799139261246,0.24837557971477509,-0.20773392468690868,0.42647118270397183,8464,0.14532999694347382,0.11136256158351898,0.3823394477367401,-0.332058173418045,0.7028896570205688
3,Day 3,9,Tray 9,DJI_20260621130058_0009,53,6,3,8464,0.3358064889907837,0.33222484588623047,0.21293069422245026,0.10500261336565019,0.6131367444992065,8464,0.020595373585820198,-0.033812589943408966,0.23616737127304077,-0.24682055711746215,0.3635169923305511,8464,0.07478554546833038,-0.013162575662136078,0.37521830201148987,-0.4008901685476303,0.6317938804626464
3,Day 3,9,Tray 9,DJI_20260621130058_0009,54,6,4,8464,0.35802537202835083,0.40691810846328735,0.23179462552070618,0.06526480540633202,0.6488875627517701,8464,0.03527963161468506,0.031868577003479004,0.2535216808319092,-0.2930217981338501,0.3806949853897095,8464,0.08835593611001968,-0.031249187886714935,0.40063899755477905,-0.4722801238298416,0.6327654242515564
3,Day 3,9,Tray 9,DJI_20260621130058_0009,55,6,5,8464,0.34750980138778687,0.3501889109611511,0.2179727554321289,0.08943385928869248,0.6411927998065948,8464,0.029282836243510246,-0.03108900412917137,0.23541438579559326,-0.22862286865711212,0.3843568623065948,8464,0.03448466956615448,-0.08104540407657623,0.3616264760494232,-0.41098751723766325,0.5768490433692931
3,Day 3,9,Tray 9,DJI_20260621130058_0009,56,6,6,8464,0.34117552638053894,0.3551507294178009,0.21490754187107086,0.09000389948487282,0.6100693702697754,8464,0.0007294978713616729,-0.04389738291501999,0.2244458794593811,-0.2657836616039276,0.3162146091461181,8464,-0.011566425673663616,-0.09243697673082352,0.34342271089553833,-0.4469197958707809,0.4893081784248352
3,Day 3,9,Tray 9,DJI_20260621130058_0009,57,6,7,8464,0.32960426807403564,0.3166571259498596,0.21181997656822205,0.08949771523475647,0.5956034779548645,8464,-0.05120654031634331,-0.08967535942792892,0.23753876984119415,-0.3712107241153717,0.27590319216251374,8464,-0.0013493691803887486,-0.09387006610631943,0.37725338339805603,-0.49561724066734314,0.5518672466278076
3,Day 3,9,Tray 9,DJI_20260621130058_0009,58,6,8,8464,0.2590101957321167,0.2099369466304779,0.20374764502048492,0.07109242677688599,0.5590195417404175,8464,-0.07500367611646652,-0.09200000017881393,0.2098236232995987,-0.3228374421596527,0.23142408281564708,8464,-0.067622609436512,-0.09649093449115753,0.28672417998313904,-0.4354122936725616,0.4146730542182922
3,Day 3,9,Tray 9,DJI_20260621130058_0009,59,6,9,8464,0.2634589374065399,0.17681266367435455,0.1825655698776245,0.11679280400276185,0.5639683902263641,8464,-0.050030454993247986,-0.10780467838048935,0.20432546734809875,-0.23374110460281372,0.27468083798885334,8464,-0.03720426931977272,-0.11337683349847794,0.349181592464447,-0.402733564376831,0.5752686500549316
3,Day 3,9,Tray 9,DJI_20260621130058_0009,60,6,10,8464,0.2863536775112152,0.2022574245929718,0.20105285942554474,0.1328645497560501,0.5835294902324677,8464,-0.05702231079339981,-0.12608277797698975,0.23120611906051636,-0.2532635301351547,0.29938500523567196,8464,-0.021480277180671692,-0.13090306520462036,0.36165133118629456,-0.40023335814476013,0.6601148843765259
3,Day 3,9,Tray 9,DJI_20260621130058_0009,61,7,1,8464,0.23434004187583923,0.16370104253292084,0.18678034842014313,0.10539110004901887,0.5490504860877989,8464,-0.0718657374382019,-0.15125104784965515,0.23166806995868683,-0.22734767049551008,0.37055158317089076,8464,0.016679920256137848,-0.13744103908538818,0.30640310049057007,-0.20505598187446591,0.5673827886581421
3,Day 3,9,Tray 9,DJI_20260621130058_0009,62,7,2,8464,0.2788940668106079,0.18469813466072083,0.20347800850868225,0.11610510796308518,0.5962199807167053,8464,-0.042443450540304184,-0.1251259595155716,0.22905519604682922,-0.2753776013851166,0.3407492697238922,8464,0.06757448613643646,-0.0996195375919342,0.31697791814804077,-0.20294426381587982,0.5998791456222534
3,Day 3,9,Tray 9,DJI_20260621130058_0009,63,7,3,8464,0.29689905047416687,0.2608393132686615,0.23364076018333435,0.031208476796746265,0.6207667410373686,8464,-0.052242591977119446,-0.10095442831516266,0.25492435693740845,-0.34421090185642245,0.33901572823524473,8464,0.07180831581354141,-0.04460028558969498,0.3752898871898651,-0.35876289308071135,0.6530554890632629
3,Day 3,9,Tray 9,DJI_20260621130058_0009,64,7,4,8464,0.3222178816795349,0.36471104621887207,0.26232802867889404,-0.02352634929120535,0.6146170318126678,8464,-0.02081962302327156,-0.027158917859196663,0.27599239349365234,-0.4624578833580017,0.30599913001060486,8464,0.08490912616252899,-0.022182786837220192,0.4359242022037506,-0.5189872920513153,0.6766695618629455
3,Day 3,9,Tray 9,DJI_20260621130058_0009,65,7,5,8464,0.27295342087745667,0.23243236541748047,0.24944806098937988,-0.06178489699959755,0.6165471911430359,8464,-0.07912487536668777,-0.10615883022546768,0.2529904544353485,-0.39514574110507966,0.30188848972320553,8464,-0.02810422144830227,-0.1028127670288086,0.3287582993507385,-0.3928571343421936,0.5311484575271607
3,Day 3,9,Tray 9,DJI_20260621130058_0009,66,7,6,8464,0.2650164067745209,0.2227112054824829,0.22666990756988525,-0.006403580494225012,0.5882405698299408,8464,-0.09361841529607773,-0.11603189259767532,0.2452535778284073,-0.3877648293972015,0.2732215523719787,8464,-0.05348781496286392,-0.12030641734600067,0.3323982357978821,-0.4312398910522461,0.5230951368808746
3,Day 3,9,Tray 9,DJI_20260621130058_0009,67,7,7,8464,0.23931345343589783,0.1765068620443344,0.2292545884847641,-0.0005803562089567912,0.5981385648250579,8464,-0.10228167474269867,-0.09375,0.23391872644424438,-0.3947080671787262,0.24628013521432876,8464,-0.08823125064373016,-0.09535910189151764,0.28803935647010803,-0.4552238881587982,0.408270639181137
3,Day 3,9,Tray 9,DJI_20260621130058_0009,68,7,8,8464,0.23802456259727478,0.16540327668190002,0.22099898755550385,0.030073528736829797,0.5826471984386444,8464,-0.08304145187139511,-0.10080645233392715,0.22776421904563904,-0.37021873593330384,0.23468218445777883,8464,-0.08642623573541641,-0.10660721361637115,0.29198765754699707,-0.46055132150650024,0.3989061802625655
3,Day 3,9,Tray 9,DJI_20260621130058_0009,69,7,9,8464,0.23079372942447662,0.17892439663410187,0.20207533240318298,0.04013761691749097,0.5248523771762847,8464,-0.11694665253162384,-0.11977030336856842,0.211493119597435,-0.3863620102405548,0.14555720835924146,8464,-0.058928899466991425,-0.11352821439504623,0.3092099726200104,-0.4249929070472717,0.445749807357788
3,Day 3,9,Tray 9,DJI_20260621130058_0009,70,7,10,8464,0.23839324712753296,0.18742279708385468,0.1939547210931778,0.08327266052365305,0.541496354341507,8464,-0.09605123102664948,-0.13671061396598816,0.21787749230861664,-0.3137212067842483,0.24224443733692141,8464,-0.038472965359687805,-0.1319434940814972,0.3327023386955261,-0.395622593164444,0.5613437294960022
4,Day 4,1,Tray 1,DJI_20260622122222_0001,1,1,1,8464,0.2481229454278946,0.18762724101543427,0.1692609041929245,0.12439728602766992,0.5360920310020446,8464,-0.10411527752876282,-0.15238496661186218,0.17658212780952454,-0.24199031144380567,0.1458333283662796,8464,0.0402815118432045,-0.139398992061615,0.3356833755970001,-0.23045073896646495,0.6629294753074646
4,Day 4,1,Tray 1,DJI_20260622122222_0001,2,1,2,8464,0.29304397106170654,0.20947463810443878,0.19056183099746704,0.13270429372787476,0.580452686548233,8464,-0.059825919568538666,-0.1341041922569275,0.19937501847743988,-0.21760849505662916,0.24268392771482464,8464,0.09146765619516373,-0.08612343668937683,0.3363792598247528,-0.20634346306324006,0.6358593106269836
4,Day 4,1,Tray 1,DJI_20260622122222_0001,3,1,3,8464,0.28509125113487244,0.20744681358337402,0.1826014518737793,0.1339203104376793,0.5710797667503357,8464,-0.05579090118408203,-0.1220715194940567,0.2042699158191681,-0.2513369023799896,0.24937732070684418,8464,0.11245803534984589,-0.04763955622911453,0.32158198952674866,-0.18057458102703094,0.6126098036766052
4,Day 4,1,Tray 1,DJI_20260622122222_0001,4,1,4,8464,0.2882979214191437,0.241292804479599,0.21708233654499054,0.09508568793535233,0.5566729068756103,8464,-0.06782494485378265,-0.10407117754220963,0.2422804981470108,-0.43791574239730835,0.24947033822536469,8464,0.08579079806804657,-0.037450604140758514,0.3874557614326477,-0.4384678870439529,0.6104279160499573
4,Day 4,1,Tray 1,DJI_20260622122222_0001,5,1,5,8464,0.2623874843120575,0.21893996000289917,0.20794329047203064,0.030003983713686483,0.5513912439346313,8464,-0.09600172191858292,-0.11885245889425278,0.21700872480869293,-0.3673700988292694,0.21129956096410746,8464,0.030635729432106018,-0.10810999572277069,0.3549633324146271,-0.3820304960012436,0.5783251523971558
4,Day 4,1,Tray 1,DJI_20260622122222_0001,6,1,6,8464,0.24317814409732819,0.19621625542640686,0.2196904867887497,-0.039393473044037765,0.5515728771686554,8464,-0.11326418071985245,-0.13797415792942047,0.23501776158809662,-0.39904338121414185,0.22562329173088072,8464,-0.040668848901987076,-0.13876529037952423,0.34263259172439575,-0.4222186774015427,0.522671091556549
4,Day 4,1,Tray 1,DJI_20260622122222_0001,7,1,7,8464,0.28047898411750793,0.19992175698280334,0.20586638152599335,0.0656181581318379,0.5580252945423126,8464,-0.10377345979213715,-0.1365528702735901,0.2124323695898056,-0.3654608458280563,0.21030832827091217,8464,-0.04324842616915703,-0.14019212126731873,0.3301159739494324,-0.41465190052986145,0.49904494881629946
4,Day 4,1,Tray 1,DJI_20260622122222_0001,8,1,8,8464,0.2589179277420044,0.18796813488006592,0.1947563886642456,0.06196938864886766,0.5449837863445282,8464,-0.12947610020637512,-0.15563708543777466,0.185684472322464,-0.34364728033542635,0.13954101502895355,8464,-0.09736091643571854,-0.1618669331073761,0.2941875159740448,-0.4205481201410293,0.45819975137710567
4,Day 4,1,Tray 1,DJI_20260622122222_0001,9,1,9,8464,0.23858174681663513,0.1894475817680359,0.16046790778636932,0.09871535003185272,0.5074512183666229,8464,-0.16557005047798157,-0.17066895961761475,0.1447448432445526,-0.3326601773500442,0.029840980283915897,8464,-0.14038172364234924,-0.17469879984855652,0.2547331154346466,-0.4234835177659988,0.2793685764074325
4,Day 4,1,Tray 1,DJI_20260622122222_0001,10,1,10,8464,0.2154620736837387,0.19082126021385193,0.10810156911611557,0.14145805835723876,0.37379396855831143,8464,-0.16235052049160004,-0.17648790776729584,0.11469117552042007,-0.2785678833723068,-0.034959620982408526,8464,-0.06299880146980286,-0.1736629456281662,0.2735881805419922,-0.2843029499053955,0.4474781155586241
4,Day 4,1,Tray 1,DJI_20260622122222_0001,11,2,1,8464,0.2865992486476898,0.2085706889629364,0.18868738412857056,0.1265898361802101,0.5659822523593903,8464,-0.05668840557336807,-0.13924050331115723,0.20600776374340057,-0.26574380695819855,0.2395989224314689,8464,0.16153785586357117,-0.027280952781438828,0.3819802701473236,-0.25095462799072266,0.6947855532169341
4,Day 4,1,Tray 1,DJI_20260622122222_0001,12,2,2,8464,0.3003321886062622,0.2034558206796646,0.21365296840667725,0.09879298433661463,0.5827200591564179,8464,-0.03939018398523331,-0.12608277797698975,0.23805846273899078,-0.2917202562093734,0.30467274487018586,8464,0.21943651139736176,0.29916566610336304,0.3823991119861603,-0.19768555462360382,0.7321818768978119
4,Day 4,1,Tray 1,DJI_20260622122222_0001,13,2,3,8464,0.314018577337265,0.2684252858161926,0.18474841117858887,0.1338323086500168,0.562353390455246,8464,-0.03775658458471298,-0.09598895907402039,0.19496247172355652,-0.24010115414857863,0.23377499282360076,8464,0.22390054166316986,0.28094691038131714,0.36272358894348145,-0.18267148733139038,0.7014573574066162
4,Day 4,1,Tray 1,DJI_20260622122222_0001,14,2,4,8464,0.31002041697502136,0.27841341495513916,0.20000198483467102,0.10923310518264773,0.57612544298172,8464,-0.04221327230334282,-0.09198206663131714,0.22352160513401031,-0.30644455552101135,0.2776982247829437,8464,0.17717094719409943,0.19099846482276917,0.3588038980960846,-0.26795326471328734,0.6702500283718109
4,Day 4,1,Tray 1,DJI_20260622122222_0001,15,2,5,8464,0.2854999899864197,0.2808932065963745,0.24594217538833618,0.003739784518256787,0.5707947015762329,8464,-0.07059353590011597,-0.09214562177658081,0.2630365490913391,-0.4626157879829407,0.2699512124061584,8464,0.1294041872024536,0.19763877987861633,0.41740816831588745,-0.5282988369464874,0.6260371923446655
4,Day 4,1,Tray 1,DJI_20260622122222_0001,16,2,6,8464,0.27859267592430115,0.26631253957748413,0.25965389609336853,-0.06870970278978344,0.5670486271381379,8464,-0.09196685254573822,-0.11557583510875702,0.27605414390563965,-0.5190296411514281,0.2480091005563736,8464,0.05331649258732796,-0.10608413815498352,0.42428332567214966,-0.5377250730991363,0.5760218799114227
4,Day 4,1,Tray 1,DJI_20260622122222_0001,17,2,7,8464,0.22355711460113525,0.18255174160003662,0.22688108682632446,-0.0873281568288803,0.5351224601268768,8464,-0.15335358679294586,-0.1467835158109665,0.21595413982868195,-0.4364749133586884,0.148133584856987,8464,-0.07617110013961792,-0.14417435228824615,0.3400512933731079,-0.4768507987260818,0.48915951848030087
4,Day 4,1,Tray 1,DJI_20260622122222_0001,18,2,8,8464,0.23448556661605835,0.1844155192375183,0.1989293247461319,0.004745056061074149,0.527777361869812,8464,-0.1525132805109024,-0.15465952455997467,0.19813063740730286,-0.40891632735729216,0.1287563845515251,8464,-0.10559272766113281,-0.15400873124599457,0.29416611790657043,-0.4553259879350662,0.4302675545215606
4,Day 4,1,Tray 1,DJI_20260622122222_0001,19,2,9,8464,0.21421989798545837,0.1819448620080948,0.16310463845729828,0.04387661069631584,0.4878924429416656,8464,-0.17689158022403717,-0.1653386503458023,0.15317809581756592,-0.3877449244260788,0.03867021016776554,8464,-0.08511745184659958,-0.15923567116260529,0.31172093749046326,-0.44396650791168213,0.45889536738395686
4,Day 4,1,Tray 1,DJI_20260622122222_0001,20,2,10,8464,0.212082177400589,0.19003444910049438,0.13544240593910217,0.10980668589472771,0.40845919847488404,8464,-0.16368362307548523,-0.17754468321800232,0.17448048293590546,-0.3442561089992523,0.05542082190513611,8464,-0.0796416699886322,-0.17168453335762024,0.33034536242485046,-0.43332165479660034,0.5534295320510862
4,Day 4,1,Tray 1,DJI_20260622122222_0001,21,3,1,8464,0.29514139890670776,0.21307142078876495,0.21155020594596863,0.08157899305224418,0.5956332087516785,8464,-0.06611742824316025,-0.14273755252361298,0.23072850704193115,-0.3058868765830993,0.28662072122097004,8464,0.21758894622325897,0.29093509912490845,0.3810984790325165,-0.27739575803279876,0.7085362374782562
4,Day 4,1,Tray 1,DJI_20260622122222_0001,22,3,2,8464,0.3086988627910614,0.2332870066165924,0.2120496928691864,0.11297330334782603,0.5868695437908172,8464,-0.027402084320783615,-0.10940822958946228,0.2333327829837799,-0.253827303647995,0.31598235666751856,8464,0.2428753823041916,0.3281337022781372,0.3718777298927307,-0.18558193743228912,0.7267772912979126
4,Day 4,1,Tray 1,DJI_20260622122222_0001,23,3,3,8464,0.3685280680656433,0.42266392707824707,0.21111321449279785,0.1494849279522896,0.6009257018566131,8464,-0.012033678591251373,-0.02143092080950737,0.22316959500312805,-0.2262352630496025,0.2750125080347061,8464,0.3389514088630676,0.4512495696544647,0.3331862986087799,-0.146699021756649,0.6638248920440674
4,Day 4,1,Tray 1,DJI_20260622122222_0001,24,3,4,8464,0.3476801812648773,0.40922024846076965,0.22557035088539124,0.04512845091521741,0.585185170173645,8464,-0.0345073901116848,-0.04530753195285797,0.2347245216369629,-0.3682568550109863,0.26707299053668965,8464,0.2648266851902008,0.4072677493095398,0.36459076404571533,-0.3625604838132858,0.6302788853645325
4,Day 4,1,Tray 1,DJI_20260622122222_0001,25,3,5,8464,0.310803085565567,0.3895576298236847,0.28291067481040955,-0.09010989218950272,0.5843157112598419,8464,-0.03631597012281418,0.003781838808208704,0.3221278488636017,-0.525680023431778,0.3313252925872803,8464,0.15817664563655853,0.38491955399513245,0.47964224219322205,-0.55821892619133,0.6891777813434601
4,Day 4,1,Tray 1,DJI_20260622122222_0001,26,3,6,8464,0.26467636227607727,0.28005558252334595,0.26461324095726013,-0.1284099519252777,0.5635637640953064,8464,-0.11181402951478958,-0.14673760533332825,0.27753785252571106,-0.47594159841537476,0.25857217013835904,8464,0.006478126626461744,-0.13702623546123505,0.43839967250823975,-0.5421577334403992,0.5725581049919128
4,Day 4,1,Tray 1,DJI_20260622122222_0001,27,3,7,8464,0.2520157992839813,0.20920762419700623,0.23658834397792816,-0.08903485760092732,0.5446540713310242,8464,-0.14021044969558716,-0.1520848423242569,0.23143725097179413,-0.45186331272125246,0.18292156308889387,8464,-0.05600797384977341,-0.14887285232543945,0.35965654253959656,-0.49124062061309814,0.4852860182523727
4,Day 4,1,Tray 1,DJI_20260622122222_0001,28,3,8,8464,0.26710307598114014,0.21357040107250214,0.24462859332561493,0.005614467663690461,0.5472935795783996,8464,-0.11335763335227966,-0.13513512909412384,0.2651003301143646,-0.49618983566761016,0.21968888342380521,8464,-0.00039502669824287295,-0.13750000298023224,0.42717283964157104,-0.5246202766895294,0.5597982048988341
4,Day 4,1,Tray 1,DJI_20260622122222_0001,29,3,9,8464,0.24132563173770905,0.1957682967185974,0.2113175392150879,0.06632955968379975,0.5262815773487091,8464,-0.13873448967933655,-0.15661630034446716,0.23661334812641144,-0.480048930644989,0.1842587277293205,8464,-0.05752295255661011,-0.1583339273929596,0.40934380888938904,-0.5690957307815552,0.584751158952713
4,Day 4,1,Tray 1,DJI_20260622122222_0001,30,3,10,8464,0.25228196382522583,0.1950155794620514,0.16964063048362732,0.09080312177538873,0.5209177672863007,8464,-0.11718962341547012,-0.17486730217933655,0.22346243262290955,-0.3489026308059692,0.22846182137727736,8464,0.0414557158946991,-0.15547403693199158,0.4080597162246704,-0.41480515599250795,0.6564764976501465
4,Day 4,1,Tray 1,DJI_20260622122222_0001,31,4,1,8464,0.31038784980773926,0.28551849722862244,0.22224819660186768,0.03343275971710696,0.5896353900432587,8464,-0.02709323540329933,-0.0733896791934967,0.24601657688617706,-0.35170820355415344,0.33011531829833984,8464,0.23949921131134033,0.3918451964855194,0.4060342013835907,-0.37300923466682434,0.7034130156040191
4,Day 4,1,Tray 1,DJI_20260622122222_0001,32,4,2,8464,0.3606640100479126,0.4000672698020935,0.2076406031847,0.13770753741264344,0.6012731432914734,8464,0.028917226940393448,0.02364184334874153,0.22860224545001984,-0.19047621041536328,0.327755457162857,8464,0.32507744431495667,0.4469296336174011,0.3615959584712982,-0.1738569587469101,0.7233026564121247
4,Day 4,1,Tray 1,DJI_20260622122222_0001,33,4,3,8464,0.3788321316242218,0.4044192433357239,0.19735169410705566,0.14440658539533616,0.6145174562931061,8464,0.03222839906811714,0.0057813855819404125,0.22740112245082855,-0.21220835149288178,0.3647231161594391,8464,0.27119654417037964,0.4196282625198364,0.4072660207748413,-0.40153333842754363,0.7097803235054017
4,Day 4,1,Tray 1,DJI_20260622122222_0001,34,4,4,8464,0.4217471182346344,0.4778200387954712,0.2334454208612442,0.12966323643922806,0.6792151093482971,8464,0.07632550597190857,0.09422948956489563,0.296054482460022,-0.38885460495948787,0.4699917197227477,8464,0.23114226758480072,0.4149666428565979,0.44126322865486145,-0.4662023067474365,0.7313633382320404
4,Day 4,1,Tray 1,DJI_20260622122222_0001,35,4,5,8464,0.3821783661842346,0.46881103515625,0.26564520597457886,0.03267115354537968,0.6597666501998901,8464,0.04897291585803032,0.09929010272026062,0.31903597712516785,-0.4262644588947296,0.4665700197219848,8464,0.11483568698167801,0.30761203169822693,0.4812721610069275,-0.535913348197937,0.7161392748355866
4,Day 4,1,Tray 1,DJI_20260622122222_0001,36,4,6,8464,0.3142467439174652,0.4094533622264862,0.2550310492515564,-0.0438187927007675,0.5711965560913086,8464,-0.08176188915967941,-0.053376540541648865,0.26449909806251526,-0.44106417596340175,0.25267739593982674,8464,0.05251610651612282,0.19952493906021118,0.43273577094078064,-0.5163858532905579,0.5510203838348389
4,Day 4,1,Tray 1,DJI_20260622122222_0001,37,4,7,8464,0.34306079149246216,0.43666890263557434,0.23611070215702057,0.08442535251379013,0.5697842895984649,8464,-0.046739086508750916,-0.07153064012527466,0.24782684445381165,-0.38794768750667574,0.23866244703531264,8464,0.0203255582600832,-0.10236221551895142,0.39887765049934387,-0.5057914853096008,0.5173672318458556
4,Day 4,1,Tray 1,DJI_20260622122222_0001,38,4,8,8464,0.27502623200416565,0.21250028908252716,0.2024775743484497,0.06153238564729693,0.5410849094390869,8464,-0.12311425805091858,-0.14210012555122375,0.20945750176906586,-0.40104347467422485,0.18147800266742706,8464,-0.09020796418190002,-0.15776081383228302,0.33904996514320374,-0.4930456131696701,0.470173180103302
4,Day 4,1,Tray 1,DJI_20260622122222_0001,39,4,9,8464,0.30977103114128113,0.24146954715251923,0.20056313276290894,0.13934627175331116,0.5733264863491058,8464,-0.06004766374826431,-0.13379603624343872,0.23967812955379486,-0.29595277607440945,0.2732072174549103,8464,0.024523770436644554,-0.13781210780143738,0.40265005826950073,-0.485451278090477,0.6307314395904541
4,Day 4,1,Tray 1,DJI_20260622122222_0001,40,4,10,8464,0.2820931375026703,0.21588855981826782,0.16438286006450653,0.14024236649274827,0.5338938057422637,8464,-0.09356984496116638,-0.15430240333080292,0.2056715041399002,-0.30596188008785247,0.21056194454431532,8464,0.00985368900001049,-0.14170211553573608,0.38041359186172485,-0.44532366693019865,0.6483651995658875
4,Day 4,1,Tray 1,DJI_20260622122222_0001,41,5,1,8464,0.3276516795158386,0.26113077998161316,0.21946413815021515,0.1160832941532135,0.6565613925457,8464,0.01588759943842888,-0.08598466217517853,0.2544329762458801,-0.257485032081604,0.4188518643379211,8464,0.16000059247016907,-0.021732183173298836,0.3808802366256714,-0.2735188901424408,0.7066277027130127
4,Day 4,1,Tray 1,DJI_20260622122222_0001,42,5,2,8464,0.383282870054245,0.4088398218154907,0.1947457641363144,0.1570340096950531,0.6391791045665741,8464,0.06737831979990005,0.04268144816160202,0.21949221193790436,-0.16799771785736084,0.38384087681770324,8464,0.20998433232307434,0.29815638065338135,0.37198880314826965,-0.2359812632203102,0.6929356753826141
4,Day 4,1,Tray 1,DJI_20260622122222_0001,43,5,3,8464,0.4228363335132599,0.4462341070175171,0.19134649634361267,0.16516319811344146,0.7034201681613922,8464,0.11933321505784988,0.09239564836025238,0.23304671049118042,-0.13592232763767242,0.4731457829475403,8464,0.2636707127094269,0.3825222849845886,0.3788689076900482,-0.17281930893659592,0.724973052740097
4,Day 4,1,Tray 1,DJI_20260622122222_0001,44,5,4,8464,0.4158490002155304,0.4331139326095581,0.18736499547958374,0.1734825149178505,0.6678031384944914,8464,0.10132480412721634,0.0875432938337326,0.23660194873809814,-0.1385934382677078,0.4447090744972229,8464,0.19434687495231628,0.34147924184799194,0.43594327569007874,-0.4502683192491531,0.7324331820011138
4,Day 4,1,Tray 1,DJI_20260622122222_0001,45,5,5,8464,0.3929250240325928,0.4409937858581543,0.22830194234848022,0.146965503692627,0.6620375216007233,8464,0.050563499331474304,0.07419566810131073,0.281974732875824,-0.33385661244392395,0.41120376586914054,8464,0.05291713401675224,-0.08902333676815033,0.43038806319236755,-0.5461581945419312,0.5937657356262207
4,Day 4,1,Tray 1,DJI_20260622122222_0001,46,5,6,8464,0.37305906414985657,0.39956074953079224,0.23053821921348572,0.13304633051156997,0.6436831176280975,8464,0.018063925206661224,-0.05048917979001999,0.27630653977394104,-0.3111404776573181,0.432657378911972,8464,0.019596727564930916,-0.09741390496492386,0.3755629062652588,-0.4839644730091095,0.5321860432624816
4,Day 4,1,Tray 1,DJI_20260622122222_0001,47,5,7,8464,0.3625790774822235,0.41650861501693726,0.2219773679971695,0.1357844725251198,0.6021495461463928,8464,-0.00576919736340642,-0.02090909145772457,0.25617513060569763,-0.3641808986663818,0.2760925590991974,8464,0.0039542061276733875,-0.1045178696513176,0.3919573426246643,-0.54530268907547,0.5231072425842285
4,Day 4,1,Tray 1,DJI_20260622122222_0001,48,5,8,8464,0.29847389459609985,0.23295962810516357,0.17272281646728516,0.14384684562683106,0.5393142402172089,8464,-0.08616718649864197,-0.12716762721538544,0.18664440512657166,-0.2841128706932068,0.19453969895839687,8464,-0.1118999570608139,-0.145454540848732,0.3148423135280609,-0.4955589562654495,0.4381966590881347
4,Day 4,1,Tray 1,DJI_20260622122222_0001,49,5,9,8464,0.30086395144462585,0.21740883588790894,0.18549934029579163,0.15335882902145387,0.5702127814292908,8464,-0.04597938805818558,-0.13057152926921844,0.22282026708126068,-0.21017792671918867,0.2752247244119644,8464,0.018937019631266594,-0.14210012555122375,0.39748626947402954,-0.4791671395301818,0.704683929681778
4,Day 4,1,Tray 1,DJI_20260622122222_0001,50,5,10,8464,0.2703934609889984,0.20758160948753357,0.14516966044902802,0.16129031777381897,0.5146435379981994,8464,-0.08797577023506165,-0.15743358433246613,0.20831261575222015,-0.2503304064273834,0.2636667311191559,8464,-0.009337048046290874,-0.15755528211593628,0.36281299591064453,-0.33086761534214004,0.6717005372047423
4,Day 4,1,Tray 1,DJI_20260622122222_0001,51,6,1,8464,0.2963379919528961,0.19962258636951447,0.23307053744792938,0.1060518704354763,0.6842661678791045,8464,-0.0015560807660222054,-0.12597808241844177,0.2743014693260193,-0.21580096632242202,0.457228085398674,8464,0.1061885803937912,-0.12020432949066162,0.383097380399704,-0.21288425326347346,0.7126158952713013
4,Day 4,1,Tray 1,DJI_20260622122222_0001,52,6,2,8464,0.3112204670906067,0.2562714219093323,0.22301940619945526,0.13462337702512742,0.6701653599739074,8464,0.017342936247587204,-0.09322097897529602,0.25358304381370544,-0.16401363909244537,0.4303981363773346,8464,0.13514943420886993,-0.08434134721755981,0.349531352519989,-0.16462608873844145,0.7038260102272034
4,Day 4,1,Tray 1,DJI_20260622122222_0001,53,6,3,8464,0.32084304094314575,0.27374619245529175,0.22132442891597748,0.12370385006070136,0.6493127942085266,8464,0.01310082245618105,-0.08398579061031342,0.2563725709915161,-0.18950126916170118,0.44242048859596245,8464,0.05210103839635849,-0.1015467420220375,0.382717102766037,-0.4127995401620864,0.7018550038337708
4,Day 4,1,Tray 1,DJI_20260622122222_0001,54,6,4,8464,0.33383190631866455,0.2839995324611664,0.22928468883037567,0.11993931531906128,0.680303692817688,8464,0.03192809596657753,-0.059579797089099884,0.26286280155181885,-0.19716066867113108,0.4934897035360336,8464,0.07490917295217514,-0.08663924783468246,0.39663219451904297,-0.45470693707466125,0.7001832365989685
4,Day 4,1,Tray 1,DJI_20260622122222_0001,55,6,5,8464,0.3281530737876892,0.31784385442733765,0.23532013595104218,0.06401737406849863,0.6329330801963806,8464,-0.012860756367444992,-0.0708366185426712,0.257756769657135,-0.339132484793663,0.39124560356140137,8464,-0.005198126193135977,-0.11307420581579208,0.3737727999687195,-0.4701219856739044,0.5805667757987976
4,Day 4,1,Tray 1,DJI_20260622122222_0001,56,6,6,8464,0.2740308344364166,0.21929684281349182,0.2200775146484375,0.02751531936228278,0.594264805316925,8464,-0.07089727371931076,-0.11630454659461975,0.24396485090255737,-0.36234994828701017,0.3071041405200958,8464,-0.07756157964468002,-0.13211917877197266,0.34371957182884216,-0.5003336608409882,0.5343652963638306
4,Day 4,1,Tray 1,DJI_20260622122222_0001,57,6,7,8464,0.271828830242157,0.20509472489356995,0.21093319356441498,0.08482521697878845,0.583027571439743,8464,-0.1059197261929512,-0.13105924427509308,0.19839335978031158,-0.3392858386039733,0.1753991857171058,8464,-0.13345980644226074,-0.14625611901283264,0.24398303031921387,-0.42849295139312743,0.3108923226594924
4,Day 4,1,Tray 1,DJI_20260622122222_0001,58,6,8,8464,0.2699461579322815,0.1937699019908905,0.19339735805988312,0.12425580620765686,0.5579419195652008,8464,-0.10847347229719162,-0.15125104784965515,0.20895741879940033,-0.3150289058685303,0.19716658443212506,8464,-0.13161714375019073,-0.16219668090343475,0.2924371063709259,-0.4807448983192444,0.42717061936855316
4,Day 4,1,Tray 1,DJI_20260622122222_0001,59,6,9,8464,0.24356774985790253,0.19194835424423218,0.1649351716041565,0.128524050116539,0.513072407245636,8464,-0.11777735501527786,-0.15303392708301544,0.18400220572948456,-0.29496483504772186,0.1425260752439499,8464,-0.08999723941087723,-0.16203178465366364,0.3189106583595276,-0.4108005970716476,0.5210196673870083
4,Day 4,1,Tray 1,DJI_20260622122222_0001,60,6,10,8464,0.24692367017269135,0.19379985332489014,0.16886474192142487,0.13396202623844147,0.5355914413928985,8464,-0.10534747689962387,-0.1674768030643463,0.22001706063747406,-0.2522699177265167,0.2701778769493102,8464,-0.05468428507447243,-0.18062563240528107,0.3265383243560791,-0.2816159397363663,0.592045783996582
4,Day 4,1,Tray 1,DJI_20260622122222_0001,61,7,1,8464,0.2603314518928528,0.18597744405269623,0.20730812847614288,0.12168750911951065,0.6623529195785522,8464,-0.04438649117946625,-0.13823747634887695,0.25981810688972473,-0.2304115578532219,0.4550736129283905,8464,0.002796320943161845,-0.132198303937912,0.29780733585357666,-0.19191420078277588,0.5507218480110169
4,Day 4,1,Tray 1,DJI_20260622122222_0001,62,7,2,8464,0.27123820781707764,0.18823552131652832,0.21916520595550537,0.0994768038392067,0.6474089026451111,8464,-0.029286902397871017,-0.1240735650062561,0.2649203836917877,-0.25305344760417936,0.45573343932628624,8464,0.009839610196650028,-0.11974577605724335,0.3177257180213928,-0.24451400935649872,0.5988972783088684
4,Day 4,1,Tray 1,DJI_20260622122222_0001,63,7,3,8464,0.30671772360801697,0.2907972037792206,0.2599182426929474,0.0883883871138096,0.6262453377246856,8464,-0.012205405160784721,-0.06905883550643921,0.26723653078079224,-0.31033760905265806,0.3545766800642013,8464,0.11806507408618927,-0.028744563460350037,0.40050017833709717,-0.35666346549987793,0.7050136148929596
4,Day 4,1,Tray 1,DJI_20260622122222_0001,64,7,4,8464,0.24148108065128326,0.21336489915847778,0.24730202555656433,-0.09616123884916306,0.5840567290782929,8464,-0.07836771011352539,-0.10974261164665222,0.27242690324783325,-0.4449198484420776,0.37841128706932065,8464,-0.03780696541070938,-0.10422003269195557,0.3567926585674286,-0.5199285089969634,0.5611733734607696
4,Day 4,1,Tray 1,DJI_20260622122222_0001,65,7,5,8464,0.23811204731464386,0.20437955856323242,0.2546284794807434,-0.07309235930442802,0.6046682357788086,8464,-0.08804662525653839,-0.12145693600177765,0.27868276834487915,-0.44463769197463987,0.39640881419181817,8464,-0.07841072231531143,-0.1409863531589508,0.3598197102546692,-0.5014974713325501,0.5525931775569916
4,Day 4,1,Tray 1,DJI_20260622122222_0001,66,7,6,8464,0.24663610756397247,0.1939830482006073,0.24632182717323303,-0.0592945538461208,0.6394871711730957,8464,-0.10928531736135483,-0.1340348869562149,0.23996883630752563,-0.40673309564590454,0.2485265493392944,8464,-0.11853404343128204,-0.1472194939851761,0.27552497386932373,-0.43240362107753755,0.3757120490074158
4,Day 4,1,Tray 1,DJI_20260622122222_0001,67,7,7,8464,0.22688691318035126,0.19079065322875977,0.2689647376537323,-0.15181935280561443,0.5909890472888946,8464,-0.11167073994874954,-0.1301228106021881,0.271555095911026,-0.48846847414970396,0.2706090688705444,8464,-0.14178775250911713,-0.1405096799135208,0.29695194959640503,-0.5555555820465088,0.3723454385995864
4,Day 4,1,Tray 1,DJI_20260622122222_0001,68,7,8,8464,0.1908079981803894,0.17468804121017456,0.21308761835098267,-0.06355666667222974,0.5102968215942383,8464,-0.1625349074602127,-0.15841583907604218,0.19175668060779572,-0.4001561641693115,0.05033796988427623,8464,-0.1755771040916443,-0.16318704187870026,0.2162560373544693,-0.467648783326149,0.02942366078495962
4,Day 4,1,Tray 1,DJI_20260622122222_0001,69,7,9,8464,0.18960769474506378,0.17898595333099365,0.17705927789211273,0.07029284089803697,0.33030223250389096,8464,-0.16233333945274353,-0.1663343757390976,0.17055866122245789,-0.33284751772880555,-0.06347040757536888,8464,-0.1473347544670105,-0.16733181476593018,0.23996205627918243,-0.3764705955982208,0.04106762520968894
4,Day 4,1,Tray 1,DJI_20260622122222_0001,70,7,10,8464,0.2117789387702942,0.18441101908683777,0.1742527186870575,0.009153545740991842,0.4337939560413359,8464,-0.15070094168186188,-0.17661263048648834,0.18773286044597626,-0.37092010080814364,0.09789343178272247,8464,-0.08990541100502014,-0.17176547646522522,0.2724341154098511,-0.37252500653266907,0.3388222604990005
4,Day 4,2,Tray 2,DJI_20260622122329_0002,1,1,1,8464,0.21679982542991638,0.17855750024318695,0.14929361641407013,0.12054067701101304,0.434947657585144,8464,-0.10841935873031616,-0.14625611901283264,0.18812258541584015,-0.2606797099113464,0.1968606859445572,8464,0.029666099697351456,-0.1331789642572403,0.33205166459083557,-0.2256993323564529,0.6250929176807403
4,Day 4,2,Tray 2,DJI_20260622122329_0002,2,1,2,8464,0.2664862275123596,0.206391841173172,0.18595345318317413,0.07604319080710412,0.5327664017677307,8464,-0.09253931790590286,-0.1403483897447586,0.1896817684173584,-0.32367396354675293,0.1699640303850174,8464,0.0753009244799614,-0.06914311647415161,0.34737449884414673,-0.31475447714328764,0.6158486306667328
4,Day 4,2,Tray 2,DJI_20260622122329_0002,3,1,3,8464,0.297442227602005,0.23851725459098816,0.1680002063512802,0.13382502347230912,0.5404187381267548,8464,-0.05799762159585953,-0.10541233420372009,0.1593259871006012,-0.22721798717975616,0.17446812391281127,8464,0.17752139270305634,0.11704786866903305,0.31005585193634033,-0.14283194094896315,0.6283975958824157
4,Day 4,2,Tray 2,DJI_20260622122329_0002,4,1,4,8464,0.30251383781433105,0.26754990220069885,0.19858117401599884,0.07836540564894677,0.5813007950782776,8464,-0.06412016600370407,-0.10243640094995499,0.21515344083309174,-0.3538964718580246,0.2501638159155845,8464,0.10428759455680847,0.02579747885465622,0.3741312623023987,-0.3906974196434021,0.6266666650772095
4,Day 4,2,Tray 2,DJI_20260622122329_0002,5,1,5,8464,0.29817357659339905,0.29305899143218994,0.25875431299209595,-0.005331780202686752,0.5907476782798766,8464,-0.05715841054916382,-0.08743278682231903,0.2740710377693176,-0.46041369438171387,0.2895200848579407,8464,0.08448117226362228,-0.09170887619256973,0.4265613555908203,-0.47680048048496243,0.6382588982582091
4,Day 4,2,Tray 2,DJI_20260622122329_0002,6,1,6,8464,0.241183340549469,0.18747614324092865,0.1996414214372635,-0.008220191486179822,0.5234174370765686,8464,-0.14132218062877655,-0.13059084117412567,0.20566539466381073,-0.4223773330450058,0.13770180940628052,8464,-0.030835798010230064,-0.12191780656576157,0.32546353340148926,-0.4200014173984527,0.5003022789955139
4,Day 4,2,Tray 2,DJI_20260622122329_0002,7,1,7,8464,0.1997290402650833,0.17372064292430878,0.1943766325712204,-0.014668394438922375,0.497181761264801,8464,-0.17049674689769745,-0.1368083655834198,0.20476603507995605,-0.4676425337791443,0.07835099846124648,8464,-0.10937477648258209,-0.13513512909412384,0.30645766854286194,-0.48087441921234125,0.44341996908187864
4,Day 4,2,Tray 2,DJI_20260622122329_0002,8,1,8,8464,0.18919099867343903,0.17309719324111938,0.17063787579536438,0.03322826325893402,0.43414047360420227,8464,-0.17600904405117035,-0.14898990094661713,0.18438170850276947,-0.4492211192846298,0.013812120631337034,8464,-0.1279836893081665,-0.14657707512378693,0.2920466363430023,-0.4938168346881866,0.4220958411693572
4,Day 4,2,Tray 2,DJI_20260622122329_0002,9,1,9,8464,0.18572422862052917,0.1761612594127655,0.14000475406646729,0.07638018280267717,0.3408198535442352,8464,-0.17165693640708923,-0.16749821603298187,0.17724034190177917,-0.35628766417503355,-0.007687756745144749,8464,-0.09296596795320511,-0.16318704187870026,0.3265393376350403,-0.4224112123250961,0.512997955083847
4,Day 4,2,Tray 2,DJI_20260622122329_0002,10,1,10,8464,0.20022156834602356,0.18202246725559235,0.10456538200378418,0.11400512754917146,0.33529958426952355,8464,-0.16951563954353333,-0.1809244304895401,0.1500425785779953,-0.3161290049552917,0.020703824050724497,8464,-0.06057161092758179,-0.17184147238731384,0.2985726296901703,-0.327829048037529,0.48299909234046934
4,Day 4,2,Tray 2,DJI_20260622122329_0002,11,2,1,8464,0.26072052121162415,0.19944456219673157,0.20046453177928925,0.07466042414307597,0.5768421292304993,8464,-0.092415452003479,-0.14210012555122375,0.22126419842243195,-0.3660017728805542,0.26986044347286225,8464,0.15137934684753418,-0.01601630449295044,0.40919533371925354,-0.37716495990753174,0.7193581461906433
4,Day 4,2,Tray 2,DJI_20260622122329_0002,12,2,2,8464,0.3461172580718994,0.3535168766975403,0.1992887705564499,0.14203324615955354,0.581947410106659,8464,-0.011685248464345932,-0.07185056805610657,0.21271248161792755,-0.21341453194618223,0.25967392325401306,8464,0.336914986371994,0.44381478428840637,0.340872585773468,-0.15406882762908936,0.7385835707187652
4,Day 4,2,Tray 2,DJI_20260622122329_0002,13,2,3,8464,0.32496654987335205,0.3174065947532654,0.18156848847866058,0.14021916836500167,0.5655362010002136,8464,-0.034487780183553696,-0.08174609392881393,0.2039397954940796,-0.2186956003308296,0.2510287225246429,8464,0.2643928527832031,0.30909091234207153,0.3182124197483063,-0.14636843800544738,0.6734382688999176
4,Day 4,2,Tray 2,DJI_20260622122329_0002,14,2,4,8464,0.31433385610580444,0.3057689964771271,0.2021935135126114,0.0661138966679573,0.5614692568778992,8464,-0.053322646766901016,-0.08982036262750626,0.2344772070646286,-0.3818794250488281,0.25569767951965333,8464,0.18934732675552368,0.29734674096107483,0.40511181950569153,-0.4145872175693512,0.6992587447166443
4,Day 4,2,Tray 2,DJI_20260622122329_0002,15,2,5,8464,0.2977290451526642,0.3262256979942322,0.22701257467269897,-0.02762789614498615,0.5690642297267914,8464,-0.08429547399282455,-0.11254870891571045,0.26151853799819946,-0.4213075041770935,0.26821720898151397,8464,0.06854802370071411,-0.045350901782512665,0.42774006724357605,-0.472576430439949,0.6492776870727539
4,Day 4,2,Tray 2,DJI_20260622122329_0002,16,2,6,8464,0.24400828778743744,0.1890723705291748,0.22677551209926605,-0.07064466029405592,0.5314744472503662,8464,-0.14465919137001038,-0.13129256665706635,0.21805576980113983,-0.4452823519706726,0.1557787060737609,8464,-0.06238260865211487,-0.1276332139968872,0.3451436460018158,-0.4949980080127716,0.4582018077373505
4,Day 4,2,Tray 2,DJI_20260622122329_0002,17,2,7,8464,0.2391459047794342,0.1843881458044052,0.226303830742836,-0.01651731822639703,0.5395713806152344,8464,-0.15346160531044006,-0.13702623546123505,0.22272242605686188,-0.4667591452598571,0.15542802214622498,8464,-0.09621689468622208,-0.13892365992069244,0.3211779296398163,-0.4919935256242752,0.4572386115789413
4,Day 4,2,Tray 2,DJI_20260622122329_0002,18,2,8,8464,0.22662314772605896,0.18358208239078522,0.19777651131153107,0.0040774717926979065,0.5156599283218384,8464,-0.15935233235359192,-0.15150268375873566,0.1927858293056488,-0.4427286058664322,0.11266756951808926,8464,-0.05568218603730202,-0.14361517131328583,0.3452766239643097,-0.49451321363449097,0.5075871646404266
4,Day 4,2,Tray 2,DJI_20260622122329_0002,19,2,9,8464,0.21510033309459686,0.1835448443889618,0.17294056713581085,0.09148550778627396,0.4808787047863006,8464,-0.1593780815601349,-0.16236162185668945,0.20287826657295227,-0.41447246074676514,0.09566909298300728,8464,-0.08765948563814163,-0.15939977765083313,0.3589942455291748,-0.5243305921554565,0.5950446486473083
4,Day 4,2,Tray 2,DJI_20260622122329_0002,20,2,10,8464,0.21896827220916748,0.18395057320594788,0.13006260991096497,0.126052126288414,0.45016447603702536,8464,-0.13788358867168427,-0.1753731369972229,0.19615504145622253,-0.3006414592266083,0.19684911072254177,8464,0.0014592127408832312,-0.15675660967826843,0.3587857782840729,-0.32182482481002805,0.5984299838542938
4,Day 4,2,Tray 2,DJI_20260622122329_0002,21,3,1,8464,0.28804704546928406,0.21956202387809753,0.22475242614746094,0.04175700396299362,0.6013068914413452,8464,-0.04731188341975212,-0.13450616598129272,0.24747703969478607,-0.32673428058624265,0.3316054135560988,8464,0.2094409465789795,0.23459070920944214,0.4154309034347534,-0.3190529942512512,0.72584308385849
4,Day 4,2,Tray 2,DJI_20260622122329_0002,22,3,2,8464,0.37513673305511475,0.40329378843307495,0.18308952450752258,0.15370104163885118,0.6019665718078613,8464,0.01314663514494896,-0.0073531316593289375,0.18460606038570404,-0.17284834384918213,0.27534983158111564,8464,0.3506958782672882,0.4333142638206482,0.3012057840824127,-0.13702623546123505,0.6880237281322479
4,Day 4,2,Tray 2,DJI_20260622122329_0002,23,3,3,8464,0.42849043011665344,0.4775799512863159,0.16802650690078735,0.17743994891643525,0.6041869759559632,8464,0.05390619486570358,0.07244560122489929,0.2082839012145996,-0.22872641086578363,0.32444468438625335,8464,0.4430060386657715,0.48343414068222046,0.2707628607749939,0.03176304120570436,0.7361655354499816
4,Day 4,2,Tray 2,DJI_20260622122329_0002,24,3,4,8464,0.3532961308956146,0.4019695520401001,0.2363758683204651,0.016276448220014575,0.6137930750846863,8464,-0.03833882510662079,-0.05095962807536125,0.2936978340148926,-0.4323972463607788,0.35114624202251427,8464,0.17574654519557953,0.3306366503238678,0.45568448305130005,-0.4775392413139343,0.7188295662403107
4,Day 4,2,Tray 2,DJI_20260622122329_0002,25,3,5,8464,0.36562997102737427,0.43625882267951965,0.21843379735946655,0.03453652784228327,0.5929274141788483,8464,-0.05946418270468712,-0.03685974329710007,0.26968440413475037,-0.433493971824646,0.27715639472007747,8464,0.1233023926615715,0.32774677872657776,0.43897294998168945,-0.48128053545951843,0.6011723697185516
4,Day 4,2,Tray 2,DJI_20260622122329_0002,26,3,6,8464,0.3030105233192444,0.3674008846282959,0.2379094809293747,-0.019273427315056258,0.5620177984237671,8464,-0.09313833713531494,-0.11793611943721771,0.2543680965900421,-0.46085653901100154,0.23171466290950773,8464,-0.02168070338666439,-0.13497783243656158,0.3966016173362732,-0.529507839679718,0.5047367453575134
4,Day 4,2,Tray 2,DJI_20260622122329_0002,27,3,7,8464,0.26283714175224304,0.1981370598077774,0.2202090471982956,0.0012358166277408723,0.5737785160541534,8464,-0.13459289073944092,-0.14609572291374207,0.23362258076667786,-0.434617418050766,0.20912547409534454,8464,-0.058153968304395676,-0.15449675917625427,0.3720320761203766,-0.48420628309249875,0.5305010676383972
4,Day 4,2,Tray 2,DJI_20260622122329_0002,28,3,8,8464,0.27908673882484436,0.21305912733078003,0.19986552000045776,0.06603775024414064,0.553813087940216,8464,-0.10969527810811996,-0.15677966177463531,0.23722538352012634,-0.3764754772186279,0.24349693655967702,8464,0.036263007670640945,-0.14247053861618042,0.41946929693222046,-0.4335308611392975,0.7013440012931823
4,Day 4,2,Tray 2,DJI_20260622122329_0002,29,3,9,8464,0.2789371907711029,0.20893824100494385,0.21634188294410706,0.1030171886086464,0.5847636938095092,8464,-0.10810817033052444,-0.15866166353225708,0.26552239060401917,-0.47615334391593933,0.29729430079460145,8464,0.02457052282989025,-0.05670022964477539,0.4039028584957123,-0.5295416116714478,0.615324181318283
4,Day 4,2,Tray 2,DJI_20260622122329_0002,30,3,10,8464,0.251753032207489,0.1969255805015564,0.1510975956916809,0.1379476398229599,0.5216809749603271,8464,-0.1041831448674202,-0.17368873953819275,0.22230194509029388,-0.28497201204299927,0.27565143704414363,8464,0.04428709298372269,-0.14691579341888428,0.38185927271842957,-0.30622008442878723,0.6799705266952514
4,Day 4,2,Tray 2,DJI_20260622122329_0002,31,4,1,8464,0.347808837890625,0.30717647075653076,0.22438623011112213,0.10404126644134522,0.650261402130127,8464,0.019547421485185623,-0.054453663527965546,0.24485552310943604,-0.25961244106292725,0.3767957895994186,8464,0.272695392370224,0.4379882216453552,0.39514049887657166,-0.2636938691139221,0.7273090481758118
4,Day 4,2,Tray 2,DJI_20260622122329_0002,32,4,2,8464,0.4180254340171814,0.4764939546585083,0.20212110877037048,0.15653637051582336,0.6551383137702942,8464,0.063204824924469,0.0630268082022667,0.22637620568275452,-0.16464515030384064,0.38640439212322236,8464,0.33583348989486694,0.442094087600708,0.3489137589931488,-0.155099219083786,0.7351523995399475
4,Day 4,2,Tray 2,DJI_20260622122329_0002,33,4,3,8464,0.428607314825058,0.47618091106414795,0.20127463340759277,0.16239601969718934,0.6648000717163086,8464,0.07827635109424591,0.1022837907075882,0.2506842613220215,-0.2292386531829834,0.3871297240257263,8464,0.24944686889648438,0.43808048963546753,0.43548813462257385,-0.4676528424024582,0.7046646356582642
4,Day 4,2,Tray 2,DJI_20260622122329_0002,34,4,4,8464,0.3435235023498535,0.3446912169456482,0.2579892873764038,0.04565216563642026,0.6657564043998718,8464,0.023258386179804802,0.030481204390525818,0.3256795406341553,-0.46072458326816557,0.449445429444313,8464,0.12992200255393982,0.22369666397571564,0.465149462223053,-0.554233956336975,0.7453434646129609
4,Day 4,2,Tray 2,DJI_20260622122329_0002,35,4,5,8464,0.3576684594154358,0.4328097701072693,0.2764120101928711,-0.019037682376801965,0.6680728375911712,8464,-0.03470572084188461,-0.04988452047109604,0.32853788137435913,-0.4594367504119873,0.39905335009098036,8464,0.07148194313049316,0.05049176514148712,0.4651448130607605,-0.5052193999290466,0.6743871331214905
4,Day 4,2,Tray 2,DJI_20260622122329_0002,36,4,6,8464,0.3121940791606903,0.3539488613605499,0.2324654906988144,0.028594108670949945,0.5707849323749542,8464,-0.07371599972248077,-0.11732605844736099,0.23687316477298737,-0.40781823694705965,0.23148854374885555,8464,-0.04066247493028641,-0.14504852890968323,0.39649298787117004,-0.5385144412517547,0.519188278913498
4,Day 4,2,Tray 2,DJI_20260622122329_0002,37,4,7,8464,0.3237578868865967,0.35105636715888977,0.21732698380947113,0.1204600475728512,0.5665702879428863,8464,-0.04560823366045952,-0.08670710027217865,0.23234207928180695,-0.3890892565250397,0.24022942781448361,8464,-0.004293785896152258,-0.10698115080595016,0.3767918050289154,-0.5339089632034302,0.49474984407424927
4,Day 4,2,Tray 2,DJI_20260622122329_0002,38,4,8,8464,0.3358634412288666,0.31941133737564087,0.18887490034103394,0.13698852360248565,0.5820488452911377,8464,-0.05192665755748749,-0.0884479284286499,0.2258577048778534,-0.3625927776098251,0.24392654150724408,8464,0.07296988368034363,-0.015200769528746605,0.3957715332508087,-0.5018429160118103,0.5860294342041016
4,Day 4,2,Tray 2,DJI_20260622122329_0002,39,4,9,8464,0.2859884798526764,0.23237735033035278,0.17067380249500275,0.13146233558654785,0.5597626745700836,8464,-0.08554384857416153,-0.14408083260059357,0.23031318187713623,-0.33249433934688566,0.30264485776424405,8464,-0.002253010869026184,-0.1383693516254425,0.38148874044418335,-0.4338310152292252,0.663680762052536
4,Day 4,2,Tray 2,DJI_20260622122329_0002,40,4,10,8464,0.33472272753715515,0.2651214301586151,0.18501229584217072,0.15184845626354218,0.589625483751297,8464,-0.011193282902240753,-0.10841352492570877,0.2526026666164398,-0.26305074989795685,0.3643537610769272,8464,0.165068581700325,0.1942521631717682,0.4052630364894867,-0.30350068509578704,0.6961361467838286
4,Day 4,2,Tray 2,DJI_20260622122329_0002,41,5,1,8464,0.3087247610092163,0.21830332279205322,0.21514403820037842,0.12945103794336318,0.6930172741413116,8464,0.004616630729287863,-0.11519607901573181,0.25466388463974,-0.22324159741401672,0.4752093911170959,8464,0.0983467549085617,-0.11050847172737122,0.35885903239250183,-0.22202327847480774,0.7270839810371399
4,Day 4,2,Tray 2,DJI_20260622122329_0002,42,5,2,8464,0.3653753697872162,0.3116447329521179,0.19815604388713837,0.15466757565736772,0.672696977853775,8464,0.06207256764173508,-0.027251269668340683,0.22481611371040344,-0.14141569286584854,0.44249432682991025,8464,0.14890633523464203,-0.0544733926653862,0.35808923840522766,-0.16302186250686646,0.698497074842453
4,Day 4,2,Tray 2,DJI_20260622122329_0002,43,5,3,8464,0.4233555495738983,0.4612291753292084,0.20813830196857452,0.15515726804733276,0.6887943387031555,8464,0.08964095264673233,0.08959376811981201,0.26906758546829224,-0.2301138341426849,0.4558953821659088,8464,0.18922531604766846,0.22296729683876038,0.4420965611934662,-0.4585375189781189,0.7256888806819916
4,Day 4,2,Tray 2,DJI_20260622122329_0002,44,5,4,8464,0.4018368721008301,0.43677374720573425,0.19114737212657928,0.16267592906951905,0.6493573665618896,8464,0.07219263911247253,0.06713825464248657,0.21831507980823517,-0.1702997386455536,0.40792667865753174,8464,0.10853485763072968,-0.0551324337720871,0.4136367440223694,-0.4905508577823639,0.6848943829536438
4,Day 4,2,Tray 2,DJI_20260622122329_0002,45,5,5,8464,0.3460192084312439,0.36940693855285645,0.22826500236988068,0.08628933876752856,0.6101667046546936,8464,-0.006693471223115921,-0.06189968064427376,0.24866598844528198,-0.30247706174850464,0.3266018569469451,8464,-0.008273680694401264,-0.11352821439504623,0.3765111565589905,-0.4836150377988815,0.5299145579338074
4,Day 4,2,Tray 2,DJI_20260622122329_0002,46,5,6,8464,0.36998018622398376,0.44681596755981445,0.21968984603881836,0.13105331510305404,0.6031658828258515,8464,-0.0005212118849158287,0.006317689549177885,0.22854185104370117,-0.2555104553699493,0.2675738185644149,8464,0.04208448901772499,-0.10945542901754379,0.40661776065826416,-0.5199599325656891,0.548592209815979
4,Day 4,2,Tray 2,DJI_20260622122329_0002,47,5,7,8464,0.3272359371185303,0.274638831615448,0.2139643132686615,0.1317483887076378,0.5747748017311096,8464,-0.03217172622680664,-0.09685634076595306,0.22566944360733032,-0.24983491003513336,0.23773675411939615,8464,0.004145904444158077,-0.11337683349847794,0.36141592264175415,-0.5223048329353333,0.4986136496067047
4,Day 4,2,Tray 2,DJI_20260622122329_0002,48,5,8,8464,0.2765350639820099,0.22282885015010834,0.18956756591796875,0.08939261361956598,0.5531773746013641,8464,-0.10233592242002487,-0.14019212126731873,0.19466638565063477,-0.31060969829559326,0.1902325466275215,8464,-0.049006566405296326,-0.14082741737365723,0.3386785089969635,-0.4374041497707367,0.5072286725044249
4,Day 4,2,Tray 2,DJI_20260622122329_0002,49,5,9,8464,0.3549417555332184,0.318325936794281,0.19467388093471527,0.1478113830089569,0.6109785437583923,8464,-0.014673738740384579,-0.11824139952659607,0.2455930858850479,-0.30476343631744385,0.332963028550148,8464,0.11622675508260727,0.0022163977846503258,0.4399076998233795,-0.4783393442630768,0.6979369521141052
4,Day 4,2,Tray 2,DJI_20260622122329_0002,50,5,10,8464,0.3290213942527771,0.25287407636642456,0.18412549793720245,0.15268634259700775,0.6018175184726715,8464,-0.026152733713388443,-0.13983380794525146,0.2452080398797989,-0.2696397304534912,0.33344522416591643,8464,0.16294626891613007,0.09886156022548676,0.4015209972858429,-0.3088042140007019,0.6645407855510711
4,Day 4,2,Tray 2,DJI_20260622122329_0002,51,6,1,8464,0.2940426468849182,0.19821329414844513,0.2140074372291565,0.1309261038899422,0.6549277603626251,8464,-0.018778197467327118,-0.12438220530748367,0.25138840079307556,-0.21396435797214505,0.4245658010244369,8464,0.11340919137001038,-0.10065700113773346,0.34174495935440063,-0.16022099554538727,0.6916614532470703
4,Day 4,2,Tray 2,DJI_20260622122329_0002,52,6,2,8464,0.3340011239051819,0.2745538353919983,0.24468670785427094,0.11690556183457375,0.6699286103248596,8464,0.008412118069827557,-0.09726688265800476,0.2815648317337036,-0.2733264446258545,0.4182243049144745,8464,0.1552855223417282,0.06566262245178223,0.38687455654144287,-0.2759230881929397,0.6991822719573975
4,Day 4,2,Tray 2,DJI_20260622122329_0002,53,6,3,8464,0.3511486351490021,0.32237911224365234,0.23689836263656616,0.12569084763526917,0.6764759480953216,8464,0.01972459815442562,-0.0545458123087883,0.26184818148612976,-0.317199832201004,0.41019904613494873,8464,0.14214608073234558,0.018751928582787514,0.3707716763019562,-0.27884164154529567,0.6706088185310364
4,Day 4,2,Tray 2,DJI_20260622122329_0002,54,6,4,8464,0.33395540714263916,0.35069024562835693,0.28444692492485046,0.008097038231790072,0.6645068526268005,8464,-0.006211491301655769,-0.06149217486381531,0.2926345467567444,-0.41065620183944695,0.36805252730846405,8464,0.056676190346479416,-0.09069117158651352,0.4286705553531647,-0.5112653136253357,0.6207967042922974
4,Day 4,2,Tray 2,DJI_20260622122329_0002,55,6,5,8464,0.29396283626556396,0.2547246217727661,0.23621949553489685,0.030211626552045366,0.6254426598548889,8464,-0.07632572948932648,-0.12691453099250793,0.26201552152633667,-0.37971699237823486,0.354435658454895,8464,-0.07963982224464417,-0.14898990094661713,0.3201195299625397,-0.40067058801651,0.5171597599983215
4,Day 4,2,Tray 2,DJI_20260622122329_0002,56,6,6,8464,0.30533283948898315,0.24573995172977448,0.22521738708019257,0.05643086209893241,0.5865968585014343,8464,-0.0758882388472557,-0.11508692800998688,0.2101241499185562,-0.3834694027900695,0.20987372994422912,8464,-0.043758224695920944,-0.1273839771747589,0.31577789783477783,-0.4211348295211792,0.47160907089710236
4,Day 4,2,Tray 2,DJI_20260622122329_0002,57,6,7,8464,0.2634389102458954,0.1944824904203415,0.20977355539798737,0.10248756408691406,0.5701374650001526,8464,-0.07924772053956985,-0.12007658928632736,0.1977045089006424,-0.3067828267812729,0.19243179559707638,8464,-0.08256324380636215,-0.13231024146080017,0.29020383954048157,-0.45153572261333463,0.42600949406623834
4,Day 4,2,Tray 2,DJI_20260622122329_0002,58,6,8,8464,0.25961196422576904,0.1892208606004715,0.18241868913173676,0.12696543633937837,0.5636704623699188,8464,-0.11446856707334518,-0.148345485329628,0.17143431305885315,-0.2863029271364212,0.14025131464004512,8464,-0.10660234838724136,-0.1561264842748642,0.2913701832294464,-0.4332335889339447,0.3901989758014677
4,Day 4,2,Tray 2,DJI_20260622122329_0002,59,6,9,8464,0.2554715871810913,0.19648832082748413,0.1798686683177948,0.1360112190246582,0.5629868924617765,8464,-0.09005046635866165,-0.1540900468826294,0.21614454686641693,-0.24655362367630004,0.26942738294601437,8464,-0.020184550434350967,-0.1562897115945816,0.3622538447380066,-0.33294622898101806,0.6724933266639709
4,Day 4,2,Tray 2,DJI_20260622122329_0002,60,6,10,8464,0.24075765907764435,0.19114023447036743,0.17176400125026703,0.09942163825035095,0.5138773143291473,8464,-0.10049434751272202,-0.1666666716337204,0.23338864743709564,-0.2955813348293304,0.26404865980148307,8464,0.012187895365059376,-0.15241320431232452,0.3424761891365051,-0.2568482279777527,0.6241844296455383
4,Day 4,2,Tray 2,DJI_20260622122329_0002,61,7,1,8464,0.2621666193008423,0.18958833813667297,0.20164036750793457,0.12727475464344024,0.5889666080474854,8464,-0.04363318160176277,-0.12981100380420685,0.23707696795463562,-0.1878172606229782,0.3722141653299329,8464,0.06996159255504608,-0.11475437879562378,0.31868812441825867,-0.1695853307843208,0.609987199306488
4,Day 4,2,Tray 2,DJI_20260622122329_0002,62,7,2,8464,0.3275810182094574,0.2961420714855194,0.2351352721452713,0.12034267112612725,0.6371970951557159,8464,-0.00575060211122036,-0.09228197485208511,0.2519298493862152,-0.2377723902463913,0.3493394643068313,8464,0.14829374849796295,0.03755591809749603,0.39600804448127747,-0.3483320474624634,0.7234513163566589
4,Day 4,2,Tray 2,DJI_20260622122329_0002,63,7,3,8464,0.3069232404232025,0.26744842529296875,0.24618422985076904,-0.004555507563054558,0.6244864463806152,8464,-0.013641087338328362,-0.07819905132055283,0.2613089382648468,-0.36766696274280547,0.357303848862648,8464,0.09374650567770004,-0.00545289134606719,0.3951510787010193,-0.47133731842041016,0.6301987290382385
4,Day 4,2,Tray 2,DJI_20260622122329_0002,64,7,4,8464,0.23240013420581818,0.20407938957214355,0.2535618841648102,-0.10020137801766393,0.6098654866218567,8464,-0.09312810748815536,-0.11549986153841019,0.27890026569366455,-0.4429120749235153,0.35599536001682264,8464,-0.041523732244968414,-0.12068965286016464,0.3591342270374298,-0.4741893976926803,0.5588268518447875
4,Day 4,2,Tray 2,DJI_20260622122329_0002,65,7,5,8464,0.2329506129026413,0.1757766306400299,0.2401782125234604,-0.0405295871198177,0.6058642864227294,8464,-0.10905823111534119,-0.12176413834095001,0.24065393209457397,-0.4024174064397812,0.27101478278636926,8464,-0.09517394006252289,-0.13813228905200958,0.3082878589630127,-0.4335087120532989,0.4692154586315153
4,Day 4,2,Tray 2,DJI_20260622122329_0002,66,7,6,8464,0.2357141077518463,0.18805870413780212,0.24539487063884735,-0.07253103554248806,0.5732810914516449,8464,-0.11315952986478806,-0.1299668848514557,0.24603234231472015,-0.44601460099220275,0.2346472188830375,8464,-0.09142185002565384,-0.1365528702735901,0.3134176731109619,-0.4885496199131012,0.45527742803096766
4,Day 4,2,Tray 2,DJI_20260622122329_0002,67,7,7,8464,0.1842890828847885,0.17110207676887512,0.20991231501102448,-0.06893062740564346,0.5141192495822905,8464,-0.1528831571340561,-0.13168439269065857,0.19842199981212616,-0.42353085875511165,0.07477819919586182,8464,-0.15583641827106476,-0.13607990741729736,0.21996232867240906,-0.4453193753957748,0.05908774994313697
4,Day 4,2,Tray 2,DJI_20260622122329_0002,68,7,8,8464,0.21721406280994415,0.17944814264774323,0.21917960047721863,0.03839706778526309,0.551596736907959,8464,-0.14158129692077637,-0.15400873124599457,0.19514445960521698,-0.37716495990753174,0.14067584425210952,8464,-0.13421781361103058,-0.1618669331073761,0.28090596199035645,-0.49498934149742124,0.2998947292566298
4,Day 4,2,Tray 2,DJI_20260622122329_0002,69,7,9,8464,0.20853489637374878,0.18344247341156006,0.16294501721858978,0.09123196452856064,0.3904900759458541,8464,-0.1432383954524994,-0.15939977765083313,0.1658429652452469,-0.2911871373653412,-0.009251340385526425,8464,-0.07579667866230011,-0.1561264842748642,0.2826576232910156,-0.3252427279949188,0.41140432953834505
4,Day 4,2,Tray 2,DJI_20260622122329_0002,70,7,10,8464,0.24944494664669037,0.1995115876197815,0.20168910920619965,0.051416301354765895,0.5461725294589995,8464,-0.10852238535881042,-0.17212241888046265,0.23628437519073486,-0.35145832300186153,0.26112416088581075,8464,0.00876094400882721,-0.11017647385597229,0.3365758955478668,-0.356577005982399,0.5739280641078949
4,Day 4,3,Tray 3,DJI_20260622122437_0003,1,1,1,8464,0.20177781581878662,0.159582257270813,0.14572492241859436,0.11066009849309923,0.4481318563222884,8464,-0.13796010613441467,-0.17486730217933655,0.15951882302761078,-0.2674938380718231,0.08232298269867895,8464,0.007383632007986307,-0.16170212626457214,0.32125964760780334,-0.24192523658275603,0.5863878190517424
4,Day 4,3,Tray 3,DJI_20260622122437_0003,2,1,2,8464,0.24321813881397247,0.17068281769752502,0.1690119057893753,0.10386079549789429,0.5038255453109741,8464,-0.10201984643936157,-0.15465952455997467,0.16837860643863678,-0.2536691904067993,0.13138452172279358,8464,0.06212795525789261,-0.10722100734710693,0.3126007616519928,-0.21394998133182525,0.5633109331130981
4,Day 4,3,Tray 3,DJI_20260622122437_0003,3,1,3,8464,0.252076119184494,0.18721550703048706,0.17197337746620178,0.10207057967782021,0.5228648245334624,8464,-0.09087646007537842,-0.13718411326408386,0.1856427937746048,-0.26760563254356384,0.1756613701581955,8464,0.1098238080739975,-0.05591481178998947,0.33687976002693176,-0.21929432451725006,0.6138216018676758
4,Day 4,3,Tray 3,DJI_20260622122437_0003,4,1,4,8464,0.29497936367988586,0.25416386127471924,0.22094526886940002,0.0830208882689476,0.5790370583534241,8464,-0.06365557760000229,-0.13144326210021973,0.2357671707868576,-0.350131630897522,0.27763194739818575,8464,0.09362642467021942,-0.06984670460224152,0.39421653747558594,-0.37925228476524353,0.6540357768535613
4,Day 4,3,Tray 3,DJI_20260622122437_0003,5,1,5,8464,0.25067731738090515,0.20214155316352844,0.22897949814796448,-0.0325159914791584,0.5533023655414582,8464,-0.10554629564285278,-0.14621707797050476,0.23058660328388214,-0.4075974881649017,0.22244980931282043,8464,0.015217265114188194,-0.13874348998069763,0.4090237319469452,-0.4724758893251419,0.5983854711055755
4,Day 4,3,Tray 3,DJI_20260622122437_0003,6,1,6,8464,0.23447595536708832,0.17439475655555725,0.20315887033939362,0.002180922357365515,0.5232386291027069,8464,-0.12969055771827698,-0.1605498045682907,0.20195835828781128,-0.39015990793704985,0.16063608974218369,8464,-0.0604260191321373,-0.16683287918567657,0.3357827961444855,-0.4269103825092315,0.5086937725543975
4,Day 4,3,Tray 3,DJI_20260622122437_0003,7,1,7,8464,0.2570752799510956,0.176066592335701,0.2017204314470291,0.058529576659202616,0.5253405511379242,8464,-0.1298292726278305,-0.15449675917625427,0.1960521638393402,-0.41056910157203674,0.1283184379339218,8464,-0.04492873325943947,-0.15727002918720245,0.311729371547699,-0.40465483367443084,0.45482043027877805
4,Day 4,3,Tray 3,DJI_20260622122437_0003,8,1,8,8464,0.2489015758037567,0.17138579487800598,0.18303647637367249,0.09570737332105637,0.5091465890407562,8464,-0.1407478004693985,-0.1663343757390976,0.18133075535297394,-0.3968294680118561,0.11344894245266914,8464,-0.06922637671232224,-0.17000000178813934,0.326021283864975,-0.4568989038467407,0.457079142332077
4,Day 4,3,Tray 3,DJI_20260622122437_0003,9,1,9,8464,0.22674109041690826,0.16830909252166748,0.16587954759597778,0.10618960186839105,0.5085438191890717,8464,-0.15955863893032074,-0.18462997674942017,0.17305625975131989,-0.3490066945552826,0.11569383665919304,8464,-0.09431182593107224,-0.18626883625984192,0.2978585660457611,-0.4014770299196243,0.4512040615081787
4,Day 4,3,Tray 3,DJI_20260622122437_0003,10,1,10,8464,0.19851450622081757,0.16349337995052338,0.13014818727970123,0.11258697137236597,0.4027881354093551,8464,-0.16080798208713531,-0.18771080672740936,0.14849431812763214,-0.29818874299526216,0.04144784323871113,8464,-0.1030319407582283,-0.19509704411029816,0.3012600243091583,-0.3737119734287262,0.5009520113468168
4,Day 4,3,Tray 3,DJI_20260622122437_0003,11,2,1,8464,0.23999646306037903,0.1690322458744049,0.21366512775421143,-0.009766338299959886,0.5581807494163513,8464,-0.11002574861049652,-0.1720879077911377,0.2403668463230133,-0.4189189076423645,0.2572690665721893,8464,0.10758908838033676,-0.038326114416122437,0.41543710231781006,-0.4480099231004715,0.673590236902237
4,Day 4,3,Tray 3,DJI_20260622122437_0003,12,2,2,8464,0.2625176012516022,0.1802227795124054,0.1912669986486435,0.10892580896615983,0.5512659549713135,8464,-0.08217595517635345,-0.14689819514751434,0.19120407104492188,-0.23664506077766417,0.19157401174306868,8464,0.20490491390228271,0.2322428673505783,0.35787537693977356,-0.17773942649364471,0.6912073194980621
4,Day 4,3,Tray 3,DJI_20260622122437_0003,13,2,3,8464,0.2655295133590698,0.19771698117256165,0.20236200094223022,0.08423414081335068,0.542719167470932,8464,-0.08631228655576706,-0.13829047977924347,0.20634634792804718,-0.3185378611087799,0.21176407784223555,8464,0.1303584724664688,-0.003392628161236644,0.3786265254020691,-0.3184855282306671,0.6792718768119812
4,Day 4,3,Tray 3,DJI_20260622122437_0003,14,2,4,8464,0.3048023283481598,0.30312618613243103,0.19567225873470306,0.08368302583694458,0.5520171165466309,8464,-0.0779445543885231,-0.11191346496343613,0.18904727697372437,-0.3366103917360306,0.1811350420117378,8464,0.18014217913150787,0.2675718665122986,0.3830648958683014,-0.34142884612083435,0.6436920642852783
4,Day 4,3,Tray 3,DJI_20260622122437_0003,15,2,5,8464,0.28044775128364563,0.2646369934082031,0.22354404628276825,-0.004705065162852389,0.5579789638519287,8464,-0.09636451303958893,-0.130864679813385,0.21830010414123535,-0.39456192851066585,0.1901916697621345,8464,0.10484927892684937,0.07201148569583893,0.38033464550971985,-0.42106086313724517,0.5715568423271179
4,Day 4,3,Tray 3,DJI_20260622122437_0003,16,2,6,8464,0.3013714849948883,0.3684464991092682,0.21272829174995422,-0.0020138197927735317,0.5389858186244965,8464,-0.1018330305814743,-0.11378014087677002,0.2144555002450943,-0.4202565550804138,0.16641632169485093,8464,0.07723230123519897,0.06047322601079941,0.3794171214103699,-0.43645679652690883,0.5196126103401184
4,Day 4,3,Tray 3,DJI_20260622122437_0003,17,2,7,8464,0.22942186892032623,0.16540275514125824,0.2064380645751953,-0.026180990040302277,0.5132519185543061,8464,-0.16045229136943817,-0.16186755895614624,0.1808343231678009,-0.4170865148305893,0.09018326103687285,8464,-0.035742342472076416,-0.15189872682094574,0.3379245698451996,-0.45548248291015625,0.4749439537525177
4,Day 4,3,Tray 3,DJI_20260622122437_0003,18,2,8,8464,0.2067895531654358,0.15814648568630219,0.1760980188846588,0.0032657294068485837,0.47150017023086543,8464,-0.17665909230709076,-0.17790882289409637,0.1551869958639145,-0.3784576654434204,0.05225709043443202,8464,-0.10050564259290695,-0.1738569587469101,0.2943652272224426,-0.42673178911209103,0.4413617759943008
4,Day 4,3,Tray 3,DJI_20260622122437_0003,19,2,9,8464,0.20496684312820435,0.16384054720401764,0.1456521451473236,0.07801304906606675,0.45288035869598386,8464,-0.18119047582149506,-0.18736690282821655,0.14849156141281128,-0.36657357811927793,0.02570107355713839,8464,-0.07825713604688644,-0.18233001232147217,0.32578232884407043,-0.4425705671310425,0.47411282956600187
4,Day 4,3,Tray 3,DJI_20260622122437_0003,20,2,10,8464,0.1909492015838623,0.15902011096477509,0.12875047326087952,0.08169886097311975,0.401665598154068,8464,-0.17894452810287476,-0.19335567951202393,0.15541037917137146,-0.3539763033390045,0.05459057167172432,8464,-0.06688573211431503,-0.19248689711093903,0.3404052257537842,-0.4089110493659973,0.5635142922401428
4,Day 4,3,Tray 3,DJI_20260622122437_0003,21,3,1,8464,0.27232253551483154,0.20588484406471252,0.24980008602142334,0.009565708227455626,0.602456521987915,8464,-0.05384502932429314,-0.13966548442840576,0.26599687337875366,-0.3862091332674026,0.3460155963897704,8464,0.17134563624858856,0.23276743292808533,0.42306116223335266,-0.3868193298578262,0.7031823992729187
4,Day 4,3,Tray 3,DJI_20260622122437_0003,22,3,2,8464,0.3154274523258209,0.26656341552734375,0.19537362456321716,0.11911561861634254,0.5828475058078766,8464,-0.02791701816022396,-0.09383764863014221,0.20050568878650665,-0.20359572768211365,0.2900570034980774,8464,0.26679399609565735,0.3918275535106659,0.33987748622894287,-0.17858381420373917,0.6468351304531097
4,Day 4,3,Tray 3,DJI_20260622122437_0003,23,3,3,8464,0.36608806252479553,0.40832334756851196,0.20656491816043854,0.1312793418765068,0.6076326549053191,8464,0.009060295298695564,-0.004809780046343803,0.239119753241539,-0.24971128553152083,0.37372735142707825,8464,0.27660131454467773,0.41788429021835327,0.4081001579761505,-0.3808915734291076,0.7256343364715576
4,Day 4,3,Tray 3,DJI_20260622122437_0003,24,3,4,8464,0.3364603519439697,0.4057057499885559,0.2602556645870209,0.042114436626434326,0.5919080078601837,8464,-0.014866158366203308,0.027632299810647964,0.28024154901504517,-0.40895333290100094,0.30609335899353024,8464,0.19870562851428986,0.39101195335388184,0.46036896109580994,-0.5359070599079132,0.700924676656723
4,Day 4,3,Tray 3,DJI_20260622122437_0003,25,3,5,8464,0.29422298073768616,0.3414277732372284,0.2540399730205536,-0.09215838611125941,0.5866084456443786,8464,-0.09570487588644028,-0.11496056616306305,0.24697424471378326,-0.41699940264225005,0.22423522621393202,8464,0.07369982451200485,0.1421997845172882,0.427907258272171,-0.4849600225687027,0.5884985864162445
4,Day 4,3,Tray 3,DJI_20260622122437_0003,26,3,6,8464,0.2981407046318054,0.37431269884109497,0.22379052639007568,-0.047662078589200955,0.532331770658493,8464,-0.11266102641820908,-0.09702276438474655,0.21589411795139313,-0.43759467601776125,0.14550640732049938,8464,0.07387829571962357,0.2504592835903168,0.40642377734184265,-0.48729956448078154,0.5225544571876526
4,Day 4,3,Tray 3,DJI_20260622122437_0003,27,3,7,8464,0.2680188715457916,0.2725974917411804,0.22538496553897858,-0.0544309142976999,0.5389344930648804,8464,-0.134229376912117,-0.15081343054771423,0.2088940292596817,-0.4370720863342285,0.14376544952392578,8464,0.025163844227790833,-0.08174905180931091,0.38644689321517944,-0.4812774330377579,0.5068391144275666
4,Day 4,3,Tray 3,DJI_20260622122437_0003,28,3,8,8464,0.23051781952381134,0.16760382056236267,0.2082763910293579,0.010465093050152087,0.5365415871143341,8464,-0.16262927651405334,-0.17792575061321259,0.19319364428520203,-0.38993259370326994,0.12427712976932519,8464,-0.06602904200553894,-0.17963320016860962,0.36181768774986267,-0.45923763811588286,0.5137419521808624
4,Day 4,3,Tray 3,DJI_20260622122437_0003,29,3,9,8464,0.252517968416214,0.1772274374961853,0.18112127482891083,0.07003805786371234,0.5069882035255432,8464,-0.13263927400112152,-0.17666465044021606,0.20790129899978638,-0.4261685281991959,0.16368266791105268,8464,0.019174760207533836,-0.16583630442619324,0.4103713035583496,-0.48394027054309846,0.6314033925533294
4,Day 4,3,Tray 3,DJI_20260622122437_0003,30,3,10,8464,0.2498842477798462,0.17552071809768677,0.20024363696575165,0.07261784449219706,0.540835690498352,8464,-0.12264823913574219,-0.18403016030788422,0.2406318187713623,-0.41895810663700106,0.22697090208530424,8464,0.023666987195611,-0.1857459545135498,0.44266176223754883,-0.5358656942844391,0.6201062977313995
4,Day 4,3,Tray 3,DJI_20260622122437_0003,31,4,1,8464,0.2790197432041168,0.21682491898536682,0.25947025418281555,0.0029590067686513645,0.6437716484069824,8464,-0.042015764862298965,-0.12038780748844147,0.2765294909477234,-0.40818514525890337,0.36174552738666527,8464,0.13405579328536987,-0.007868628017604351,0.4250214397907257,-0.4024933636188507,0.6875471472740173
4,Day 4,3,Tray 3,DJI_20260622122437_0003,32,4,2,8464,0.34362858533859253,0.3385133445262909,0.20289738476276398,0.12514786571264266,0.6117280900478363,8464,0.02086685411632061,-0.02601958066225052,0.21468283236026764,-0.18656100630760192,0.32935688495635984,8464,0.21824365854263306,0.3417229950428009,0.37366852164268494,-0.2178620263934135,0.6614219129085541
4,Day 4,3,Tray 3,DJI_20260622122437_0003,33,4,3,8464,0.39359185099601746,0.4160091280937195,0.1797143518924713,0.1525157243013382,0.6244897842407227,8464,0.05732700973749161,0.027104876935482025,0.1935124546289444,-0.15335868299007416,0.3492312848567962,8464,0.3003602921962738,0.4167679250240326,0.3302530348300934,-0.14995788037776947,0.6769913494586944
4,Day 4,3,Tray 3,DJI_20260622122437_0003,34,4,4,8464,0.3999696969985962,0.4340645670890808,0.187057763338089,0.16111402660608293,0.6188500106334687,8464,0.03436026722192764,0.026574229821562767,0.22713884711265564,-0.24021351784467695,0.3524734199047089,8464,0.1745871752500534,0.35124433040618896,0.4359104633331299,-0.4754548043012619,0.6626668155193328
4,Day 4,3,Tray 3,DJI_20260622122437_0003,35,4,5,8464,0.3820962905883789,0.4278544485569,0.20735904574394226,0.09592095240950586,0.614883291721344,8464,0.002930230926722288,0.014364201575517654,0.23840564489364624,-0.3382792949676513,0.31514888703823085,8464,0.07653014361858368,0.17343685030937195,0.417033314704895,-0.48998903930187226,0.5614592432975769
4,Day 4,3,Tray 3,DJI_20260622122437_0003,36,4,6,8464,0.348127156496048,0.4158032536506653,0.21366772055625916,0.04365238808095456,0.5722432076931,8464,-0.05245259404182434,-0.03874989598989487,0.2133755087852478,-0.3434378236532211,0.21425223350524902,8464,0.0449640154838562,-0.08213180303573608,0.3942582607269287,-0.4594768404960632,0.536591899394989
4,Day 4,3,Tray 3,DJI_20260622122437_0003,37,4,7,8464,0.30598053336143494,0.3259918987751007,0.19406168162822723,0.07666099071502686,0.539236843585968,8464,-0.08181510120630264,-0.1274121105670929,0.20150329172611237,-0.3519495248794555,0.18613138794898987,8464,-0.03012600541114807,-0.15800637006759644,0.3975989520549774,-0.522652804851532,0.5069911181926727
4,Day 4,3,Tray 3,DJI_20260622122437_0003,38,4,8,8464,0.30987632274627686,0.31797873973846436,0.21945734322071075,0.1037943534553051,0.5664858877658844,8464,-0.061830587685108185,-0.10114897042512894,0.23218673467636108,-0.38471763432025907,0.21432582587003707,8464,0.049802109599113464,-0.1228550523519516,0.4236869215965271,-0.5245718359947205,0.5715354084968567
4,Day 4,3,Tray 3,DJI_20260622122437_0003,39,4,9,8464,0.2500448226928711,0.182514488697052,0.17337991297245026,0.06350307092070587,0.5046156823635101,8464,-0.12996087968349457,-0.16219668090343475,0.18399056792259216,-0.3557829886674881,0.11754755452275276,8464,-0.031514398753643036,-0.1589350402355194,0.3690802752971649,-0.4558399975299835,0.5848125040531157
4,Day 4,3,Tray 3,DJI_20260622122437_0003,40,4,10,8464,0.26452288031578064,0.1971074640750885,0.15825155377388,0.12349151298403742,0.5050177335739136,8464,-0.11232096701860428,-0.17037716507911682,0.187636137008667,-0.31833637356758115,0.1803135871887207,8464,0.006438122596591711,-0.14520762860774994,0.3830094039440155,-0.4398673206567764,0.616974949836731
4,Day 4,3,Tray 3,DJI_20260622122437_0003,41,5,1,8464,0.27479034662246704,0.2029455304145813,0.23555485904216766,0.09353213086724282,0.6264241874217987,8464,-0.04194273427128792,-0.13926900923252106,0.2636890411376953,-0.306391504406929,0.37684794068336486,8464,0.06759744137525558,-0.1296551674604416,0.3803686499595642,-0.31054071485996243,0.6529373049736023
4,Day 4,3,Tray 3,DJI_20260622122437_0003,42,5,2,8464,0.3275412619113922,0.2617409825325012,0.19850890338420868,0.12928862869739532,0.6279169917106628,8464,1.6109479474835098e-05,-0.07170238345861435,0.19405552744865417,-0.1753993183374405,0.3060179680585861,8464,0.11986597627401352,-0.06306314468383789,0.34651830792427063,-0.20849934220314026,0.6295009076595306
4,Day 4,3,Tray 3,DJI_20260622122437_0003,43,5,3,8464,0.39639896154403687,0.4265117347240448,0.18403799831867218,0.13879389315843582,0.6376969277858734,8464,0.06975403428077698,0.04204576835036278,0.19304649531841278,-0.13800241500139238,0.35012952387332913,8464,0.19853326678276062,0.24065111577510834,0.36144495010375977,-0.2095166429877281,0.6678839564323426
4,Day 4,3,Tray 3,DJI_20260622122437_0003,44,5,4,8464,0.3735809028148651,0.41867026686668396,0.21057844161987305,0.11999845728278162,0.6335018336772918,8464,0.01870446279644966,-0.013679958879947662,0.21834759414196014,-0.19961863309144973,0.33988791108131405,8464,0.0755188912153244,-0.09999328851699829,0.37937647104263306,-0.3947547674179077,0.6321238696575164
4,Day 4,3,Tray 3,DJI_20260622122437_0003,45,5,5,8464,0.37130996584892273,0.4083441197872162,0.2243507355451584,0.08826398178935052,0.6521666049957275,8464,0.009359762072563171,-0.02566526085138321,0.2468644231557846,-0.2918621629476547,0.3604702740907669,8464,0.06155521795153618,-0.09925508499145508,0.40628165006637573,-0.42319082021713256,0.6445514440536498
4,Day 4,3,Tray 3,DJI_20260622122437_0003,46,5,6,8464,0.3448657989501953,0.37011831998825073,0.2068769633769989,0.13167269080877303,0.5907242357730865,8464,-0.020947616547346115,-0.056124769151210785,0.21485178172588348,-0.23359223455190659,0.27478162646293636,8464,0.001393175800330937,-0.11656441539525986,0.34003520011901855,-0.45028577148914334,0.4648909896612167
4,Day 4,3,Tray 3,DJI_20260622122437_0003,47,5,7,8464,0.30237719416618347,0.23432239890098572,0.20008869469165802,0.1096583753824234,0.573572164773941,8464,-0.07209616899490356,-0.12274447083473206,0.18971244990825653,-0.27630887329578396,0.20066011250019072,8464,-0.08265602588653564,-0.14609572291374207,0.3266545832157135,-0.48687297105789185,0.47330234944820404
4,Day 4,3,Tray 3,DJI_20260622122437_0003,48,5,8,8464,0.2618529498577118,0.1985515058040619,0.16624292731285095,0.11746891215443611,0.5102580785751343,8464,-0.10678692907094955,-0.14289700984954834,0.15922461450099945,-0.2772925794124603,0.13128037452697747,8464,-0.0644427165389061,-0.15449675917625427,0.3295028805732727,-0.4393248826265335,0.44507530331611633
4,Day 4,3,Tray 3,DJI_20260622122437_0003,49,5,9,8464,0.2703936994075775,0.1947183609008789,0.16297954320907593,0.12600901424884797,0.5127737641334533,8464,-0.08331841975450516,-0.15465952455997467,0.19015894830226898,-0.26992235481739035,0.2327505052089691,8464,-0.007296535652130842,-0.1635175496339798,0.37680119276046753,-0.44114023447036743,0.5848029017448425
4,Day 4,3,Tray 3,DJI_20260622122437_0003,50,5,10,8464,0.27097758650779724,0.19026371836662292,0.1645652949810028,0.13107822835445404,0.524440485239029,8464,-0.08918926864862442,-0.17100371420383453,0.19205094873905182,-0.25490278005599976,0.2341431975364685,8464,-0.015491225756704807,-0.18318405747413635,0.36019808053970337,-0.3592684358358383,0.6204851865768433
4,Day 4,3,Tray 3,DJI_20260622122437_0003,51,6,1,8464,0.2546808123588562,0.1702861785888672,0.2040783315896988,0.10798812210559845,0.6303364396095276,8464,-0.055569522082805634,-0.14931237697601318,0.24099858105182648,-0.23048728853464123,0.3861527740955353,8464,0.07360074669122696,-0.14167740941047668,0.35712939500808716,-0.19990536123514174,0.6842928171157837
4,Day 4,3,Tray 3,DJI_20260622122437_0003,52,6,2,8464,0.2812644839286804,0.20192652940750122,0.19659146666526794,0.11615613400936127,0.6106529712677001,8464,-0.022008292376995087,-0.10366427898406982,0.20377616584300995,-0.1794065698981285,0.32848837971687317,8464,0.04887259751558304,-0.10656990855932236,0.299190491437912,-0.19752978831529616,0.5647713005542753
4,Day 4,3,Tray 3,DJI_20260622122437_0003,53,6,3,8464,0.3240731954574585,0.2636878490447998,0.235844686627388,0.09935205429792404,0.6692942202091217,8464,0.010776353068649769,-0.08960291743278503,0.24964427947998047,-0.2263103872537613,0.39106939435005184,8464,0.05032948777079582,-0.1015467420220375,0.3645920157432556,-0.3860927373170852,0.6080808043479919
4,Day 4,3,Tray 3,DJI_20260622122437_0003,54,6,4,8464,0.29715046286582947,0.26671433448791504,0.230523481965065,0.055090478435158775,0.6046313703060149,8464,-0.025283705443143845,-0.0883307009935379,0.23379722237586975,-0.29979369044303894,0.32570736110210413,8464,0.026720814406871796,-0.10990649461746216,0.37448427081108093,-0.4415714770555496,0.6005325078964233
4,Day 4,3,Tray 3,DJI_20260622122437_0003,55,6,5,8464,0.2971131503582001,0.2561243772506714,0.22355425357818604,0.037990628927946093,0.6230565786361694,8464,-0.05334867909550667,-0.10975609719753265,0.22719678282737732,-0.3242902159690857,0.3115635812282562,8464,-0.027799664065241814,-0.1278441846370697,0.34946754574775696,-0.41618120968341826,0.566559237241745
4,Day 4,3,Tray 3,DJI_20260622122437_0003,56,6,6,8464,0.2794409692287445,0.23543775081634521,0.21451884508132935,0.05617417469620706,0.5595381677150726,8464,-0.07094433158636093,-0.1150442510843277,0.20424918830394745,-0.31693199276924133,0.2178509071469307,8464,-0.08042651414871216,-0.13560731709003448,0.3135543763637543,-0.4645922780036926,0.44468964040279385
4,Day 4,3,Tray 3,DJI_20260622122437_0003,57,6,7,8464,0.24468457698822021,0.1769053190946579,0.20729516446590424,0.07038933038711549,0.5514301776885986,8464,-0.10311586409807205,-0.13844870030879974,0.20750683546066284,-0.33374844789505,0.1715395629405975,8464,-0.08808450400829315,-0.14433421194553375,0.29358506202697754,-0.44863453805446624,0.3828083366155623
4,Day 4,3,Tray 3,DJI_20260622122437_0003,58,6,8,8464,0.2399774044752121,0.17167681455612183,0.1824733316898346,0.10057787895202637,0.5227866530418396,8464,-0.12624771893024445,-0.15947522222995758,0.17386499047279358,-0.30812883377075195,0.13617891669273377,8464,-0.14610733091831207,-0.17503586411476135,0.25426843762397766,-0.4331002563238144,0.3196620672941207
4,Day 4,3,Tray 3,DJI_20260622122437_0003,59,6,9,8464,0.24888163805007935,0.17226992547512054,0.20713470876216888,0.09947504252195359,0.5686906576156616,8464,-0.088409423828125,-0.17571058869361877,0.24857144057750702,-0.26233298182487486,0.33246350586414336,8464,-0.04557935893535614,-0.18284228444099426,0.381056547164917,-0.44358537793159486,0.6798240542411804
4,Day 4,3,Tray 3,DJI_20260622122437_0003,60,6,10,8464,0.23654025793075562,0.17029859125614166,0.16757725179195404,0.10943774357438088,0.537916898727417,8464,-0.119950070977211,-0.18061688542366028,0.1782759577035904,-0.268654066324234,0.17554776817560191,8464,-0.06826511025428772,-0.20458321273326874,0.3285432457923889,-0.3389049768447876,0.5594741046428681
4,Day 4,3,Tray 3,DJI_20260622122437_0003,61,7,1,8464,0.2512753903865814,0.17261165380477905,0.22637547552585602,0.09868886545300484,0.6128566741943359,8464,-0.051226358860731125,-0.14305652678012848,0.26090407371520996,-0.22190915942192077,0.3874011546373367,8464,0.06407161056995392,-0.13215371966362,0.3511893153190613,-0.19719339907169342,0.667420506477356
4,Day 4,3,Tray 3,DJI_20260622122437_0003,62,7,2,8464,0.2666085958480835,0.18223193287849426,0.22749166190624237,0.09869003742933273,0.6213074862957001,8464,-0.020623652264475822,-0.11785982549190521,0.25656959414482117,-0.18902438879013062,0.42173052728176114,8464,0.07118760049343109,-0.10428044199943542,0.3406398594379425,-0.2129739373922348,0.6184265196323394
4,Day 4,3,Tray 3,DJI_20260622122437_0003,63,7,3,8464,0.2719811797142029,0.20285817980766296,0.25147029757499695,-0.03827879838645457,0.6203563451766968,8464,-0.04007433354854584,-0.10440034419298172,0.25677189230918884,-0.3834063321352005,0.3530875653028488,8464,0.08199464529752731,-0.01571057178080082,0.38718199729919434,-0.47347676455974574,0.6111842393875122
4,Day 4,3,Tray 3,DJI_20260622122437_0003,64,7,4,8464,0.2610224485397339,0.257331520318985,0.2753428518772125,-0.0835200883448124,0.6272383153438567,8464,-0.05368487909436226,-0.09761187434196472,0.28535354137420654,-0.44300185739994047,0.37253633737564085,8464,0.03177623078227043,-0.07040964066982269,0.3776288330554962,-0.5122141242027282,0.5447136104106902
4,Day 4,3,Tray 3,DJI_20260622122437_0003,65,7,5,8464,0.24963396787643433,0.21010740101337433,0.2667427659034729,-0.14672686159610748,0.6152416408061981,8464,-0.07497021555900574,-0.11847922205924988,0.2783321738243103,-0.47514408826828003,0.35081817507743834,8464,-0.009326939471065998,-0.12322568148374557,0.39032992720603943,-0.4978054165840149,0.6165014684200286
4,Day 4,3,Tray 3,DJI_20260622122437_0003,66,7,6,8464,0.2609594464302063,0.218256413936615,0.26608502864837646,-0.14644571542739865,0.6322591662406921,8464,-0.07892493158578873,-0.1265474557876587,0.27263909578323364,-0.47241250872611995,0.34818220138549794,8464,-0.049594685435295105,-0.13781605660915375,0.33155182003974915,-0.47037702798843384,0.45616828799247733
4,Day 4,3,Tray 3,DJI_20260622122437_0003,67,7,7,8464,0.2340090125799179,0.17609766125679016,0.2317509651184082,-0.05801217742264268,0.5678282320499419,8464,-0.1193651333451271,-0.14019212126731873,0.225916787981987,-0.4192556291818619,0.20849595665931692,8464,-0.11072488874197006,-0.1531962901353836,0.3066490888595581,-0.47727271914482117,0.4193170428276062
4,Day 4,3,Tray 3,DJI_20260622122437_0003,68,7,8,8464,0.2047143131494522,0.15876376628875732,0.19266609847545624,0.016432780586183086,0.5163037478923798,8464,-0.15451490879058838,-0.16849765181541443,0.1866367906332016,-0.3916028171777725,0.10181667357683179,8464,-0.16931872069835663,-0.17520447075366974,0.22477209568023682,-0.44486182332038876,0.10193118155002587
4,Day 4,3,Tray 3,DJI_20260622122437_0003,69,7,9,8464,0.20605827867984772,0.16151778399944305,0.18736816942691803,0.038583658635616316,0.4844232380390167,8464,-0.14810046553611755,-0.17249424755573273,0.1819666475057602,-0.367438605427742,0.1119935624301433,8464,-0.11034813523292542,-0.17994526028633118,0.32642829418182373,-0.4802096486091614,0.4651162922382355
4,Day 4,3,Tray 3,DJI_20260622122437_0003,70,7,10,8464,0.20830373466014862,0.17413513362407684,0.1967211365699768,0.0059005338698625565,0.4716950833797455,8464,-0.15460792183876038,-0.18436110019683838,0.199635848402977,-0.3679830849170685,0.09592579677700995,8464,-0.11890047043561935,-0.2041511833667755,0.2882899045944214,-0.40833425521850586,0.3141651153564453
4,Day 4,5,Tray 5,DJI_20260622122624_0005,1,1,1,8464,0.24140548706054688,0.18327099084854126,0.17328839004039764,0.1438090443611145,0.5244346797466278,8464,-0.07889550924301147,-0.1472194939851761,0.21132653951644897,-0.20501428991556164,0.2779793620109558,8464,0.051299091428518295,-0.13908205926418304,0.3556967079639435,-0.19116878509521482,0.732382208108902
4,Day 4,5,Tray 5,DJI_20260622122624_0005,2,1,2,8464,0.2975458800792694,0.2073805034160614,0.19151264429092407,0.13691756427288054,0.584656709432602,8464,-0.04888059198856354,-0.12438220530748367,0.20794863998889923,-0.21455697119235986,0.2527201861143112,8464,0.11956098675727844,-0.0891052782535553,0.3619990944862366,-0.22074824571609497,0.7174567937850952
4,Day 4,5,Tray 5,DJI_20260622122624_0005,3,1,3,8464,0.30303269624710083,0.2310224175453186,0.17089694738388062,0.15026440620422363,0.5562179207801818,8464,-0.045493703335523605,-0.10645920038223267,0.19612504541873932,-0.21072128266096116,0.271403956413269,8464,0.1439804583787918,0.025367092341184616,0.3469145596027374,-0.19795335233211517,0.6340850472450257
4,Day 4,5,Tray 5,DJI_20260622122624_0005,4,1,4,8464,0.2967517673969269,0.24598269164562225,0.25827592611312866,-0.0037164750276133156,0.6234146356582642,8464,-0.05278317630290985,-0.11269626021385193,0.29450494050979614,-0.44588697552680967,0.3736899375915527,8464,0.06434465944766998,-0.10243640094995499,0.4324750602245331,-0.47328656911849976,0.7084957361221313
4,Day 4,5,Tray 5,DJI_20260622122624_0005,5,1,5,8464,0.2726874053478241,0.21287353336811066,0.2261573225259781,-0.005240174476057291,0.5756507992744446,8464,-0.0923866555094719,-0.12145041674375534,0.2281661480665207,-0.3890773355960846,0.23206372410058973,8464,0.004571481142193079,-0.11428571492433548,0.35693615674972534,-0.41353124380111694,0.5706807136535644
4,Day 4,5,Tray 5,DJI_20260622122624_0005,6,1,6,8464,0.22339005768299103,0.17759546637535095,0.20315590500831604,0.007148107746616043,0.5348096370697022,8464,-0.12764687836170197,-0.12906572222709656,0.22145740687847137,-0.3980156123638153,0.1997538298368453,8464,-0.07971441000699997,-0.12701252102851868,0.2788524329662323,-0.375545859336853,0.42951405048370356
4,Day 4,5,Tray 5,DJI_20260622122624_0005,7,1,7,8464,0.22092333436012268,0.18163487315177917,0.2161308377981186,0.025641025975346565,0.5262229681015014,8464,-0.13262218236923218,-0.12716762721538544,0.23104608058929443,-0.44725215435028076,0.18935800343751905,8464,-0.1136191338300705,-0.13231024146080017,0.26981985569000244,-0.4687948226928711,0.3779690116643905
4,Day 4,5,Tray 5,DJI_20260622122624_0005,8,1,8,8464,0.2320413440465927,0.18633851408958435,0.16671083867549896,0.11709754168987274,0.4866127043962479,8464,-0.14610318839550018,-0.1419408768415451,0.17584934830665588,-0.4051895916461944,0.0346938781440258,8464,-0.09764042496681213,-0.13971611857414246,0.2615926265716553,-0.42357426583766933,0.35907701849937435
4,Day 4,5,Tray 5,DJI_20260622122624_0005,9,1,9,8464,0.2212654948234558,0.19014504551887512,0.13824701309204102,0.1338232010602951,0.4221994757652281,8464,-0.16939175128936768,-0.15677966177463531,0.1570667326450348,-0.38526001274585725,-0.027024125866592003,8464,-0.1127936989068985,-0.15303392708301544,0.2519225478172302,-0.4182247191667557,0.3130256831645964
4,Day 4,5,Tray 5,DJI_20260622122624_0005,10,1,10,8464,0.19902797043323517,0.1850438117980957,0.12448733299970627,0.12345679104328156,0.3087160289287567,8464,-0.17310145497322083,-0.16899800300598145,0.15295910835266113,-0.3277538299560547,-0.08313531056046489,8464,-0.12156974524259567,-0.16309314966201782,0.2507762014865875,-0.3343108594417572,0.15913071781396865
4,Day 4,5,Tray 5,DJI_20260622122624_0005,11,2,1,8464,0.23753505945205688,0.1826101541519165,0.19001652300357819,0.07442347183823592,0.5354179739952087,8464,-0.10303408652544022,-0.14146341383457184,0.19680075347423553,-0.3196841418743134,0.20349575579166407,8464,0.11829890310764313,-0.1111111119389534,0.3851054608821869,-0.2996699601411819,0.708785355091095
4,Day 4,5,Tray 5,DJI_20260622122624_0005,12,2,2,8464,0.3122990131378174,0.2291748821735382,0.20144051313400269,0.1282191812992096,0.5902560949325562,8464,-0.03591345623135567,-0.1240735650062561,0.22783125936985016,-0.2620611488819122,0.30026304721832275,8464,0.2059573531150818,0.27231189608573914,0.3683965504169464,-0.21249978095293043,0.7350078225135803
4,Day 4,5,Tray 5,DJI_20260622122624_0005,13,2,3,8464,0.32163307070732117,0.2694498300552368,0.2110011875629425,0.1351527258753777,0.5897309482097625,8464,-0.024656714871525764,-0.09382304549217224,0.25377461314201355,-0.336648353934288,0.33383539915084826,8464,0.19077351689338684,0.21611085534095764,0.40940213203430176,-0.36454478204250335,0.7340241253376006
4,Day 4,5,Tray 5,DJI_20260622122624_0005,14,2,4,8464,0.294590026140213,0.272955983877182,0.19196321070194244,0.0955214060842991,0.5323280096054077,8464,-0.08535237610340118,-0.10452143847942352,0.19508156180381775,-0.358749783039093,0.1659617990255356,8464,0.15588849782943726,0.18281912803649902,0.38376396894454956,-0.41975526511669153,0.6458215653896332
4,Day 4,5,Tray 5,DJI_20260622122624_0005,15,2,5,8464,0.2957954704761505,0.3114818036556244,0.2232208251953125,-0.0051951514091342545,0.5599568486213684,8464,-0.0911986455321312,-0.10139860212802887,0.23791645467281342,-0.448221355676651,0.22295156568288801,8464,0.05504666268825531,-0.08448093384504318,0.39807021617889404,-0.4761278301477432,0.568216186761856
4,Day 4,5,Tray 5,DJI_20260622122624_0005,16,2,6,8464,0.24658431112766266,0.1860107183456421,0.23735958337783813,-0.05296962745487688,0.592628538608551,8464,-0.11811583489179611,-0.125,0.27095237374305725,-0.5071770548820496,0.283711701631546,8464,-0.05178685113787651,-0.11931119114160538,0.3691367506980896,-0.5333944857120514,0.5362707734107971
4,Day 4,5,Tray 5,DJI_20260622122624_0005,17,2,7,8464,0.2249915599822998,0.1833576112985611,0.19551284611225128,-0.0016005577635951284,0.5055370926856995,8464,-0.15628059208393097,-0.12469101697206497,0.19472888112068176,-0.4827236473560333,0.08565966561436651,8464,-0.04180460795760155,-0.11519607901573181,0.3281610608100891,-0.5113489627838135,0.4647185057401657
4,Day 4,5,Tray 5,DJI_20260622122624_0005,18,2,8,8464,0.21947264671325684,0.18438422679901123,0.1998969465494156,0.02419709600508213,0.5066313147544861,8464,-0.15339826047420502,-0.13742101192474365,0.2063913196325302,-0.5028626561164855,0.12483798116445537,8464,-0.0925186350941658,-0.13521380722522736,0.3267795443534851,-0.5450089752674103,0.43871936202049255
4,Day 4,5,Tray 5,DJI_20260622122624_0005,19,2,9,8464,0.1831882745027542,0.18260517716407776,0.14786408841609955,0.08007865697145462,0.35040737688541407,8464,-0.17967377603054047,-0.15677966177463531,0.17743916809558868,-0.363866400718689,-0.05578640066087247,8464,-0.11508768051862717,-0.15206076204776764,0.3040546774864197,-0.4717038065195083,0.39329805970191956
4,Day 4,5,Tray 5,DJI_20260622122624_0005,20,2,10,8464,0.22187791764736176,0.1887630969285965,0.13677307963371277,0.12873087525367738,0.42617679536342623,8464,-0.1610049158334732,-0.16508999466896057,0.18289940059185028,-0.4301595985889435,0.06582980528473842,8464,-0.04958430677652359,-0.15449675917625427,0.33941540122032166,-0.4843472510576248,0.503811490535736
4,Day 4,5,Tray 5,DJI_20260622122624_0005,21,3,1,8464,0.2615830600261688,0.20639586448669434,0.22529208660125732,-0.0032021957449615,0.5740469098091125,8464,-0.08177720010280609,-0.13535133004188538,0.24823524057865143,-0.3907660603523254,0.2966354876756667,8464,0.13503943383693695,0.0038995915092527866,0.4309838116168976,-0.43972159624099727,0.7310252070426941
4,Day 4,5,Tray 5,DJI_20260622122624_0005,22,3,2,8464,0.3618495762348175,0.3686354458332062,0.2077781707048416,0.13929784297943115,0.636131739616394,8464,-0.008521350100636482,-0.09586653113365173,0.2344687581062317,-0.2569518268108368,0.30835118889808655,8464,0.36170628666877747,0.44365888833999634,0.3016524016857147,-0.14066852629184723,0.7317385733127594
4,Day 4,5,Tray 5,DJI_20260622122624_0005,23,3,3,8464,0.3678969144821167,0.3788704574108124,0.22889035940170288,0.14818398505449296,0.6400036573410034,8464,-0.010216046124696732,-0.06764976680278778,0.27751031517982483,-0.37919342815876006,0.36965374350547786,8464,0.2866825461387634,0.4057469367980957,0.40138307213783264,-0.26220908761024464,0.7381842732429504
4,Day 4,5,Tray 5,DJI_20260622122624_0005,24,3,4,8464,0.34925195574760437,0.42372697591781616,0.2773556113243103,-0.03804788775742053,0.6323654055595398,8464,-0.0483393594622612,-0.03794635832309723,0.3314887285232544,-0.5283965468406677,0.36022686362266537,8464,0.17913055419921875,0.33209875226020813,0.4652918577194214,-0.5315038681030273,0.7102701783180236
4,Day 4,5,Tray 5,DJI_20260622122624_0005,25,3,5,8464,0.330122172832489,0.4197898507118225,0.23901109397411346,-0.09308824092149734,0.5610681772232056,8464,-0.09060569852590561,-0.054001208394765854,0.23148861527442932,-0.4693218469619751,0.17775002270936965,8464,0.11869077384471893,0.30779141187667847,0.4046649634838104,-0.4937078356742859,0.5327250242233277
4,Day 4,5,Tray 5,DJI_20260622122624_0005,26,3,6,8464,0.26144373416900635,0.25247666239738464,0.2358628511428833,-0.08184972926974293,0.5495315551757812,8464,-0.1327473223209381,-0.12817686796188354,0.22512665390968323,-0.4575377404689789,0.1657337486743927,8464,0.005520367994904518,-0.11307420581579208,0.3887299597263336,-0.4904458522796631,0.5205893099308013
4,Day 4,5,Tray 5,DJI_20260622122624_0005,27,3,7,8464,0.23944364488124847,0.1948471963405609,0.24620839953422546,-0.09933538809418675,0.5339265406131745,8464,-0.13473807275295258,-0.12934362888336182,0.2532254755496979,-0.5327606439590454,0.19264171272516248,8464,-0.041749950498342514,-0.1265474557876587,0.38034218549728394,-0.540089201927185,0.4818353831768035
4,Day 4,5,Tray 5,DJI_20260622122624_0005,28,3,8,8464,0.24501687288284302,0.19353967905044556,0.19850505888462067,0.008153581526130476,0.5177661359310151,8464,-0.1536376178264618,-0.14259588718414307,0.1870395392179489,-0.4476237505674362,0.09192200750112534,8464,-0.04452526569366455,-0.13340714573860168,0.3465438783168793,-0.4866581857204437,0.46717313826084134
4,Day 4,5,Tray 5,DJI_20260622122624_0005,29,3,9,8464,0.2527073323726654,0.19573938846588135,0.1886502355337143,0.07418655380606656,0.5358533084392547,8464,-0.1305171400308609,-0.1564529836177826,0.22294169664382935,-0.4217423647642135,0.19981130510568598,8464,0.045686107128858566,-0.0779767632484436,0.3997316360473633,-0.5085651278495789,0.5931661248207092
4,Day 4,5,Tray 5,DJI_20260622122624_0005,30,3,10,8464,0.2584652602672577,0.19905202090740204,0.18853871524333954,0.10772254988551143,0.5307884871959686,8464,-0.12469600886106491,-0.16384823620319366,0.23178085684776306,-0.437713399529457,0.19977083504199983,8464,0.0027556035201996565,-0.13633021712303162,0.3960464596748352,-0.5263545334339141,0.617384284734726
4,Day 4,5,Tray 5,DJI_20260622122624_0005,31,4,1,8464,0.3221917152404785,0.23551958799362183,0.23959556221961975,0.07461348921060562,0.7020679712295532,8464,0.01541431900113821,-0.12099643796682358,0.282448410987854,-0.2888049602508545,0.47209182381629944,8464,0.1540636420249939,-0.014377452433109283,0.4128490388393402,-0.30601179599761963,0.742775809764862
4,Day 4,5,Tray 5,DJI_20260622122624_0005,32,4,2,8464,0.3726169168949127,0.3538213074207306,0.2359563708305359,0.13976955860853196,0.7131044149398803,8464,0.06293485313653946,0.025697192177176476,0.29217100143432617,-0.24538114517927168,0.48336018323898317,8464,0.2417142540216446,0.3308379054069519,0.40154677629470825,-0.24443499147891998,0.7441667437553405
4,Day 4,5,Tray 5,DJI_20260622122624_0005,33,4,3,8464,0.43743160367012024,0.45393410325050354,0.18936221301555634,0.18997759222984315,0.6908915400505066,8464,0.09907922893762589,0.08403897285461426,0.25721317529678345,-0.15726709216833115,0.46022177338600156,8464,0.3240263760089874,0.42810600996017456,0.35400810837745667,-0.13105387538671492,0.742238461971283
4,Day 4,5,Tray 5,DJI_20260622122624_0005,34,4,4,8464,0.4253481924533844,0.48118484020233154,0.20741280913352966,0.1596574828028679,0.6412790656089783,8464,0.04171587899327278,0.08594869077205658,0.2808385193347931,-0.38524096608161923,0.4182344377040863,8464,0.26317542791366577,0.4633333384990692,0.4408687651157379,-0.4412904381752014,0.7199772477149963
4,Day 4,5,Tray 5,DJI_20260622122624_0005,35,4,5,8464,0.38828644156455994,0.4589303731918335,0.2273893505334854,0.05154415406286718,0.6013956606388091,8464,0.000217505352338776,0.044587183743715286,0.26427680253982544,-0.3819943964481354,0.29018090367317195,8464,0.0746767520904541,0.2246646285057068,0.43386027216911316,-0.5205197036266327,0.5492042899131775
4,Day 4,5,Tray 5,DJI_20260622122624_0005,36,4,6,8464,0.3386274576187134,0.4218837022781372,0.2562415897846222,-0.05991009175777434,0.5925350189208984,8464,-0.03434034809470177,-0.006448284722864628,0.27905648946762085,-0.4813749313354491,0.2899127513170242,8464,0.04429415240883827,0.03581813722848892,0.4201919138431549,-0.5467422008514404,0.5327744543552398
4,Day 4,5,Tray 5,DJI_20260622122624_0005,37,4,7,8464,0.31281283497810364,0.2927345037460327,0.20483174920082092,0.1157856695353985,0.5524496912956237,8464,-0.07681096345186234,-0.11194080859422684,0.21168428659439087,-0.3651372581720352,0.19136112928390503,8464,-0.040521614253520966,-0.11824139952659607,0.3569513261318207,-0.5163858532905579,0.4721311330795288
4,Day 4,5,Tray 5,DJI_20260622122624_0005,38,4,8,8464,0.24902427196502686,0.2049928903579712,0.18593624234199524,0.04259189292788508,0.515802800655365,8464,-0.1396338790655136,-0.142259418964386,0.21591053903102875,-0.4434261620044708,0.16607286632061005,8464,-0.07667754590511322,-0.14633634686470032,0.35996174812316895,-0.5251853466033936,0.4647164791822433
4,Day 4,5,Tray 5,DJI_20260622122624_0005,39,4,9,8464,0.29625287652015686,0.23071303963661194,0.19471797347068787,0.12120352610945703,0.5477504372596741,8464,-0.07939311861991882,-0.1274779736995697,0.22772487998008728,-0.41957598030567167,0.22477429062128065,8464,0.02144383266568184,-0.09687735140323639,0.41251856088638306,-0.5441176295280457,0.642038357257843
4,Day 4,5,Tray 5,DJI_20260622122624_0005,40,4,10,8464,0.2874787151813507,0.22152654826641083,0.18705186247825623,0.13034826517105103,0.548877465724945,8464,-0.09246107935905457,-0.15751248598098755,0.23344042897224426,-0.3576186507940292,0.254204785823822,8464,0.036691561341285706,-0.09397861361503601,0.4090454578399658,-0.47614250183105467,0.6573071539402008
4,Day 4,5,Tray 5,DJI_20260622122624_0005,41,5,1,8464,0.2820478081703186,0.20389002561569214,0.21598908305168152,0.06857193708419801,0.6742208540439605,8464,-0.019863856956362724,-0.12268677353858948,0.2562999725341797,-0.2760388255119324,0.4566877096891403,8464,0.07836883515119553,-0.11849693953990936,0.3746146559715271,-0.2989286452531814,0.7047017097473144
4,Day 4,5,Tray 5,DJI_20260622122624_0005,42,5,2,8464,0.3366393446922302,0.25247257947921753,0.19117765128612518,0.16148409992456436,0.66778564453125,8464,0.039434995502233505,-0.08438709378242493,0.2381022721529007,-0.15607752948999404,0.43176422715187074,8464,0.13857917487621307,-0.018799368292093277,0.3353574872016907,-0.1541225731372833,0.6899324655532837
4,Day 4,5,Tray 5,DJI_20260622122624_0005,43,5,3,8464,0.3946436941623688,0.40359896421432495,0.18396691977977753,0.1665734052658081,0.6689143776893616,8464,0.07647541910409927,0.031098362058401108,0.21372805535793304,-0.1368684023618698,0.4302604049444198,8464,0.13533766567707062,0.020569082349538803,0.39584243297576904,-0.34647839665412894,0.7087786972522736
4,Day 4,5,Tray 5,DJI_20260622122624_0005,44,5,4,8464,0.43786829710006714,0.4866046905517578,0.20753717422485352,0.1657673478126526,0.6650434851646423,8464,0.0867539569735527,0.11716091632843018,0.25016480684280396,-0.27808018028736115,0.3964139819145202,8464,0.1749403178691864,0.3456341028213501,0.44823163747787476,-0.4997253119945526,0.7127292037010193
4,Day 4,5,Tray 5,DJI_20260622122624_0005,45,5,5,8464,0.42900192737579346,0.48650383949279785,0.19273193180561066,0.16367142796516418,0.6309309363365173,8464,0.05190659314393997,0.06955066323280334,0.2260265350341797,-0.2518826067447662,0.3325288206338882,8464,0.10702704638242722,0.13818848133087158,0.4070415496826172,-0.44674086570739746,0.5861039757728577
4,Day 4,5,Tray 5,DJI_20260622122624_0005,46,5,6,8464,0.3395092785358429,0.33719438314437866,0.22223754227161407,0.10013674348592759,0.5901343762874603,8464,-0.015838226303458214,-0.08161648362874985,0.24373018741607666,-0.3291611164808273,0.2992452889680862,8464,-0.03422582522034645,-0.10705596208572388,0.35698652267456055,-0.49126002192497253,0.5048331916332245
4,Day 4,5,Tray 5,DJI_20260622122624_0005,47,5,7,8464,0.3143143653869629,0.24773935973644257,0.19733721017837524,0.13919227868318557,0.5685756385326385,8464,-0.04644453898072243,-0.10080645233392715,0.20756974816322327,-0.2724889039993286,0.2390682190656662,8464,-0.06233089789748192,-0.11474070698022842,0.3179737627506256,-0.4712062656879425,0.46731118559837337
4,Day 4,5,Tray 5,DJI_20260622122624_0005,48,5,8,8464,0.2677989900112152,0.21563217043876648,0.19871802628040314,0.12455919906497002,0.5309271395206451,8464,-0.09275215864181519,-0.11580381542444229,0.21123607456684113,-0.29362952411174764,0.19597730338573455,8464,-0.08205306529998779,-0.12546378374099731,0.3360691964626312,-0.5411278426647186,0.4579074293375015
4,Day 4,5,Tray 5,DJI_20260622122624_0005,49,5,9,8464,0.2814449369907379,0.21053016185760498,0.18892742693424225,0.13289934694767,0.567826384305954,8464,-0.09145279228687286,-0.13340714573860168,0.2248021364212036,-0.36487997174263,0.23746410012245178,8464,-0.04672688990831375,-0.13560731709003448,0.3701784908771515,-0.5034283757209778,0.6184032320976255
4,Day 4,5,Tray 5,DJI_20260622122624_0005,50,5,10,8464,0.3003549873828888,0.23314455151557922,0.18914559483528137,0.14460885226726533,0.5603840351104736,8464,-0.07033860683441162,-0.13387788832187653,0.2318391650915146,-0.2910499781370162,0.2677557379007339,8464,0.024665480479598045,-0.12780813872814178,0.3866250216960907,-0.4920750558376312,0.6568286001682281
4,Day 4,5,Tray 5,DJI_20260622122624_0005,51,6,1,8464,0.2671390473842621,0.18355855345726013,0.20026572048664093,0.1303582563996315,0.6340646982192991,8464,-0.035656269639730453,-0.13419194519519806,0.24056385457515717,-0.20718545913696287,0.4256747394800183,8464,0.01052087265998125,-0.12947814166545868,0.30416426062583923,-0.2129200518131256,0.5874748170375823
4,Day 4,5,Tray 5,DJI_20260622122624_0005,52,6,2,8464,0.34881848096847534,0.24987556040287018,0.2124190330505371,0.14726930856704712,0.6653275966644286,8464,0.03027087077498436,-0.09873893111944199,0.23602789640426636,-0.16956720203161238,0.3923229843378066,8464,0.09153293818235397,-0.047363728284835815,0.31439369916915894,-0.21675828099250793,0.5736750364303589
4,Day 4,5,Tray 5,DJI_20260622122624_0005,53,6,3,8464,0.3220456540584564,0.2928796410560608,0.2559906840324402,0.10428931564092636,0.6549763083457947,8464,-0.021214401349425316,-0.10147267580032349,0.27694112062454224,-0.30769900977611536,0.40371572971343994,8464,0.05458884686231613,-0.09152455627918243,0.37191393971443176,-0.3937262147665024,0.6441803991794586
4,Day 4,5,Tray 5,DJI_20260622122624_0005,54,6,4,8464,0.3693627119064331,0.42989417910575867,0.24508027732372284,0.05241059996187689,0.6761117339134215,8464,0.028791023418307304,0.004780877847224474,0.27471932768821716,-0.32674551010131836,0.4362540543079376,8464,0.027099814265966415,-0.09873893111944199,0.39145344495773315,-0.44704329371452334,0.5838495075702668
4,Day 4,5,Tray 5,DJI_20260622122624_0005,55,6,5,8464,0.28521278500556946,0.23858413100242615,0.2946208417415619,-0.06793050020933147,0.6773608624935149,8464,-0.08082360029220581,-0.10787960886955261,0.2999025881290436,-0.4715189188718796,0.38290014863014216,8464,-0.0657554343342781,-0.11308643966913223,0.32077735662460327,-0.4554049044847488,0.4383954107761383
4,Day 4,5,Tray 5,DJI_20260622122624_0005,56,6,6,8464,0.2616267800331116,0.19627778232097626,0.2594553530216217,-0.03871535509824753,0.5834442198276519,8464,-0.08416417986154556,-0.09955024719238281,0.24855442345142365,-0.4233702450990677,0.23899055421352383,8464,-0.092800073325634,-0.12084303051233292,0.32112258672714233,-0.49397039115428926,0.4883108049631118
4,Day 4,5,Tray 5,DJI_20260622122624_0005,57,6,7,8464,0.2474350482225418,0.19441181421279907,0.21665284037590027,0.0943807326257229,0.5509622097015381,8464,-0.10311342775821686,-0.12161051481962204,0.22250303626060486,-0.3426247417926786,0.2113044247031211,8464,-0.13844850659370422,-0.1362375169992447,0.27487921714782715,-0.5024063527584076,0.3536260098218917
4,Day 4,5,Tray 5,DJI_20260622122624_0005,58,6,8,8464,0.2565643787384033,0.2056179940700531,0.18659092485904694,0.12961998879909514,0.5206330895423888,8464,-0.11439046263694763,-0.13971611857414246,0.17919419705867767,-0.28729234635829926,0.13077422976493835,8464,-0.10078878700733185,-0.15141290426254272,0.29196566343307495,-0.44233310520648955,0.39134264588356016
4,Day 4,5,Tray 5,DJI_20260622122624_0005,59,6,9,8464,0.3111414909362793,0.21077749133110046,0.18737545609474182,0.15744715183973312,0.6079691648483276,8464,-0.0411810502409935,-0.14196419715881348,0.22674404084682465,-0.2056279242038727,0.302469402551651,8464,-0.013629491440951824,-0.1502808928489685,0.3462572693824768,-0.3290214568376541,0.5516100466251374
4,Day 4,5,Tray 5,DJI_20260622122624_0005,60,6,10,8464,0.27343159914016724,0.21234199404716492,0.1804428994655609,0.10518511012196541,0.5460709452629089,8464,-0.10236039757728577,-0.15823760628700256,0.22832508385181427,-0.35257384181022644,0.23238935023546214,8464,-0.05819292739033699,-0.17338141798973083,0.35052594542503357,-0.4571145474910736,0.5230932712554931
4,Day 4,5,Tray 5,DJI_20260622122624_0005,61,7,1,8464,0.2159239947795868,0.17593656480312347,0.16934537887573242,0.06442186012864116,0.46134690940380096,8464,-0.10836921632289886,-0.14818449318408966,0.20532403886318207,-0.29501545429229736,0.2215693414211272,8464,0.018979445099830627,-0.1295596957206726,0.2935318052768707,-0.19243481755256653,0.5416588723659516
4,Day 4,5,Tray 5,DJI_20260622122624_0005,62,7,2,8464,0.2418632209300995,0.1810617446899414,0.20109307765960693,0.06621307209134103,0.5420433521270752,8464,-0.07449756562709808,-0.12090839445590973,0.23465220630168915,-0.32674551010131836,0.3024982064962385,8464,0.030704019591212273,-0.1045178696513176,0.30944201350212097,-0.22233333289623258,0.5434998691082
4,Day 4,5,Tray 5,DJI_20260622122624_0005,63,7,3,8464,0.2770211398601532,0.24174711108207703,0.264398992061615,0.05477525033056738,0.6012005627155302,8464,-0.030794162303209305,-0.09292715787887573,0.28520357608795166,-0.3309500575065612,0.3624194473028182,8464,0.07874536514282227,-0.06313566863536835,0.3885674774646759,-0.3691554367542267,0.6683211743831634
4,Day 4,5,Tray 5,DJI_20260622122624_0005,64,7,4,8464,0.23918503522872925,0.20093122124671936,0.2350696176290512,-0.052268565073609344,0.5914797484874724,8464,-0.09224369376897812,-0.10780467838048935,0.2650800347328186,-0.40518465638160706,0.32318260371685026,8464,-0.028720367699861526,-0.10258481651544571,0.3377096652984619,-0.38915072083473207,0.5807870328426361
4,Day 4,5,Tray 5,DJI_20260622122624_0005,65,7,5,8464,0.2036682516336441,0.1698373407125473,0.2680256962776184,-0.14274631440639496,0.5981901943683623,8464,-0.12658044695854187,-0.12740036845207214,0.28453344106674194,-0.4748784303665161,0.3055877357721327,8464,-0.11943254619836807,-0.13900285959243774,0.3171595335006714,-0.469085693359375,0.42853166460990894
4,Day 4,5,Tray 5,DJI_20260622122624_0005,66,7,6,8464,0.19681276381015778,0.17079070210456848,0.2330915480852127,-0.04774903580546379,0.5194032073020936,8464,-0.13726918399333954,-0.11686895042657852,0.23591962456703186,-0.4153151512145996,0.16445328444242477,8464,-0.15019048750400543,-0.13450616598129272,0.24392786622047424,-0.4426592856645584,0.19908760637044903
4,Day 4,5,Tray 5,DJI_20260622122624_0005,67,7,7,8464,0.20225372910499573,0.1781061440706253,0.23450709879398346,-0.05588615871965884,0.5239718556404114,8464,-0.1330079734325409,-0.125,0.23896919190883636,-0.4681102633476257,0.17710620760917664,8464,-0.099248506128788,-0.1325451135635376,0.3239513039588928,-0.5314349234104155,0.4604383915662763
4,Day 4,5,Tray 5,DJI_20260622122624_0005,68,7,8,8464,0.23355752229690552,0.18662786483764648,0.20089010894298553,0.06786490008234979,0.5312470197677611,8464,-0.1211923137307167,-0.14500615000724792,0.19478411972522736,-0.3308672577142715,0.13583950549364077,8464,-0.12496545910835266,-0.1535211205482483,0.2413366436958313,-0.40215715765953064,0.24221105873584747
4,Day 4,5,Tray 5,DJI_20260622122624_0005,69,7,9,8464,0.21759001910686493,0.18288010358810425,0.1875874400138855,0.09883772358298303,0.5127706050872802,8464,-0.13671350479125977,-0.16550448536872864,0.18840719759464264,-0.297845846414566,0.14499806761741632,8464,-0.08156667649745941,-0.16517286002635956,0.3174789547920227,-0.4228137999773025,0.5280701756477353
4,Day 4,5,Tray 5,DJI_20260622122624_0005,70,7,10,8464,0.22590096294879913,0.19024181365966797,0.20124764740467072,0.01800108179450044,0.4968718141317367,8464,-0.14870871603488922,-0.18276187777519226,0.21509361267089844,-0.38279932737350464,0.10150091797113411,8464,-0.09355869889259338,-0.19046519696712494,0.3222602605819702,-0.4226159453392029,0.4204458385705943
4,Day 4,6,Tray 6,DJI_20260622122657_0006,1,1,1,8464,0.2608051300048828,0.18557962775230408,0.18253330886363983,0.1267854705452919,0.5573248267173767,8464,-0.0677211731672287,-0.12794381380081177,0.17885875701904297,-0.234223049879074,0.2224896699190139,8464,0.10213769972324371,-0.11610793322324753,0.3533156216144562,-0.2031201869249344,0.6609205007553101
4,Day 4,6,Tray 6,DJI_20260622122657_0006,2,1,2,8464,0.256300151348114,0.18249613046646118,0.17763479053974152,0.12837094366550444,0.5297582149505615,8464,-0.07338867336511612,-0.12608277797698975,0.19050805270671844,-0.23985262811183927,0.2297441780567169,8464,0.10963914543390274,-0.10900473594665527,0.3401721715927124,-0.17100371420383453,0.6675770342350006
4,Day 4,6,Tray 6,DJI_20260622122657_0006,3,1,3,8464,0.2829141616821289,0.19593416154384613,0.17016807198524475,0.13932612836360933,0.5371841430664063,8464,-0.04551910609006882,-0.09756097197532654,0.17111949622631073,-0.16702820360660553,0.20142994076013565,8464,0.14316865801811218,-0.056356966495513916,0.3234816789627075,-0.1484582111239433,0.6444584727287292
4,Day 4,6,Tray 6,DJI_20260622122657_0006,4,1,4,8464,0.29282379150390625,0.20592248439788818,0.1982881873846054,0.12374147400259973,0.5699514508247375,8464,-0.055890124291181564,-0.09185441583395004,0.19309747219085693,-0.28802676796913146,0.22681241184473025,8464,0.11332109570503235,-0.07325383275747299,0.35884496569633484,-0.3258863389492035,0.6478711366653442
4,Day 4,6,Tray 6,DJI_20260622122657_0006,5,1,5,8464,0.3036012053489685,0.2901645302772522,0.20007234811782837,0.1139240488409996,0.5463125348091126,8464,-0.05915713310241699,-0.07878173887729645,0.19636240601539612,-0.31595863699913024,0.18887473195791243,8464,0.11183662712574005,0.013440809212625027,0.34669163823127747,-0.31088814437389367,0.5977120995521545
4,Day 4,6,Tray 6,DJI_20260622122657_0006,6,1,6,8464,0.26880884170532227,0.2135307788848877,0.22270800173282623,0.016131559200584896,0.5539045333862305,8464,-0.09137484431266785,-0.11660164594650269,0.23674844205379486,-0.4050893425941467,0.2387139946222305,8464,0.0304053146392107,-0.10162082314491272,0.35586053133010864,-0.408838352560997,0.5795401334762573
4,Day 4,6,Tray 6,DJI_20260622122657_0006,7,1,7,8464,0.2618982493877411,0.20272938907146454,0.21892349421977997,0.028425710275769234,0.5376734018325805,8464,-0.1018296629190445,-0.10990649461746216,0.21540072560310364,-0.39952152967453003,0.18537399917840955,8464,-0.007434627506881952,-0.11050847172737122,0.32264798879623413,-0.3942798674106598,0.47834595739841457
4,Day 4,6,Tray 6,DJI_20260622122657_0006,8,1,8,8464,0.22268636524677277,0.1786852777004242,0.19475089013576508,-0.005847062496468354,0.517665559053421,8464,-0.14486680924892426,-0.1368684023618698,0.18722741305828094,-0.3915899485349655,0.11503175646066666,8464,-0.09365752339363098,-0.1340348869562149,0.26546043157577515,-0.3969590574502944,0.3847160756587982
4,Day 4,6,Tray 6,DJI_20260622122657_0006,9,1,9,8464,0.24533836543560028,0.18286624550819397,0.2026631236076355,0.10674156993627548,0.5223930418491364,8464,-0.13514672219753265,-0.14050132036209106,0.1955142319202423,-0.355287104845047,0.11304784938693045,8464,-0.12817125022411346,-0.14898990094661713,0.26424872875213623,-0.4500708281993866,0.3370312213897705
4,Day 4,6,Tray 6,DJI_20260622122657_0006,10,1,10,8464,0.20693863928318024,0.17806276679039001,0.12602323293685913,0.12510901093482973,0.39427438974380485,8464,-0.16483645141124725,-0.16384823620319366,0.12807704508304596,-0.32513310909271237,-0.01065062824636698,8464,-0.11558812856674194,-0.16302186250686646,0.2484341412782669,-0.3425502061843872,0.3247058689594269
4,Day 4,6,Tray 6,DJI_20260622122657_0006,11,2,1,8464,0.25663360953330994,0.18653854727745056,0.22088652849197388,0.034744637459516524,0.5602315545082092,8464,-0.07837846130132675,-0.124845489859581,0.23015770316123962,-0.39089382290840147,0.26587471365928644,8464,0.12305597215890884,-0.06439489126205444,0.3892746865749359,-0.3998564630746841,0.682828176021576
4,Day 4,6,Tray 6,DJI_20260622122657_0006,12,2,2,8464,0.26192706823349,0.18133485317230225,0.19399966299533844,0.1015445426106453,0.5671200752258301,8464,-0.058737996965646744,-0.10422003269195557,0.18213123083114624,-0.24543794989585876,0.22564754635095594,8464,0.14506463706493378,-0.06710097938776016,0.3475571870803833,-0.19432473629713057,0.6847597062587738
4,Day 4,6,Tray 6,DJI_20260622122657_0006,13,2,3,8464,0.28928041458129883,0.20901796221733093,0.18986554443836212,0.11441396847367287,0.530412244796753,8464,-0.05471428856253624,-0.08456376194953918,0.1755591481924057,-0.2697084158658981,0.15020366758108136,8464,0.2043105661869049,0.28535979986190796,0.3462073802947998,-0.18701695054769515,0.6762828826904297
4,Day 4,6,Tray 6,DJI_20260622122657_0006,14,2,4,8464,0.2804345190525055,0.21789473295211792,0.17831675708293915,0.11099923253059388,0.5274302363395691,8464,-0.07173657417297363,-0.08200620114803314,0.1657107174396515,-0.2977341115474701,0.13784277439117432,8464,0.16699287295341492,0.1419747769832611,0.33901306986808777,-0.2486659586429596,0.6372005522251128
4,Day 4,6,Tray 6,DJI_20260622122657_0006,15,2,5,8464,0.29706597328186035,0.291764497756958,0.20479482412338257,0.04672914780676367,0.5594267249107361,8464,-0.06733746826648712,-0.08692766726016998,0.21371062099933624,-0.3567132860422134,0.23515385836362834,8464,0.13258764147758484,0.14029715955257416,0.3646300137042999,-0.36584228575229644,0.6036337733268737
4,Day 4,6,Tray 6,DJI_20260622122657_0006,16,2,6,8464,0.25762978196144104,0.21031390130519867,0.21107473969459534,-0.00525373043492436,0.535453462600708,8464,-0.11205717921257019,-0.11458900570869446,0.21114206314086914,-0.39499232172966003,0.18153176158666606,8464,0.03312753140926361,-0.09859155118465424,0.37224093079566956,-0.42687653899192807,0.5749840795993805
4,Day 4,6,Tray 6,DJI_20260622122657_0006,17,2,7,8464,0.251184344291687,0.24374248087406158,0.2426745444536209,-0.04622586444020271,0.5245575904846191,8464,-0.12455694377422333,-0.10228802263736725,0.21946705877780914,-0.47745928466320037,0.1389129593968391,8464,0.03252606838941574,-0.08448093384504318,0.3732743263244629,-0.4874682128429413,0.5136588215827942
4,Day 4,6,Tray 6,DJI_20260622122657_0006,18,2,8,8464,0.25784340500831604,0.19641005992889404,0.22330084443092346,-0.0063866151031106684,0.5295568406581879,8464,-0.12181929498910904,-0.11900532990694046,0.2159610092639923,-0.4385723084211349,0.14874953776597974,8464,-0.062115564942359924,-0.12376509606838226,0.3156895637512207,-0.459988009929657,0.44204525947570794
4,Day 4,6,Tray 6,DJI_20260622122657_0006,19,2,9,8464,0.24515578150749207,0.18768005073070526,0.17080235481262207,0.07123159393668176,0.4801422595977783,8464,-0.14689524471759796,-0.12981100380420685,0.16191339492797852,-0.43637036383152006,0.049478539079427716,8464,-0.029981855303049088,-0.1268574595451355,0.3217173218727112,-0.4618995934724808,0.431048721075058
4,Day 4,6,Tray 6,DJI_20260622122657_0006,20,2,10,8464,0.23456276953220367,0.18430602550506592,0.16177412867546082,0.10568582043051722,0.49627651274204254,8464,-0.14476017653942108,-0.15157480537891388,0.1808982640504837,-0.39682433307170867,0.09561466425657272,8464,0.0053733354434370995,-0.14273755252361298,0.36481142044067383,-0.44106417596340175,0.5776000022888184
4,Day 4,6,Tray 6,DJI_20260622122657_0006,21,3,1,8464,0.26115313172340393,0.19126451015472412,0.21461988985538483,0.009557428490370536,0.5679610908031464,8464,-0.08563265949487686,-0.12461380660533905,0.20618858933448792,-0.3783237934112549,0.21604639291763306,8464,0.17645195126533508,0.27999550104141235,0.41255322098731995,-0.41143628060817716,0.6819835782051087
4,Day 4,6,Tray 6,DJI_20260622122657_0006,22,3,2,8464,0.2656233310699463,0.20627962052822113,0.22426581382751465,0.020528317615389844,0.5502861738204956,8464,-0.08195308595895767,-0.10731209814548492,0.2021666318178177,-0.3684461861848831,0.17754680514335633,8464,0.20124012231826782,0.31549346446990967,0.3712378740310669,-0.3012600123882293,0.6494974017143249
4,Day 4,6,Tray 6,DJI_20260622122657_0006,23,3,3,8464,0.30286356806755066,0.24062414467334747,0.19576077163219452,0.11364884972572327,0.5549741685390472,8464,-0.033055439591407776,-0.08218815922737122,0.18116489052772522,-0.2269111543893814,0.2081081122159958,8464,0.2703375816345215,0.3649762272834778,0.3140004575252533,-0.12362011075019837,0.6627159118652344
4,Day 4,6,Tray 6,DJI_20260622122657_0006,24,3,4,8464,0.34094172716140747,0.3788508176803589,0.21343614161014557,0.13277654349803925,0.5842424035072327,8464,-0.01568550430238247,-0.0442122183740139,0.22496619820594788,-0.32096773386001587,0.2825383245944977,8464,0.2553194463253021,0.39704617857933044,0.3963088095188141,-0.4151462852954865,0.6884542465209961
4,Day 4,6,Tray 6,DJI_20260622122657_0006,25,3,5,8464,0.3175502121448517,0.35636499524116516,0.21346549689769745,0.0495676014572382,0.5607895314693451,8464,-0.06629223376512527,-0.07533463835716248,0.22361670434474945,-0.38771769404411316,0.2178249940276146,8464,0.20619742572307587,0.3474509119987488,0.39073607325553894,-0.4310643792152405,0.6392840206623077
4,Day 4,6,Tray 6,DJI_20260622122657_0006,26,3,6,8464,0.31196799874305725,0.40825730562210083,0.263186514377594,-0.09246650338172913,0.5695695877075195,8464,-0.07923916727304459,-0.05562378466129303,0.2588132917881012,-0.45863269865512846,0.23366543203592297,8464,0.11530151963233948,0.30752336978912354,0.4355195462703705,-0.49425286054611206,0.6308748185634613
4,Day 4,6,Tray 6,DJI_20260622122657_0006,27,3,7,8464,0.28442543745040894,0.3695273995399475,0.25623196363449097,-0.10684919208288185,0.5418617486953735,8464,-0.1106080636382103,-0.0975160002708435,0.2452012151479721,-0.49195230305194854,0.16545512527227402,8464,0.054579008370637894,0.16860347986221313,0.41818198561668396,-0.5208913683891296,0.5440196275711059
4,Day 4,6,Tray 6,DJI_20260622122657_0006,28,3,8,8464,0.24717317521572113,0.19570201635360718,0.20093142986297607,-0.008309159800410268,0.508320564031601,8464,-0.15593165159225464,-0.14162252843379974,0.17867343127727509,-0.40344432294368743,0.08351177722215652,8464,-0.043193988502025604,-0.12988895177841187,0.3287629187107086,-0.44656169414520264,0.43263902962207795
4,Day 4,6,Tray 6,DJI_20260622122657_0006,29,3,9,8464,0.25573810935020447,0.1990659236907959,0.19958347082138062,0.0020503479754552245,0.5186862051486969,8464,-0.14038586616516113,-0.13592232763767242,0.1946047842502594,-0.438103586435318,0.11633306890726083,8464,0.005863544996827841,-0.11900532990694046,0.37111085653305054,-0.47940751910209656,0.48832086622714993
4,Day 4,6,Tray 6,DJI_20260622122657_0006,30,3,10,8464,0.2438744753599167,0.19364944100379944,0.17447338998317719,0.09832907617092133,0.5125878274440765,8464,-0.15572519600391388,-0.1607142835855484,0.18064849078655243,-0.3799494504928589,0.10745511800050732,8464,-0.06458570063114166,-0.15419940650463104,0.3350536525249481,-0.4591377526521683,0.5005148470401763
4,Day 4,6,Tray 6,DJI_20260622122657_0006,31,4,1,8464,0.2749790549278259,0.23853692412376404,0.23362849652767181,-0.037124820798635466,0.5777525305747986,8464,-0.07442193478345871,-0.10999768227338791,0.22403770685195923,-0.40482560396194456,0.24921017587184904,8464,0.16482485830783844,0.29192695021629333,0.43252500891685486,-0.4785261809825897,0.6827539801597595
4,Day 4,6,Tray 6,DJI_20260622122657_0006,32,4,2,8464,0.29830026626586914,0.26180464029312134,0.24532905220985413,0.06544744968414311,0.615839260816574,8464,-0.0212712362408638,-0.08147365599870682,0.2450675219297409,-0.26970593035221097,0.36791110038757324,8464,0.23449592292308807,0.32838112115859985,0.3815736472606659,-0.19266055524349213,0.7003663539886474
4,Day 4,6,Tray 6,DJI_20260622122657_0006,33,4,3,8464,0.34883594512939453,0.36611196398735046,0.2018609493970871,0.12973977625370026,0.6003761291503906,8464,0.018876424059271812,-0.007518797181546688,0.19034114480018616,-0.17134986966848373,0.302325576543808,8464,0.26188212633132935,0.3628173768520355,0.32880866527557373,-0.14433421194553375,0.6603910326957703
4,Day 4,6,Tray 6,DJI_20260622122657_0006,34,4,4,8464,0.386991024017334,0.41118860244750977,0.17152836918830872,0.16148866713047028,0.6053944289684295,8464,0.04303137958049774,0.005499871447682381,0.17474649846553802,-0.11979715526103972,0.3028799593448638,8464,0.27852892875671387,0.3628147840499878,0.33431145548820496,-0.13887614905834197,0.6714333295822144
4,Day 4,6,Tray 6,DJI_20260622122657_0006,35,4,5,8464,0.41624048352241516,0.4657462239265442,0.18109659850597382,0.17314424216747284,0.6028457641601562,8464,0.032387468963861465,0.05454082041978836,0.19609162211418152,-0.24770196378231044,0.2566729605197906,8464,0.20949192345142365,0.3908149003982544,0.40156039595603943,-0.4451786011457443,0.6348773837089539
4,Day 4,6,Tray 6,DJI_20260622122657_0006,36,4,6,8464,0.36628541350364685,0.4506172835826874,0.24142402410507202,0.0379764884710312,0.5995388448238372,8464,-0.0222676619887352,0.03424163907766342,0.25471749901771545,-0.4150536686182022,0.26442109048366547,8464,0.19042712450027466,0.41168469190597534,0.43478935956954956,-0.4813925623893738,0.6253443360328674
4,Day 4,6,Tray 6,DJI_20260622122657_0006,37,4,7,8464,0.34774255752563477,0.4262099862098694,0.2145809680223465,0.032131990045309096,0.5675675868988037,8464,-0.06747617572546005,-0.04684789851307869,0.2144221067428589,-0.37721183300018307,0.19064058363437653,8464,0.04463447257876396,-0.08685555309057236,0.40200743079185486,-0.465640664100647,0.5350659906864166
4,Day 4,6,Tray 6,DJI_20260622122657_0006,38,4,8,8464,0.2972959578037262,0.29605451226234436,0.19064722955226898,0.05616471730172634,0.5310379862785339,8464,-0.11779141426086426,-0.11885245889425278,0.17923729121685028,-0.3634093701839447,0.11432153433561325,8464,-0.00918696541339159,-0.11963467299938202,0.35404282808303833,-0.4436564087867737,0.4680343270301819
4,Day 4,6,Tray 6,DJI_20260622122657_0006,39,4,9,8464,0.2864128053188324,0.22172841429710388,0.18906563520431519,0.09281502664089203,0.5379539906978608,8464,-0.11066268384456635,-0.1265474557876587,0.18464723229408264,-0.36059484779834744,0.13993848562240596,8464,-0.0172721017152071,-0.13231024146080017,0.35822728276252747,-0.4367776274681091,0.4828148782253265
4,Day 4,6,Tray 6,DJI_20260622122657_0006,40,4,10,8464,0.3233427405357361,0.33933138847351074,0.1768333464860916,0.14112080186605452,0.5336280941963195,8464,-0.06691168248653412,-0.10181368887424469,0.21004542708396912,-0.3711702525615692,0.20131523013114927,8464,0.0921429842710495,0.1340542733669281,0.4162388741970062,-0.4855007201433182,0.6232360661029815
4,Day 4,6,Tray 6,DJI_20260622122657_0006,41,5,1,8464,0.3168703019618988,0.2541101574897766,0.23891416192054749,0.036840921267867095,0.6552331626415252,8464,0.0019333692034706473,-0.09117456525564194,0.2517279386520386,-0.29092257022857665,0.39017372131347655,8464,0.1811588853597641,0.27059033513069153,0.40071359276771545,-0.3308634221553802,0.6989020109176636
4,Day 4,6,Tray 6,DJI_20260622122657_0006,42,5,2,8464,0.33793553709983826,0.33223652839660645,0.23543645441532135,0.09040889963507652,0.6831897675991058,8464,0.02804252691566944,-0.03373819217085838,0.2402736395597458,-0.26500163078308103,0.4024354040622711,8464,0.19785833358764648,0.2612738311290741,0.367236852645874,-0.26970838904380795,0.7048531055450439
4,Day 4,6,Tray 6,DJI_20260622122657_0006,43,5,3,8464,0.36494582891464233,0.3410063683986664,0.2004147171974182,0.14494118839502335,0.6568946838378906,8464,0.0604146346449852,-0.020686201751232147,0.1980372965335846,-0.12084303051233292,0.366910520195961,8464,0.2426687479019165,0.30574947595596313,0.3217339515686035,-0.10775973126292228,0.6767512857913971
4,Day 4,6,Tray 6,DJI_20260622122657_0006,44,5,4,8464,0.4177091121673584,0.4567834734916687,0.18600480258464813,0.16314801424741746,0.6697770953178406,8464,0.08801495283842087,0.07271245867013931,0.19903086125850677,-0.11222773343324659,0.38257008790969843,8464,0.2317316085100174,0.3745422959327698,0.3823665380477905,-0.23231964856386184,0.692148745059967
4,Day 4,6,Tray 6,DJI_20260622122657_0006,45,5,5,8464,0.42218539118766785,0.46133872866630554,0.17401811480522156,0.1819311633706093,0.6253312706947327,8464,0.04440684989094734,0.05032522976398468,0.2093067765235901,-0.22094773948192595,0.32993893623352044,8464,0.19935670495033264,0.37177130579948425,0.4076245427131653,-0.452541321516037,0.6494732618331909
4,Day 4,6,Tray 6,DJI_20260622122657_0006,46,5,6,8464,0.4075264632701874,0.42961108684539795,0.15860214829444885,0.1789362758398056,0.6039922058582305,8464,0.03292090445756912,0.016981277614831924,0.18842612206935883,-0.1871517866849899,0.29574276208877565,8464,0.12339179962873459,0.19769078493118286,0.3770938217639923,-0.4376007437705994,0.5828733146190643
4,Day 4,6,Tray 6,DJI_20260622122657_0006,47,5,7,8464,0.378060519695282,0.4257585406303406,0.20028701424598694,0.14893663078546523,0.5971731543540955,8464,-0.0064279669895768166,-0.03071092814207077,0.20696815848350525,-0.2452638193964958,0.2672886848449707,8464,0.02892398089170456,-0.08801063150167465,0.35533466935157776,-0.44597458839416504,0.5195203363895416
4,Day 4,6,Tray 6,DJI_20260622122657_0006,48,5,8,8464,0.3573375642299652,0.39608484506607056,0.19472384452819824,0.13452053815126422,0.5889859080314637,8464,-0.051588162779808044,-0.10006716102361679,0.20052547752857208,-0.3012289464473724,0.2202196031808853,8464,0.008229055441915989,-0.11337683349847794,0.35109183192253113,-0.4295097768306732,0.5028006136417389
4,Day 4,6,Tray 6,DJI_20260622122657_0006,49,5,9,8464,0.3202981948852539,0.25408172607421875,0.18488088250160217,0.1401713579893112,0.5652173757553101,8464,-0.06012743338942528,-0.10975609719753265,0.19971702992916107,-0.29568900167942047,0.22812287360429762,8464,0.01191803254187107,-0.11747851222753525,0.373654842376709,-0.43382352590560913,0.595440000295639
4,Day 4,6,Tray 6,DJI_20260622122657_0006,50,5,10,8464,0.29454705119132996,0.20745038986206055,0.17776387929916382,0.1575745612382889,0.5664320528507233,8464,-0.08523660898208618,-0.13736675679683685,0.20293503999710083,-0.2886623561382293,0.22362921237945554,8464,-0.030570605769753456,-0.14035087823867798,0.37461230158805847,-0.4926189184188843,0.6132692694664001
4,Day 4,6,Tray 6,DJI_20260622122657_0006,51,6,1,8464,0.2708134949207306,0.19098395109176636,0.2027096152305603,0.08194378614425668,0.6127518892288207,8464,-0.036957692354917526,-0.1015467420220375,0.21024802327156067,-0.2624666690826416,0.3354404509067535,8464,0.053502172231674194,-0.09667916595935822,0.33834531903266907,-0.29917511343955994,0.6302448093891143
4,Day 4,6,Tray 6,DJI_20260622122657_0006,52,6,2,8464,0.2997259199619293,0.20992451906204224,0.21660973131656647,0.1108415372669697,0.6372642040252684,8464,0.003422290552407503,-0.07734806835651398,0.2253924012184143,-0.17701163440942763,0.3648445963859558,8464,0.11561836302280426,-0.0662679523229599,0.33392423391342163,-0.18040442764759063,0.6350613832473755
4,Day 4,6,Tray 6,DJI_20260622122657_0006,53,6,3,8464,0.3220410645008087,0.26031777262687683,0.21434807777404785,0.1268750235438347,0.660420036315918,8464,0.028559548780322075,-0.07080942392349243,0.22115442156791687,-0.14096778780221939,0.389292448759079,8464,0.1520426720380783,-0.04351341351866722,0.3283446133136749,-0.13195030838251112,0.6725007772445678
4,Day 4,6,Tray 6,DJI_20260622122657_0006,54,6,4,8464,0.3598981201648712,0.39278697967529297,0.21031884849071503,0.14051415175199508,0.6409944295883178,8464,0.04282057285308838,-0.0049295625649392605,0.20604385435581207,-0.15695838630199432,0.3678786814212799,8464,0.12983272969722748,0.027053263038396835,0.359153151512146,-0.34660738706588745,0.6471903443336486
4,Day 4,6,Tray 6,DJI_20260622122657_0006,55,6,5,8464,0.35996001958847046,0.3985130190849304,0.2150014191865921,0.11021021232008935,0.6094463407993316,8464,0.03051740489900112,0.0032232548110187054,0.20252539217472076,-0.18645952492952347,0.31693575382232664,8464,0.12215907871723175,0.04984297975897789,0.3607712388038635,-0.37386141419410707,0.6254994750022888
4,Day 4,6,Tray 6,DJI_20260622122657_0006,56,6,6,8464,0.3352307975292206,0.34871333837509155,0.22188028693199158,0.06807271093130114,0.612321412563324,8464,-0.020532628521323204,-0.05143260583281517,0.23070277273654938,-0.34328359365463257,0.2922010540962219,8464,0.06026928871870041,-0.06905103474855423,0.3841554820537567,-0.4410423398017883,0.6159077048301697
4,Day 4,6,Tray 6,DJI_20260622122657_0006,57,6,7,8464,0.30485856533050537,0.29009830951690674,0.21372438967227936,0.08412161767482758,0.5743099808692932,8464,-0.05947853997349739,-0.09040074795484543,0.2008795142173767,-0.2895607054233551,0.2516516447067261,8464,-0.02280774712562561,-0.1045178696513176,0.32880717515945435,-0.4444444477558136,0.4796527385711669
4,Day 4,6,Tray 6,DJI_20260622122657_0006,58,6,8,8464,0.27979180216789246,0.2159775197505951,0.19223801791667938,0.1012942261993885,0.5378678262233734,8464,-0.0908970832824707,-0.11352821439504623,0.17624375224113464,-0.2901701331138611,0.13509459942579266,8464,-0.08871312439441681,-0.1267799437046051,0.2642078995704651,-0.4138332158327102,0.37191241085529325
4,Day 4,6,Tray 6,DJI_20260622122657_0006,59,6,9,8464,0.29361602663993835,0.21361812949180603,0.19713279604911804,0.12779463827610016,0.5655258297920227,8464,-0.07557734102010727,-0.11717364937067032,0.18345755338668823,-0.30108254253864286,0.19521912932395935,8464,-0.05979885533452034,-0.1296551674604416,0.2995157539844513,-0.4313177168369293,0.450909075140953
4,Day 4,6,Tray 6,DJI_20260622122657_0006,60,6,10,8464,0.24819746613502502,0.1889081448316574,0.15579736232757568,0.12758859992027283,0.5026630997657776,8464,-0.13511119782924652,-0.15904292464256287,0.14631757140159607,-0.2894830852746963,0.06766917556524277,8464,-0.11080941557884216,-0.16949878633022308,0.25361791253089905,-0.34704177677631376,0.3515296071767806
4,Day 4,6,Tray 6,DJI_20260622122657_0006,61,7,1,8464,0.23868760466575623,0.1808091104030609,0.2056756168603897,0.048229839280247766,0.590537005662918,8464,-0.06498856842517853,-0.10851527750492096,0.22085915505886078,-0.3133727341890335,0.33235756456851945,8464,0.04476645961403847,-0.09964622557163239,0.34394291043281555,-0.31644512116909024,0.635911762714386
4,Day 4,6,Tray 6,DJI_20260622122657_0006,62,7,2,8464,0.26092737913131714,0.18907380104064941,0.2164841592311859,0.09833534583449363,0.6345636546611786,8464,-0.04054722562432289,-0.09550561755895615,0.22553645074367523,-0.2082141041755676,0.3201327234506607,8464,0.08449289202690125,-0.07805712521076202,0.335936576128006,-0.1752109870314598,0.6840168237686157
4,Day 4,6,Tray 6,DJI_20260622122657_0006,63,7,3,8464,0.2906412184238434,0.21023131906986237,0.2240450084209442,0.09517946392297745,0.6302519857883453,8464,-0.007808065973222256,-0.07615848630666733,0.22802135348320007,-0.24365434497594832,0.376363605260849,8464,0.1282677799463272,-0.0359221026301384,0.3320045471191406,-0.1882308796048164,0.6361126899719238
4,Day 4,6,Tray 6,DJI_20260622122657_0006,64,7,4,8464,0.26519575715065,0.19553110003471375,0.2196970283985138,0.05486152991652489,0.585287868976593,8464,-0.04704461246728897,-0.0824742242693901,0.21139487624168396,-0.3083997935056686,0.29564042687416076,8464,0.03530653566122055,-0.07862504571676254,0.3367605209350586,-0.37254457473754876,0.6071164011955261
4,Day 4,6,Tray 6,DJI_20260622122657_0006,65,7,5,8464,0.28507503867149353,0.2509172558784485,0.2500075697898865,-0.003337308345362523,0.6508731544017791,8464,-0.03614366054534912,-0.07593274116516113,0.25886544585227966,-0.36975746154785155,0.36946098506450636,8464,0.06112448126077652,-0.05978260934352875,0.3694000840187073,-0.4360862672328949,0.6438769340515136
4,Day 4,6,Tray 6,DJI_20260622122657_0006,66,7,6,8464,0.25644055008888245,0.2630075216293335,0.296614408493042,-0.19043432027101506,0.6049151301383972,8464,-0.07213971763849258,-0.08076009154319763,0.2792256474494934,-0.5296974182128906,0.3077694565057755,8464,0.009729410521686077,-0.08147365599870682,0.39447692036628723,-0.52173912525177,0.5873134434223175
4,Day 4,6,Tray 6,DJI_20260622122657_0006,67,7,7,8464,0.2479553520679474,0.2433566153049469,0.2871556878089905,-0.1527482956647873,0.5978754460811614,8464,-0.08757423609495163,-0.10466684401035309,0.2772549092769623,-0.5148152709007263,0.3036704987287521,8464,-0.02919165790081024,-0.11307420581579208,0.37688127160072327,-0.5225878357887268,0.5614398539066314
4,Day 4,6,Tray 6,DJI_20260622122657_0006,68,7,8,8464,0.24574023485183716,0.19129014015197754,0.2752244770526886,-0.1494678407907486,0.5995790362358093,8464,-0.09584943950176239,-0.1153479516506195,0.25240930914878845,-0.5100659966468811,0.24815336465835572,8464,-0.0760297179222107,-0.12330270558595657,0.30085650086402893,-0.49717566668987273,0.40922882258892057
4,Day 4,6,Tray 6,DJI_20260622122657_0006,69,7,9,8464,0.23874638974666595,0.1944018453359604,0.21502713859081268,0.009650243632495446,0.5347899198532104,8464,-0.13846710324287415,-0.13718411326408386,0.1964053064584732,-0.4278461217880249,0.11678575724363327,8464,-0.11976215243339539,-0.14513422548770905,0.27107706665992737,-0.4675955682992935,0.37006959319114685
4,Day 4,6,Tray 6,DJI_20260622122657_0006,70,7,10,8464,0.22645558416843414,0.1853303164243698,0.18603090941905975,0.003337630303576597,0.5015011429786682,8464,-0.1686326563358307,-0.1927960216999054,0.17523473501205444,-0.3793895751237869,0.07928640916943534,8464,-0.15906177461147308,-0.20264317095279694,0.24631205201148987,-0.42509135603904724,0.24825844317674636
4,Day 4,7,Tray 7,DJI_20260622122752_0007,1,1,1,8464,0.22450175881385803,0.16692668199539185,0.17095832526683807,0.09674796462059021,0.49617561697959894,8464,-0.1158047616481781,-0.15890897810459137,0.16641144454479218,-0.26878389716148376,0.13598347455263132,8464,0.08845645934343338,-0.09948402643203735,0.36403003334999084,-0.2589154183864593,0.6444925308227539
4,Day 4,7,Tray 7,DJI_20260622122752_0007,2,1,2,8464,0.2994529604911804,0.20759683847427368,0.1792517751455307,0.12700510025024414,0.5531061172485351,8464,-0.034999746829271317,-0.12253289669752121,0.17955273389816284,-0.18284228444099426,0.21783964335918424,8464,0.2167188972234726,0.3155170679092407,0.35058778524398804,-0.17824773490428925,0.6479195594787598
4,Day 4,7,Tray 7,DJI_20260622122752_0007,3,1,3,8464,0.29481154680252075,0.20829251408576965,0.20444276928901672,0.11810352727770805,0.5706429302692413,8464,-0.03692767396569252,-0.11977030336856842,0.2305798977613449,-0.3023652404546737,0.2920781224966049,8464,0.14367680251598358,0.10022271424531937,0.3702589273452759,-0.32052621245384216,0.6587899327278137
4,Day 4,7,Tray 7,DJI_20260622122752_0007,4,1,4,8464,0.32186710834503174,0.35023295879364014,0.19670070707798004,0.12223089262843133,0.5581457078456878,8464,-0.032062917947769165,-0.06469441950321198,0.21047747135162354,-0.26298915743827816,0.24812549352645868,8464,0.1762227565050125,0.3075471818447113,0.3848206698894501,-0.39721492528915403,0.6349584639072418
4,Day 4,7,Tray 7,DJI_20260622122752_0007,5,1,5,8464,0.30413204431533813,0.34885185956954956,0.2032260000705719,0.058000821620225906,0.5322834849357605,8464,-0.0718517005443573,-0.08870567381381989,0.2234521061182022,-0.3942086726427078,0.20716374516487113,8464,0.07585763186216354,0.006826154422014952,0.3797539174556732,-0.4323189854621887,0.5411267638206482
4,Day 4,7,Tray 7,DJI_20260622122752_0007,6,1,6,8464,0.2472827285528183,0.18657241761684418,0.2202061265707016,-0.018150443211197735,0.5305456757545471,8464,-0.11592215299606323,-0.13734203577041626,0.22908540070056915,-0.4500708281993866,0.17554343342781065,8464,0.019164038822054863,-0.13254252076148987,0.3739781677722931,-0.466137108206749,0.5338842868804932
4,Day 4,7,Tray 7,DJI_20260622122752_0007,7,1,7,8464,0.21500630676746368,0.15932722389698029,0.19217100739479065,0.013615733943879604,0.4934183299541473,8464,-0.14664331078529358,-0.143216073513031,0.18680469691753387,-0.41941073536872864,0.10399297624826431,8464,-0.04309270158410072,-0.1362375169992447,0.31942716240882874,-0.4566992253065109,0.4596450924873352
4,Day 4,7,Tray 7,DJI_20260622122752_0007,8,1,8,8464,0.20730121433734894,0.1534280776977539,0.1859463006258011,0.011459796037524955,0.504376882314682,8464,-0.158658966422081,-0.16335226595401764,0.17735879123210907,-0.3792522132396698,0.09320535734295834,8464,-0.14215187728405,-0.1687805950641632,0.2557930052280426,-0.44081346094608304,0.30992542803287504
4,Day 4,7,Tray 7,DJI_20260622122752_0007,9,1,9,8464,0.1918032020330429,0.15712420642375946,0.11856430023908615,0.09458885043859483,0.38925832509994507,8464,-0.18043889105319977,-0.17301632463932037,0.1362123191356659,-0.354798886179924,-0.05014846473932266,8464,-0.11163654923439026,-0.17000000178813934,0.2724681496620178,-0.3952299952507019,0.3656737387180326
4,Day 4,7,Tray 7,DJI_20260622122752_0007,10,1,10,8464,0.19127513468265533,0.15931576490402222,0.11543746292591095,0.10864745080471039,0.37984672486782073,8464,-0.17890524864196777,-0.18267148733139038,0.12514418363571167,-0.3165276050567627,-0.04732275344431405,8464,-0.10043568164110184,-0.1816476732492447,0.2795121371746063,-0.357547190785408,0.4356119960546493
4,Day 4,7,Tray 7,DJI_20260622122752_0007,11,2,1,8464,0.2738535404205322,0.1860513687133789,0.22774945199489594,0.04807327166199687,0.581505811214447,8464,-0.06302710622549057,-0.14689819514751434,0.24754905700683594,-0.38508370518684387,0.3261300206184387,8464,0.20303520560264587,0.32957932353019714,0.4209301471710205,-0.421875,0.6982838809490204
4,Day 4,7,Tray 7,DJI_20260622122752_0007,12,2,2,8464,0.28492510318756104,0.20498239994049072,0.20432883501052856,0.0999091424047947,0.5585434436798096,8464,-0.05002192407846451,-0.12007658928632736,0.19524842500686646,-0.24243395477533336,0.2300885021686554,8464,0.23314858973026276,0.32673266530036926,0.3576526939868927,-0.1919662356376648,0.6784534633159637
4,Day 4,7,Tray 7,DJI_20260622122752_0007,13,2,3,8464,0.33595436811447144,0.36379802227020264,0.18953865766525269,0.1271372139453888,0.5533779799938202,8464,-0.02806537225842476,-0.058914728462696075,0.19880728423595428,-0.25462985336780547,0.21334707885980606,8464,0.351432740688324,0.4271891713142395,0.30707794427871704,-0.1242278665304184,0.6905754387378693
4,Day 4,7,Tray 7,DJI_20260622122752_0007,14,2,4,8464,0.28575628995895386,0.25793612003326416,0.20260179042816162,0.05369057059288025,0.5395149767398835,8464,-0.08919504284858704,-0.10601764917373657,0.19957493245601654,-0.34727454781532285,0.16128429174423217,8464,0.14284485578536987,0.16952690482139587,0.3852030634880066,-0.3793061554431915,0.6256523013114929
4,Day 4,7,Tray 7,DJI_20260622122752_0007,15,2,5,8464,0.25381189584732056,0.22322268784046173,0.23893237113952637,-0.059699039161205295,0.545359319448471,8464,-0.10841784626245499,-0.1277884840965271,0.23698318004608154,-0.4231852829456329,0.21180868744850156,8464,0.07692242413759232,-0.029264036566019058,0.407230943441391,-0.45688063800334927,0.5962808668613433
4,Day 4,7,Tray 7,DJI_20260622122752_0007,16,2,6,8464,0.27755478024482727,0.32347503304481506,0.23164720833301544,-0.03901229090988635,0.5402621626853943,8464,-0.11543215811252594,-0.12438220530748367,0.2158302515745163,-0.4152410626411438,0.16080545932054519,8464,0.03165142238140106,-0.1162794753909111,0.3886130154132843,-0.45739600360393523,0.5284150063991546
4,Day 4,7,Tray 7,DJI_20260622122752_0007,17,2,7,8464,0.24068504571914673,0.1964111626148224,0.23368623852729797,-0.06344464346766472,0.5163479447364807,8464,-0.1347319632768631,-0.13309352099895477,0.21737219393253326,-0.45651787519454956,0.13910401761531827,8464,-0.01605963706970215,-0.12488725781440735,0.3563634157180786,-0.4998409479856491,0.462238135933876
4,Day 4,7,Tray 7,DJI_20260622122752_0007,18,2,8,8464,0.22679130733013153,0.16919466853141785,0.17865751683712006,0.021345708519220352,0.5005295038223266,8464,-0.15520614385604858,-0.15661630034446716,0.1655251830816269,-0.3694278538227081,0.08930154666304586,8464,-0.08816665410995483,-0.15547403693199158,0.2857791483402252,-0.4120689630508423,0.41385377049446104
4,Day 4,7,Tray 7,DJI_20260622122752_0007,19,2,9,8464,0.1982717216014862,0.1597929149866104,0.16777943074703217,0.04836839586496355,0.4816454738378524,8464,-0.18020090460777283,-0.17251253128051758,0.15603876113891602,-0.3880406856536865,0.040215984731912596,8464,-0.09889626502990723,-0.16749821603298187,0.3119335472583771,-0.4515615791082382,0.4446999192237853
4,Day 4,7,Tray 7,DJI_20260622122752_0007,20,2,10,8464,0.22992320358753204,0.1654486209154129,0.1687992364168167,0.08877722173929214,0.5094981610774993,8464,-0.1256251037120819,-0.1807958483695984,0.20228765904903412,-0.3407529294490814,0.20918064862489696,8464,0.022900283336639404,-0.17635729908943176,0.40331026911735535,-0.4155288338661194,0.6260332703590393
4,Day 4,7,Tray 7,DJI_20260622122752_0007,21,3,1,8464,0.3039385974407196,0.3211619257926941,0.20153532922267914,0.052265582606196404,0.570920330286026,8464,-0.03182074800133705,-0.052343711256980896,0.20592227578163147,-0.28992236852645875,0.26234388351440424,8464,0.2295532077550888,0.3605850636959076,0.36513036489486694,-0.31559925377368925,0.6560329020023346
4,Day 4,7,Tray 7,DJI_20260622122752_0007,22,3,2,8464,0.3068569302558899,0.2578204572200775,0.20337094366550446,0.10210234373807907,0.5910418629646301,8464,-0.027998434379696846,-0.09706950187683105,0.20805467665195465,-0.23436322808265686,0.28316374123096466,8464,0.2688318192958832,0.37022119760513306,0.34576866030693054,-0.15989236533641815,0.6863735496997833
4,Day 4,7,Tray 7,DJI_20260622122752_0007,23,3,3,8464,0.3839815557003021,0.4430631399154663,0.20471636950969696,0.12616721242666246,0.6020942330360413,8464,0.02652764320373535,0.03529953211545944,0.2262624055147171,-0.25492314398288723,0.3532592684030532,8464,0.3338766098022461,0.4368867874145508,0.35559308528900146,-0.310227546095848,0.7096228003501892
4,Day 4,7,Tray 7,DJI_20260622122752_0007,24,3,4,8464,0.43275901675224304,0.45973822474479675,0.1503230780363083,0.1911581426858902,0.584243655204773,8464,0.06360329687595367,0.06851933896541595,0.1907457858324051,-0.12724320739507675,0.31005382239818574,8464,0.36391589045524597,0.4254566431045532,0.29754653573036194,-0.08136147409677497,0.6703710675239563
4,Day 4,7,Tray 7,DJI_20260622122752_0007,25,3,5,8464,0.3853037357330322,0.4626418352127075,0.2254188358783722,0.04633302129805094,0.5955608785152435,8464,0.005366639234125614,0.059526603668928146,0.25828272104263306,-0.38687675595283505,0.3066313952207565,8464,0.1843729466199875,0.40522876381874084,0.452383816242218,-0.48423340916633606,0.6774193644523621
4,Day 4,7,Tray 7,DJI_20260622122752_0007,26,3,6,8464,0.34677746891975403,0.4259360134601593,0.21091841161251068,0.015034538693726063,0.5602514743804932,8464,-0.06171915680170059,-0.02730109915137291,0.21325673162937164,-0.3729666411876678,0.1850072145462036,8464,0.08162449300289154,0.20695513486862183,0.39783933758735657,-0.44674086570739746,0.5378949880599976
4,Day 4,7,Tray 7,DJI_20260622122752_0007,27,3,7,8464,0.2613588273525238,0.2437005341053009,0.20485158264636993,-0.014564239606261237,0.5111298322677612,8464,-0.1265803575515747,-0.13356401026248932,0.1914646327495575,-0.39244240522384644,0.13204953372478484,8464,-0.0514930821955204,-0.1445741057395935,0.3510599434375763,-0.4861000508069992,0.4464599102735519
4,Day 4,7,Tray 7,DJI_20260622122752_0007,28,3,8,8464,0.276117205619812,0.25269263982772827,0.20627403259277344,0.051381842046976114,0.5300654232501983,8464,-0.10449834167957306,-0.13246680796146393,0.20905104279518127,-0.405978798866272,0.15929796397686002,8464,0.00757897412404418,-0.10845031589269638,0.3763622045516968,-0.4983298569917679,0.48730203211307527
4,Day 4,7,Tray 7,DJI_20260622122752_0007,29,3,9,8464,0.25336092710494995,0.18258753418922424,0.19835706055164337,0.06074325852096083,0.5149528384208679,8464,-0.13582275807857513,-0.15898960828781128,0.19872379302978516,-0.3931877613067627,0.12636867910623548,8464,-0.016346799209713936,-0.14754098653793335,0.37435683608055115,-0.4726772546768188,0.5134134829044341
4,Day 4,7,Tray 7,DJI_20260622122752_0007,30,3,10,8464,0.22391588985919952,0.17252184450626373,0.16227707266807556,0.09510933309793472,0.48847943246364595,8464,-0.14196287095546722,-0.17301632463932037,0.1968182623386383,-0.36765746772289276,0.13153684437274915,8464,-0.07452424615621567,-0.17587940394878387,0.36074963212013245,-0.48156776428222653,0.5913088142871856
4,Day 4,7,Tray 7,DJI_20260622122752_0007,31,4,1,8464,0.29980435967445374,0.2281855195760727,0.2153739333152771,0.06582240015268327,0.6247802972793579,8464,-0.009713557548820972,-0.09957669675350189,0.23019395768642426,-0.28102857172489165,0.3512328863143921,8464,0.14185576140880585,-0.03541989624500275,0.37800097465515137,-0.29351194500923156,0.6813429951667785
4,Day 4,7,Tray 7,DJI_20260622122752_0007,32,4,2,8464,0.3788086771965027,0.44885993003845215,0.21721245348453522,0.1252341538667679,0.6331233501434326,8464,0.07863179594278336,0.0881870687007904,0.22528581321239471,-0.16429495662450788,0.39590871036052705,8464,0.272956907749176,0.39459073543548584,0.3649926483631134,-0.22733403742313385,0.7059964001178741
4,Day 4,7,Tray 7,DJI_20260622122752_0007,33,4,3,8464,0.4211878478527069,0.4551845192909241,0.16811040043830872,0.1562873527407646,0.6208289563655853,8464,0.09039824455976486,0.06496961414813995,0.18894585967063904,-0.12248674482107161,0.38169828057289124,8464,0.3651495575904846,0.43360471725463867,0.3065865933895111,-0.11050847172737122,0.7070831298828125
4,Day 4,7,Tray 7,DJI_20260622122752_0007,34,4,4,8464,0.402982622385025,0.4424920678138733,0.17572376132011414,0.16601171493530276,0.6006027698516846,8464,0.04511071369051933,0.04115653783082962,0.19222350418567657,-0.13812846094369888,0.31454441249370574,8464,0.26526960730552673,0.4166874885559082,0.3895348608493805,-0.4570361077785492,0.6580833554267883
4,Day 4,7,Tray 7,DJI_20260622122752_0007,35,4,5,8464,0.40009722113609314,0.46394050121307373,0.21387727558612823,0.0751563049852848,0.6025407254695893,8464,0.009941423311829567,0.04357742518186569,0.24669037759304047,-0.35438448190689087,0.3196948766708374,8464,0.1460508108139038,0.35331398248672485,0.4279346466064453,-0.46041369438171387,0.6105962634086608
4,Day 4,7,Tray 7,DJI_20260622122752_0007,36,4,6,8464,0.3736010789871216,0.43915998935699463,0.20806767046451569,0.10560786575078966,0.5888149321079253,8464,-0.003158875275403261,0.021999511867761612,0.2228403389453888,-0.2978780776262283,0.2573439687490463,8464,0.04805922880768776,-0.04106651991605759,0.39284226298332214,-0.5037732362747193,0.5135135054588318
4,Day 4,7,Tray 7,DJI_20260622122752_0007,37,4,7,8464,0.32974740862846375,0.39672502875328064,0.18919634819030762,0.09517336860299111,0.5324278354644775,8464,-0.06679262965917587,-0.07731282711029053,0.18741998076438904,-0.34038894474506376,0.16502427011728288,8464,0.012048719450831413,-0.10280752182006836,0.3588038682937622,-0.4691624462604523,0.4703152298927307
4,Day 4,7,Tray 7,DJI_20260622122752_0007,38,4,8,8464,0.28751760721206665,0.2085144817829132,0.18246464431285858,0.11843134090304375,0.5409104526042938,8464,-0.08383883535861969,-0.13697344064712524,0.19214409589767456,-0.28729374110698697,0.20170238316059108,8464,-0.009819302707910538,-0.1501193642616272,0.3753303289413452,-0.4522747337818146,0.5600326418876647
4,Day 4,7,Tray 7,DJI_20260622122752_0007,39,4,9,8464,0.2982289791107178,0.27214401960372925,0.18343614041805267,0.12973905503749847,0.5384615659713745,8464,-0.07221417129039764,-0.13265354931354523,0.21255473792552948,-0.31548365950584406,0.20996413230895997,8464,0.010578752495348454,-0.10698582977056503,0.3747377395629883,-0.5182530522346497,0.5030469536781311
4,Day 4,7,Tray 7,DJI_20260622122752_0007,40,4,10,8464,0.2970525026321411,0.24238015711307526,0.1813625693321228,0.12592916190624237,0.5471826195716858,8464,-0.06006290391087532,-0.13187482953071594,0.23159271478652954,-0.3534165918827057,0.2730290174484253,8464,0.047292325645685196,-0.05370888113975525,0.40262898802757263,-0.498545378446579,0.583227151632309
4,Day 4,7,Tray 7,DJI_20260622122752_0007,41,5,1,8464,0.3126424252986908,0.2409306764602661,0.21456456184387207,0.09687442258000374,0.6378709852695464,8464,0.008539828471839428,-0.06917107105255127,0.22919869422912598,-0.23212980628013605,0.38632962405681603,8464,0.16987325251102448,0.12669150531291962,0.3645068109035492,-0.27075251936912537,0.6664344191551208
4,Day 4,7,Tray 7,DJI_20260622122752_0007,42,5,2,8464,0.3478182852268219,0.30860549211502075,0.22694280743598938,0.11756744012236596,0.6815445899963378,8464,0.0551876425743103,-0.028669234365224838,0.2570297122001648,-0.17217689752578735,0.4581940472126007,8464,0.23704485595226288,0.3164141774177551,0.36195775866508484,-0.14963503181934357,0.7122690260410308
4,Day 4,7,Tray 7,DJI_20260622122752_0007,43,5,3,8464,0.37619850039482117,0.4079195559024811,0.1820221096277237,0.14194035530090332,0.6231243014335631,8464,0.05563962832093239,0.033479563891887665,0.18622568249702454,-0.1366493135690689,0.34922091662883753,8464,0.2245323359966278,0.3269217610359192,0.3407783508300781,-0.19273004978895186,0.6480640769004822
4,Day 4,7,Tray 7,DJI_20260622122752_0007,44,5,4,8464,0.37713760137557983,0.4142885208129883,0.19555489718914032,0.1296016126871109,0.6272924482822418,8464,0.032605163753032684,0.005727128125727177,0.20748908817768097,-0.19719339907169342,0.33435963094234467,8464,0.09125860035419464,-0.05825580656528473,0.3541445732116699,-0.3441660732030868,0.6107138216495513
4,Day 4,7,Tray 7,DJI_20260622122752_0007,45,5,5,8464,0.3816130757331848,0.41639137268066406,0.18808391690254211,0.13344375491142274,0.6029196500778198,8464,0.027075955644249916,0.004682308062911034,0.21415738761425018,-0.2201573461294174,0.34748567938804625,8464,0.07082827389240265,-0.01953488402068615,0.37053871154785156,-0.4305141359567642,0.5374816060066223
4,Day 4,7,Tray 7,DJI_20260622122752_0007,46,5,6,8464,0.33342236280441284,0.3652305603027344,0.1978456676006317,0.09773275628685953,0.5717445015907288,8464,-0.031083913519978523,-0.06277523189783096,0.19226138293743134,-0.2671322196722031,0.23458058238029478,8464,-0.008286670781672001,-0.10870447754859924,0.3313542604446411,-0.4112493604421615,0.476414155960083
4,Day 4,7,Tray 7,DJI_20260622122752_0007,47,5,7,8464,0.306171178817749,0.27604830265045166,0.1968362182378769,0.09846531823277474,0.551260894536972,8464,-0.0628102570772171,-0.10511402040719986,0.1931777000427246,-0.2830354213714599,0.19709440916776655,8464,-0.040186647325754166,-0.1267024278640747,0.344335675239563,-0.4661654233932495,0.4737843364477157
4,Day 4,7,Tray 7,DJI_20260622122752_0007,48,5,8,8464,0.28881099820137024,0.20357634127140045,0.19475241005420685,0.10050927996635438,0.5500548481941223,8464,-0.08444272726774216,-0.1277884840965271,0.17173586785793304,-0.2776770949363708,0.15527513176202773,8464,-0.03570486977696419,-0.14401452243328094,0.32731929421424866,-0.40112570226192473,0.47645740509033196
4,Day 4,7,Tray 7,DJI_20260622122752_0007,49,5,9,8464,0.3044946491718292,0.25000154972076416,0.18034778535366058,0.12838277220726013,0.5469940185546874,8464,-0.057834625244140625,-0.12145200371742249,0.19719889760017395,-0.2446241095662117,0.21914087235927582,8464,0.031056160107254982,-0.13821138441562653,0.3625628352165222,-0.4280982136726379,0.5705082416534424
4,Day 4,7,Tray 7,DJI_20260622122752_0007,50,5,10,8464,0.2800999879837036,0.18708789348602295,0.17218387126922607,0.13863922506570817,0.5436405956745147,8464,-0.06293939054012299,-0.16461749374866486,0.20972219109535217,-0.23269115388393402,0.27330119311809536,8464,-0.008860978297889233,-0.1720091551542282,0.36724650859832764,-0.3876652121543884,0.5932256758213043
4,Day 4,7,Tray 7,DJI_20260622122752_0007,51,6,1,8464,0.2746157944202423,0.17632880806922913,0.20358170568943024,0.10679977387189865,0.6209695398807525,8464,-0.029125064611434937,-0.1260053813457489,0.21959581971168518,-0.2050234407186508,0.3541769921779632,8464,0.11108972132205963,-0.07617722451686859,0.33303800225257874,-0.1946974322199821,0.6295635938644409
4,Day 4,7,Tray 7,DJI_20260622122752_0007,52,6,2,8464,0.2774506211280823,0.2063995748758316,0.19329845905303955,0.11025157943367958,0.5838394761085509,8464,-0.02439599484205246,-0.10825439542531967,0.21847711503505707,-0.20506746470928192,0.3575590312480926,8464,0.055053215473890305,-0.08005143702030182,0.30807334184646606,-0.2254975289106369,0.5597548723220824
4,Day 4,7,Tray 7,DJI_20260622122752_0007,53,6,3,8464,0.31209447979927063,0.3029189705848694,0.20260898768901825,0.10383996218442917,0.5901574194431305,8464,-0.006124858278781176,-0.0501733273267746,0.20223058760166168,-0.22623147070407867,0.27306755185127257,8464,0.11361811310052872,0.06328339129686356,0.31959766149520874,-0.28991034030914303,0.5544875621795654
4,Day 4,7,Tray 7,DJI_20260622122752_0007,54,6,4,8464,0.29900678992271423,0.3044910728931427,0.2500171363353729,-0.0006456659350078376,0.6598058700561523,8464,-0.026196008548140526,-0.08624553680419922,0.2756575644016266,-0.3700403064489365,0.4230178892612457,8464,0.05492118000984192,-0.07358571887016296,0.40495288372039795,-0.4767400026321411,0.662993848323822
4,Day 4,7,Tray 7,DJI_20260622122752_0007,55,6,5,8464,0.311899334192276,0.3416205644607544,0.24380719661712646,0.01043290011584759,0.6291900098323822,8464,-0.019155943766236305,-0.05059157311916351,0.257530152797699,-0.36251488029956813,0.34682364463806137,8464,0.04232165589928627,-0.08033760637044907,0.3907783627510071,-0.45937275886535645,0.6025778651237488
4,Day 4,7,Tray 7,DJI_20260622122752_0007,56,6,6,8464,0.3000189960002899,0.3308662474155426,0.2601093351840973,-0.030009648948907845,0.5998325407505035,8464,-0.04475126042962074,-0.09448082000017166,0.26010292768478394,-0.3901374667882919,0.31239120364189144,8464,-0.016207441687583923,-0.11977030336856842,0.36718860268592834,-0.4526427686214447,0.5214198350906372
4,Day 4,7,Tray 7,DJI_20260622122752_0007,57,6,7,8464,0.2712292969226837,0.1902262419462204,0.22183360159397125,0.019366513192653666,0.5427412688732147,8464,-0.08987700939178467,-0.1267024278640747,0.20671407878398895,-0.352998474240303,0.16748280972242355,8464,-0.07565344125032425,-0.14433421194553375,0.30766817927360535,-0.450327605009079,0.4174721360206604
4,Day 4,7,Tray 7,DJI_20260622122752_0007,58,6,8,8464,0.25763776898384094,0.1823807954788208,0.2055545598268509,0.08003938719630242,0.5466385543346405,8464,-0.10951614379882812,-0.14082741737365723,0.18057596683502197,-0.3254489243030548,0.15467097610235214,8464,-0.08685161918401718,-0.1579526960849762,0.2964631915092468,-0.4395444184541702,0.4202358514070511
4,Day 4,7,Tray 7,DJI_20260622122752_0007,59,6,9,8464,0.24290348589420319,0.1848679631948471,0.19831816852092743,0.10909106135368347,0.5125489711761475,8464,-0.12181323766708374,-0.1562897115945816,0.2013944685459137,-0.3142113804817199,0.15076732486486433,8464,-0.06610789895057678,-0.16434460878372192,0.35319963097572327,-0.46972555220127105,0.5410803318023679
4,Day 4,7,Tray 7,DJI_20260622122752_0007,60,6,10,8464,0.19827795028686523,0.16376306116580963,0.19277141988277435,0.08170519322156906,0.46563510000705716,8464,-0.15989166498184204,-0.18600955605506897,0.20626354217529297,-0.31543698310852053,0.13168930113315577,8464,-0.10150852799415588,-0.197891503572464,0.349226713180542,-0.5248769283294678,0.5358135819435119
4,Day 4,7,Tray 7,DJI_20260622122752_0007,61,7,1,8464,0.23766648769378662,0.16528275609016418,0.20103730261325836,0.08759878277778627,0.5757149755954742,8464,-0.07565084099769592,-0.1302008032798767,0.19555045664310455,-0.2544034421443939,0.2591508835554122,8464,0.04681349918246269,-0.11216729879379272,0.30476313829421997,-0.19412127435207366,0.5660607397556304
4,Day 4,7,Tray 7,DJI_20260622122752_0007,62,7,2,8464,0.2686280310153961,0.18818402290344238,0.21351492404937744,0.10261584520339967,0.5735539257526397,8464,-0.038028985261917114,-0.10955318808555603,0.22442731261253357,-0.19018209278583526,0.3189804553985595,8464,0.10299470275640488,-0.06612278521060944,0.35568714141845703,-0.2857142984867096,0.6236472427845001
4,Day 4,7,Tray 7,DJI_20260622122752_0007,63,7,3,8464,0.2795599699020386,0.19473138451576233,0.21765866875648499,0.060356023162603384,0.6003159284591675,8464,-0.037308502942323685,-0.10817942023277283,0.2286916822195053,-0.3107421070337295,0.3264236032962799,8464,0.10539764910936356,0.02729671075940132,0.34045612812042236,-0.30619355738162995,0.5803281486034393
4,Day 4,7,Tray 7,DJI_20260622122752_0007,64,7,4,8464,0.27127429842948914,0.22263137996196747,0.25838908553123474,-0.058119007945060724,0.6465237677097321,8464,-0.04446890577673912,-0.09859155118465424,0.26869893074035645,-0.3985655605792999,0.39465665519237514,8464,0.04648773372173309,-0.08207768201828003,0.38237473368644714,-0.4690300077199936,0.6043024837970734
4,Day 4,7,Tray 7,DJI_20260622122752_0007,65,7,5,8464,0.24478985369205475,0.1892947554588318,0.25877416133880615,-0.06952541321516037,0.5904826045036315,8464,-0.08610860258340836,-0.12007658928632736,0.2611760199069977,-0.40859257280826566,0.33233663141727443,8464,-0.02654828503727913,-0.11946418881416321,0.3708841800689697,-0.47619120180606844,0.5369658291339874
4,Day 4,7,Tray 7,DJI_20260622122752_0007,66,7,6,8464,0.21762263774871826,0.1799018234014511,0.2500017583370209,-0.10096659585833549,0.5866069734096527,8464,-0.12362755835056305,-0.13246680796146393,0.24535012245178223,-0.43751919865608213,0.2535068333148956,8464,-0.09237592667341232,-0.13325031101703644,0.29634374380111694,-0.467278265953064,0.38352271914482117
4,Day 4,7,Tray 7,DJI_20260622122752_0007,67,7,7,8464,0.22096388041973114,0.1672515720129013,0.23658587038516998,-0.05976216346025467,0.5357227623462677,8464,-0.1255967915058136,-0.13971611857414246,0.2227293998003006,-0.4127997159957886,0.19420415610074995,8464,-0.113394595682621,-0.14754098653793335,0.2928813695907593,-0.4677419364452362,0.38880982398986813
4,Day 4,7,Tray 7,DJI_20260622122752_0007,68,7,8,8464,0.20969387888908386,0.15974031388759613,0.2236587256193161,-0.0423027116805315,0.5335912466049193,8464,-0.13917143642902374,-0.1561264842748642,0.21737800538539886,-0.441432985663414,0.1781531810760498,8464,-0.09991723299026489,-0.1611020416021347,0.3063770830631256,-0.4925373256206512,0.43402327597141266
4,Day 4,7,Tray 7,DJI_20260622122752_0007,69,7,9,8464,0.20651127398014069,0.1628563404083252,0.23360419273376465,0.025149458833038943,0.5380264580249786,8464,-0.14166879653930664,-0.16567036509513855,0.22453643381595612,-0.4610676944255829,0.1762325122952461,8464,-0.13109765946865082,-0.17402522265911102,0.27783340215682983,-0.5024766325950623,0.3663506418466567
4,Day 4,7,Tray 7,DJI_20260622122752_0007,70,7,10,8464,0.19132846593856812,0.16256149113178253,0.20591509342193604,-0.04676347151398658,0.47436183989048003,8464,-0.18130916357040405,-0.19765467941761017,0.19034264981746674,-0.4079902321100235,0.053556014969944936,8464,-0.1452595740556717,-0.22038444876670837,0.303071528673172,-0.4580737054347992,0.33829269111156457
4,Day 4,8,Tray 8,DJI_20260622122838_0008,1,1,1,8464,0.23218975961208344,0.16416490077972412,0.1701294332742691,0.11527148038148881,0.517320990562439,8464,-0.08812976628541946,-0.15571428835391998,0.18893657624721527,-0.23571826368570328,0.22680007666349408,8464,0.06406323611736298,-0.14162252843379974,0.3545985817909241,-0.24841852486133575,0.6700691998004913
4,Day 4,8,Tray 8,DJI_20260622122838_0008,2,1,2,8464,0.2727791965007782,0.1812363564968109,0.18482258915901184,0.11681464537978173,0.5401785194873809,8464,-0.051680825650691986,-0.1277884840965271,0.19875246286392212,-0.20297253429889678,0.22286176681518552,8464,0.11183035373687744,-0.09204190224409103,0.3617969751358032,-0.20264317095279694,0.7065706849098206
4,Day 4,8,Tray 8,DJI_20260622122838_0008,3,1,3,8464,0.321537584066391,0.2927071154117584,0.21987903118133545,0.11465786397457123,0.6052498817443848,8464,-0.008132950402796268,-0.08202424645423889,0.24242185056209564,-0.31539507806301115,0.32911751568317404,8464,0.17056910693645477,0.21027782559394836,0.40305784344673157,-0.3730815649032592,0.705168217420578
4,Day 4,8,Tray 8,DJI_20260622122838_0008,4,1,4,8464,0.31520208716392517,0.3210274875164032,0.2006729692220688,0.10294459611177449,0.5684058427810669,8464,-0.055339306592941284,-0.08005176484584808,0.20555125176906586,-0.33803858458995817,0.21244495362043378,8464,0.13481919467449188,0.1455175280570984,0.38220295310020447,-0.36454516649246216,0.6197618305683136
4,Day 4,8,Tray 8,DJI_20260622122838_0008,5,1,5,8464,0.247776597738266,0.17845778167247772,0.22939728200435638,-0.004121827241033299,0.5647355914115906,8464,-0.09267884492874146,-0.13892365992069244,0.2538841664791107,-0.3794845938682556,0.2902960479259491,8464,-0.00956765003502369,-0.13466334342956543,0.37235140800476074,-0.41909101605415344,0.5777766406536102
4,Day 4,8,Tray 8,DJI_20260622122838_0008,6,1,6,8464,0.2553160786628723,0.1797698438167572,0.22423020005226135,0.02867148257791996,0.5621324360370636,8464,-0.10665437579154968,-0.13955754041671753,0.23744070529937744,-0.4104604512453079,0.24356617033481598,8464,-0.020132578909397125,-0.13544988632202148,0.3491099178791046,-0.4490445852279663,0.5102040767669678
4,Day 4,8,Tray 8,DJI_20260622122838_0008,7,1,7,8464,0.19380192458629608,0.16044053435325623,0.20626617968082428,-0.018105174601078005,0.49265226125717154,8464,-0.1511610895395279,-0.142259418964386,0.21214041113853455,-0.43890372216701506,0.1297636330127716,8464,-0.10312079638242722,-0.14066852629184723,0.2887820601463318,-0.49062125384807587,0.367595025897026
4,Day 4,8,Tray 8,DJI_20260622122838_0008,8,1,8,8464,0.1837380826473236,0.15850730240345,0.16523540019989014,0.01762842871248723,0.4510004311800002,8464,-0.1727466732263565,-0.15825201570987701,0.1619403064250946,-0.39904338121414185,-0.01698115505278123,8464,-0.12067312002182007,-0.15113188326358795,0.24212370812892914,-0.40474551916122437,0.25718460083007805
4,Day 4,8,Tray 8,DJI_20260622122838_0008,9,1,9,8464,0.2286609262228012,0.18021968007087708,0.13701337575912476,0.1254802480340004,0.44283687770366664,8464,-0.14242559671401978,-0.16653496026992798,0.18105392158031464,-0.3241203874349594,0.12454377263784404,8464,-0.03562388941645622,-0.1504424810409546,0.29786479473114014,-0.2900191694498062,0.504822164773941
4,Day 4,8,Tray 8,DJI_20260622122838_0008,10,1,10,8464,0.19607104361057281,0.16364367306232452,0.11973161995410919,0.11763768121600152,0.40284931957721704,8464,-0.1601388156414032,-0.1765550971031189,0.1444730907678604,-0.2976625680923462,0.033373287692666044,8464,-0.03169436380267143,-0.16656635701656342,0.31716400384902954,-0.29914253950119013,0.5313286662101745
4,Day 4,8,Tray 8,DJI_20260622122838_0008,11,2,1,8464,0.22668302059173584,0.16656647622585297,0.20950357615947723,0.06156729720532894,0.5260924994945526,8464,-0.11218888312578201,-0.14697851240634918,0.21966241300106049,-0.3948939979076385,0.18633474409580228,8464,0.1098160594701767,-0.055116668343544006,0.40708592534065247,-0.4848996460437774,0.6656417846679688
4,Day 4,8,Tray 8,DJI_20260622122838_0008,12,2,2,8464,0.25216248631477356,0.17751775681972504,0.16564840078353882,0.10712665021419525,0.51006840467453,8464,-0.0650714710354805,-0.12871697545051575,0.17715977132320404,-0.22382985055446622,0.20963503122329702,8464,0.16283990442752838,-0.014893701300024986,0.3357374668121338,-0.1678311675786972,0.6376561641693115
4,Day 4,8,Tray 8,DJI_20260622122838_0008,13,2,3,8464,0.28102707862854004,0.20889373123645782,0.1866418570280075,0.09595832377672198,0.5455088198184967,8464,-0.06816846132278442,-0.11201629042625427,0.1829657107591629,-0.2691102117300033,0.20424805879592894,8464,0.17453646659851074,0.09505703300237656,0.3607940077781677,-0.2467651069164276,0.6765301585197449
4,Day 4,8,Tray 8,DJI_20260622122838_0008,14,2,4,8464,0.33061838150024414,0.3695509433746338,0.21029339730739594,0.0702238515019417,0.5708912909030914,8464,-0.053967125713825226,-0.08453220129013062,0.22698532044887543,-0.3815127909183502,0.24057443290948857,8464,0.17294912040233612,0.32251280546188354,0.4044213891029358,-0.41965678334236145,0.628939527273178
4,Day 4,8,Tray 8,DJI_20260622122838_0008,15,2,5,8464,0.2431223839521408,0.18395641446113586,0.220457062125206,-0.02415731083601713,0.5339931845664978,8464,-0.1355828493833542,-0.13152804970741272,0.21184632182121277,-0.4132649332284927,0.15204909741878508,8464,0.016573181375861168,-0.11519607901573181,0.3787373900413513,-0.4431254595518112,0.5866891860961914
4,Day 4,8,Tray 8,DJI_20260622122838_0008,16,2,6,8464,0.21009883284568787,0.16376352310180664,0.20245245099067688,-0.058794829994440016,0.48175182938575745,8464,-0.1579601913690567,-0.13734203577041626,0.18857628107070923,-0.4152549684047699,0.10070203244686125,8464,-0.06198329105973244,-0.13607990741729736,0.3303886950016022,-0.4585902988910675,0.46569520235061646
4,Day 4,8,Tray 8,DJI_20260622122838_0008,17,2,7,8464,0.2341732680797577,0.1791907548904419,0.20579001307487488,0.009650674555450696,0.5224376916885376,8464,-0.14554856717586517,-0.1472194939851761,0.20713438093662262,-0.43556492030620575,0.13818572908639906,8464,-0.08482006937265396,-0.14947368204593658,0.30456045269966125,-0.4466598182916641,0.4539826452732086
4,Day 4,8,Tray 8,DJI_20260622122838_0008,18,2,8,8464,0.22862347960472107,0.16990992426872253,0.19118735194206238,0.07595027759671212,0.5120343208312989,8464,-0.15996694564819336,-0.1605498045682907,0.1965014934539795,-0.4339873641729355,0.12382978945970535,8464,-0.07797075808048248,-0.15596330165863037,0.32615020871162415,-0.47596325278282164,0.46195895373821255
4,Day 4,8,Tray 8,DJI_20260622122838_0008,19,2,9,8464,0.22398746013641357,0.17483627796173096,0.1745251566171646,0.08202850818634033,0.4805965155363083,8464,-0.14595811069011688,-0.15989236533641815,0.1977308690547943,-0.4017173022031784,0.12309156581759449,8464,0.0105087049305439,-0.14770179986953735,0.39623746275901794,-0.5144230723381042,0.5965860486030579
4,Day 4,8,Tray 8,DJI_20260622122838_0008,20,2,10,8464,0.22381459176540375,0.16620054841041565,0.14986452460289001,0.11535612419247628,0.4789069056510925,8464,-0.1412680596113205,-0.17813751101493835,0.1745339334011078,-0.3206283748149872,0.15807380825281137,8464,0.024907179176807404,-0.1551877111196518,0.3699036240577698,-0.41818180680274963,0.5951921164989471
4,Day 4,8,Tray 8,DJI_20260622122838_0008,21,3,1,8464,0.24002479016780853,0.17317450046539307,0.22727230191230774,0.025718714855611332,0.5621301531791687,8464,-0.08914533257484436,-0.13497783243656158,0.2388637661933899,-0.38878415524959564,0.2501632004976272,8464,0.15277822315692902,0.031262531876564026,0.42443743348121643,-0.4110957980155945,0.7097004055976868
4,Day 4,8,Tray 8,DJI_20260622122838_0008,22,3,2,8464,0.3159853219985962,0.29304325580596924,0.18857192993164062,0.12653617411851883,0.5613308668136596,8464,-0.02685539424419403,-0.07753881812095642,0.18156568706035614,-0.17604824900627136,0.22451016455888748,8464,0.3236129879951477,0.4256192147731781,0.3158746063709259,-0.13919297009706497,0.6752353489398957
4,Day 4,8,Tray 8,DJI_20260622122838_0008,23,3,3,8464,0.3181147575378418,0.3516298532485962,0.21073207259178162,0.08512742817401889,0.5637436449527741,8464,-0.025258833542466164,-0.052506715059280396,0.23166050016880035,-0.3070618391036987,0.28045107424259186,8464,0.25219881534576416,0.4130360782146454,0.3995361626148224,-0.3717350631952286,0.684028834104538
4,Day 4,8,Tray 8,DJI_20260622122838_0008,24,3,4,8464,0.29598698019981384,0.3557876944541931,0.2450924664735794,-0.04783567301928995,0.5709571242332458,8464,-0.07084675878286362,-0.06079786643385887,0.2642677128314972,-0.4553553551435471,0.264747142791748,8464,0.18384715914726257,0.3371172547340393,0.4240894615650177,-0.47887160778045657,0.6671634256839752
4,Day 4,8,Tray 8,DJI_20260622122838_0008,25,3,5,8464,0.2733185887336731,0.34900203347206116,0.25999975204467773,-0.10168343186378473,0.5591556429862976,8464,-0.1111098974943161,-0.12288324534893036,0.26387614011764526,-0.45168415307998655,0.24377021491527553,8464,0.030581368133425713,-0.023693308234214783,0.4058345854282379,-0.5045005738735199,0.5378086686134338
4,Day 4,8,Tray 8,DJI_20260622122838_0008,26,3,6,8464,0.2839818000793457,0.3454947769641876,0.24273505806922913,-0.049747696518897995,0.5524231553077698,8464,-0.12090472131967545,-0.12430503964424133,0.24250029027462006,-0.4675818085670471,0.18988584876060483,8464,-0.00033196902950294316,-0.10900473594665527,0.3720914125442505,-0.4983534514904022,0.5080989062786102
4,Day 4,8,Tray 8,DJI_20260622122838_0008,27,3,7,8464,0.23265652358531952,0.1777218133211136,0.20742061734199524,-0.023867604508995995,0.5136125266551971,8464,-0.15785813331604004,-0.14915111660957336,0.1807919591665268,-0.4008349984884262,0.0992304071784019,8464,-0.051409412175416946,-0.14481408894062042,0.3312055766582489,-0.43206500709056855,0.46995675265789033
4,Day 4,8,Tray 8,DJI_20260622122838_0008,28,3,8,8464,0.2578126788139343,0.20200976729393005,0.18855690956115723,0.0461735799908638,0.5020529627799987,8464,-0.12286153435707092,-0.14497414231300354,0.2107076644897461,-0.43391567170619966,0.150293056666851,8464,0.06163565814495087,-0.06398272514343262,0.41627341508865356,-0.486272120475769,0.6592363476753235
4,Day 4,8,Tray 8,DJI_20260622122838_0008,29,3,9,8464,0.24839456379413605,0.18069857358932495,0.1879703402519226,0.07568901181221008,0.5363343894481659,8464,-0.12444200366735458,-0.16616830229759216,0.2041679322719574,-0.354660239815712,0.1870982214808464,8464,0.05523276329040527,-0.12888139486312866,0.39629867672920227,-0.3958240747451782,0.6402219831943512
4,Day 4,8,Tray 8,DJI_20260622122838_0008,30,3,10,8464,0.27089840173721313,0.1874745786190033,0.19785960018634796,0.09295206218957901,0.5355164408683777,8464,-0.0897393599152565,-0.1644771695137024,0.241792693734169,-0.390524286031723,0.25138286948204036,8464,0.111847423017025,0.16975373029708862,0.4316924810409546,-0.5033039450645447,0.6755052804946899
4,Day 4,8,Tray 8,DJI_20260622122838_0008,31,4,1,8464,0.2706349790096283,0.21706894040107727,0.25965002179145813,-0.08154706656932831,0.626285058259964,8464,-0.042713481932878494,-0.12193451821804047,0.2796104848384857,-0.43391366899013517,0.35591492056846613,8464,0.20143423974514008,0.30003732442855835,0.44649216532707214,-0.47594159841537476,0.7264519333839417
4,Day 4,8,Tray 8,DJI_20260622122838_0008,32,4,2,8464,0.3616313934326172,0.378400981426239,0.20682944357395172,0.12167016416788101,0.6359049856662751,8464,0.053917694836854935,0.023092327639460564,0.22660817205905914,-0.16517286002635956,0.39449610412120817,8464,0.35058125853538513,0.44197529554367065,0.3179849684238434,-0.1309655502438545,0.7249066412448884
4,Day 4,8,Tray 8,DJI_20260622122838_0008,33,4,3,8464,0.37100693583488464,0.39441215991973877,0.2136080265045166,0.13019886761903762,0.6238273978233337,8464,0.04764856398105621,0.0325581394135952,0.25443553924560547,-0.221093538403511,0.38571637570858,8464,0.251162588596344,0.4197447896003723,0.413688063621521,-0.38526452779769893,0.7148757815361023
4,Day 4,8,Tray 8,DJI_20260622122838_0008,34,4,4,8464,0.4292523264884949,0.46661874651908875,0.19388848543167114,0.14984647929668427,0.6444825530052185,8464,0.0317176878452301,0.04434593766927719,0.269228994846344,-0.36492371261119844,0.3726694524288177,8464,0.2026858925819397,0.32073748111724854,0.42277055978775024,-0.4479557693004608,0.7008118093013763
4,Day 4,8,Tray 8,DJI_20260622122838_0008,35,4,5,8464,0.3299234211444855,0.3974095582962036,0.24497848749160767,-0.016154674813151342,0.5936819314956665,8464,-0.04573566094040871,-0.0174880251288414,0.28205522894859314,-0.44212605953216555,0.32071712613105774,8464,0.07534100860357285,0.224225252866745,0.44135749340057373,-0.5248557329177856,0.6231462478637695
4,Day 4,8,Tray 8,DJI_20260622122838_0008,36,4,6,8464,0.30921927094459534,0.3716930150985718,0.22191770374774933,0.0004776771966135316,0.5609039723873138,8464,-0.09677274525165558,-0.10840272903442383,0.24301928281784058,-0.41433571875095365,0.2314082771539688,8464,0.02031797170639038,-0.09003793448209763,0.39153799414634705,-0.4580737054347992,0.5238068997859955
4,Day 4,8,Tray 8,DJI_20260622122838_0008,37,4,7,8464,0.31562793254852295,0.3229057788848877,0.22278551757335663,0.09527860581874847,0.5701062202453613,8464,-0.07364778965711594,-0.1164122149348259,0.216450035572052,-0.32134196162223816,0.21047760844230648,8464,-0.030788572505116463,-0.1291971355676651,0.3559306561946869,-0.49200913310050964,0.498834490776062
4,Day 4,8,Tray 8,DJI_20260622122838_0008,38,4,8,8464,0.27507996559143066,0.221612811088562,0.19418488442897797,0.10180833414196969,0.5190311014652252,8464,-0.08080597221851349,-0.1274779736995697,0.21519434452056885,-0.34634162187576295,0.1954193577170372,8464,-0.0033750662114471197,-0.13121546804904938,0.4191569685935974,-0.5659655928611755,0.6201088428497314
4,Day 4,8,Tray 8,DJI_20260622122838_0008,39,4,9,8464,0.22720888257026672,0.17811468243598938,0.17891649901866913,0.07895744666457176,0.48757367432117454,8464,-0.1277819126844406,-0.15303392708301544,0.21138186752796173,-0.37340064644813536,0.16702073663473127,8464,-0.04353654384613037,-0.15303392708301544,0.3941040635108948,-0.5139883756637573,0.6528651654720306
4,Day 4,8,Tray 8,DJI_20260622122838_0008,40,4,10,8464,0.28086987137794495,0.20610222220420837,0.18753908574581146,0.112065776437521,0.5510363578796387,8464,-0.07682698965072632,-0.1661285161972046,0.232367143034935,-0.30262593626976014,0.2442754760384559,8464,0.13305245339870453,0.11990722268819809,0.42264655232429504,-0.4072654783725738,0.6583848595619202
4,Day 4,8,Tray 8,DJI_20260622122838_0008,41,5,1,8464,0.2986423075199127,0.21067920327186584,0.2203766405582428,0.0854254737496376,0.6494359910488129,8464,0.01067259255796671,-0.10517241060733795,0.2452857941389084,-0.2402326241135597,0.41188666224479675,8464,0.14758048951625824,-0.06492836028337479,0.37773647904396057,-0.2507062941789627,0.7021810233592987
4,Day 4,8,Tray 8,DJI_20260622122838_0008,42,5,2,8464,0.39487409591674805,0.4446282386779785,0.213791623711586,0.1325285017490387,0.685600632429123,8464,0.11029276251792908,0.1094161868095398,0.23162764310836792,-0.14556079953908918,0.4694534957408904,8464,0.24381649494171143,0.3649289011955261,0.37083595991134644,-0.19109947979450226,0.7443288147449494
4,Day 4,8,Tray 8,DJI_20260622122838_0008,43,5,3,8464,0.4384323060512543,0.46790811419487,0.18365690112113953,0.16704241931438446,0.6964713811874389,8464,0.13011589646339417,0.10851562023162842,0.23385083675384521,-0.14365131855010985,0.4997636079788208,8464,0.22316309809684753,0.3792676329612732,0.41990962624549866,-0.42154812812805176,0.7426116228103637
4,Day 4,8,Tray 8,DJI_20260622122838_0008,44,5,4,8464,0.44491294026374817,0.48305368423461914,0.1966090202331543,0.15863910168409348,0.6768714308738708,8464,0.0843115895986557,0.09627827256917953,0.2623279094696045,-0.28208489418029786,0.4334697902202606,8464,0.15535713732242584,0.20750579237937927,0.43919849395751953,-0.49511681497097015,0.6950372278690338
4,Day 4,8,Tray 8,DJI_20260622122838_0008,45,5,5,8464,0.34835970401763916,0.3967943787574768,0.2542326748371124,0.056204065680503845,0.6541531205177306,8464,0.027928894385695457,0.02069178596138954,0.28709545731544495,-0.30601179599761963,0.42144638299942017,8464,0.01683792658150196,-0.08931303024291992,0.4087960422039032,-0.5200445652008057,0.5682911396026611
4,Day 4,8,Tray 8,DJI_20260622122838_0008,46,5,6,8464,0.3661702871322632,0.4498017728328705,0.23988668620586395,0.06609660834074021,0.6153016149997711,8464,-0.006567393429577351,0.01818772964179516,0.25472572445869446,-0.40013458430767057,0.29109744727611536,8464,0.03168381005525589,-0.09009939432144165,0.39012646675109863,-0.5147031545639038,0.5350928246974945
4,Day 4,8,Tray 8,DJI_20260622122838_0008,47,5,7,8464,0.3010130524635315,0.25524258613586426,0.18164514005184174,0.11724463775753975,0.5465264976024627,8464,-0.08381786197423935,-0.1167166605591774,0.18639762699604034,-0.3025266408920288,0.18843884617090226,8464,-0.08358298242092133,-0.12469101697206497,0.27817922830581665,-0.4212290316820145,0.36392838358879087
4,Day 4,8,Tray 8,DJI_20260622122838_0008,48,5,8,8464,0.31472525000572205,0.2476830780506134,0.1939346343278885,0.11868029907345772,0.6027799189090729,8464,-0.04664851725101471,-0.12483870983123779,0.2511499524116516,-0.32542672157287594,0.3381941169500351,8464,0.024560471996665,-0.1282610297203064,0.415170818567276,-0.44634130597114563,0.7151916682720184
4,Day 4,8,Tray 8,DJI_20260622122838_0008,49,5,9,8464,0.2874879837036133,0.20236638188362122,0.20195630192756653,0.12033687606453897,0.5675848662853241,8464,-0.03997485339641571,-0.1305570751428604,0.2593686580657959,-0.27948758006095886,0.35338997244834897,8464,0.05876566469669342,-0.13215371966362,0.4360675811767578,-0.4865649759769439,0.7103244662284851
4,Day 4,8,Tray 8,DJI_20260622122838_0008,50,5,10,8464,0.2999036908149719,0.21963021159172058,0.1882493495941162,0.1283283233642578,0.5666081726551055,8464,-0.03575487062335014,-0.14469698071479797,0.24471507966518402,-0.28775615394115445,0.31865595281124115,8464,0.10516735166311264,-0.0443887785077095,0.41181886196136475,-0.3893129825592041,0.6591252088546753
4,Day 4,8,Tray 8,DJI_20260622122838_0008,51,6,1,8464,0.3026839792728424,0.18542805314064026,0.22043228149414062,0.10987110659480095,0.6486924290657043,8464,0.007323544472455978,-0.1034761518239975,0.23377345502376556,-0.217481791973114,0.373558384180069,8464,0.16590720415115356,-0.009755531325936317,0.3516561985015869,-0.1825007200241089,0.6631756067276
4,Day 4,8,Tray 8,DJI_20260622122838_0008,52,6,2,8464,0.32670173048973083,0.26980191469192505,0.2220606505870819,0.11599880009889603,0.659588587284088,8464,0.03795178607106209,-0.06854325532913208,0.25286951661109924,-0.18954717069864274,0.45372252762317655,8464,0.1637944132089615,0.15134195983409882,0.3876015841960907,-0.3399211525917053,0.7165169715881348
4,Day 4,8,Tray 8,DJI_20260622122838_0008,53,6,3,8464,0.34226635098457336,0.35183680057525635,0.21793030202388763,0.09707200527191162,0.6325583696365356,8464,0.03856904059648514,-0.004665419925004244,0.24004870653152466,-0.2313891366124153,0.3851196825504303,8464,0.09684876352548599,0.03976931422948837,0.3825886845588684,-0.40357585251331324,0.6329444766044616
4,Day 4,8,Tray 8,DJI_20260622122838_0008,54,6,4,8464,0.35856717824935913,0.406135618686676,0.227579265832901,0.07214203625917436,0.6416908740997315,8464,0.03960233926773071,0.03422382473945618,0.24537406861782074,-0.2641141653060913,0.3790992498397827,8464,0.07709547132253647,-0.04646310582756996,0.3972856402397156,-0.48900971114635466,0.5907814025878906
4,Day 4,8,Tray 8,DJI_20260622122838_0008,55,6,5,8464,0.33298856019973755,0.3456743359565735,0.23161795735359192,0.08236729055643084,0.6420029997825623,8464,0.015795154497027397,-0.03674425557255745,0.2460615485906601,-0.25421133637428284,0.3738524794578552,8464,0.008581388741731644,-0.10046306252479553,0.3605189919471741,-0.45799584090709683,0.5314575493335724
4,Day 4,8,Tray 8,DJI_20260622122838_0008,56,6,6,8464,0.3283281624317169,0.32877206802368164,0.20759952068328857,0.08536029011011123,0.5838913917541504,8464,-0.025652559474110603,-0.080078125,0.22183629870414734,-0.28216805458068844,0.2753127753734588,8464,-0.028911402449011803,-0.11367963254451752,0.33471670746803284,-0.4691792070865631,0.4693280011415481
4,Day 4,8,Tray 8,DJI_20260622122838_0008,57,6,7,8464,0.3007009029388428,0.2570006847381592,0.20892195403575897,0.05647325813770302,0.5763185799121857,8464,-0.08090060204267502,-0.1276332139968872,0.2402600795030594,-0.39307534098625185,0.26426753401756287,8464,-0.03913673385977745,-0.12848776578903198,0.3490374982357025,-0.49360994398593905,0.4883456528186798
4,Day 4,8,Tray 8,DJI_20260622122838_0008,58,6,8,8464,0.2570123076438904,0.20407405495643616,0.19185276329517365,0.09173093140125275,0.5603332519531249,8464,-0.09077493101358414,-0.1340348869562149,0.20957635343074799,-0.3051061332225799,0.25219604969024656,8464,-0.07161939144134521,-0.1405096799135208,0.31444478034973145,-0.42131229937076564,0.4959723949432373
4,Day 4,8,Tray 8,DJI_20260622122838_0008,59,6,9,8464,0.26787275075912476,0.17454952001571655,0.1864813268184662,0.11757034063339233,0.5872285425662994,8464,-0.060892824083566666,-0.15157480537891388,0.22306965291500092,-0.2466767653822899,0.31747403740882874,8464,-0.022111084312200546,-0.15531104803085327,0.3771373927593231,-0.3756288141012191,0.646415376663208
4,Day 4,8,Tray 8,DJI_20260622122838_0008,60,6,10,8464,0.25876376032829285,0.1860055923461914,0.17986111342906952,0.11185068190097809,0.5623632669448853,8464,-0.10406862199306488,-0.1772555112838745,0.2314947247505188,-0.3138599038124084,0.30763981938362095,8464,-0.03257797285914421,-0.18521198630332947,0.3388746380805969,-0.3203828006982803,0.5768442034721375
4,Day 4,8,Tray 8,DJI_20260622122838_0008,61,7,1,8464,0.2371375560760498,0.15879692137241364,0.20305226743221283,0.09013212993741036,0.5935010194778443,8464,-0.03539542108774185,-0.11838924884796143,0.24262304604053497,-0.2061322823166847,0.4328634053468704,8464,0.045699797570705414,-0.10653246939182281,0.3067571818828583,-0.17758706808090208,0.598087203502655
4,Day 4,8,Tray 8,DJI_20260622122838_0008,62,7,2,8464,0.27920863032341003,0.17766845226287842,0.22024202346801758,0.09800893142819404,0.6138567924499512,8464,-0.018958544358611107,-0.10645771771669388,0.24255259335041046,-0.2720120310783386,0.35847818553447713,8464,0.08924762159585953,-0.08076009154319763,0.32683244347572327,-0.21990402042865753,0.6247849762439728
4,Day 4,8,Tray 8,DJI_20260622122838_0008,63,7,3,8464,0.30594077706336975,0.27766507863998413,0.24119220674037933,0.021782977506518364,0.652045476436615,8464,-0.036312904208898544,-0.0914560854434967,0.2747308909893036,-0.3624918043613434,0.40222776830196366,8464,0.07452661544084549,-0.03224716708064079,0.38249677419662476,-0.3748300343751907,0.675784969329834
4,Day 4,8,Tray 8,DJI_20260622122838_0008,64,7,4,8464,0.2904598116874695,0.3031359016895294,0.28081873059272766,-0.09804320111870764,0.6343118846416473,8464,-0.025658011436462402,-0.06956012547016144,0.3007812201976776,-0.4955466657876968,0.39604727029800413,8464,0.056441787630319595,-0.07072819769382477,0.4307307004928589,-0.5449914932250977,0.6635468423366546
4,Day 4,8,Tray 8,DJI_20260622122838_0008,65,7,5,8464,0.27548250555992126,0.22435232996940613,0.25305959582328796,-0.050585622712969756,0.632556265592575,8464,-0.08034050464630127,-0.12007658928632736,0.26298606395721436,-0.3893129825592041,0.357108038663864,8464,-0.05027974769473076,-0.1190338283777237,0.3226299583911896,-0.40501822531223297,0.5107815802097321
4,Day 4,8,Tray 8,DJI_20260622122838_0008,66,7,6,8464,0.23387502133846283,0.18274104595184326,0.21509630978107452,0.0013709529768675787,0.5507766008377075,8464,-0.12183886021375656,-0.13529248535633087,0.23007014393806458,-0.4018960058689117,0.2077612802386284,8464,-0.11144426465034485,-0.14529436826705933,0.2995016872882843,-0.4462523192167282,0.4440136760473251
4,Day 4,8,Tray 8,DJI_20260622122838_0008,67,7,7,8464,0.22414983808994293,0.16555190086364746,0.20691010355949402,0.02849200926721096,0.56127170920372,8464,-0.12143359333276749,-0.1199503093957901,0.19691438972949982,-0.35933610796928406,0.17389502674341192,8464,-0.11461759358644485,-0.125,0.28401824831962585,-0.46732859313488007,0.3726977586746215
4,Day 4,8,Tray 8,DJI_20260622122838_0008,68,7,8,8464,0.2208760529756546,0.15589162707328796,0.1950264275074005,0.0759760081768036,0.5331399798393249,8464,-0.12008823454380035,-0.14963503181934357,0.19841834902763367,-0.33215361535549165,0.13830284625291822,8464,-0.1041744202375412,-0.1535211205482483,0.3014634847640991,-0.4657456189393997,0.40206749737262726
4,Day 4,8,Tray 8,DJI_20260622122838_0008,69,7,9,8464,0.23370321094989777,0.1757122278213501,0.195951908826828,0.06042602024972439,0.5602824807167053,8464,-0.12420954555273056,-0.16417910158634186,0.22737322747707367,-0.3817421108484268,0.282099962234497,8464,-0.0407462902367115,-0.15206076204776764,0.34078752994537354,-0.41921939253807067,0.5836305201053619
4,Day 4,8,Tray 8,DJI_20260622122838_0008,70,7,10,8464,0.24472002685070038,0.18597453832626343,0.19802968204021454,0.028756060637533686,0.5282121300697327,8464,-0.10156989842653275,-0.1741984486579895,0.23014412820339203,-0.3511497527360916,0.2308128848671912,8464,0.008150680921971798,-0.14593495428562164,0.35071977972984314,-0.35898816883563994,0.5430357575416564
9,Day 9,1,Tray 1,DJI_20260627101229_0001,1,1,1,8464,0.25266286730766296,0.176751971244812,0.22227679193019867,0.11125123202800752,0.6006644308567047,8464,-0.06861893087625504,-0.09800241142511368,0.2088998258113861,-0.2518131911754608,0.21173151284456243,8464,0.082046277821064,-0.09098175168037415,0.3645423650741577,-0.20052769780158997,0.7398858070373535
9,Day 9,1,Tray 1,DJI_20260627101229_0001,2,1,2,8464,0.28247663378715515,0.20149068534374237,0.20823153853416443,0.11843846291303635,0.6062417447566986,8464,-0.06605130434036255,-0.09800241142511368,0.18144848942756653,-0.19036155492067336,0.1789069548249244,8464,0.09409303963184357,-0.0738167017698288,0.3288578987121582,-0.15710653364658356,0.6373113453388214
9,Day 9,1,Tray 1,DJI_20260627101229_0001,3,1,3,8464,0.27998003363609314,0.1928502470254898,0.18704085052013397,0.13033163994550706,0.5648283243179322,8464,-0.04428061842918396,-0.09433458000421524,0.18411649763584137,-0.18898287266492841,0.20251471251249303,8464,0.12640932202339172,-0.07777339220046997,0.33087027072906494,-0.1560434103012085,0.6697834372520446
9,Day 9,1,Tray 1,DJI_20260627101229_0001,4,1,4,8464,0.3022002875804901,0.23358485102653503,0.23871098458766937,0.09139785170555115,0.635765552520752,8464,-0.05198105424642563,-0.09156337380409241,0.24597220122814178,-0.38860630989074707,0.2709677517414093,8464,0.07074351608753204,-0.08419380336999893,0.3835388422012329,-0.4462299048900604,0.636682802438736
9,Day 9,1,Tray 1,DJI_20260627101229_0001,5,1,5,8464,0.24928073585033417,0.1888088881969452,0.20712321996688843,0.04372243247926243,0.5631045579910278,8464,-0.09461915493011475,-0.11458900570869446,0.21182501316070557,-0.34375086426734924,0.186035570502281,8464,0.027434127405285835,-0.10757996141910553,0.3602600693702698,-0.35589293837547303,0.6578371763229369
9,Day 9,1,Tray 1,DJI_20260627101229_0001,6,1,6,8464,0.23402346670627594,0.18570798635482788,0.22708414494991302,-0.029248968139290805,0.5682463109493255,8464,-0.12573941051959991,-0.1409863531589508,0.23036319017410278,-0.4275007426738739,0.21056891381740567,8464,-0.025285720825195312,-0.13529248535633087,0.3598368763923645,-0.41818180680274963,0.5816129505634308
9,Day 9,1,Tray 1,DJI_20260627101229_0001,7,1,7,8464,0.2473992556333542,0.1904105842113495,0.20913304388523102,0.02719483133405448,0.5640160620212554,8464,-0.1442195624113083,-0.15890759229660034,0.20217634737491608,-0.40352681279182434,0.1339055433869362,8464,-0.06545448303222656,-0.1536312848329544,0.30463388562202454,-0.4172002077102661,0.45392153859138484
9,Day 9,1,Tray 1,DJI_20260627101229_0001,8,1,8,8464,0.26062679290771484,0.17782658338546753,0.2038276642560959,0.07654321193695068,0.5670907378196716,8464,-0.14595814049243927,-0.18062563240528107,0.19060388207435608,-0.3687216341495514,0.14157267659902573,8464,-0.08293362706899643,-0.1825007200241089,0.3189838230609894,-0.4236298948526382,0.5174690186977386
9,Day 9,1,Tray 1,DJI_20260627101229_0001,9,1,9,8464,0.2169853299856186,0.17149406671524048,0.19132980704307556,0.024121207371354154,0.5256564080715179,8464,-0.18237388134002686,-0.18987330794334412,0.19137302041053772,-0.4413075864315033,0.1027851477265358,8464,-0.16041076183319092,-0.1940516084432602,0.2771901488304138,-0.466882312297821,0.3269428879022597
9,Day 9,1,Tray 1,DJI_20260627101229_0001,10,1,10,8464,0.20703166723251343,0.17919433116912842,0.12662968039512634,0.11567002311348915,0.38635296821594234,8464,-0.19815029203891754,-0.20529800653457642,0.11381122469902039,-0.3196204394102096,-0.09756362736225128,8464,-0.12807819247245789,-0.20017585158348083,0.24766172468662262,-0.3255848258733749,0.26595014333724976
9,Day 9,1,Tray 1,DJI_20260627101229_0001,11,2,1,8464,0.25459712743759155,0.179925799369812,0.254738986492157,0.05531204491853714,0.6188277244567871,8464,-0.050375744700431824,-0.09214562177658081,0.23761455714702606,-0.3881940364837646,0.2889246195554733,8464,0.16411641240119934,-0.08376339823007584,0.4272835850715637,-0.3966575860977173,0.7585741281509399
9,Day 9,1,Tray 1,DJI_20260627101229_0001,12,2,2,8464,0.30296093225479126,0.20084048807621002,0.25130265951156616,0.0902976974844933,0.63261479139328,8464,-0.03213518112897873,-0.09287429600954056,0.22636640071868896,-0.2727216124534605,0.29149946570396423,8464,0.23110519349575043,0.2996223568916321,0.3848421573638916,-0.20370370149612427,0.700018972158432
9,Day 9,1,Tray 1,DJI_20260627101229_0001,13,2,3,8464,0.31075814366340637,0.2213839888572693,0.21136866509914398,0.11565619707107544,0.6472584664821625,8464,-0.023705005645751953,-0.08476821333169937,0.2077876776456833,-0.21820615231990814,0.3034484714269638,8464,0.2096167355775833,0.1067461296916008,0.3629301190376282,-0.15967695713043212,0.7445794343948364
9,Day 9,1,Tray 1,DJI_20260627101229_0001,14,2,4,8464,0.33528533577919006,0.273542195558548,0.21907459199428558,0.12455213218927384,0.653194373846054,8464,-0.027357257902622223,-0.09426148235797882,0.2514890432357788,-0.31638121902942656,0.36827847957611076,8464,0.18778525292873383,0.15785658359527588,0.3761083483695984,-0.2703041225671768,0.7118081152439117
9,Day 9,1,Tray 1,DJI_20260627101229_0001,15,2,5,8464,0.33015191555023193,0.3260713815689087,0.2396364063024521,0.11281347125768662,0.62471022605896,8464,-0.053170058876276016,-0.09562599658966064,0.24164360761642456,-0.28110461831092837,0.2841781973838806,8464,0.17062868177890778,0.2463361620903015,0.41351744532585144,-0.4017498970031737,0.6552965700626373
9,Day 9,1,Tray 1,DJI_20260627101229_0001,16,2,6,8464,0.29636991024017334,0.2677866220474243,0.2742592394351959,-0.0712944813072681,0.6191424906253815,8464,-0.0844070240855217,-0.1008804440498352,0.2809450924396515,-0.5417352557182312,0.26882607340812675,8464,0.07854834944009781,-0.06329481303691864,0.4572485089302063,-0.5878247618675232,0.6907980918884277
9,Day 9,1,Tray 1,DJI_20260627101229_0001,17,2,7,8464,0.2422436624765396,0.20605935156345367,0.24694044888019562,-0.11478941962122916,0.5711236655712127,8464,-0.15318343043327332,-0.16145971417427063,0.22519098222255707,-0.4538822889328003,0.16186441481113423,8464,-0.035691507160663605,-0.157188281416893,0.3850148916244507,-0.4968199789524078,0.5632049024105071
9,Day 9,1,Tray 1,DJI_20260627101229_0001,18,2,8,8464,0.23285570740699768,0.1762140691280365,0.20285296440124512,6.656312471024343e-05,0.5346895098686217,8464,-0.18053902685642242,-0.17994526028633118,0.1764257550239563,-0.41135070025920867,0.04190548770129675,8464,-0.08004610240459442,-0.17453032732009888,0.3121803104877472,-0.42204781770706173,0.4603906124830245
9,Day 9,1,Tray 1,DJI_20260627101229_0001,19,2,9,8464,0.21462206542491913,0.1684408336877823,0.18152374029159546,0.017101170681417047,0.5,8464,-0.1947306990623474,-0.18712857365608215,0.15277595818042755,-0.42342231571674344,0.0024094202090054473,8464,-0.11718221008777618,-0.18644067645072937,0.2906702756881714,-0.4523079305887222,0.4096475183963775
9,Day 9,1,Tray 1,DJI_20260627101229_0001,20,2,10,8464,0.18912529945373535,0.1731448769569397,0.15832899510860443,0.03888394311070442,0.4073560625314712,8464,-0.20828589797019958,-0.20618556439876556,0.1975206881761551,-0.46499457657337184,-0.017593572475016164,8464,-0.1499725878238678,-0.2077864557504654,0.32795390486717224,-0.4662015467882156,0.5319313049316405
9,Day 9,1,Tray 1,DJI_20260627101229_0001,21,3,1,8464,0.29220277070999146,0.22438514232635498,0.2841181755065918,-0.10001120269298552,0.6456970989704132,8464,-0.09208153933286667,-0.09977172315120697,0.2349119633436203,-0.46590298414230347,0.24296532720327377,8464,0.1658117175102234,0.19614461064338684,0.414226233959198,-0.4836956560611725,0.6755608320236206
9,Day 9,1,Tray 1,DJI_20260627101229_0001,22,3,2,8464,0.29908737540245056,0.18218201398849487,0.2708347737789154,0.06336283758282661,0.6699976265430451,8464,0.0016880892217159271,-0.08175934851169586,0.2698567807674408,-0.28646096885204314,0.41444772183895107,8464,0.23947735130786896,0.28235048055648804,0.42573004961013794,-0.2335080713033676,0.7663484573364258
9,Day 9,1,Tray 1,DJI_20260627101229_0001,23,3,3,8464,0.41027897596359253,0.466442734003067,0.23118330538272858,0.12041249871253967,0.6831361651420593,8464,0.025807244703173637,-0.011538461782038212,0.23903082311153412,-0.20456058382987974,0.36729160845279685,8464,0.32345297932624817,0.4488723874092102,0.35431209206581116,-0.14942529052495956,0.713389766216278
9,Day 9,1,Tray 1,DJI_20260627101229_0001,24,3,4,8464,0.3808504343032837,0.4079045355319977,0.22335244715213776,0.12914267480373384,0.6634927093982697,8464,0.009874179027974606,-0.06137571856379509,0.24357375502586365,-0.24903947114944458,0.3903537094593048,8464,0.3156510889530182,0.40189993381500244,0.3462388813495636,-0.1438547521829605,0.7244924306869507
9,Day 9,1,Tray 1,DJI_20260627101229_0001,25,3,5,8464,0.3344496488571167,0.3783281445503235,0.28846314549446106,-0.04472943693399427,0.6543862044811248,8464,-0.0050935205072164536,-0.025416318327188492,0.322759211063385,-0.5424691736698151,0.4298793077468872,8464,0.20985162258148193,0.4114564061164856,0.5059727430343628,-0.6484964668750763,0.7471319437026978
9,Day 9,1,Tray 1,DJI_20260627101229_0001,26,3,6,8464,0.3121752142906189,0.33536297082901,0.29647400975227356,-0.12681308537721633,0.6549780309200287,8464,-0.06554827839136124,-0.08405029773712158,0.32102271914482117,-0.5079207837581634,0.35887786448001857,8464,0.08394953608512878,0.08018556237220764,0.48929253220558167,-0.556277072429657,0.7034884333610535
9,Day 9,1,Tray 1,DJI_20260627101229_0001,27,3,7,8464,0.2911241054534912,0.3255276679992676,0.25731194019317627,-0.10701989755034444,0.6048048138618469,8464,-0.1356501430273056,-0.16401363909244537,0.25184112787246704,-0.4677082389593124,0.23203239738941184,8464,-0.017493069171905518,-0.15838822722434998,0.3929213583469391,-0.4840975910425186,0.5400696992874146
9,Day 9,1,Tray 1,DJI_20260627101229_0001,28,3,8,8464,0.30893704295158386,0.3333333432674408,0.24912051856517792,0.012357884086668491,0.5966649055480957,8464,-0.1336573213338852,-0.1686643809080124,0.25153905153274536,-0.4671372056007385,0.21413141041994094,8464,-0.002217304427176714,-0.16733181476593018,0.40914568305015564,-0.4844217270612716,0.5620201110839843
9,Day 9,1,Tray 1,DJI_20260627101229_0001,29,3,9,8464,0.25358471274375916,0.1953834891319275,0.2515573799610138,-0.0487039819359779,0.5918189883232117,8464,-0.15857963263988495,-0.18403932452201843,0.2793947458267212,-0.5328638553619385,0.24716876894235607,8464,-0.07196280360221863,-0.18850675225257874,0.42311644554138184,-0.6108905971050262,0.577464759349823
9,Day 9,1,Tray 1,DJI_20260627101229_0001,30,3,10,8464,0.28575819730758667,0.21240469813346863,0.18704946339130402,0.11201675683259965,0.5745170176029205,8464,-0.14128606021404266,-0.2068965584039688,0.2390722930431366,-0.39990888237953187,0.27441982924938196,8464,0.048482105135917664,-0.1450519561767578,0.4170423448085785,-0.4246070683002472,0.6666271686553955
9,Day 9,1,Tray 1,DJI_20260627101229_0001,31,4,1,8464,0.28357958793640137,0.21205249428749084,0.2823963761329651,-0.07116600573062896,0.6817375481128691,8464,-0.03489086776971817,-0.08960288017988205,0.28316614031791687,-0.42583566904067993,0.40574439764022807,8464,0.1909518539905548,0.28640443086624146,0.4522867202758789,-0.45496535301208496,0.7387116193771363
9,Day 9,1,Tray 1,DJI_20260627101229_0001,32,4,2,8464,0.32613405585289,0.28247708082199097,0.28308674693107605,0.02139448933303356,0.7006723701953887,8464,0.007530669216066599,-0.07487308979034424,0.2820121645927429,-0.37737874090671536,0.4316473603248596,8464,0.25251585245132446,0.3816455006599426,0.4249544143676758,-0.4076519846916198,0.7538377702236175
9,Day 9,1,Tray 1,DJI_20260627101229_0001,33,4,3,8464,0.3775458335876465,0.38455861806869507,0.23223663866519928,0.11179228127002716,0.6979482352733611,8464,0.04644298553466797,-0.05205214023590088,0.24423401057720184,-0.17577813267707823,0.44540936052799224,8464,0.2972715497016907,0.38275694847106934,0.37547987699508667,-0.16137266159057617,0.7594419121742249
9,Day 9,1,Tray 1,DJI_20260627101229_0001,34,4,4,8464,0.4337604343891144,0.48996415734291077,0.23864272236824036,0.12789586931467056,0.7181735634803772,8464,0.0994408130645752,0.08211948722600937,0.27362313866615295,-0.15795654058456418,0.48097803890705104,8464,0.28455445170402527,0.43455255031585693,0.40271055698394775,-0.31259649991989136,0.734542441368103
9,Day 9,1,Tray 1,DJI_20260627101229_0001,35,4,5,8464,0.3666892647743225,0.4462178945541382,0.30103737115859985,0.01724571976810705,0.7003098428249359,8464,0.048997458070516586,0.03346322476863861,0.3451363742351532,-0.4866932183504104,0.5054944276809692,8464,0.17975549399852753,0.3711150586605072,0.504239022731781,-0.5725155293941497,0.7714167475700379
9,Day 9,1,Tray 1,DJI_20260627101229_0001,36,4,6,8464,0.387754887342453,0.46402081847190857,0.26252618432044983,0.023288802988827243,0.6433493375778199,8464,-0.02958359755575657,-0.00283286115154624,0.28719836473464966,-0.48794740438461304,0.3325898796319961,8464,0.15028245747089386,0.3442469835281372,0.46541911363601685,-0.5511363744735718,0.6501574516296387
9,Day 9,1,Tray 1,DJI_20260627101229_0001,37,4,7,8464,0.37937337160110474,0.4767932593822479,0.2728103697299957,0.04956368580460551,0.631039559841156,8464,-0.027500692754983902,0.02422563172876835,0.308949738740921,-0.49956059753894805,0.33325298428535455,8464,0.05659245699644089,0.034930355846881866,0.4321296513080597,-0.5487897396087646,0.5776922404766083
9,Day 9,1,Tray 1,DJI_20260627101229_0001,38,4,8,8464,0.30671653151512146,0.2976440191268921,0.22898903489112854,0.03980344161391258,0.5995488166809082,8464,-0.12871204316616058,-0.17016716301441193,0.23217006027698517,-0.4320148527622223,0.22415050268173214,8464,-0.07287953794002533,-0.17943547666072845,0.34603846073150635,-0.4759454131126404,0.4772764325141906
9,Day 9,1,Tray 1,DJI_20260627101229_0001,39,4,9,8464,0.3160470426082611,0.26754480600357056,0.22700940072536469,0.12170668914914132,0.6068530082702637,8464,-0.08322282135486603,-0.15723109245300293,0.25926199555397034,-0.40816879868507383,0.28409879505634306,8464,0.009961973875761032,-0.15465952455997467,0.4190886914730072,-0.5357210040092468,0.6122441947460174
9,Day 9,1,Tray 1,DJI_20260627101229_0001,40,4,10,8464,0.25621286034584045,0.1927119791507721,0.17074215412139893,0.1090360626578331,0.5228423953056335,8464,-0.15693998336791992,-0.1954459249973297,0.18783901631832123,-0.35676494240760803,0.08275040090084074,8464,-0.04825655370950699,-0.19237273931503296,0.35596951842308044,-0.41285401582717896,0.6145922541618347
9,Day 9,1,Tray 1,DJI_20260627101229_0001,41,5,1,8464,0.27859559655189514,0.1760486662387848,0.271014928817749,0.0028569881105795663,0.6948213577270508,8464,-0.034742750227451324,-0.1034761518239975,0.2697964906692505,-0.37300923466682434,0.38845073580741873,8464,0.062286440283060074,-0.09528586268424988,0.40529292821884155,-0.4314928501844406,0.7223534345626831
9,Day 9,1,Tray 1,DJI_20260627101229_0001,42,5,2,8464,0.30576783418655396,0.27170127630233765,0.267596960067749,0.06618676334619522,0.6673804759979248,8464,-0.019653327763080597,-0.09073275327682495,0.2627944052219391,-0.26307033300399774,0.36503416001796724,8464,0.11720889061689377,-0.04451403394341469,0.390956312417984,-0.2989690601825714,0.6930665969848633
9,Day 9,1,Tray 1,DJI_20260627101229_0001,43,5,3,8464,0.3644355833530426,0.3127542734146118,0.2494998276233673,0.09734604358673096,0.7193162739276885,8464,0.08683359622955322,-0.024018079042434692,0.25956591963768005,-0.15563708543777466,0.49601963758468626,8464,0.22609876096248627,0.256586492061615,0.3780764937400818,-0.16849765181541443,0.7471900820732117
9,Day 9,1,Tray 1,DJI_20260627101229_0001,44,5,4,8464,0.3945617079734802,0.3997398912906647,0.23226335644721985,0.12254071757197381,0.7240656614303589,8464,0.09266941249370575,0.019704695791006088,0.2367725968360901,-0.1302787810564041,0.4749392867088318,8464,0.18476921319961548,0.10542614758014679,0.3948366045951843,-0.2461766079068184,0.7488710701465606
9,Day 9,1,Tray 1,DJI_20260627101229_0001,45,5,5,8464,0.4200825095176697,0.46202635765075684,0.21786272525787354,0.15294669419527054,0.6772247552871704,8464,0.057077765464782715,0.05225058272480965,0.2673362195491791,-0.24650204032659528,0.3888492614030838,8464,0.1268543303012848,-0.021381467580795288,0.42043259739875793,-0.4057450592517853,0.6733384191989898
9,Day 9,1,Tray 1,DJI_20260627101229_0001,46,5,6,8464,0.39108800888061523,0.40261125564575195,0.22746534645557404,0.1513290673494339,0.6715167641639709,8464,-0.00027302815578877926,-0.07184115797281265,0.28367379307746887,-0.2935802698135376,0.4219892024993896,8464,0.05540918931365013,-0.04560311138629913,0.4124896824359894,-0.6150660514831543,0.5818121433258056
9,Day 9,1,Tray 1,DJI_20260627101229_0001,47,5,7,8464,0.37894031405448914,0.45157235860824585,0.25018200278282166,0.10639172494411468,0.6501907289028168,8464,-0.010875942185521126,0.0058265808038413525,0.28709298372268677,-0.41609530448913573,0.34849677979946136,8464,0.022343851625919342,-0.13313521444797516,0.4273660480976105,-0.5884406566619873,0.5703858137130737
9,Day 9,1,Tray 1,DJI_20260627101229_0001,48,5,8,8464,0.3199242353439331,0.29395791888237,0.20621730387210846,0.10292594879865646,0.5836065411567688,8464,-0.09993278980255127,-0.1694364845752716,0.23011046648025513,-0.3824542760848999,0.22566611766815184,8464,-0.08944905549287796,-0.19144602119922638,0.3405904769897461,-0.4861186742782593,0.46995123922824855
9,Day 9,1,Tray 1,DJI_20260627101229_0001,49,5,9,8464,0.2874881327152252,0.21001094579696655,0.20933425426483154,0.10846549198031426,0.5876511573791504,8464,-0.10777672380208969,-0.17841726541519165,0.25323501229286194,-0.3093099236488342,0.26849868893623335,8464,-0.07448418438434601,-0.19109947979450226,0.37769511342048645,-0.5141111135482788,0.5590622901916504
9,Day 9,1,Tray 1,DJI_20260627101229_0001,50,5,10,8464,0.2265317589044571,0.17268897593021393,0.14693859219551086,0.11749686896800995,0.46527812480926495,8464,-0.14988161623477936,-0.20509512722492218,0.2065395563840866,-0.30684536695480347,0.18383164405822752,8464,-0.13912400603294373,-0.21675828099250793,0.3467932343482971,-0.471069523692131,0.5926902830600735
9,Day 9,1,Tray 1,DJI_20260627101229_0001,51,6,1,8464,0.22918939590454102,0.15486057102680206,0.27097535133361816,0.056298662722110766,0.7027264833450317,8464,-0.03933126479387283,-0.10825439542531967,0.29181376099586487,-0.289286407828331,0.46125841438770293,8464,0.04157962650060654,-0.10436893254518509,0.4151405990123749,-0.5306695044040679,0.7236218452453613
9,Day 9,1,Tray 1,DJI_20260627101229_0001,52,6,2,8464,0.26408129930496216,0.17136886715888977,0.22199735045433044,0.10242175683379173,0.6893773078918457,8464,-0.02720707841217518,-0.11246943473815918,0.238425150513649,-0.1952191263437271,0.4156872034072876,8464,0.08765943348407745,-0.1034761518239975,0.34062349796295166,-0.16861436218023299,0.6895921289920807
9,Day 9,1,Tray 1,DJI_20260627101229_0001,53,6,3,8464,0.2929297089576721,0.20088374614715576,0.21608895063400269,0.11797014325857164,0.6521739363670349,8464,-0.02996671572327614,-0.11262056976556778,0.22859282791614532,-0.19109947979450226,0.3323235303163527,8464,0.03697657212615013,-0.10930515825748444,0.31419920921325684,-0.20052769780158997,0.5938070714473724
9,Day 9,1,Tray 1,DJI_20260627101229_0001,54,6,4,8464,0.3147426247596741,0.1984962373971939,0.22451165318489075,0.12744387984275818,0.688781315088272,8464,0.00794881209731102,-0.10690633952617645,0.24563118815422058,-0.17935054302215572,0.43866553008556364,8464,0.0884181335568428,-0.09711989015340805,0.34534335136413574,-0.20760837197303772,0.6729956567287445
9,Day 9,1,Tray 1,DJI_20260627101229_0001,55,6,5,8464,0.3335614502429962,0.2810150980949402,0.21946053206920624,0.11993207037448883,0.6623496115207672,8464,-0.04506687819957733,-0.11824139952659607,0.2599708139896393,-0.30570896863937375,0.3815397948026657,8464,-0.013563010841608047,-0.12376509606838226,0.3543631434440613,-0.38093070685863495,0.6511507093906402
9,Day 9,1,Tray 1,DJI_20260627101229_0001,56,6,6,8464,0.2846415042877197,0.21643862128257751,0.23432733118534088,0.06936170831322672,0.6616657972335815,8464,-0.032872527837753296,-0.12942150235176086,0.28903791308403015,-0.29623475074768063,0.44179151654243465,8464,-0.047698602080345154,-0.1424187421798706,0.40034911036491394,-0.5324738621711731,0.646527624130249
9,Day 9,1,Tray 1,DJI_20260627101229_0001,57,6,7,8464,0.32508915662765503,0.27054286003112793,0.21929368376731873,0.11030449718236923,0.6279733777046204,8464,-0.12367580085992813,-0.1618669331073761,0.18385863304138184,-0.318430495262146,0.14498645365238189,8464,-0.11199866980314255,-0.16671575605869293,0.22770266234874725,-0.3514725476503372,0.22452229261398315
9,Day 9,1,Tray 1,DJI_20260627101229_0001,58,6,8,8464,0.27986904978752136,0.18375033140182495,0.21608717739582062,0.08717948943376541,0.6028246223926544,8464,-0.11751735210418701,-0.19116412103176117,0.23710229992866516,-0.3608494073152542,0.2654522031545638,8464,-0.11184470355510712,-0.2012111246585846,0.3342461585998535,-0.47461289167404175,0.49356584250926966
9,Day 9,1,Tray 1,DJI_20260627101229_0001,59,6,9,8464,0.22668537497520447,0.16594547033309937,0.18516835570335388,0.08318086862564088,0.5423424780368805,8464,-0.15286709368228912,-0.19824433326721191,0.2219492793083191,-0.37626110911369326,0.2347899541258808,8464,-0.17411959171295166,-0.20441175997257233,0.2888809144496918,-0.5374507308006287,0.3084537833929061
9,Day 9,1,Tray 1,DJI_20260627101229_0001,60,6,10,8464,0.18922555446624756,0.1737966537475586,0.18517696857452393,-0.0258166266605257,0.41965993642807004,8464,-0.16927853226661682,-0.15808823704719543,0.20172543823719025,-0.4490445852279663,0.05593247339129441,8464,-0.18294252455234528,-0.18833616375923157,0.2769831120967865,-0.48769347071647645,0.043445772305130845
9,Day 9,1,Tray 1,DJI_20260627101229_0001,61,7,1,8464,0.20156587660312653,0.15908265113830566,0.19022326171398163,0.07038351669907571,0.4406528383493423,8464,-0.09334079921245575,-0.12817686796188354,0.21733085811138153,-0.2617470324039459,0.1437926143407821,8464,-0.038953427225351334,-0.12538647651672363,0.3027186393737793,-0.28809136152267456,0.5293595254421234
9,Day 9,1,Tray 1,DJI_20260627101229_0001,62,7,2,8464,0.2334429770708084,0.16233029961585999,0.20218193531036377,0.09406183660030365,0.5604751706123352,8464,-0.07675334811210632,-0.1267024278640747,0.22543494403362274,-0.261883133649826,0.29688080847263315,8464,0.0031228291336447,-0.11519607901573181,0.28288841247558594,-0.18172270506620405,0.5258221209049224
9,Day 9,1,Tray 1,DJI_20260627101229_0001,63,7,3,8464,0.31191882491111755,0.19475418329238892,0.22941972315311432,0.12686385214328766,0.6569261729717255,8464,-0.020172499120235443,-0.12345679104328156,0.2324691265821457,-0.19290377050638197,0.3414023518562317,8464,0.11165136098861694,-0.11327727138996124,0.3874293565750122,-0.2459504649043083,0.6951104938983917
9,Day 9,1,Tray 1,DJI_20260627101229_0001,64,7,4,8464,0.24411389231681824,0.18313559889793396,0.19072291254997253,0.1179664932191372,0.5303643941879272,8464,-0.07615542411804199,-0.13168439269065857,0.22233952581882477,-0.2598951607942581,0.2628043591976166,8464,-0.02814432419836521,-0.1296364963054657,0.3114897608757019,-0.2545955777168274,0.5831106305122375
9,Day 9,1,Tray 1,DJI_20260627101229_0001,65,7,5,8464,0.24333344399929047,0.20136778056621552,0.22753505408763885,-0.025805846601724622,0.5628905832767487,8464,-0.105143703520298,-0.13356401026248932,0.2509223222732544,-0.4368421137332916,0.26104160547256455,8464,-0.03089745342731476,-0.13513512909412384,0.3699796795845032,-0.4766601353883743,0.5806638181209564
9,Day 9,1,Tray 1,DJI_20260627101229_0001,66,7,6,8464,0.260290265083313,0.20584748685359955,0.21215324103832245,0.020863247476518163,0.5882205307483673,8464,-0.14575158059597015,-0.1603853851556778,0.21701136231422424,-0.4146508455276489,0.13972913473844525,8464,-0.09600581973791122,-0.16616830229759216,0.30119526386260986,-0.42926608622074125,0.30818578600883484
9,Day 9,1,Tray 1,DJI_20260627101229_0001,67,7,7,8464,0.23432283103466034,0.17370598018169403,0.2657023072242737,-0.09894913882017134,0.6360511839389801,8464,-0.11422106623649597,-0.18369705975055695,0.30180802941322327,-0.513015353679657,0.36491704285144805,8464,-0.09266544133424759,-0.18712857365608215,0.3840494155883789,-0.5799368739128112,0.5578403413295745
9,Day 9,1,Tray 1,DJI_20260627101229_0001,68,7,8,8464,0.18328900635242462,0.15988688170909882,0.22300025820732117,-0.10091185569763184,0.4935375303030014,8464,-0.19465236365795135,-0.21983914077281952,0.23586700856685638,-0.46772655844688416,0.09154812395572656,8464,-0.2029019296169281,-0.22279289364814758,0.2392614781856537,-0.4626044988632202,0.07493407875299443
9,Day 9,1,Tray 1,DJI_20260627101229_0001,69,7,9,8464,0.16173993051052094,0.1628270149230957,0.19827154278755188,-0.08090199530124657,0.32372029423713683,8464,-0.23254461586475372,-0.21639685332775116,0.17435689270496368,-0.4719726860523224,-0.1387916684150696,8464,-0.24661217629909515,-0.21965748071670532,0.16749484837055206,-0.47631416022777556,-0.158628885447979
9,Day 9,1,Tray 1,DJI_20260627101229_0001,70,7,10,8464,0.19623619318008423,0.17350779473781586,0.18420502543449402,-0.042988076806068413,0.46010628938674925,8464,-0.197457954287529,-0.19771863520145416,0.17913146317005157,-0.4249496847391129,0.01876876875758171,8464,-0.1892736405134201,-0.20940618216991425,0.22329553961753845,-0.4398512005805969,0.10293898209929458
9,Day 9,3,Tray 3,DJI_20260627101610_0003,1,1,1,8464,0.19463172554969788,0.1520458161830902,0.1880767047405243,0.077162254601717,0.513487058877945,8464,-0.12960033118724823,-0.13607990741729736,0.171713724732399,-0.3109245419502258,0.09362790584564203,8464,0.0357368178665638,-0.12145693600177765,0.36840614676475525,-0.3109245419502258,0.6511038541793823
9,Day 9,3,Tray 3,DJI_20260627101610_0003,2,1,2,8464,0.25335848331451416,0.1732824742794037,0.19497251510620117,0.09606131166219711,0.5835113763809204,8464,-0.10779699683189392,-0.13549426198005676,0.19180406630039215,-0.2979923874139785,0.18288444876670837,8464,0.07299624383449554,-0.10720562189817429,0.3392081558704376,-0.2069590076804161,0.6644465982913971
9,Day 9,3,Tray 3,DJI_20260627101610_0003,3,1,3,8464,0.26869621872901917,0.19543570280075073,0.17801252007484436,0.1110826462507248,0.5523814797401427,8464,-0.08338715881109238,-0.12530303001403809,0.16145429015159607,-0.22194397449493408,0.1616713210940361,8464,0.12644407153129578,-0.03139980137348175,0.3422609567642212,-0.20904465913772582,0.6360061645507813
9,Day 9,3,Tray 3,DJI_20260627101610_0003,4,1,4,8464,0.3244397044181824,0.31632137298583984,0.21545283496379852,0.10868505239486695,0.6092548489570617,8464,-0.06543455272912979,-0.11537186056375504,0.20560522377490997,-0.32247430086135864,0.2167653620243072,8464,0.11920686066150665,0.05517511069774628,0.3798544704914093,-0.3676348716020584,0.6535744667053223
9,Day 9,3,Tray 3,DJI_20260627101610_0003,5,1,5,8464,0.24316169321537018,0.1745607852935791,0.2128424048423767,0.007322535198181875,0.5578519761562347,8464,-0.12899954617023468,-0.14401452243328094,0.20040452480316162,-0.38767910599708555,0.15155865103006355,8464,0.01869942434132099,-0.139398992061615,0.3790103793144226,-0.4011529892683029,0.6132399201393127
9,Day 9,3,Tray 3,DJI_20260627101610_0003,6,1,6,8464,0.22932201623916626,0.16830159723758698,0.23103992640972137,-0.05630334056913852,0.5701270759105682,8464,-0.14607740938663483,-0.1678311675786972,0.20946963131427765,-0.4293563663959503,0.16101083159446716,8464,-0.04577308148145676,-0.16949878633022308,0.3705313503742218,-0.46320547759532926,0.553875207901001
9,Day 9,3,Tray 3,DJI_20260627101610_0003,7,1,7,8464,0.2494884431362152,0.17016316950321198,0.19403411448001862,0.058690487220883394,0.5259553074836731,8464,-0.1520776003599167,-0.16833095252513885,0.16881699860095978,-0.36250275671482085,0.06722873076796526,8464,-0.03343496099114418,-0.164675772190094,0.3160102963447571,-0.3815789520740509,0.4681432783603668
9,Day 9,3,Tray 3,DJI_20260627101610_0003,8,1,8,8464,0.27186107635498047,0.21844176948070526,0.1779184490442276,0.08822891861200333,0.5364741206169128,8464,-0.1554066240787506,-0.18377619981765747,0.17012140154838562,-0.34460678696632385,0.0784471184015274,8464,-0.028520142659544945,-0.17184147238731384,0.32956811785697937,-0.38414737582206726,0.47457672357559205
9,Day 9,3,Tray 3,DJI_20260627101610_0003,9,1,9,8464,0.2080824077129364,0.1551116406917572,0.1718922257423401,0.0765622287988663,0.4857834279537201,8464,-0.19266267120838165,-0.18712857365608215,0.16383403539657593,-0.4148144006729126,0.0029120428720488824,8464,-0.11887463182210922,-0.186956524848938,0.2873646318912506,-0.43274495899677273,0.3497015833854675
9,Day 9,3,Tray 3,DJI_20260627101610_0003,10,1,10,8464,0.18364951014518738,0.1490304172039032,0.14340950548648834,0.09861082285642625,0.4059189707040784,8464,-0.18194149434566498,-0.20299647748470306,0.15336966514587402,-0.34423731863498686,0.026467990130186043,8464,-0.09798011928796768,-0.20299647748470306,0.3320642411708832,-0.4004788100719452,0.5903168380260467
9,Day 9,3,Tray 3,DJI_20260627101610_0003,11,2,1,8464,0.23912884294986725,0.15455269813537598,0.27378448843955994,-0.10386767238378525,0.621062046289444,8464,-0.09212636202573776,-0.12608277797698975,0.25043684244155884,-0.46487164795398705,0.2636761099100112,8464,0.13176557421684265,-0.025924719870090485,0.4379168748855591,-0.486577245593071,0.6924709141254425
9,Day 9,3,Tray 3,DJI_20260627101610_0003,12,2,2,8464,0.25621941685676575,0.17397451400756836,0.22635704278945923,0.0880952961742878,0.5908596515655518,8464,-0.07575615495443344,-0.1301036924123764,0.2182154506444931,-0.24439650774002072,0.24613554775714874,8464,0.1856514811515808,0.16363635659217834,0.38124099373817444,-0.18094124943017958,0.7366880774497986
9,Day 9,3,Tray 3,DJI_20260627101610_0003,13,2,3,8464,0.2960444688796997,0.19694390892982483,0.2243887484073639,0.09618711695075036,0.6221998274326325,8464,-0.05940578132867813,-0.11005692929029465,0.2159712016582489,-0.2934306561946869,0.26606062054634094,8464,0.19022317230701447,0.11702847480773926,0.3713640868663788,-0.19457410275936127,0.7100688219070435
9,Day 9,3,Tray 3,DJI_20260627101610_0003,14,2,4,8464,0.3248613774776459,0.3195357918739319,0.1965346485376358,0.106614750623703,0.5791949689388275,8464,-0.07499422878026962,-0.11153583973646164,0.17328110337257385,-0.27349246144294737,0.16049370765686036,8464,0.20759321749210358,0.31668856739997864,0.36627498269081116,-0.2842833578586578,0.671999192237854
9,Day 9,3,Tray 3,DJI_20260627101610_0003,15,2,5,8464,0.3036048710346222,0.3013431131839752,0.24920772016048431,0.008816705085337162,0.609681099653244,8464,-0.08785994350910187,-0.135933518409729,0.23514853417873383,-0.37786003947257996,0.23494234532117833,8464,0.14383244514465332,0.25957003235816956,0.41536781191825867,-0.42973068058490754,0.632917732000351
9,Day 9,3,Tray 3,DJI_20260627101610_0003,16,2,6,8464,0.29699602723121643,0.34718120098114014,0.23107072710990906,-0.013446070626378034,0.5695135176181793,8464,-0.12911398708820343,-0.14472779631614685,0.20343723893165588,-0.4317072778940201,0.13887227922677992,8464,0.058735113590955734,0.05081553012132645,0.38404855132102966,-0.45256549417972564,0.5393613934516907
9,Day 9,3,Tray 3,DJI_20260627101610_0003,17,2,7,8464,0.24275590479373932,0.1656186729669571,0.23836524784564972,-0.001295001246035099,0.5537370443344116,8464,-0.16056951880455017,-0.16733181476593018,0.2006838470697403,-0.4427427291870117,0.11207027584314344,8464,-0.02457110956311226,-0.16318704187870026,0.3795969486236572,-0.5116279125213623,0.5226432561874389
9,Day 9,3,Tray 3,DJI_20260627101610_0003,18,2,8,8464,0.19848401844501495,0.14970791339874268,0.1946491301059723,-0.02447103876620529,0.49449326395988463,8464,-0.1926202028989792,-0.18421052396297455,0.16041918098926544,-0.4053493022918701,0.018726811744272685,8464,-0.11545621603727341,-0.18113642930984497,0.29209208488464355,-0.44266337156295776,0.3826303273439407
9,Day 9,3,Tray 3,DJI_20260627101610_0003,19,2,9,8464,0.19176191091537476,0.14694896340370178,0.17803826928138733,0.02322873715311291,0.4662068605422974,8464,-0.17927657067775726,-0.18062563240528107,0.1717570424079895,-0.407300853729248,0.011373117193579618,8464,-0.09444616734981537,-0.1809661090373993,0.33353191614151,-0.47426136732101437,0.491108649969101
9,Day 9,3,Tray 3,DJI_20260627101610_0003,20,2,10,8464,0.21127556264400482,0.15365499258041382,0.1638215035200119,0.09116280898451806,0.49371858537197105,8464,-0.17847025394439697,-0.20052769780158997,0.16127672791481018,-0.3586595952510834,0.06433090865612025,8464,-0.03786999732255936,-0.19912151992321014,0.3784672021865845,-0.41671001017093656,0.6209724009037018
9,Day 9,3,Tray 3,DJI_20260627101610_0003,21,3,1,8464,0.24862827360630035,0.1529831439256668,0.32814258337020874,-0.2322113871574401,0.6890254139900207,8464,-0.03278238698840141,-0.09550561755895615,0.3129327893257141,-0.5184663832187653,0.40464103519916533,8464,0.15089134871959686,0.025115318596363068,0.478087842464447,-0.5399657845497131,0.7406059861183166
9,Day 9,3,Tray 3,DJI_20260627101610_0003,22,3,2,8464,0.3229690194129944,0.25601014494895935,0.24374565482139587,0.08866034373641014,0.6803179144859314,8464,-0.005490695126354694,-0.10080645233392715,0.23854996263980865,-0.2126147449016571,0.38686121106147764,8464,0.2560088634490967,0.33135807514190674,0.37618714570999146,-0.1768932342529297,0.7227357804775238
9,Day 9,3,Tray 3,DJI_20260627101610_0003,23,3,3,8464,0.38740870356559753,0.4134693145751953,0.21557344496250153,0.10968338921666146,0.6673112571239471,8464,0.015242621302604675,-0.029432374984025955,0.22554701566696167,-0.2051088139414787,0.3480282217264175,8464,0.2876240909099579,0.3879675269126892,0.35704562067985535,-0.23888424783945084,0.700017386674881
9,Day 9,3,Tray 3,DJI_20260627101610_0003,24,3,4,8464,0.3634127080440521,0.45608532428741455,0.27397727966308594,0.049329667165875446,0.6582508563995361,8464,0.0037765195593237877,0.003976142965257168,0.27826470136642456,-0.40942126214504243,0.35999446511268607,8464,0.19328820705413818,0.3588182032108307,0.4590223729610443,-0.5763025462627411,0.7058538794517517
9,Day 9,3,Tray 3,DJI_20260627101610_0003,25,3,5,8464,0.3338138461112976,0.4202870726585388,0.27914541959762573,-0.10958083719015121,0.6307964503765106,8464,-0.076896071434021,-0.06783866882324219,0.2597476840019226,-0.45903479158878324,0.2485579177737236,8464,0.09812331944704056,0.17925435304641724,0.46499380469322205,-0.5296974182128906,0.6596096932888031
9,Day 9,3,Tray 3,DJI_20260627101610_0003,26,3,6,8464,0.3298952579498291,0.4056740403175354,0.25594910979270935,-0.0612243723124265,0.6029226779937744,8464,-0.0921175628900528,-0.10939982533454895,0.25167059898376465,-0.4518960654735565,0.2481686621904373,8464,0.07872119545936584,0.1503276228904724,0.40448302030563354,-0.46642792224884033,0.6044905185699463
9,Day 9,3,Tray 3,DJI_20260627101610_0003,27,3,7,8464,0.28538066148757935,0.33183538913726807,0.24009689688682556,-0.03703703731298447,0.5673726797103882,8464,-0.13478823006153107,-0.15694306790828705,0.21118411421775818,-0.44124331176280973,0.14027971178293228,8464,0.013785493560135365,-0.12432847917079926,0.39151158928871155,-0.4882791340351105,0.5307844936847687
9,Day 9,3,Tray 3,DJI_20260627101610_0003,28,3,8,8464,0.2515089213848114,0.1731407344341278,0.22865091264247894,-0.01895861141383648,0.5717064142227173,8464,-0.15540404617786407,-0.17520447075366974,0.19386230409145355,-0.4066703259944916,0.13061979264020915,8464,-0.03824011608958244,-0.1720091551542282,0.37136638164520264,-0.4644691973924637,0.5520561635494232
9,Day 9,3,Tray 3,DJI_20260627101610_0003,29,3,9,8464,0.25917699933052063,0.1699000597000122,0.20177142322063446,0.0720020040869713,0.5472006559371948,8464,-0.13216912746429443,-0.174361914396286,0.22117318212985992,-0.4089024066925049,0.21798816323280334,8464,0.026186347007751465,-0.16442738473415375,0.4129868745803833,-0.4559223592281341,0.6739177167415619
9,Day 9,3,Tray 3,DJI_20260627101610_0003,30,3,10,8464,0.26997020840644836,0.17042768001556396,0.23935836553573608,0.06651505455374722,0.5881906390190125,8464,-0.12081879377365112,-0.2031732052564621,0.2723011374473572,-0.4754161983728408,0.26937424838542934,8464,0.051459722220897675,-0.1272384226322174,0.4696681499481201,-0.5758051872253418,0.6274913847446442
9,Day 9,3,Tray 3,DJI_20260627101610_0003,31,4,1,8464,0.2603861689567566,0.148719921708107,0.3201735019683838,-0.145840585231781,0.726124393939972,8464,-0.018613381311297417,-0.11126187443733215,0.3215142786502838,-0.48461012840270995,0.46032490432262413,8464,0.13530880212783813,-0.058172326534986496,0.45062050223350525,-0.5043256402015686,0.7468197345733643
9,Day 9,3,Tray 3,DJI_20260627101610_0003,32,4,2,8464,0.34823474287986755,0.33416837453842163,0.24757947027683258,0.0877863459289074,0.6720549702644347,8464,0.04001908376812935,-0.04352812096476555,0.23549912869930267,-0.17217689752578735,0.3792361617088318,8464,0.22246907651424408,0.28899723291397095,0.37803637981414795,-0.19312967061996458,0.6997110605239868
9,Day 9,3,Tray 3,DJI_20260627101610_0003,33,4,3,8464,0.3767396807670593,0.38844889402389526,0.21332484483718872,0.1051454171538353,0.6700859785079956,8464,0.04241006076335907,-0.02883235178887844,0.20942875742912292,-0.1572729080915451,0.3795082479715347,8464,0.24711516499519348,0.36052215099334717,0.3626737892627716,-0.18798956274986267,0.6870314598083496
9,Day 9,3,Tray 3,DJI_20260627101610_0003,34,4,4,8464,0.3960728049278259,0.4423430263996124,0.21288558840751648,0.125386044383049,0.6565552949905396,8464,0.018538208678364754,-0.016372889280319214,0.21072246134281158,-0.20680292546749116,0.3366491138935089,8464,0.15834534168243408,0.22531574964523315,0.39323458075523376,-0.37155690491199495,0.6766681671142578
9,Day 9,3,Tray 3,DJI_20260627101610_0003,35,4,5,8464,0.3908136188983917,0.44611871242523193,0.22902774810791016,0.0765147902071476,0.6431757211685181,8464,-0.021943097934126854,-0.02174629457294941,0.24348807334899902,-0.3535633295774459,0.3057656854391098,8464,0.06827981024980545,0.14309296011924744,0.3993374705314636,-0.4702978491783142,0.553455239534378
9,Day 9,3,Tray 3,DJI_20260627101610_0003,36,4,6,8464,0.3400633633136749,0.40149012207984924,0.24312326312065125,0.029236044734716426,0.6072351336479187,8464,-0.07295940071344376,-0.09195402264595032,0.23303642868995667,-0.3772256672382355,0.23907653540372842,8464,-0.011201617307960987,-0.16104337573051453,0.37785154581069946,-0.4678650826215744,0.5215917706489563
9,Day 9,3,Tray 3,DJI_20260627101610_0003,37,4,7,8464,0.2839462161064148,0.2943013310432434,0.2068208009004593,0.05806451663374901,0.545414024591446,8464,-0.13505887985229492,-0.16616830229759216,0.17335541546344757,-0.35037097334861755,0.11166529953479766,8464,-0.04353106766939163,-0.17503586411476135,0.3334483206272125,-0.4378511309623718,0.4356005787849426
9,Day 9,3,Tray 3,DJI_20260627101610_0003,38,4,8,8464,0.272625207901001,0.20958903431892395,0.19666749238967896,0.09217439144849777,0.5498565614223481,8464,-0.13045063614845276,-0.16302186250686646,0.18756495416164398,-0.37254902720451355,0.1377830386161804,8464,-0.023442037403583527,-0.16916488111019135,0.3693186640739441,-0.4680988252162933,0.521932578086853
9,Day 9,3,Tray 3,DJI_20260627101610_0003,39,4,9,8464,0.23409388959407806,0.16167661547660828,0.19622717797756195,0.0698180228471756,0.5264295697212219,8464,-0.14456216990947723,-0.17765475809574127,0.20213845372200012,-0.4006308108568191,0.1378826946020124,8464,-0.08960113674402237,-0.19023397564888,0.3657930791378021,-0.4894721806049347,0.5848513424396515
9,Day 9,3,Tray 3,DJI_20260627101610_0003,40,4,10,8464,0.2784157395362854,0.19722047448158264,0.20014390349388123,0.09550102502107621,0.5639318406581879,8464,-0.1063341572880745,-0.16874778270721436,0.22349298000335693,-0.33245128095149995,0.23858115375041955,8464,0.04657050222158432,-0.19075313210487366,0.4324764311313629,-0.43998361825942994,0.6886919140815735
9,Day 9,3,Tray 3,DJI_20260627101610_0003,41,5,1,8464,0.24321748316287994,0.15703263878822327,0.2690313756465912,0.02047443520277739,0.6705921292304993,8464,-0.05568968877196312,-0.1325451135635376,0.30752864480018616,-0.4588636457920074,0.4458901077508926,8464,0.02366696670651436,-0.1276332139968872,0.3710310161113739,-0.3216925680637359,0.6983207523822784
9,Day 9,3,Tray 3,DJI_20260627101610_0003,42,5,2,8464,0.3215020000934601,0.2335282266139984,0.2235758900642395,0.10139044672250748,0.659137386083603,8464,-0.016580410301685333,-0.11337683349847794,0.21874316036701202,-0.19369863271713256,0.3188738226890564,8464,0.09119785577058792,-0.07561665773391724,0.3274754583835602,-0.210643008351326,0.6439549326896667
9,Day 9,3,Tray 3,DJI_20260627101610_0003,43,5,3,8464,0.36020973324775696,0.35579922795295715,0.23168939352035522,0.1013645648956299,0.6791532874107361,8464,0.0260471198707819,-0.06842265278100967,0.24934090673923492,-0.1974909797310829,0.3969495326280594,8464,0.15448032319545746,0.09546144306659698,0.3878488838672638,-0.26701733469963074,0.6961483716964721
9,Day 9,3,Tray 3,DJI_20260627101610_0003,44,5,4,8464,0.3646639585494995,0.3711532652378082,0.23798318207263947,0.10113508477807046,0.6785658776760102,8464,-0.012310563586652279,-0.09757896512746811,0.2546546161174774,-0.27797541618347166,0.34799821972846984,8464,0.03266870602965355,-0.11957872658967972,0.37688174843788147,-0.3700234293937683,0.6272335767745971
9,Day 9,3,Tray 3,DJI_20260627101610_0003,45,5,5,8464,0.33992868661880493,0.3591511845588684,0.2741391956806183,0.01680092141032219,0.7005006015300751,8464,-0.04326297342777252,-0.11857235431671143,0.3076416850090027,-0.4352649301290512,0.4385194420814514,8464,-0.009165788069367409,-0.15661630034446716,0.4117705225944519,-0.4975080043077469,0.6678738713264465
9,Day 9,3,Tray 3,DJI_20260627101610_0003,46,5,6,8464,0.29921215772628784,0.26091641187667847,0.25589674711227417,0.07698524743318558,0.638575381040573,8464,-0.08093132078647614,-0.15581674873828888,0.2704101502895355,-0.34861439466476435,0.34689514636993407,8464,-0.06298111379146576,-0.174361914396286,0.3345208764076233,-0.431242686510086,0.4354464471340179
9,Day 9,3,Tray 3,DJI_20260627101610_0003,47,5,7,8464,0.27404776215553284,0.17083221673965454,0.23371727764606476,0.04171276763081553,0.5903723776340485,8464,-0.11276233941316605,-0.1691104620695114,0.2142748385667801,-0.39181624054908754,0.19003501832485195,8464,-0.11990214139223099,-0.189888134598732,0.3362145721912384,-0.5234375,0.4772265076637267
9,Day 9,3,Tray 3,DJI_20260627101610_0003,48,5,8,8464,0.23420289158821106,0.16222266852855682,0.18217816948890686,0.0718646846711636,0.5208028256893158,8464,-0.14197450876235962,-0.17740081250667572,0.16444158554077148,-0.3083212226629257,0.10143817365169519,8464,-0.09778067469596863,-0.19518424570560455,0.3479224443435669,-0.45496535301208496,0.540090024471283
9,Day 9,3,Tray 3,DJI_20260627101610_0003,49,5,9,8464,0.25563788414001465,0.16156655550003052,0.1880059689283371,0.09792650490999222,0.5625221133232117,8464,-0.11199697852134705,-0.17621715366840363,0.1930845081806183,-0.2886340916156769,0.19631769210100172,8464,-0.038719017058610916,-0.18902438879013062,0.3609969913959503,-0.39570552110671997,0.5767657220363617
9,Day 9,3,Tray 3,DJI_20260627101610_0003,50,5,10,8464,0.2594541013240814,0.16069869697093964,0.19717346131801605,0.10481780245900155,0.5838440179824829,8464,-0.12105170637369156,-0.20618556439876556,0.20985300838947296,-0.27622660994529724,0.2251467019319534,8464,-0.041081298142671585,-0.21441280841827393,0.3715856373310089,-0.36788618564605713,0.6239758729934692
9,Day 9,3,Tray 3,DJI_20260627101610_0003,51,6,1,8464,0.2609149217605591,0.15664556622505188,0.21880292892456055,0.09649252519011497,0.6422183513641357,8464,-0.051960788667201996,-0.14210012555122375,0.22795340418815613,-0.19631901383399963,0.3675869435071945,8464,0.09211479872465134,-0.13018833100795746,0.35506534576416016,-0.1916193813085556,0.6739555716514587
9,Day 9,3,Tray 3,DJI_20260627101610_0003,52,6,2,8464,0.2698875367641449,0.17655977606773376,0.20439903438091278,0.10841121524572372,0.613036036491394,8464,-0.04882415011525154,-0.13781605660915375,0.20676514506340027,-0.19705847948789595,0.30696896016597747,8464,0.02315923571586609,-0.1362375169992447,0.3143914043903351,-0.22999632507562637,0.5729798436164856
9,Day 9,3,Tray 3,DJI_20260627101610_0003,53,6,3,8464,0.31696462631225586,0.23383355140686035,0.2290578931570053,0.10016144290566445,0.6481994390487671,8464,-0.03538845479488373,-0.11679280549287796,0.2070465385913849,-0.24063370525836944,0.2869307160377502,8464,0.016106264665722847,-0.12068965286016464,0.3148263394832611,-0.2974960505962372,0.5307898998260498
9,Day 9,3,Tray 3,DJI_20260627101610_0003,54,6,4,8464,0.28489983081817627,0.21225541830062866,0.23895791172981262,0.0410652041435242,0.6402355313301087,8464,-0.05879677087068558,-0.13750000298023224,0.2434341013431549,-0.33873488306999205,0.32666327357292174,8464,-0.004167133942246437,-0.14345626533031464,0.386760413646698,-0.43759873509407043,0.6175956130027771
9,Day 9,3,Tray 3,DJI_20260627101610_0003,55,6,5,8464,0.26802876591682434,0.1988667994737625,0.22692959010601044,0.03456014394760132,0.6104868650436401,8464,-0.10451942682266235,-0.16168487071990967,0.22564387321472168,-0.33489805459976196,0.24427552670240377,8464,-0.07324674725532532,-0.1765550971031189,0.3225817382335663,-0.4085960566997528,0.48624429106712314
9,Day 9,3,Tray 3,DJI_20260627101610_0003,56,6,6,8464,0.26033103466033936,0.19948899745941162,0.21567659080028534,0.04212860390543938,0.556208461523056,8464,-0.12910741567611694,-0.17368873953819275,0.18732623755931854,-0.3526864796876907,0.13621280938386918,8464,-0.0834318995475769,-0.185238778591156,0.3121053874492645,-0.4436042577028274,0.4412878751754761
9,Day 9,3,Tray 3,DJI_20260627101610_0003,57,6,7,8464,0.23012994229793549,0.14877954125404358,0.21930132806301117,0.050694015622139016,0.5561618804931641,8464,-0.1360502392053604,-0.18712857365608215,0.22602255642414093,-0.3495372831821441,0.1872677221894264,8464,-0.12928232550621033,-0.1931818127632141,0.30696579813957214,-0.47863304316997524,0.4200818181037902
9,Day 9,3,Tray 3,DJI_20260627101610_0003,58,6,8,8464,0.213300883769989,0.14962632954120636,0.1779640018939972,0.07461449131369592,0.49739059805870056,8464,-0.17513516545295715,-0.19474835693836212,0.15045605599880219,-0.31348933577537536,0.010916846524924032,8464,-0.1800777167081833,-0.21059268712997437,0.2195601761341095,-0.40417655706405636,0.1369150429964065
9,Day 9,3,Tray 3,DJI_20260627101610_0003,59,6,9,8464,0.21543870866298676,0.14864009618759155,0.19737036526203156,0.08140136152505875,0.5559769749641418,8464,-0.13615848124027252,-0.2061048299074173,0.2392679899930954,-0.3464188873767853,0.3118433654308319,8464,-0.09210195392370224,-0.2129739373922348,0.3803391456604004,-0.46771510541439054,0.6092407763004303
9,Day 9,3,Tray 3,DJI_20260627101610_0003,60,6,10,8464,0.18297815322875977,0.15037965774536133,0.17266947031021118,0.030003154091537025,0.40702525079250335,8464,-0.16176605224609375,-0.17621715366840363,0.1940741240978241,-0.35014837980270386,0.1276116967201233,8464,-0.09362515062093735,-0.1768932342529297,0.35647088289260864,-0.42434781789779663,0.5937280416488647
9,Day 9,3,Tray 3,DJI_20260627101610_0003,61,7,1,8464,0.26077553629875183,0.15721003711223602,0.2436189353466034,0.08940434753894806,0.6573268830776213,8464,-0.04602900892496109,-0.14497414231300354,0.25491270422935486,-0.21238139420747756,0.3737679868936538,8464,0.10551340132951736,-0.13497783243656158,0.381023645401001,-0.2077864557504654,0.6919551253318786
9,Day 9,3,Tray 3,DJI_20260627101610_0003,62,7,2,8464,0.2646242380142212,0.18061569333076477,0.21920354664325714,0.08396665677428246,0.6109793484210968,8464,-0.07851124554872513,-0.1583339273929596,0.22817079722881317,-0.24072110652923584,0.30564827919006343,8464,0.04836060106754303,-0.14080928266048431,0.34397897124290466,-0.24015748500823975,0.6107446014881134
9,Day 9,3,Tray 3,DJI_20260627101610_0003,63,7,3,8464,0.28817635774612427,0.23635751008987427,0.2261568158864975,0.04759802371263505,0.6175071239471436,8464,-0.07091517001390457,-0.1406990885734558,0.23239947855472565,-0.33841497004032134,0.29762048423290244,8464,0.06546703726053238,-0.018720336258411407,0.37064626812934875,-0.399411004781723,0.5968498110771179
9,Day 9,3,Tray 3,DJI_20260627101610_0003,64,7,4,8464,0.26199406385421753,0.22817760705947876,0.24733509123325348,0.008312418125569824,0.5922891497612,8464,-0.09788926690816879,-0.14657707512378693,0.2484007626771927,-0.4025903284549713,0.2610081613063812,8464,0.011542819440364838,-0.13497674465179443,0.40013647079467773,-0.4922653764486313,0.6398587584495544
9,Day 9,3,Tray 3,DJI_20260627101610_0003,65,7,5,8464,0.2449977993965149,0.17947104573249817,0.2470947802066803,-0.057970162481069565,0.6224705576896667,8464,-0.11712919175624847,-0.174361914396286,0.2616748809814453,-0.438811320066452,0.30343543887138363,8464,-0.03557625785470009,-0.18369705975055695,0.38284972310066223,-0.4550430625677109,0.6203288435935974
9,Day 9,3,Tray 3,DJI_20260627101610_0003,66,7,6,8464,0.24422384798526764,0.16374337673187256,0.24288249015808105,-0.04935596883296964,0.6010752022266387,8464,-0.13568228483200073,-0.19075313210487366,0.2413593828678131,-0.42707788944244385,0.25435677468776696,8464,-0.08466177433729172,-0.19387754797935486,0.3332740068435669,-0.45187023282051086,0.4729534834623336
9,Day 9,3,Tray 3,DJI_20260627101610_0003,67,7,7,8464,0.20235846936702728,0.14319168031215668,0.2171604335308075,-0.0123899267055094,0.5376911759376526,8464,-0.17699120938777924,-0.19982419908046722,0.19364722073078156,-0.40195736289024353,0.11993157565593718,8464,-0.13494837284088135,-0.2068965584039688,0.31075721979141235,-0.47283270359039303,0.4345114231109619
9,Day 9,3,Tray 3,DJI_20260627101610_0003,68,7,8,8464,0.18483009934425354,0.14593152701854706,0.17021267116069794,0.03866653479635716,0.4397756427526474,8464,-0.19993546605110168,-0.21443882584571838,0.1583406776189804,-0.3808576583862305,-0.0019121114513836845,8464,-0.21227926015853882,-0.223300963640213,0.2113608717918396,-0.45695835947990415,0.03187613934278488
9,Day 9,3,Tray 3,DJI_20260627101610_0003,69,7,9,8464,0.16585993766784668,0.14082853496074677,0.17057062685489655,0.022834467142820395,0.41827884316444397,8464,-0.21188992261886597,-0.2194758802652359,0.15651212632656097,-0.40625,-0.01069096159189942,8464,-0.16062277555465698,-0.22641509771347046,0.315939337015152,-0.47932736575603485,0.45381173789501184
9,Day 9,3,Tray 3,DJI_20260627101610_0003,70,7,10,8464,0.18050026893615723,0.16456447541713715,0.19155727326869965,-0.04820484966039657,0.4171109735965728,8464,-0.175898477435112,-0.18197666108608246,0.20729045569896698,-0.4375771075487137,0.07060888409614563,8464,-0.1423884630203247,-0.18798956274986267,0.3075067400932312,-0.4796747863292694,0.29375639557838434
9,Day 9,5,Tray 5,DJI_20260627101808_0005,1,1,1,8464,0.25367891788482666,0.17059502005577087,0.21600711345672607,0.09734589532017708,0.6184580385684966,8464,-0.038500335067510605,-0.09213254600763321,0.2140030413866043,-0.230912609398365,0.323510468006134,8464,0.10131644457578659,-0.08179564028978348,0.35283055901527405,-0.19864425659179685,0.7276797294616699
9,Day 9,5,Tray 5,DJI_20260627101808_0005,2,1,2,8464,0.26222264766693115,0.1807522177696228,0.20543409883975983,0.11127411052584649,0.6045181214809418,8464,-0.016959188506007195,-0.07072819769382477,0.22516967356204987,-0.18366206288337705,0.358825945854187,8464,0.07013307511806488,-0.07268938422203064,0.34566137194633484,-0.23133823424577712,0.7231501340866086
9,Day 9,5,Tray 5,DJI_20260627101808_0005,3,1,3,8464,0.2687263488769531,0.1861385554075241,0.20805542171001434,0.0993961699306965,0.5901931405067443,8464,-0.05709373205900192,-0.09756097197532654,0.2096840888261795,-0.2504008144140243,0.2643601268529891,8464,0.07249503582715988,-0.07579141110181808,0.34358757734298706,-0.28020032942295076,0.6358559250831604
9,Day 9,5,Tray 5,DJI_20260627101808_0005,4,1,4,8464,0.24900664389133453,0.1970641016960144,0.23086436092853546,-0.015187643747776746,0.582921427488327,8464,-0.09004300832748413,-0.11141267418861389,0.25384214520454407,-0.41935642957687375,0.27415300607681276,8464,0.016737211495637894,-0.10429447889328003,0.37975144386291504,-0.4413938820362091,0.6684351563453673
9,Day 9,5,Tray 5,DJI_20260627101808_0005,5,1,5,8464,0.24678273499011993,0.19118732213974,0.23184210062026978,-0.0023186426144093113,0.5511373460292817,8464,-0.11429372429847717,-0.13231024146080017,0.22299446165561676,-0.401437371969223,0.188939867913723,8464,0.013737083412706852,-0.11766532063484192,0.36294159293174744,-0.43294017910957333,0.5452146232128143
9,Day 9,5,Tray 5,DJI_20260627101808_0005,6,1,6,8464,0.22035573422908783,0.16623324155807495,0.22892707586288452,-0.040211545675992943,0.5676716685295105,8464,-0.12788762152194977,-0.1618669331073761,0.24307113885879517,-0.4165523678064346,0.2513093024492264,8464,-0.10264523327350616,-0.16733181476593018,0.317026823759079,-0.42757537961006165,0.433782023191452
9,Day 9,5,Tray 5,DJI_20260627101808_0005,7,1,7,8464,0.18923701345920563,0.149825781583786,0.20810692012310028,-0.03995965309441089,0.484443137049675,8464,-0.16147346794605255,-0.1678311675786972,0.23581665754318237,-0.44317179918289185,0.19642103463411326,8464,-0.14552879333496094,-0.16966581344604492,0.2916831076145172,-0.46638446152210233,0.3000977635383606
9,Day 9,5,Tray 5,DJI_20260627101808_0005,8,1,8,8464,0.20782196521759033,0.159348726272583,0.186935693025589,0.04386479333043099,0.5161584556102753,8464,-0.17921628057956696,-0.19075313210487366,0.1974446028470993,-0.39878843128681185,0.1205611601471901,8464,-0.16821806132793427,-0.19236354529857635,0.25458067655563354,-0.4510985016822815,0.19134833067655563
9,Day 9,5,Tray 5,DJI_20260627101808_0005,9,1,9,8464,0.17223195731639862,0.15640194714069366,0.15989874303340912,0.033867157995700836,0.3647194802761078,8464,-0.19540654122829437,-0.18936973810195923,0.1789037436246872,-0.3840070694684982,-0.06324978619813929,8464,-0.1728052794933319,-0.19300800561904907,0.24466964602470398,-0.4009579122066498,0.04420854933559882
9,Day 9,5,Tray 5,DJI_20260627101808_0005,10,1,10,8464,0.1678638756275177,0.15823684632778168,0.12455730885267258,0.07442655935883523,0.3046276122331619,8464,-0.22433467209339142,-0.21675828099250793,0.16223789751529694,-0.40137154459953306,-0.12311004921793949,8464,-0.1701740175485611,-0.2135131061077118,0.27425968647003174,-0.43700297474861144,0.16859324276447296
9,Day 9,5,Tray 5,DJI_20260627101808_0005,11,2,1,8464,0.2678094506263733,0.18122316896915436,0.19999556243419647,0.09972307905554773,0.582670658826828,8464,-0.053425610065460205,-0.09338495880365372,0.17608274519443512,-0.21778954118490218,0.1923998698592185,8464,0.15441828966140747,-0.07890923321247101,0.3662184774875641,-0.16479172110557555,0.7418759644031525
9,Day 9,5,Tray 5,DJI_20260627101808_0005,12,2,2,8464,0.32409363985061646,0.32374900579452515,0.2066384255886078,0.11967479288578034,0.6025522530078888,8464,-0.12030372023582458,-0.11519607901573181,0.21885697543621063,-0.38487634658813474,0.20219398885965342,8464,0.09533948451280594,-0.013123680837452412,0.3427693843841553,-0.30768001079559326,0.6682919502258301
9,Day 9,5,Tray 5,DJI_20260627101808_0005,13,2,3,8464,0.29398399591445923,0.22330281138420105,0.1934528946876526,0.10846030488610267,0.5900900959968567,8464,-0.10299985855817795,-0.10541233420372009,0.23763249814510345,-0.43585975468158716,0.23069835752248763,8464,0.1152377799153328,0.03349696099758148,0.3425263464450836,-0.2834415793418884,0.6400079190731047
9,Day 9,5,Tray 5,DJI_20260627101808_0005,14,2,4,8464,0.2834653854370117,0.2389853149652481,0.1969413012266159,0.0892121620476246,0.5697262585163116,8464,-0.10852161794900894,-0.11004843562841415,0.25623413920402527,-0.4522071033716202,0.23343367874622342,8464,0.05261536315083504,-0.08014502376317978,0.3770613968372345,-0.37024480700492857,0.7367734372615814
9,Day 9,5,Tray 5,DJI_20260627101808_0005,15,2,5,8464,0.2614503800868988,0.20330464839935303,0.24064362049102783,-0.012050496414303776,0.6024445116519928,8464,-0.12252232432365417,-0.14066852629184723,0.28167352080345154,-0.47576987743377686,0.32359064817428584,8464,-0.018044251948595047,-0.11413413286209106,0.3682401478290558,-0.4359970867633819,0.6095718443393707
9,Day 9,5,Tray 5,DJI_20260627101808_0005,16,2,6,8464,0.2802868187427521,0.23045381903648376,0.24283936619758606,0.014334588404744877,0.6144661128520965,8464,-0.14971670508384705,-0.17469879984855652,0.24160082638263702,-0.4191781491041183,0.2329820930957793,8464,-0.09647999703884125,-0.15539254248142242,0.29383644461631775,-0.4545017480850219,0.33898380398750294
9,Day 9,5,Tray 5,DJI_20260627101808_0005,17,2,7,8464,0.25213170051574707,0.17597569525241852,0.25627681612968445,0.0044875283259898525,0.5771622657775879,8464,-0.13677363097667694,-0.15661630034446716,0.25123241543769836,-0.5008666038513183,0.20550669878721237,8464,-0.013110465370118618,-0.1549851894378662,0.40804335474967957,-0.5728826522827148,0.5749224543571472
9,Day 9,5,Tray 5,DJI_20260627101808_0005,18,2,8,8464,0.22634632885456085,0.16325527429580688,0.1906232386827469,0.024193375371396562,0.5189571142196654,8464,-0.16964273154735565,-0.1796053647994995,0.19234074652194977,-0.4080741435289383,0.07865731418132782,8464,-0.0855565220117569,-0.16833095252513885,0.29728856682777405,-0.4405983090400696,0.3705640017986297
9,Day 9,5,Tray 5,DJI_20260627101808_0005,19,2,9,8464,0.20814844965934753,0.16284805536270142,0.16609826683998108,0.0986198216676712,0.4831119477748871,8464,-0.18551643192768097,-0.18644067645072937,0.19946932792663574,-0.4337535262107849,0.07901498824357986,8464,-0.09383505582809448,-0.18267148733139038,0.3385319113731384,-0.4833089113235473,0.44375763833522797
9,Day 9,5,Tray 5,DJI_20260627101808_0005,20,2,10,8464,0.170336052775383,0.1613188087940216,0.1465223878622055,0.053415510803461075,0.3178931564092636,8464,-0.19346319139003754,-0.20814278721809387,0.2396637350320816,-0.5043109238147735,0.08662964925169916,8464,-0.11751116812229156,-0.2072523534297943,0.3718087077140808,-0.5632331311702728,0.5773878395557404
9,Day 9,5,Tray 5,DJI_20260627101808_0005,21,3,1,8464,0.3022705316543579,0.1811319887638092,0.23296137154102325,0.08335101306438449,0.6317847073078156,8464,-0.029066933318972588,-0.09932886064052582,0.2159029245376587,-0.2450592815876007,0.28478228449821474,8464,0.24441395699977875,0.22723129391670227,0.3853369355201721,-0.1959696263074875,0.7503272652626037
9,Day 9,5,Tray 5,DJI_20260627101808_0005,22,3,2,8464,0.3504708707332611,0.3505805730819702,0.24015571177005768,0.10748530551791191,0.6578913152217865,8464,-0.004644184838980436,-0.08450857549905777,0.25783011317253113,-0.32649033963680263,0.3782405912876129,8464,0.268828809261322,0.39726096391677856,0.40072014927864075,-0.2855209708213806,0.7417218685150146
9,Day 9,5,Tray 5,DJI_20260627101808_0005,23,3,3,8464,0.29912427067756653,0.2424633949995041,0.2552180588245392,0.04386996217072012,0.6352040350437165,8464,-0.0049600182101130486,-0.056365277618169785,0.29839178919792175,-0.39255619049072266,0.40830767154693604,8464,0.15007759630680084,0.03647724539041519,0.44096997380256653,-0.43962031602859497,0.7655236840248107
9,Day 9,5,Tray 5,DJI_20260627101808_0005,24,3,4,8464,0.30358293652534485,0.2701871991157532,0.23551364243030548,0.030373930931091322,0.6085450053215027,8464,-0.12335123121738434,-0.13152804970741272,0.3009391129016876,-0.5230262339115143,0.29803064465522766,8464,0.07232125848531723,-0.053793832659721375,0.4394552409648895,-0.4878618121147156,0.7220717906951905
9,Day 9,5,Tray 5,DJI_20260627101808_0005,25,3,5,8464,0.27829450368881226,0.2750108242034912,0.28487569093704224,-0.1350915178656578,0.6045530676841736,8464,-0.09724466502666473,-0.12794381380081177,0.3061889708042145,-0.4968175798654556,0.3063253521919249,8464,0.07357250154018402,0.03691540285944939,0.4669123589992523,-0.5578338921070098,0.7050932943820952
9,Day 9,5,Tray 5,DJI_20260627101808_0005,26,3,6,8464,0.2885251045227051,0.30537906289100647,0.24073824286460876,-0.023473298549652095,0.5860830068588256,8464,-0.14832402765750885,-0.15829434990882874,0.26640185713768005,-0.5172286033630371,0.23890191018581386,8464,-0.039145179092884064,-0.15337374806404114,0.39028850197792053,-0.5216898798942565,0.5549234926700592
9,Day 9,5,Tray 5,DJI_20260627101808_0005,27,3,7,8464,0.2570364475250244,0.18690574169158936,0.22612334787845612,-0.010921280737966273,0.5577216207981109,8464,-0.15575329959392548,-0.16808101534843445,0.2541256844997406,-0.5044759988784789,0.2187936618924141,8464,-0.05366308242082596,-0.1712549328804016,0.4078335762023926,-0.5420660376548767,0.5628003239631651
9,Day 9,5,Tray 5,DJI_20260627101808_0005,28,3,8,8464,0.1901751160621643,0.15838947892189026,0.21587896347045898,-0.05470083057880396,0.49001261889934533,8464,-0.1891942024230957,-0.1796053647994995,0.22450904548168182,-0.5167232990264893,0.12930912971496575,8464,-0.1424434334039688,-0.18198874592781067,0.3371138870716095,-0.6019187211990357,0.4198139071464538
9,Day 9,5,Tray 5,DJI_20260627101808_0005,29,3,9,8464,0.16799397766590118,0.16065561771392822,0.18999870121479034,-0.04595505744218825,0.4021352231502533,8464,-0.20735947787761688,-0.19562043249607086,0.23789511620998383,-0.5098029553890228,0.06533640697598442,8464,-0.15129362046718597,-0.19509704411029816,0.36069631576538086,-0.6220624089241028,0.47964443266391743
9,Day 9,5,Tray 5,DJI_20260627101808_0005,30,3,10,8464,0.1943715512752533,0.16367846727371216,0.16692471504211426,0.045954802632331856,0.4517646521329879,8464,-0.17098736763000488,-0.2045889049768448,0.22353971004486084,-0.4533800572156905,0.19108382165431975,8464,-0.1095118522644043,-0.21513353288173676,0.38147008419036865,-0.48349642753601074,0.6143237352371216
9,Day 9,5,Tray 5,DJI_20260627101808_0005,31,4,1,8464,0.30902642011642456,0.23064106702804565,0.2681625783443451,0.010119340848177673,0.6825515270233155,8464,-0.009672689251601696,-0.08967535942792892,0.26755377650260925,-0.3489031165838241,0.4037424594163894,8464,0.25720709562301636,0.375201940536499,0.4288424849510193,-0.3435260474681854,0.7503839254379272
9,Day 9,5,Tray 5,DJI_20260627101808_0005,32,4,2,8464,0.39148905873298645,0.4406324028968811,0.2174125611782074,0.12162406742572784,0.6451730549335479,8464,0.03430792689323425,0.009103216230869293,0.22575190663337708,-0.16517286002635956,0.32289918065071105,8464,0.37002965807914734,0.4451950192451477,0.3351265788078308,-0.13666329085826873,0.7410762906074524
9,Day 9,5,Tray 5,DJI_20260627101808_0005,33,4,3,8464,0.40947550535202026,0.44546234607696533,0.21113672852516174,0.12515895068645477,0.6622912049293518,8464,0.044169336557388306,0.008762657642364502,0.2382228821516037,-0.21846488118171692,0.3600778222084045,8464,0.20923252403736115,0.30255821347236633,0.4222089946269989,-0.46605815291404723,0.6871677994728088
9,Day 9,5,Tray 5,DJI_20260627101808_0005,34,4,4,8464,0.3762887716293335,0.43021053075790405,0.22671309113502502,0.047773087397217764,0.62025945186615,8464,-0.027987370267510414,-0.01535962987691164,0.2752586603164673,-0.4248526722192764,0.3192740976810455,8464,0.2039065808057785,0.40841764211654663,0.4549311697483063,-0.4956816405057907,0.7021162509918213
9,Day 9,5,Tray 5,DJI_20260627101808_0005,35,4,5,8464,0.3226044476032257,0.4136037230491638,0.30067622661590576,-0.13920677155256264,0.6300599575042725,8464,-0.059970222413539886,-0.03823769837617874,0.33064594864845276,-0.5041322112083435,0.33859777748584746,8464,0.02668154612183571,-0.0852777510881424,0.4767412841320038,-0.5719769597053528,0.6088652074337005
9,Day 9,5,Tray 5,DJI_20260627101808_0005,36,4,6,8464,0.3217901289463043,0.42499127984046936,0.2950572669506073,-0.10587522834539403,0.6157506346702576,8464,-0.062304187566041946,-0.056989770382642746,0.320828914642334,-0.5647687911987305,0.32806459069252,8464,0.049210768193006516,0.16252762079238892,0.46181297302246094,-0.6340782046318054,0.5589410483837127
9,Day 9,5,Tray 5,DJI_20260627101808_0005,37,4,7,8464,0.2701680064201355,0.20798547565937042,0.2612088620662689,-0.10812666714191436,0.5880879640579224,8464,-0.12712442874908447,-0.16104337573051453,0.25820907950401306,-0.48529232442378994,0.23254328966140747,8464,-0.07289516180753708,-0.16833095252513885,0.39282897114753723,-0.5499379873275757,0.5216611087322235
9,Day 9,5,Tray 5,DJI_20260627101808_0005,38,4,8,8464,0.25462859869003296,0.2119004726409912,0.2391693890094757,-0.058961198851466175,0.5687770187854767,8464,-0.14396369457244873,-0.16567036509513855,0.23539111018180847,-0.48260872066020966,0.1866714462637901,8464,-0.04949553683400154,-0.16883116960525513,0.3858379125595093,-0.5143165349960327,0.5362718760967254
9,Day 9,5,Tray 5,DJI_20260627101808_0005,39,4,9,8464,0.2560897171497345,0.17788738012313843,0.24725864827632904,-0.04720728136599064,0.6121592164039611,8464,-0.10284201800823212,-0.18609702587127686,0.3179936110973358,-0.5030280947685242,0.391835680603981,8464,0.02896568924188614,-0.1822446882724762,0.4999323785305023,-0.5568752765655517,0.701634645462036
9,Day 9,5,Tray 5,DJI_20260627101808_0005,40,4,10,8464,0.21878130733966827,0.17230229079723358,0.16544687747955322,0.06886423751711845,0.4758427768945694,8464,-0.1599104404449463,-0.2035268247127533,0.23709642887115479,-0.4544460505247116,0.21637027710676193,8464,-0.08972551673650742,-0.21046409010887146,0.40809082984924316,-0.5600790619850158,0.6295780777931212
9,Day 9,5,Tray 5,DJI_20260627101808_0005,41,5,1,8464,0.3399345278739929,0.30983802676200867,0.25595468282699585,0.059871236607432377,0.6829505980014801,8464,-0.017228301614522934,-0.09230033308267593,0.3004492521286011,-0.4453876495361328,0.4122079908847809,8464,0.10866868495941162,0.014824079349637032,0.3795355558395386,-0.3548311620950699,0.6869889676570892
9,Day 9,5,Tray 5,DJI_20260627101808_0005,42,5,2,8464,0.4275037348270416,0.48947158455848694,0.20139387249946594,0.12804315984249115,0.6554996967315674,8464,0.0467296727001667,0.029392963275313377,0.2215106189250946,-0.1943998783826828,0.3472134470939636,8464,0.21791906654834747,0.24535834789276123,0.354588121175766,-0.24898968189954757,0.6861717700958252
9,Day 9,5,Tray 5,DJI_20260627101808_0005,43,5,3,8464,0.4634875953197479,0.5204992294311523,0.18630243837833405,0.15473093390464784,0.66771160364151,8464,0.10512205213308334,0.13152259588241577,0.24359454214572906,-0.2028330951929092,0.41110185086727136,8464,0.24868707358837128,0.3908125162124634,0.3966439366340637,-0.36496350169181824,0.6753950953483582
9,Day 9,5,Tray 5,DJI_20260627101808_0005,44,5,4,8464,0.35490402579307556,0.4057406485080719,0.28338268399238586,0.026833696104586188,0.6952305853366851,8464,0.021761247888207436,0.014875789172947407,0.3297230005264282,-0.4610728323459625,0.4723484665155411,8464,0.08704531937837601,0.007399446330964565,0.4910557270050049,-0.5876559615135193,0.7453912138938903
9,Day 9,5,Tray 5,DJI_20260627101808_0005,45,5,5,8464,0.3905373811721802,0.4789029657840729,0.27730792760849,0.01623819656670097,0.6635308921337127,8464,0.023626290261745453,0.06491808593273163,0.30427706241607666,-0.4497959941625595,0.3966164976358414,8464,0.05200794339179993,-0.06508875638246536,0.4720773696899414,-0.6093534827232361,0.6448081493377684
9,Day 9,5,Tray 5,DJI_20260627101808_0005,46,5,6,8464,0.3877696096897125,0.47478681802749634,0.25800618529319763,0.11066620647907259,0.6382726490497589,8464,-0.015937935560941696,0.008823757991194725,0.27503612637519836,-0.40795112848281856,0.33144415020942686,8464,0.06084657087922096,0.06501142680644989,0.42715898156166077,-0.5303768157958985,0.5743822455406189
9,Day 9,5,Tray 5,DJI_20260627101808_0005,47,5,7,8464,0.3403592109680176,0.34235048294067383,0.22128857672214508,0.1077812507748604,0.6304835498332977,8464,-0.11580649018287659,-0.15060409903526306,0.2512029707431793,-0.4394889265298843,0.25042096972465505,8464,-0.040186557918787,-0.14969438314437866,0.33420583605766296,-0.3930940628051758,0.5170407712459564
9,Day 9,5,Tray 5,DJI_20260627101808_0005,48,5,8,8464,0.2915932834148407,0.1938410997390747,0.2256811559200287,0.08371665328741074,0.5976154804229736,8464,-0.11544027924537659,-0.1665004938840866,0.21124981343746185,-0.3589895397424698,0.20084629803895948,8464,-0.052580807358026505,-0.177231565117836,0.38471317291259766,-0.49909395575523374,0.5908956527709961
9,Day 9,5,Tray 5,DJI_20260627101808_0005,49,5,9,8464,0.313211053609848,0.2547052502632141,0.19535058736801147,0.13673236966133118,0.5701540231704711,8464,-0.09454285353422165,-0.15335868299007416,0.24816647171974182,-0.3280363082885742,0.30802149474620816,8464,-0.003369751386344433,-0.16129033267498016,0.42409172654151917,-0.4747987687587738,0.7232112407684326
9,Day 9,5,Tray 5,DJI_20260627101808_0005,50,5,10,8464,0.2650811970233917,0.20686456561088562,0.19553884863853455,0.09744909554719926,0.5476777613162994,8464,-0.12374603748321533,-0.20211361348628998,0.24621477723121643,-0.4062805354595184,0.2810127317905426,8464,-0.00273806881159544,-0.1663733422756195,0.40417400002479553,-0.4548570871353149,0.6584857881069183
9,Day 9,5,Tray 5,DJI_20260627101808_0005,51,6,1,8464,0.3203369677066803,0.22180376946926117,0.26776987314224243,0.10904874429106713,0.6925557851791382,8464,0.036577146500349045,-0.09704641997814178,0.27050918340682983,-0.1888000264763832,0.4293573409318924,8464,0.11813878268003464,-0.0754244327545166,0.38283535838127136,-0.24600763767957684,0.6811488270759583
9,Day 9,5,Tray 5,DJI_20260627101808_0005,52,6,2,8464,0.3343587815761566,0.2399253100156784,0.22139263153076172,0.12230351939797401,0.671843934059143,8464,0.048128049820661545,-0.10422003269195557,0.24032162129878998,-0.15689404606819152,0.41576187014579774,8464,0.0996965765953064,-0.09574292600154877,0.335893452167511,-0.19056787937879563,0.668956196308136
9,Day 9,5,Tray 5,DJI_20260627101808_0005,53,6,3,8464,0.35922741889953613,0.3485669195652008,0.24034053087234497,0.11435092687606814,0.7231913268566131,8464,-0.036224715411663055,-0.11961722373962402,0.3205496668815613,-0.3991881012916565,0.5069620609283447,8464,0.025662686675786972,-0.11931119114160538,0.4172384440898895,-0.44037988781929016,0.7334847927093505
9,Day 9,5,Tray 5,DJI_20260627101808_0005,54,6,4,8464,0.36016538739204407,0.3654835820198059,0.2039194405078888,0.12102667614817622,0.6107450723648071,8464,-0.05576126277446747,-0.11533386260271072,0.2751467823982239,-0.38182770311832426,0.33960869908332825,8464,-0.08416400849819183,-0.14657707512378693,0.3330373764038086,-0.4275269389152527,0.5067817568778992
9,Day 9,5,Tray 5,DJI_20260627101808_0005,55,6,5,8464,0.3150254487991333,0.30254969000816345,0.2321414202451706,0.06352573558688164,0.617931991815567,8464,-0.13644708693027496,-0.15206076204776764,0.24520960450172424,-0.45004636645317075,0.2019043281674384,8464,-0.1012566015124321,-0.14915111660957336,0.31858953833580017,-0.4925373256206512,0.3980488210916519
9,Day 9,5,Tray 5,DJI_20260627101808_0005,56,6,6,8464,0.3508470356464386,0.36719322204589844,0.21960069239139557,0.11382406130433083,0.6231375932693481,8464,-0.035869207233190536,-0.1215813159942627,0.2466144859790802,-0.32407923340797423,0.31048276126384733,8464,-0.016537325456738472,-0.1405096799135208,0.36224618554115295,-0.4879276245832443,0.5084173440933227
9,Day 9,5,Tray 5,DJI_20260627101808_0005,57,6,7,8464,0.28338176012039185,0.19187122583389282,0.20363874733448029,0.10334347113966942,0.5840080976486206,8464,-0.09595326334238052,-0.16302186250686646,0.20703639090061188,-0.2928013205528259,0.2242744117975235,8464,-0.09946686029434204,-0.17740081250667572,0.29669541120529175,-0.4461605966091156,0.417654812335968
9,Day 9,5,Tray 5,DJI_20260627101808_0005,58,6,8,8464,0.27311915159225464,0.19713369011878967,0.2032884657382965,0.07977558448910714,0.5877862572669983,8464,-0.13745416700839996,-0.19248689711093903,0.26936641335487366,-0.46160000562667847,0.28065412938594814,8464,-0.06313219666481018,-0.18850675225257874,0.389619916677475,-0.5178252279758453,0.5863701105117798
9,Day 9,5,Tray 5,DJI_20260627101808_0005,59,6,9,8464,0.26195695996284485,0.17120085656642914,0.19247402250766754,0.10248906165361404,0.558597332239151,8464,-0.11675548553466797,-0.1931818127632141,0.23971202969551086,-0.3006498128175735,0.23787985593080516,8464,-0.07127749174833298,-0.20441175997257233,0.39447638392448425,-0.49651139974594116,0.5904848337173462
9,Day 9,5,Tray 5,DJI_20260627101808_0005,60,6,10,8464,0.2398100644350052,0.18153053522109985,0.1861868053674698,0.07611267268657686,0.5151107907295227,8464,-0.10658716410398483,-0.16152861714363098,0.2609126567840576,-0.37336021661758423,0.3200716972351074,8464,-0.07211311161518097,-0.1706891655921936,0.39207664132118225,-0.5046849250793457,0.6246640324592588
9,Day 9,5,Tray 5,DJI_20260627101808_0005,61,7,1,8464,0.2912057340145111,0.17566373944282532,0.23558492958545685,0.10618928000330925,0.7100928664207459,8464,-0.016706936061382294,-0.13206827640533447,0.26705172657966614,-0.21887792944908138,0.46949903070926663,8464,0.1111857071518898,-0.07479935884475708,0.3433271646499634,-0.1841591641306877,0.6635621011257171
9,Day 9,5,Tray 5,DJI_20260627101808_0005,62,7,2,8464,0.31743115186691284,0.22020725905895233,0.24668443202972412,0.10582894682884217,0.6828492045402527,8464,-0.029559768736362457,-0.12809917330741882,0.26912587881088257,-0.28436710238456725,0.41342413425445557,8464,0.03638336807489395,-0.12561847269535065,0.362935334444046,-0.30519139766693115,0.6744733512401581
9,Day 9,5,Tray 5,DJI_20260627101808_0005,63,7,3,8464,0.32313770055770874,0.2931619882583618,0.2289379984140396,0.0833333358168602,0.674831873178482,8464,-0.09813828766345978,-0.1488131582736969,0.2738990783691406,-0.412919545173645,0.37440743148326866,8464,-0.06268652528524399,-0.14211316406726837,0.30895674228668213,-0.3709407448768616,0.46567556262016296
9,Day 9,5,Tray 5,DJI_20260627101808_0005,64,7,4,8464,0.31097906827926636,0.23866519331932068,0.25442981719970703,0.018487395718693733,0.6677384972572327,8464,-0.045846473425626755,-0.12864328920841217,0.27569079399108887,-0.3786362886428833,0.368631425499916,8464,0.014027772471308708,-0.1365528702735901,0.4269435703754425,-0.5485764503479004,0.6512402355670929
9,Day 9,5,Tray 5,DJI_20260627101808_0005,65,7,5,8464,0.26081445813179016,0.1848376840353012,0.23327529430389404,0.04582809247076513,0.6411556005477905,8464,-0.08321977406740189,-0.15923567116260529,0.2565038204193115,-0.31391078531742095,0.3591185212135315,8464,-0.10177018493413925,-0.17469879984855652,0.3251475989818573,-0.42303616404533384,0.5072813987731933
9,Day 9,5,Tray 5,DJI_20260627101808_0005,66,7,6,8464,0.27652665972709656,0.2028500735759735,0.24843934178352356,0.002786926692351699,0.6283868908882141,8464,-0.10204102098941803,-0.17083631455898285,0.26730620861053467,-0.4469197958707809,0.3008560061454771,8464,-0.10475151240825653,-0.18349170684814453,0.32923567295074463,-0.4645137161016464,0.46723440289497375
9,Day 9,5,Tray 5,DJI_20260627101808_0005,67,7,7,8464,0.2350291907787323,0.16544580459594727,0.2514893412590027,-0.029207646287977656,0.5720258116722107,8464,-0.1280372440814972,-0.1919662356376648,0.28503257036209106,-0.5099188625812531,0.28955439627170537,8464,-0.13325193524360657,-0.1993902623653412,0.35708144307136536,-0.6113828122615814,0.4518410235643387
9,Day 9,5,Tray 5,DJI_20260627101808_0005,68,7,8,8464,0.23275741934776306,0.1692117154598236,0.20158430933952332,0.05538461357355118,0.5622828304767609,8464,-0.14157232642173767,-0.20000000298023224,0.23700428009033203,-0.35678199529647825,0.24596367180347437,8464,-0.13595783710479736,-0.2038937360048294,0.32470184564590454,-0.4686900705099106,0.4685883492231368
9,Day 9,5,Tray 5,DJI_20260627101808_0005,69,7,9,8464,0.24517495930194855,0.17246036231517792,0.1777210384607315,0.10560144260525704,0.5183001756668091,8464,-0.1415238231420517,-0.21156728267669678,0.2084456831216812,-0.2953974187374115,0.20148114860057828,8464,-0.10383672267198563,-0.21405276656150818,0.34312495589256287,-0.4687135964632034,0.5294593572616577
9,Day 9,5,Tray 5,DJI_20260627101808_0005,70,7,10,8464,0.2256629467010498,0.18556645512580872,0.19005219638347626,0.012746813707053661,0.49865797758102415,8464,-0.1454978734254837,-0.18752899765968323,0.2330929934978485,-0.403473749756813,0.17145500481128692,8464,-0.09533336013555527,-0.19719339907169342,0.349857360124588,-0.4567231684923172,0.5458699703216552
9,Day 9,6,Tray 6,DJI_20260627101858_0006,1,1,1,8464,0.2645851671695709,0.1857033371925354,0.2278454452753067,0.11504657268524171,0.5993475317955017,8464,-0.05684225261211395,-0.09660574793815613,0.20973283052444458,-0.24309456795454024,0.22411851584911338,8464,0.151519775390625,-0.0778205543756485,0.38982513546943665,-0.1971409037709236,0.710936552286148
9,Day 9,6,Tray 6,DJI_20260627101858_0006,2,1,2,8464,0.3052886724472046,0.2177169919013977,0.19189563393592834,0.12915128469467163,0.5925648927688598,8464,-0.04559138044714928,-0.09844420850276947,0.18123888969421387,-0.22641509771347046,0.24282561242580414,8464,0.23465101420879364,0.28096750378608704,0.34122464060783386,-0.14073209613561627,0.6869388937950134
9,Day 9,6,Tray 6,DJI_20260627101858_0006,3,1,3,8464,0.32630640268325806,0.29617801308631897,0.198052316904068,0.13175490945577623,0.5871867895126343,8464,-0.026328790932893753,-0.07198168337345123,0.20402464270591736,-0.23453845977783203,0.25863363742828366,8464,0.21472378075122833,0.26053357124328613,0.35568949580192566,-0.18919703364372253,0.706077641248703
9,Day 9,6,Tray 6,DJI_20260627101858_0006,4,1,4,8464,0.29335251450538635,0.22569791972637177,0.2426062375307083,0.044216581434011464,0.6180306077003479,8464,-0.09916171431541443,-0.1118653267621994,0.2531687617301941,-0.42147770524024963,0.2739511489868164,8464,0.058628007769584656,-0.0962170884013176,0.3903616666793823,-0.38220850229263303,0.6336883187294006
9,Day 9,6,Tray 6,DJI_20260627101858_0006,5,1,5,8464,0.2947194576263428,0.30778932571411133,0.24282416701316833,0.024710184521973155,0.5920398235321045,8464,-0.1013818234205246,-0.12130339443683624,0.23494000732898712,-0.43457698822021484,0.2255670130252838,8464,0.06257028132677078,-0.10561102628707886,0.40192559361457825,-0.44869690537452694,0.6492015719413757
9,Day 9,6,Tray 6,DJI_20260627101858_0006,6,1,6,8464,0.2543243169784546,0.18817006051540375,0.23751099407672882,-0.004384420160204142,0.5726495981216431,8464,-0.12467728555202484,-0.13466334342956543,0.22591938078403473,-0.46302250027656555,0.17929884642362592,8464,-0.016172949224710464,-0.13231024146080017,0.36137858033180237,-0.4938168346881866,0.5101108968257904
9,Day 9,6,Tray 6,DJI_20260627101858_0006,7,1,7,8464,0.22432732582092285,0.1639251708984375,0.204561248421669,0.024076871201396,0.5286406517028809,8464,-0.15942150354385376,-0.14931237697601318,0.16938713192939758,-0.401197612285614,0.05731619112193583,8464,-0.08639079332351685,-0.1486676037311554,0.28359729051589966,-0.41057513058185574,0.3918604075908661
9,Day 9,6,Tray 6,DJI_20260627101858_0006,8,1,8,8464,0.19794565439224243,0.16452132165431976,0.17860010266304016,0.02714608423411849,0.47156827747821806,8464,-0.18372493982315063,-0.16583630442619324,0.1639988124370575,-0.40073658525943756,-0.008833450730890044,8464,-0.10212662070989609,-0.16318704187870026,0.3103092312812805,-0.4539321959018707,0.4541821330785751
9,Day 9,6,Tray 6,DJI_20260627101858_0006,9,1,9,8464,0.20077817142009735,0.16555218398571014,0.17783991992473602,0.07967728450894358,0.4795859515666961,8464,-0.18011435866355896,-0.17571058869361877,0.17780010402202606,-0.45781415700912476,0.004425252042710756,8464,-0.12835760414600372,-0.1807958483695984,0.31326529383659363,-0.49662849009037013,0.41516077518463135
9,Day 9,6,Tray 6,DJI_20260627101858_0006,10,1,10,8464,0.2015531063079834,0.16816070675849915,0.1310448795557022,0.1173937439918518,0.4117479741573334,8464,-0.16184477508068085,-0.19266055524349213,0.164456307888031,-0.3345935434103012,0.0879373848438263,8464,-0.04847801849246025,-0.19248689711093903,0.35818490386009216,-0.3631824254989624,0.626068252325058
9,Day 9,6,Tray 6,DJI_20260627101858_0006,11,2,1,8464,0.24461618065834045,0.176449716091156,0.282112717628479,-0.08364905118942254,0.6083364486694336,8464,-0.077702097594738,-0.10392235964536667,0.2730647623538971,-0.44472480714321133,0.3076428800821303,8464,0.1823580116033554,0.2397807389497757,0.4087766110897064,-0.3478034436702728,0.7068338334560393
9,Day 9,6,Tray 6,DJI_20260627101858_0006,12,2,2,8464,0.3158945143222809,0.21693870425224304,0.21343109011650085,0.11768230274319649,0.6181632280349731,8464,-0.01590329222381115,-0.0796203538775444,0.18495604395866394,-0.17232298851013184,0.2591725260019302,8464,0.24616029858589172,0.2874232530593872,0.34672120213508606,-0.13068488538265227,0.6925367832183837
9,Day 9,6,Tray 6,DJI_20260627101858_0006,13,2,3,8464,0.3572341799736023,0.39698082208633423,0.22437000274658203,0.11027654260396957,0.6240037679672241,8464,-0.02340521663427353,-0.06552357971668243,0.21887393295764923,-0.3168504655361175,0.27553683519363403,8464,0.26526811718940735,0.4193262457847595,0.36758360266685486,-0.2833772242069244,0.6673216760158539
9,Day 9,6,Tray 6,DJI_20260627101858_0006,14,2,4,8464,0.32669714093208313,0.34592679142951965,0.22438578307628632,0.04764096811413765,0.5997307002544403,8464,-0.06340643018484116,-0.09601873904466629,0.22589543461799622,-0.3583271563053131,0.26729728281497955,8464,0.17229266464710236,0.2794440984725952,0.3962254226207733,-0.4032142281532287,0.6689923644065857
9,Day 9,6,Tray 6,DJI_20260627101858_0006,15,2,5,8464,0.28133097290992737,0.30000847578048706,0.26131471991539,-0.08398144394159315,0.5868788361549377,8464,-0.12018397450447083,-0.12680166959762573,0.23562724888324738,-0.43929144442081447,0.20423337519168852,8464,0.03729826956987381,-0.0735437199473381,0.3956184685230255,-0.48819800615310666,0.5477615058422088
9,Day 9,6,Tray 6,DJI_20260627101858_0006,16,2,6,8464,0.2551736533641815,0.18860608339309692,0.24294303357601166,-0.0365620795637369,0.598154079914093,8464,-0.1413876861333847,-0.14786264300346375,0.20378102362155914,-0.39637676179409026,0.1548839911818504,8464,-0.024249177426099777,-0.139398992061615,0.36275771260261536,-0.435732364654541,0.5453084647655487
9,Day 9,6,Tray 6,DJI_20260627101858_0006,17,2,7,8464,0.23511722683906555,0.1699429303407669,0.24257276952266693,-0.030947610735893246,0.5642292499542236,8464,-0.14775323867797852,-0.14823313057422638,0.23314939439296722,-0.4828092038631439,0.1771719172596931,8464,-0.041462622582912445,-0.14345550537109375,0.3838728666305542,-0.5382304131984711,0.5402268350124358
9,Day 9,6,Tray 6,DJI_20260627101858_0006,18,2,8,8464,0.2132175713777542,0.15926578640937805,0.2098318338394165,-0.023311161063611488,0.543021959066391,8464,-0.16798964142799377,-0.1603853851556778,0.18882539868354797,-0.4331712007522583,0.09148438721895216,8464,-0.10844755917787552,-0.1668570339679718,0.33283913135528564,-0.4863883852958679,0.5134426355361938
9,Day 9,6,Tray 6,DJI_20260627101858_0006,19,2,9,8464,0.2525373697280884,0.17427018284797668,0.18311624228954315,0.09743415787816051,0.5339130818843841,8464,-0.13985109329223633,-0.17133867740631104,0.18960389494895935,-0.36858111917972564,0.1365767866373062,8464,0.024329135194420815,-0.16849765181541443,0.3929232656955719,-0.40596465468406673,0.6423687815666199
9,Day 9,6,Tray 6,DJI_20260627101858_0006,20,2,10,8464,0.22729997336864471,0.16936470568180084,0.17295320332050323,0.11467927098274232,0.5086772382259369,8464,-0.14985039830207825,-0.18233001232147217,0.2106335163116455,-0.345598891377449,0.1635004639625549,8464,-0.014654267579317093,-0.18233001232147217,0.40015703439712524,-0.4552238881587982,0.6283711135387421
9,Day 9,6,Tray 6,DJI_20260627101858_0006,21,3,1,8464,0.28108522295951843,0.2617475986480713,0.2666914463043213,-0.015220472775399679,0.6186575770378113,8464,-0.051838334649801254,-0.09594540297985077,0.2510170042514801,-0.39210933446884155,0.3013337790966033,8464,0.23581884801387787,0.3934626579284668,0.41330844163894653,-0.37432249188423156,0.7010311365127564
9,Day 9,6,Tray 6,DJI_20260627101858_0006,22,3,2,8464,0.37671253085136414,0.40987467765808105,0.20689457654953003,0.11986806988716125,0.6304514169692993,8464,0.023233341053128242,-0.03239556774497032,0.19232305884361267,-0.1670478492975235,0.3011426419019699,8464,0.34611833095550537,0.4553033411502838,0.29641422629356384,-0.11216729879379272,0.6674907207489014
9,Day 9,6,Tray 6,DJI_20260627101858_0006,23,3,3,8464,0.37915492057800293,0.38849204778671265,0.21740302443504333,0.13826306015253068,0.6513278543949127,8464,0.026303226128220558,-0.03749683126807213,0.23976363241672516,-0.19429237991571424,0.36355767846107484,8464,0.31171250343322754,0.3931341767311096,0.3564837872982025,-0.11333143264055251,0.7208826184272766
9,Day 9,6,Tray 6,DJI_20260627101858_0006,24,3,4,8464,0.38904550671577454,0.4568585157394409,0.25019970536231995,0.022440130636096005,0.6638422966003418,8464,-0.00865100510418415,-0.008250392973423004,0.2736274302005768,-0.39151509404182433,0.37291487455368033,8464,0.16936543583869934,0.35035035014152527,0.45798420906066895,-0.4840042978525162,0.6900702536106109
9,Day 9,6,Tray 6,DJI_20260627101858_0006,25,3,5,8464,0.35440176725387573,0.418836385011673,0.25231319665908813,0.00604976774193347,0.6205900311470032,8464,-0.0741690844297409,-0.0851425975561142,0.2718081772327423,-0.44106417596340175,0.3117955416440964,8464,0.10511843860149384,0.1642310619354248,0.43733519315719604,-0.4866581857204437,0.6576778888702393
9,Day 9,6,Tray 6,DJI_20260627101858_0006,26,3,6,8464,0.3070218861103058,0.3894604444503784,0.2833098769187927,-0.12762364745140076,0.6192170977592468,8464,-0.11363840103149414,-0.13168439269065857,0.2592993974685669,-0.47509171068668365,0.23038553148508067,8464,-0.00882009044289589,-0.13387788832187653,0.4194684326648712,-0.5186352729797363,0.5660036206245422
9,Day 9,6,Tray 6,DJI_20260627101858_0006,27,3,7,8464,0.2733863890171051,0.24269139766693115,0.2545865476131439,-0.07370666936039924,0.5835392534732818,8464,-0.1214878112077713,-0.13702623546123505,0.23386353254318237,-0.4533760994672775,0.1938678264617919,8464,-0.026592088863253593,-0.1424187421798706,0.3997235596179962,-0.5222800493240356,0.5370488107204437
9,Day 9,6,Tray 6,DJI_20260627101858_0006,28,3,8,8464,0.23907995223999023,0.1775507777929306,0.19068250060081482,0.04631727263331415,0.5109437108039856,8464,-0.16307739913463593,-0.15876927971839905,0.15723028779029846,-0.3727208077907562,0.037603992968797684,8464,-0.06946058571338654,-0.16252660751342773,0.3267212212085724,-0.42074042260646816,0.4617532193660736
9,Day 9,6,Tray 6,DJI_20260627101858_0006,29,3,9,8464,0.2694476246833801,0.19256670773029327,0.21282830834388733,0.06670184582471848,0.5614167392253876,8464,-0.12827691435813904,-0.17011652886867523,0.21456801891326904,-0.38851492702960966,0.17371479868888853,8464,0.04773576930165291,-0.10629190504550934,0.4049373269081116,-0.46005543470382687,0.5970300436019897
9,Day 9,6,Tray 6,DJI_20260627101858_0006,30,3,10,8464,0.25247088074684143,0.18137586116790771,0.17338480055332184,0.10550139024853707,0.5278873026371003,8464,-0.1495676338672638,-0.1937035471200943,0.1957811713218689,-0.35374636054039,0.13752122223377228,8464,-0.03292543441057205,-0.18911071121692657,0.3749014139175415,-0.43626256883144376,0.6152698397636414
9,Day 9,6,Tray 6,DJI_20260627101858_0006,31,4,1,8464,0.2990965247154236,0.28641843795776367,0.28082433342933655,-0.0282259467989206,0.6578947603702545,8464,-0.022529257461428642,-0.06522729247808456,0.2508094906806946,-0.35497369766235337,0.3529144465923309,8464,0.223982036113739,0.3507145047187805,0.40895816683769226,-0.3756464332342146,0.7045961499214173
9,Day 9,6,Tray 6,DJI_20260627101858_0006,32,4,2,8464,0.36690467596054077,0.3537459373474121,0.2188209444284439,0.11981648206710815,0.7063329815864563,8464,0.06812170892953873,-0.03415938466787338,0.23753201961517334,-0.13110539317131042,0.477876752614975,8464,0.28315308690071106,0.3509495258331299,0.35093939304351807,-0.12284068763256073,0.7329465568065643
9,Day 9,6,Tray 6,DJI_20260627101858_0006,33,4,3,8464,0.4144049882888794,0.4404425621032715,0.20404069125652313,0.14192308932542802,0.6724758625030518,8464,0.07364318519830704,0.023872679099440575,0.21830448508262634,-0.13372093439102173,0.3946979165077209,8464,0.2570861577987671,0.37729161977767944,0.363780677318573,-0.22258883565664286,0.7005768537521362
9,Day 9,6,Tray 6,DJI_20260627101858_0006,34,4,4,8464,0.4072333872318268,0.42895740270614624,0.20512674748897552,0.1408288970589638,0.6786113977432251,8464,0.026729606091976166,-0.0069121685810387135,0.248675137758255,-0.2676780879497528,0.38216535151004793,8464,0.1697147786617279,0.289631187915802,0.4309037923812866,-0.44919098913669586,0.7042336642742157
9,Day 9,6,Tray 6,DJI_20260627101858_0006,35,4,5,8464,0.35919952392578125,0.4523085355758667,0.2599683403968811,-0.0340996652841568,0.6273887157440186,8464,-0.05525682494044304,-0.017712827771902084,0.24722321331501007,-0.42922824025154116,0.24752389043569564,8464,0.03512926027178764,-0.027240760624408722,0.40921294689178467,-0.4722185879945755,0.5442829072475434
9,Day 9,6,Tray 6,DJI_20260627101858_0006,36,4,6,8464,0.31010791659355164,0.3549767732620239,0.28032186627388,-0.0841466635465622,0.6307359874248505,8464,-0.06995218992233276,-0.11246943473815918,0.30122750997543335,-0.49314104914665224,0.3230889022350311,8464,0.004563737194985151,-0.12469101697206497,0.4551594853401184,-0.5918367505073547,0.5873047828674316
9,Day 9,6,Tray 6,DJI_20260627101858_0006,37,4,7,8464,0.2693985402584076,0.19518904387950897,0.23215678334236145,0.006192957330495127,0.5803148925304412,8464,-0.13320335745811462,-0.15270936489105225,0.20972850918769836,-0.4104601740837097,0.17405062913894653,8464,-0.10830002278089523,-0.1732683926820755,0.3368356227874756,-0.49773634076118467,0.4642934679985046
9,Day 9,6,Tray 6,DJI_20260627101858_0006,38,4,8,8464,0.2735625207424164,0.19283375144004822,0.20280469954013824,0.0695356085896492,0.5597622156143188,8464,-0.13533061742782593,-0.15989236533641815,0.1812051236629486,-0.35765198171138757,0.12108751460909843,8464,-0.031470198184251785,-0.16219668090343475,0.368011474609375,-0.4343257546424866,0.548656165599823
9,Day 9,6,Tray 6,DJI_20260627101858_0006,39,4,9,8464,0.25176942348480225,0.17874100804328918,0.20970933139324188,0.0381855830550194,0.5553792059421538,8464,-0.123234823346138,-0.16933180391788483,0.21653616428375244,-0.40859434604644773,0.20856844484806059,8464,-0.008855991065502167,-0.17604824900627136,0.4230717718601227,-0.47885698080062866,0.6456707119941711
9,Day 9,6,Tray 6,DJI_20260627101858_0006,40,4,10,8464,0.3184536099433899,0.2762205898761749,0.19742193818092346,0.12733660936355592,0.5726086139678955,8464,-0.08889095485210419,-0.14799058437347412,0.21317778527736664,-0.32284084260463713,0.2051443338394165,8464,0.06807640194892883,-0.12261106073856354,0.4161290228366852,-0.4409215658903122,0.6084015607833861
9,Day 9,6,Tray 6,DJI_20260627101858_0006,41,5,1,8464,0.3200850188732147,0.25482189655303955,0.2695658206939697,0.09132500737905502,0.6691082537174224,8464,0.02562541514635086,-0.0714285746216774,0.25166040658950806,-0.17943547666072845,0.37903742790222167,8464,0.19045817852020264,0.1561119258403778,0.3889477849006653,-0.2171746477484702,0.6850144863128662
9,Day 9,6,Tray 6,DJI_20260627101858_0006,42,5,2,8464,0.3812273442745209,0.3959330916404724,0.2174384593963623,0.12273712083697319,0.6672295212745666,8464,0.03476058691740036,-0.01999710313975811,0.21457481384277344,-0.16550448536872864,0.3526981383562088,8464,0.15207712352275848,0.014846252277493477,0.354694128036499,-0.2275179922580719,0.6732972860336304
9,Day 9,6,Tray 6,DJI_20260627101858_0006,43,5,3,8464,0.3999004065990448,0.40990206599235535,0.22132375836372375,0.13425367772579194,0.7059330403804779,8464,0.07624933868646622,-0.0021558706648647785,0.23380863666534424,-0.13734203577041626,0.43564177751541133,8464,0.19531475007534027,0.24335041642189026,0.37369775772094727,-0.1895424872636795,0.7141158759593964
9,Day 9,6,Tray 6,DJI_20260627101858_0006,44,5,4,8464,0.39593297243118286,0.4336073398590088,0.22037330269813538,0.11466865241527557,0.6725702822208404,8464,0.011713376268744469,-0.024493657052516937,0.24751584231853485,-0.2916136831045151,0.3507949471473693,8464,0.06049792468547821,-0.08376339823007584,0.3944551646709442,-0.44855709075927735,0.6133542358875275
9,Day 9,6,Tray 6,DJI_20260627101858_0006,45,5,5,8464,0.36588263511657715,0.4303321838378906,0.2289755940437317,0.037106920033693314,0.6263494372367858,8464,-0.04125802591443062,-0.03815753757953644,0.22602976858615875,-0.3551525831222534,0.25447301566600794,8464,0.02201826684176922,-0.13511793315410614,0.38743579387664795,-0.45937275886535645,0.5303544223308563
9,Day 9,6,Tray 6,DJI_20260627101858_0006,46,5,6,8464,0.3220095932483673,0.3375000059604645,0.21799154579639435,0.09329229891300203,0.5986997902393341,8464,-0.07356981188058853,-0.1262688934803009,0.20863886177539825,-0.3226712882518768,0.228855961561203,8464,-0.03560216724872589,-0.14995788037776947,0.34371426701545715,-0.4373464286327362,0.5116085469722748
9,Day 9,6,Tray 6,DJI_20260627101858_0006,47,5,7,8464,0.28799358010292053,0.2365320324897766,0.2417798936367035,0.08794819042086605,0.5930870354175567,8464,-0.08730904757976532,-0.14162252843379974,0.24638435244560242,-0.34375,0.2460273712873459,8464,-0.08399532735347748,-0.16409637033939362,0.37440603971481323,-0.6010791480541229,0.514384126663208
9,Day 9,6,Tray 6,DJI_20260627101858_0006,48,5,8,8464,0.2873728573322296,0.213386669754982,0.18706345558166504,0.11178314462304116,0.5625708758831024,8464,-0.13072799146175385,-0.15989236533641815,0.15654045343399048,-0.3016972541809082,0.10167039111256594,8464,-0.0927128940820694,-0.17486730217933655,0.29475805163383484,-0.39002037048339844,0.4008311837911605
9,Day 9,6,Tray 6,DJI_20260627101858_0006,49,5,9,8464,0.29022911190986633,0.19211822748184204,0.21344846487045288,0.11180072724819184,0.598299241065979,8464,-0.09777801483869553,-0.17587940394878387,0.21804508566856384,-0.3506497651338577,0.24279066324234003,8464,0.0010974366450682282,-0.18712857365608215,0.41198334097862244,-0.4395986258983612,0.6359463393688202
9,Day 9,6,Tray 6,DJI_20260627101858_0006,50,5,10,8464,0.257657527923584,0.1814069002866745,0.19202099740505219,0.11388101428747177,0.5570428013801575,8464,-0.1342855840921402,-0.2028197944164276,0.2221982777118683,-0.3955414682626724,0.23475970774888988,8464,-0.031427133828401566,-0.20814278721809387,0.42029112577438354,-0.4919935256242752,0.6361996531486511
9,Day 9,6,Tray 6,DJI_20260627101858_0006,51,6,1,8464,0.29394182562828064,0.21033616364002228,0.21163462102413177,0.12773788422346116,0.653078657388687,8464,-0.021465519443154335,-0.11171440035104752,0.2299971729516983,-0.18100776076316832,0.39361370801925655,8464,0.05016058310866356,-0.10810445249080658,0.34140312671661377,-0.22884988486766814,0.6218030154705048
9,Day 9,6,Tray 6,DJI_20260627101858_0006,52,6,2,8464,0.3131222426891327,0.2127782106399536,0.21788036823272705,0.11742594540119171,0.6814714014530182,8464,0.015133189037442207,-0.1019054651260376,0.23640397191047668,-0.17300904244184495,0.4150916010141372,8464,0.09144645929336548,-0.09076270461082458,0.3230222165584564,-0.17892635315656663,0.6549941301345825
9,Day 9,6,Tray 6,DJI_20260627101858_0006,53,6,3,8464,0.3540416955947876,0.29526814818382263,0.2312648892402649,0.11747457981109621,0.6890277922153473,8464,0.030472109094262123,-0.08337099850177765,0.2594510614871979,-0.23146785795688626,0.4348507791757583,8464,0.10286302864551544,-0.059142954647541046,0.3786245584487915,-0.3422556072473526,0.6908087134361267
9,Day 9,6,Tray 6,DJI_20260627101858_0006,54,6,4,8464,0.36034253239631653,0.3717513978481293,0.2213364988565445,0.1018787294626236,0.6485237121582031,8464,-0.004369049333035946,-0.0554414801299572,0.22954069077968597,-0.2686378240585327,0.32973752617835994,8464,0.014908148907124996,-0.10131485760211945,0.34794890880584717,-0.406829759478569,0.5231642007827758
9,Day 9,6,Tray 6,DJI_20260627101858_0006,55,6,5,8464,0.3175792992115021,0.32906004786491394,0.24878376722335815,0.06676751300692563,0.6121598958969117,8464,-0.06404909491539001,-0.11785642057657242,0.24164366722106934,-0.3322256356477735,0.2588629096746445,8464,-0.0474223829805851,-0.15303392708301544,0.34820783138275146,-0.4755959212779999,0.49161708652973174
9,Day 9,6,Tray 6,DJI_20260627101858_0006,56,6,6,8464,0.285839706659317,0.23220986127853394,0.22298820316791534,0.047302119061350824,0.598136305809021,8464,-0.10187629610300064,-0.15285781025886536,0.23000526428222656,-0.3707112967967987,0.23874331116676328,8464,-0.0831519141793251,-0.16916488111019135,0.3097129762172699,-0.41082343757152556,0.42801821827888487
9,Day 9,6,Tray 6,DJI_20260627101858_0006,57,6,7,8464,0.2591608166694641,0.1717977523803711,0.20730185508728027,0.08795482143759728,0.5599920988082886,8464,-0.12099521607160568,-0.1678311675786972,0.20102638006210327,-0.31249196231365206,0.18214338123798365,8464,-0.12819920480251312,-0.18577376008033752,0.27682119607925415,-0.4255516529083252,0.3699828624725341
9,Day 9,6,Tray 6,DJI_20260627101858_0006,58,6,8,8464,0.235879048705101,0.16570405662059784,0.1724349558353424,0.10465806648135188,0.5178452074527741,8464,-0.1593538224697113,-0.18233001232147217,0.14331994950771332,-0.29863103330135343,0.051827240735292435,8464,-0.14119619131088257,-0.19824433326721191,0.2653403580188751,-0.39852426052093504,0.3463979274034499
9,Day 9,6,Tray 6,DJI_20260627101858_0006,59,6,9,8464,0.2496967315673828,0.177384614944458,0.1659340113401413,0.1161767989397049,0.5192938506603241,8464,-0.13650020956993103,-0.18798956274986267,0.17916657030582428,-0.2811826169490814,0.13924050331115723,8464,-0.11158215254545212,-0.2014082372188568,0.32303377985954285,-0.43375758826732635,0.4649420797824859
9,Day 9,6,Tray 6,DJI_20260627101858_0006,60,6,10,8464,0.23073692619800568,0.17042097449302673,0.17941814661026,0.08397097289562226,0.5184664666652679,8464,-0.12472523748874664,-0.15710653364658356,0.20035989582538605,-0.29932322204113004,0.15872592628002163,8464,-0.07714521884918213,-0.16691601276397705,0.3404918611049652,-0.4223688840866089,0.5759460926055908
9,Day 9,6,Tray 6,DJI_20260627101858_0006,61,7,1,8464,0.27372658252716064,0.18163710832595825,0.22460880875587463,0.10550513342022896,0.6484918594360352,8464,-0.032833218574523926,-0.11961722373962402,0.2304171919822693,-0.19457410275936127,0.36362815797328946,8464,0.10012716799974442,-0.10600945353507996,0.3511413633823395,-0.1797006607055664,0.6617157757282257
9,Day 9,6,Tray 6,DJI_20260627101858_0006,62,7,2,8464,0.29961007833480835,0.21561643481254578,0.21986456215381622,0.11825505793094634,0.6156985282897949,8464,-0.06127657741308212,-0.1180887371301651,0.2214285433292389,-0.270595034956932,0.23915944099426267,8464,0.07600623369216919,-0.0947817862033844,0.3521879017353058,-0.268659907579422,0.661383867263794
9,Day 9,6,Tray 6,DJI_20260627101858_0006,63,7,3,8464,0.33705294132232666,0.3091808557510376,0.22310665249824524,0.11376059949398043,0.6502862632274627,8464,-0.019899830222129822,-0.10295603424310684,0.2339422106742859,-0.2834133356809616,0.325690370798111,8464,0.08764544129371643,-0.005724652204662561,0.37037643790245056,-0.40770024061203003,0.6143085598945618
9,Day 9,6,Tray 6,DJI_20260627101858_0006,64,7,4,8464,0.26658695936203003,0.20228567719459534,0.23245899379253387,-0.004507043212652197,0.624717879295349,8464,-0.08784500509500504,-0.13876529037952423,0.23681682348251343,-0.3813459277153015,0.3095350831747054,8464,-0.024192579090595245,-0.14130434393882751,0.3648718595504761,-0.4340745806694031,0.5862653195858002
9,Day 9,6,Tray 6,DJI_20260627101858_0006,65,7,5,8464,0.280427485704422,0.20888499915599823,0.2783702611923218,-0.030958426557481288,0.6611075282096862,8464,-0.06873908638954163,-0.14401452243328094,0.2993810176849365,-0.4249369531869888,0.36814233958721143,8464,-0.021802028641104698,-0.1501193642616272,0.3931226134300232,-0.5354619741439819,0.58216392993927
9,Day 9,6,Tray 6,DJI_20260627101858_0006,66,7,6,8464,0.259265273809433,0.19828757643699646,0.2643081247806549,-0.04059152528643605,0.6003976225852966,8464,-0.13067132234573364,-0.16599272191524506,0.24802669882774353,-0.4661654233932495,0.22762848883867265,8464,-0.10366738587617874,-0.17757008969783783,0.34182149171829224,-0.4910225361585617,0.5023550331592559
9,Day 9,6,Tray 6,DJI_20260627101858_0006,67,7,7,8464,0.22812899947166443,0.1678054928779602,0.23534560203552246,0.016750521026551727,0.5651778936386108,8464,-0.15489675104618073,-0.1763106882572174,0.21375788748264313,-0.40655426084995266,0.16432347893714902,8464,-0.14429382979869843,-0.18850675225257874,0.29274997115135193,-0.46148227453231805,0.38846887350082393
9,Day 9,6,Tray 6,DJI_20260627101858_0006,68,7,8,8464,0.22432363033294678,0.1649203896522522,0.2219761312007904,0.05149704851210118,0.560426515340805,8464,-0.14244522154331207,-0.19127272069454193,0.2503942549228668,-0.4657456189393997,0.256038635969162,8464,-0.16002878546714783,-0.20017585158348083,0.3121936023235321,-0.579311728477478,0.37686313390731796
9,Day 9,6,Tray 6,DJI_20260627101858_0006,69,7,9,8464,0.19505473971366882,0.16213831305503845,0.1641380488872528,0.08819021880626679,0.4654654949903488,8464,-0.19048972427845,-0.20547541975975037,0.1580996960401535,-0.3269341439008713,-0.0066596582531929065,8464,-0.15452151000499725,-0.2142673134803772,0.28356441855430603,-0.4052896618843079,0.36283378005027744
9,Day 9,6,Tray 6,DJI_20260627101858_0006,70,7,10,8464,0.22536443173885345,0.18351872265338898,0.1973872184753418,-0.02537764422595501,0.5209336519241332,8464,-0.14438529312610626,-0.17879267036914825,0.2336481809616089,-0.4176355808973312,0.1997436121106147,8464,-0.10898354649543762,-0.18758636713027954,0.34646034240722656,-0.46086657941341397,0.5408542811870574
9,Day 9,7,Tray 7,DJI_20260627101933_0007,1,1,1,8464,0.19317708909511566,0.15085676312446594,0.17645028233528137,0.08195500820875168,0.42338301837444303,8464,-0.10526669770479202,-0.10630825161933899,0.1734858751296997,-0.29481806755065915,0.032658785581588745,8464,0.018590137362480164,-0.09682603180408478,0.345981627702713,-0.36227623820304855,0.6392679810523986
9,Day 9,7,Tray 7,DJI_20260627101933_0007,2,1,2,8464,0.2912346124649048,0.1872890144586563,0.18509997427463531,0.11922554671764374,0.5632093667984008,8464,-0.03230491653084755,-0.08909574151039124,0.15366800129413605,-0.13950997591018677,0.19790709167718887,8464,0.2119605392217636,0.2499758005142212,0.3241259753704071,-0.13262343406677246,0.644084221124649
9,Day 9,7,Tray 7,DJI_20260627101933_0007,3,1,3,8464,0.3063523471355438,0.26337239146232605,0.20730194449424744,0.11724104061722755,0.5899886965751647,8464,-0.052798714488744736,-0.11096039414405823,0.21094100177288055,-0.33664279282093046,0.24104979187250136,8464,0.13750924170017242,0.11197537183761597,0.37436479330062866,-0.342726257443428,0.6497597694396973
9,Day 9,7,Tray 7,DJI_20260627101933_0007,4,1,4,8464,0.3293970227241516,0.3712613582611084,0.2242177575826645,0.08395694717764857,0.59006108045578,8464,-0.05599454790353775,-0.08708727359771729,0.2196498066186905,-0.3588173925876617,0.2561051845550537,8464,0.12896378338336945,0.25441670417785645,0.3993343412876129,-0.4415714770555496,0.615560120344162
9,Day 9,7,Tray 7,DJI_20260627101933_0007,5,1,5,8464,0.28861337900161743,0.2761910557746887,0.200002521276474,0.0491875730454922,0.541814512014389,8464,-0.1129331886768341,-0.1433756798505783,0.19208978116512299,-0.3540721446275711,0.1518053740262985,8464,-0.00481295445933938,-0.13671061396598816,0.3260761797428131,-0.38978602886199953,0.4634524583816528
9,Day 9,7,Tray 7,DJI_20260627101933_0007,6,1,6,8464,0.23634514212608337,0.1662808656692505,0.22374342381954193,0.015494342055171754,0.5422603607177734,8464,-0.1557418555021286,-0.16451016068458557,0.1978316605091095,-0.42311033606529236,0.11039326563477515,8464,-0.02403714694082737,-0.16022099554538727,0.35450685024261475,-0.4546486437320709,0.505741649866104
9,Day 9,7,Tray 7,DJI_20260627101933_0007,7,1,7,8464,0.21996797621250153,0.15678833425045013,0.21298649907112122,0.044126368686556824,0.5341885149478912,8464,-0.16276223957538605,-0.164675772190094,0.19974632561206818,-0.4198290795087814,0.0853958562016487,8464,-0.07660485059022903,-0.164675772190094,0.3238498568534851,-0.4637284845113754,0.44880101680755613
9,Day 9,7,Tray 7,DJI_20260627101933_0007,8,1,8,8464,0.19574816524982452,0.15138165652751923,0.18410013616085052,0.015194413065910356,0.5016455471515655,8464,-0.18360929191112518,-0.1878172606229782,0.18447667360305786,-0.38790035247802734,0.08932894840836521,8464,-0.14476676285266876,-0.19144602119922638,0.2991720736026764,-0.45584928095340727,0.47106699645519245
9,Day 9,7,Tray 7,DJI_20260627101933_0007,9,1,9,8464,0.20326435565948486,0.15738296508789062,0.12933020293712616,0.1075598627328873,0.41714153587818137,8464,-0.18743319809436798,-0.1940516084432602,0.1488504409790039,-0.3479262590408325,-0.04527930654585366,8464,-0.09961709380149841,-0.1928342580795288,0.30876389145851135,-0.3632732301950454,0.546875
9,Day 9,7,Tray 7,DJI_20260627101933_0007,10,1,10,8464,0.2084202617406845,0.1616954505443573,0.1291360855102539,0.117576701939106,0.4319045484066009,8464,-0.19189448654651642,-0.21118012070655823,0.14514552056789398,-0.35552216768264766,0.024291498586535454,8464,-0.08551744371652603,-0.210643008351326,0.3259238004684448,-0.4151789963245392,0.506966769695282
9,Day 9,7,Tray 7,DJI_20260627101933_0007,11,2,1,8464,0.2462214231491089,0.1601274162530899,0.265167772769928,0.007116606924682863,0.6301509678363798,8464,-0.061395131051540375,-0.10036275535821915,0.24819310009479523,-0.37091819941997517,0.3081102550029754,8464,0.1765192747116089,0.06717528402805328,0.43643444776535034,-0.40215715765953064,0.7231218755245209
9,Day 9,7,Tray 7,DJI_20260627101933_0007,12,2,2,8464,0.2917127013206482,0.20992301404476166,0.19506946206092834,0.10728413611650467,0.569067531824112,8464,-0.04309188574552536,-0.09433458000421524,0.16669075191020966,-0.18917685002088547,0.20271561890840528,8464,0.21516327559947968,0.23216602206230164,0.33693727850914,-0.15596330165863037,0.6536221086978913
9,Day 9,7,Tray 7,DJI_20260627101933_0007,13,2,3,8464,0.3662337064743042,0.4072968065738678,0.19517454504966736,0.1225525051355362,0.6050712406635284,8464,-0.034032389521598816,-0.06549903750419617,0.19472265243530273,-0.26197539269924164,0.22801142036914823,8464,0.3023519217967987,0.37830036878585815,0.31398263573646545,-0.17677490562200543,0.6561550378799438
9,Day 9,7,Tray 7,DJI_20260627101933_0007,14,2,4,8464,0.2907482385635376,0.263763427734375,0.23213009536266327,0.030416899174451832,0.5996111094951629,8464,-0.11534921079874039,-0.12903225421905518,0.21715869009494781,-0.38803912401199336,0.19937225282192217,8464,0.07987702637910843,-0.0662054568529129,0.38251426815986633,-0.39035075604915614,0.6056569039821624
9,Day 9,7,Tray 7,DJI_20260627101933_0007,15,2,5,8464,0.26192739605903625,0.21009065210819244,0.257774293422699,-0.07123655825853348,0.5902535915374756,8464,-0.12206187844276428,-0.142578125,0.25457608699798584,-0.4578244149684906,0.22264912277460094,8464,0.00039515108801424503,-0.1367916464805603,0.4088493883609772,-0.5027523040771484,0.5738354384899139
9,Day 9,7,Tray 7,DJI_20260627101933_0007,16,2,6,8464,0.2656252980232239,0.18710942566394806,0.228921577334404,-0.02059233058243988,0.563702118396759,8464,-0.15398424863815308,-0.1549851894378662,0.18384145200252533,-0.4101239740848541,0.10302765518426894,8464,-0.05395316705107689,-0.1531962901353836,0.32937827706336975,-0.4341161161661148,0.46813440322875977
9,Day 9,7,Tray 7,DJI_20260627101933_0007,17,2,7,8464,0.2378452569246292,0.16252458095550537,0.24102939665317535,-0.03128136433660981,0.5480857372283935,8464,-0.1452428251504898,-0.15020012855529785,0.23025710880756378,-0.501099705696106,0.1568639084696769,8464,-0.05825023353099823,-0.15417136251926422,0.3695041239261627,-0.5536080539226531,0.48117727041244507
9,Day 9,7,Tray 7,DJI_20260627101933_0007,18,2,8,8464,0.22774071991443634,0.1615450233221054,0.18294382095336914,0.03853502310812474,0.5116397142410278,8464,-0.1817759871482849,-0.1838681697845459,0.14539691805839539,-0.3597874939441681,-0.0008300559828057924,8464,-0.08580687642097473,-0.17824773490428925,0.28855207562446594,-0.4052566349506378,0.3953625947237014
9,Day 9,7,Tray 7,DJI_20260627101933_0007,19,2,9,8464,0.22146329283714294,0.16188561916351318,0.1751120239496231,0.07296397536993027,0.5215975821018217,8464,-0.16853702068328857,-0.18902438879013062,0.18559089303016663,-0.391673743724823,0.08350114375352856,8464,-0.0810118094086647,-0.1867845207452774,0.342864990234375,-0.4462299048900604,0.539335972070694
9,Day 9,7,Tray 7,DJI_20260627101933_0007,20,2,10,8464,0.25374865531921387,0.17279595136642456,0.17519640922546387,0.1127582795917988,0.5313583433628082,8464,-0.15692344307899475,-0.20425492525100708,0.18383395671844482,-0.38262636065483085,0.12412793859839438,8464,0.005304242018610239,-0.19614429771900177,0.39976394176483154,-0.47719279825687405,0.601721340417862
9,Day 9,7,Tray 7,DJI_20260627101933_0007,21,3,1,8464,0.2709580063819885,0.18558531999588013,0.2413482517004013,-0.0010754224727861548,0.6009714484214783,8464,-0.04932483658194542,-0.0958140641450882,0.21882353723049164,-0.3297613263130188,0.28170710802078247,8464,0.19497428834438324,0.32669442892074585,0.3935750126838684,-0.35573580861091614,0.6654662728309632
9,Day 9,7,Tray 7,DJI_20260627101933_0007,22,3,2,8464,0.31602177023887634,0.28559714555740356,0.1916220784187317,0.11284299492835999,0.5982009172439575,8464,-0.03934543952345848,-0.09408645331859589,0.1882711946964264,-0.21770572513341904,0.25359381139278403,8464,0.23494653403759003,0.2253543883562088,0.3205184042453766,-0.13387788832187653,0.6816675961017609
9,Day 9,7,Tray 7,DJI_20260627101933_0007,23,3,3,8464,0.408288836479187,0.4600871205329895,0.2153957337141037,0.12738124430179598,0.6415427327156067,8464,0.014224343933165073,0.015620511025190353,0.23892956972122192,-0.30608901381492615,0.3239041984081268,8464,0.2799762487411499,0.37767910957336426,0.35455411672592163,-0.32680816054344175,0.6746610999107361
9,Day 9,7,Tray 7,DJI_20260627101933_0007,24,3,4,8464,0.4436314105987549,0.4758875370025635,0.16690851747989655,0.26179914772510526,0.607393890619278,8464,-0.006016795989125967,0.014107932336628437,0.20500750839710236,-0.31532588601112366,0.23486519753932952,8464,0.23714932799339294,0.3685031235218048,0.3706957697868347,-0.4419023126363754,0.5972738146781922
9,Day 9,7,Tray 7,DJI_20260627101933_0007,25,3,5,8464,0.37567970156669617,0.44084393978118896,0.23008932173252106,0.046317375078797345,0.6249498784542084,8464,-0.06343502551317215,-0.08584646880626678,0.260243684053421,-0.397870272397995,0.2922977805137634,8464,0.04053886979818344,-0.12973308563232422,0.40670475363731384,-0.45592986047267914,0.5734506845474243
9,Day 9,7,Tray 7,DJI_20260627101933_0007,26,3,6,8464,0.305799275636673,0.3467591404914856,0.22508008778095245,0.030792864970862886,0.5716930329799652,8464,-0.10980569571256638,-0.13987474143505096,0.19881170988082886,-0.3918306201696396,0.15966937243938445,8464,-0.02838541753590107,-0.15106289088726044,0.35813048481941223,-0.4469964802265167,0.4986615628004074
9,Day 9,7,Tray 7,DJI_20260627101933_0007,27,3,7,8464,0.23346199095249176,0.1590416431427002,0.2191385179758072,-0.028144093044102175,0.5350217461585999,8464,-0.15767912566661835,-0.15874363481998444,0.19254517555236816,-0.4298265874385834,0.12186241745948788,8464,-0.09292276203632355,-0.16749821603298187,0.3459589183330536,-0.4925373256206512,0.4523705214262008
9,Day 9,7,Tray 7,DJI_20260627101933_0007,28,3,8,8464,0.2539849579334259,0.17280124127864838,0.23125417530536652,0.022995565645396725,0.5720417141914368,8464,-0.13380193710327148,-0.16451016068458557,0.24761494994163513,-0.4564749836921692,0.20971355289220808,8464,-0.007394214626401663,-0.15563708543777466,0.40636205673217773,-0.5137792706489562,0.6059534609317779
9,Day 9,7,Tray 7,DJI_20260627101933_0007,29,3,9,8464,0.247619166970253,0.18452510237693787,0.18868957459926605,0.0914300285279751,0.5234580636024475,8464,-0.15861350297927856,-0.18011526763439178,0.19812017679214478,-0.4390085607767105,0.12374697923660267,8464,-0.04363061115145683,-0.18173617124557495,0.3867097795009613,-0.4899035692214966,0.5748785138130188
9,Day 9,7,Tray 7,DJI_20260627101933_0007,30,3,10,8464,0.22280189394950867,0.17072094976902008,0.16609084606170654,0.0958733007311821,0.4995842456817627,8464,-0.1419823318719864,-0.1940516084432602,0.2385351061820984,-0.439446821808815,0.25848587453365307,8464,-0.07292827218770981,-0.20476610958576202,0.4029569625854492,-0.4981068760156631,0.6543278098106384
9,Day 9,7,Tray 7,DJI_20260627101933_0007,31,4,1,8464,0.28053295612335205,0.19767767190933228,0.24372632801532745,0.038726020604372025,0.64462810754776,8464,-0.012228354811668396,-0.08347664773464203,0.2247624397277832,-0.2657836616039276,0.33329171538352964,8464,0.15550164878368378,-0.053914766758680344,0.3872787654399872,-0.2848469644784927,0.6879538238048553
9,Day 9,7,Tray 7,DJI_20260627101933_0007,32,4,2,8464,0.3896300196647644,0.4416869878768921,0.20180265605449677,0.11959525272250177,0.6369456231594085,8464,0.05417996272444725,0.02536865323781967,0.18397895991802216,-0.14273127913475037,0.32198868393898006,8464,0.2842731177806854,0.40335094928741455,0.33977264165878296,-0.1583666920661926,0.6614637017250061
9,Day 9,7,Tray 7,DJI_20260627101933_0007,33,4,3,8464,0.44562047719955444,0.47552770376205444,0.16617198288440704,0.16392609477043152,0.6434491693973541,8464,0.07774533331394196,0.04829283431172371,0.19718514382839203,-0.12438220530748367,0.38359405696392046,8464,0.34707173705101013,0.40645021200180054,0.3192073404788971,-0.11549986153841019,0.7070870816707611
9,Day 9,7,Tray 7,DJI_20260627101933_0007,34,4,4,8464,0.40431898832321167,0.45856979489326477,0.22109560668468475,0.09528023302555085,0.632065725326538,8464,-0.002844096627086401,0.007839552126824856,0.26247769594192505,-0.38984659910202024,0.33360281586647034,8464,0.17515039443969727,0.3003230094909668,0.4258052110671997,-0.46813687682151794,0.686979192495346
9,Day 9,7,Tray 7,DJI_20260627101933_0007,35,4,5,8464,0.35410308837890625,0.450766384601593,0.26917245984077454,-0.020281296223401957,0.6242264389991761,8464,-0.06125713884830475,-0.04741131514310837,0.2582803964614868,-0.4216281771659851,0.2616673201322555,8464,0.029775399714708328,-0.13238853216171265,0.4338918924331665,-0.49344521462917323,0.5861591756343841
9,Day 9,7,Tray 7,DJI_20260627101933_0007,36,4,6,8464,0.3130999505519867,0.31064915657043457,0.2320287823677063,0.07177358642220498,0.6055870175361633,8464,-0.072627492249012,-0.1340348869562149,0.23805399239063263,-0.39371167719364164,0.23948023319244385,8464,-0.03139821067452431,-0.15254713594913483,0.3823312222957611,-0.4926293700933456,0.5382175445556641
9,Day 9,7,Tray 7,DJI_20260627101933_0007,37,4,7,8464,0.28890684247016907,0.2654155492782593,0.1927158534526825,0.10583146959543228,0.540200287103653,8464,-0.12039393186569214,-0.14915111660957336,0.1718612015247345,-0.3309867411851883,0.12632274627685547,8464,-0.046594638377428055,-0.15287162363529205,0.33302074670791626,-0.44853201508522034,0.427694883942604
9,Day 9,7,Tray 7,DJI_20260627101933_0007,38,4,8,8464,0.2881305515766144,0.2055359184741974,0.21521800756454468,0.0946054756641388,0.5928268194198608,8464,-0.08691757917404175,-0.1588810682296753,0.23682931065559387,-0.38410035669803616,0.2773981124162674,8464,0.016293734312057495,-0.17217689752578735,0.41687408089637756,-0.4754723161458969,0.6234140932559967
9,Day 9,7,Tray 7,DJI_20260627101933_0007,39,4,9,8464,0.28329190611839294,0.1899069845676422,0.20999157428741455,0.11288711428642273,0.5728564023971557,8464,-0.07673472911119461,-0.16022099554538727,0.258605420589447,-0.3074573397636413,0.30939349830150603,8464,-0.001117729814723134,-0.17184147238731384,0.42504197359085083,-0.5220848977565765,0.6552606105804443
9,Day 9,7,Tray 7,DJI_20260627101933_0007,40,4,10,8464,0.2852434515953064,0.23244529962539673,0.17394474148750305,0.12761410176753998,0.5344812512397766,8464,-0.09962248802185059,-0.1901441067457199,0.23128601908683777,-0.3353086143732071,0.24216110706329344,8464,0.010062259621918201,-0.14371636509895325,0.4069221615791321,-0.5335356056690216,0.5764576137065888
9,Day 9,7,Tray 7,DJI_20260627101933_0007,41,5,1,8464,0.29795214533805847,0.1873001903295517,0.2273363471031189,0.09768044576048851,0.656468504667282,8464,0.0014638814609497786,-0.1019793450832367,0.2311476767063141,-0.2058303952217102,0.38805032968521114,8464,0.1543193757534027,0.048403579741716385,0.34652045369148254,-0.19474835693836212,0.6669960737228393
9,Day 9,7,Tray 7,DJI_20260627101933_0007,42,5,2,8464,0.3705909252166748,0.3847094774246216,0.20771463215351105,0.11596577614545822,0.6560333549976349,8464,0.021151602268218994,-0.041848376393318176,0.19760778546333313,-0.15984309315681455,0.3366998046636581,8464,0.19916507601737976,0.23963133990764618,0.3288949728012085,-0.18011383712291718,0.6577359020709991
9,Day 9,7,Tray 7,DJI_20260627101933_0007,43,5,3,8464,0.3958209156990051,0.42274829745292664,0.1889769732952118,0.13816899359226228,0.6303001284599304,8464,0.05118599906563759,0.023002928122878075,0.19216933846473694,-0.15138093680143355,0.340043893456459,8464,0.19903941452503204,0.2988165020942688,0.36835598945617676,-0.27397873699665065,0.6659630596637726
9,Day 9,7,Tray 7,DJI_20260627101933_0007,44,5,4,8464,0.35258749127388,0.3408474922180176,0.23126666247844696,0.09657808989286423,0.6585503816604614,8464,-0.029293274506926537,-0.09697294235229492,0.2669437825679779,-0.3641505837440491,0.350606495141983,8464,-0.0207932461053133,-0.13340714573860168,0.35590213537216187,-0.42239366173744197,0.597376000881195
9,Day 9,7,Tray 7,DJI_20260627101933_0007,45,5,5,8464,0.3226236402988434,0.3526569902896881,0.2220756560564041,0.08777091875672341,0.5886195003986359,8464,-0.06702373176813126,-0.10836602747440338,0.19900409877300262,-0.30642138421535486,0.21424715071916578,8464,-0.051215507090091705,-0.15465952455997467,0.3263210952281952,-0.42757537961006165,0.45743059813976283
9,Day 9,7,Tray 7,DJI_20260627101933_0007,46,5,6,8464,0.28508996963500977,0.2166024148464203,0.20833981037139893,0.09341619908809662,0.572956120967865,8464,-0.09837064892053604,-0.14609572291374207,0.1876121163368225,-0.295165154337883,0.16816172748804087,8464,-0.06695185601711273,-0.1653386503458023,0.3223295211791992,-0.41941073536872864,0.4840331465005875
9,Day 9,7,Tray 7,DJI_20260627101933_0007,47,5,7,8464,0.2714780271053314,0.17364013195037842,0.20808370411396027,0.0941736750304699,0.5756646990776062,8464,-0.11277331411838531,-0.1574164628982544,0.18200337886810303,-0.30993147790431974,0.16004811525344848,8464,-0.09511314332485199,-0.17554183304309845,0.32920610904693604,-0.4539126068353653,0.47991067171096796
9,Day 9,7,Tray 7,DJI_20260627101933_0007,48,5,8,8464,0.2587226331233978,0.17220249772071838,0.20372334122657776,0.08614962175488472,0.5737336993217468,8464,-0.11235971748828888,-0.16583630442619324,0.2105250060558319,-0.35248919427394865,0.21676478981971736,8464,-0.0460849292576313,-0.17194320261478424,0.3760850131511688,-0.49316316843032837,0.5710372507572173
9,Day 9,7,Tray 7,DJI_20260627101933_0007,49,5,9,8464,0.29213669896125793,0.19452360272407532,0.1829862743616104,0.1273031160235405,0.5610486447811127,8464,-0.09721822291612625,-0.17740081250667572,0.20589470863342285,-0.2697746753692627,0.20215187966823578,8464,0.0015463463496416807,-0.18472443521022797,0.3723962604999542,-0.41158220171928406,0.5671797752380371
9,Day 9,7,Tray 7,DJI_20260627101933_0007,50,5,10,8464,0.2741428017616272,0.1801242232322693,0.1704609990119934,0.12828889191150666,0.5495874226093292,8464,-0.09422838687896729,-0.19505949318408966,0.2175365835428238,-0.2634262263774872,0.2566887825727463,8464,-0.02616431936621666,-0.2063632309436798,0.36581510305404663,-0.3947547674179077,0.5835419595241547
9,Day 9,7,Tray 7,DJI_20260627101933_0007,51,6,1,8464,0.25845569372177124,0.16206461191177368,0.20481058955192566,0.09351780191063881,0.6119680941104889,8464,-0.03922760486602783,-0.1199234277009964,0.19997210800647736,-0.1916887566447258,0.311652785539627,8464,0.08325427770614624,-0.10586011409759521,0.3123894929885864,-0.1767241358757019,0.5952135086059568
9,Day 9,7,Tray 7,DJI_20260627101933_0007,52,6,2,8464,0.29296448826789856,0.22799471020698547,0.19530463218688965,0.11207273006439208,0.5995464146137237,8464,-0.025383224710822105,-0.10697506368160248,0.2094508558511734,-0.19026564359664913,0.335705155134201,8464,0.04596111550927162,-0.10075129568576813,0.30975133180618286,-0.2631059199571609,0.5648030161857605
9,Day 9,7,Tray 7,DJI_20260627101933_0007,53,6,3,8464,0.32451939582824707,0.2971014380455017,0.20988476276397705,0.1040936604142189,0.6105028450489044,8464,-0.03253791108727455,-0.09814963489770889,0.19566284120082855,-0.2338053584098816,0.26112743020057666,8464,0.03830436244606972,-0.1000976487994194,0.30776506662368774,-0.28808015286922456,0.5100137531757355
9,Day 9,7,Tray 7,DJI_20260627101933_0007,54,6,4,8464,0.3121325969696045,0.30946072936058044,0.22606073319911957,0.0558684166520834,0.609115993976593,8464,-0.06643546372652054,-0.1133727878332138,0.2263457179069519,-0.3306255042552948,0.29930417835712425,8464,-0.017373498529195786,-0.1374703049659729,0.3466697931289673,-0.40988120436668396,0.5350804328918456
9,Day 9,7,Tray 7,DJI_20260627101933_0007,55,6,5,8464,0.2883099615573883,0.244153693318367,0.23546373844146729,0.023205379024147987,0.5950310826301575,8464,-0.08395962417125702,-0.14401452243328094,0.2248508185148239,-0.34785972237586976,0.24102537035942073,8464,-0.07633685320615768,-0.1666666716337204,0.3372933566570282,-0.47249191999435425,0.4719463407993316
9,Day 9,7,Tray 7,DJI_20260627101933_0007,56,6,6,8464,0.2557302415370941,0.16401690244674683,0.24657006561756134,0.02417411282658578,0.6106638371944427,8464,-0.10903927683830261,-0.15661630034446716,0.25210338830947876,-0.4124203592538833,0.2714904248714447,8464,-0.123326376080513,-0.1731843501329422,0.3066606819629669,-0.4694668591022491,0.4265780001878738
9,Day 9,7,Tray 7,DJI_20260627101933_0007,57,6,7,8464,0.24746602773666382,0.15499566495418549,0.2070053666830063,0.08578357100486755,0.5669496297836304,8464,-0.12324816733598709,-0.17368873953819275,0.19936761260032654,-0.317390438914299,0.16978014707565306,8464,-0.10666976869106293,-0.18352600932121277,0.32087597250938416,-0.47037702798843384,0.4422331631183624
9,Day 9,7,Tray 7,DJI_20260627101933_0007,58,6,8,8464,0.23717154562473297,0.15875062346458435,0.18611887097358704,0.10070228204131126,0.5557191729545593,8464,-0.12578310072422028,-0.17858684062957764,0.18938753008842468,-0.27431151270866394,0.17696618437767028,8464,-0.07265933603048325,-0.18867924809455872,0.34560564160346985,-0.4137020379304886,0.5632513284683227
9,Day 9,7,Tray 7,DJI_20260627101933_0007,59,6,9,8464,0.2489212453365326,0.16923663020133972,0.18291831016540527,0.11390194743871689,0.5327964782714844,8464,-0.13526864349842072,-0.1942257285118103,0.17733962833881378,-0.2669501811265945,0.15679676830768585,8464,-0.0552307590842247,-0.20017585158348083,0.3395858407020569,-0.37147962450981137,0.5701596915721893
9,Day 9,7,Tray 7,DJI_20260627101933_0007,60,6,10,8464,0.22294211387634277,0.16203191876411438,0.1988213211297989,0.06623015999794007,0.5373882412910461,8464,-0.14174994826316833,-0.17520447075366974,0.22520162165164948,-0.3618541985750198,0.19985220283269883,8464,-0.010405557230114937,-0.15490376949310303,0.36978715658187866,-0.36789537966251373,0.5572146356105804
9,Day 9,7,Tray 7,DJI_20260627101933_0007,61,7,1,8464,0.21928980946540833,0.1501983106136322,0.19358035922050476,0.08225696682929994,0.5278425157070159,8464,-0.10152800381183624,-0.12161051481962204,0.1521969884634018,-0.21466498374938964,0.08659893348813051,8464,0.022511927410960197,-0.1118653267621994,0.3028744161128998,-0.192955881357193,0.5774126827716827
9,Day 9,7,Tray 7,DJI_20260627101933_0007,62,7,2,8464,0.2803761661052704,0.2118629515171051,0.20934198796749115,0.09754281491041183,0.59462970495224,8464,-0.050992488861083984,-0.11390683799982071,0.20453162491321564,-0.21598147600889206,0.26934024691581726,8464,0.08337980508804321,-0.06723010540008545,0.3379727005958557,-0.2501908242702484,0.6422978222370147
9,Day 9,7,Tray 7,DJI_20260627101933_0007,63,7,3,8464,0.3105059862136841,0.29595375061035156,0.21211515367031097,0.08460197150707245,0.6034373044967651,8464,-0.05862314626574516,-0.11028265953063965,0.2135622203350067,-0.3214285671710968,0.2591921687126159,8464,0.07429932802915573,0.0018876225221902132,0.34917864203453064,-0.3811129927635193,0.5713992595672607
9,Day 9,7,Tray 7,DJI_20260627101933_0007,64,7,4,8464,0.2808036208152771,0.26132386922836304,0.23903696238994598,-0.028880439512431615,0.5954133093357086,8464,-0.11379609256982803,-0.15148228406906128,0.22283484041690826,-0.40262582898139954,0.19343256205320358,8464,-0.04597872868180275,-0.1667497754096985,0.3432413339614868,-0.4320685565471649,0.49955592751502986
9,Day 9,7,Tray 7,DJI_20260627101933_0007,65,7,5,8464,0.22272829711437225,0.1530095934867859,0.2372652143239975,-0.06240713223814964,0.5684259533882141,8464,-0.1475772261619568,-0.17234468460083008,0.2162816822528839,-0.42749375104904175,0.1837199404835701,8464,-0.13227275013923645,-0.18284228444099426,0.29720839858055115,-0.4766601353883743,0.41066405773162834
9,Day 9,7,Tray 7,DJI_20260627101933_0007,66,7,6,8464,0.20588389039039612,0.1517225205898285,0.20422397553920746,-0.0009986235119867643,0.5364560067653655,8464,-0.1708063930273056,-0.18558193743228912,0.18779750168323517,-0.39412015676498413,0.1167602688074112,8464,-0.14255231618881226,-0.19109947979450226,0.264692097902298,-0.43086130917072296,0.33959670960903166
9,Day 9,7,Tray 7,DJI_20260627101933_0007,67,7,7,8464,0.19763916730880737,0.15216518938541412,0.18618623912334442,0.02343112118542196,0.4882410019636154,8464,-0.18146900832653046,-0.18644067645072937,0.16092412173748016,-0.3774843394756317,0.040149006992578506,8464,-0.16338421404361725,-0.19562043249607086,0.26136666536331177,-0.4423851042985916,0.241182743012905
9,Day 9,7,Tray 7,DJI_20260627101933_0007,68,7,8,8464,0.2077687829732895,0.1558765470981598,0.19759206473827362,0.08773029819130898,0.49860348403453825,8464,-0.16593988239765167,-0.19631901383399963,0.20072631537914276,-0.33530328571796414,0.1052290238440036,8464,-0.1209239661693573,-0.20000000298023224,0.3047645688056946,-0.46033557951450343,0.3997517794370651
9,Day 9,7,Tray 7,DJI_20260627101933_0007,69,7,9,8464,0.21220830082893372,0.16190235316753387,0.18654152750968933,0.1047910749912262,0.5074045121669769,8464,-0.175025075674057,-0.2072523534297943,0.17414814233779907,-0.28821244835853577,0.07504760622978202,8464,-0.11910129338502884,-0.210643008351326,0.29638150334358215,-0.40362310409545893,0.4030416131019591
9,Day 9,7,Tray 7,DJI_20260627101933_0007,70,7,10,8464,0.20301173627376556,0.15978671610355377,0.19237414002418518,0.0016860107309185038,0.4859565496444702,8464,-0.14879658818244934,-0.18284228444099426,0.22820094227790833,-0.40504375100135803,0.15086206793785095,8464,-0.06460109353065491,-0.18369705975055695,0.3543888032436371,-0.4205678969621658,0.5837197065353393
9,Day 9,8,Tray 8,DJI_20260627102037_0008,1,1,1,8464,0.2246929109096527,0.1561318039894104,0.20504049956798553,0.06489571481943134,0.5495792090892792,8464,-0.09158341586589813,-0.1296551674604416,0.193080335855484,-0.29389949142932886,0.19529417008161545,8464,0.10032154619693756,-0.09837055206298828,0.38670605421066284,-0.2873568147420883,0.706512200832367
9,Day 9,8,Tray 8,DJI_20260627102037_0008,2,1,2,8464,0.27178871631622314,0.17148368060588837,0.21804197132587433,0.09130787625908851,0.586065024137497,8464,-0.058207038789987564,-0.12284068763256073,0.20161007344722748,-0.2448241576552391,0.24359096139669412,8464,0.1508614718914032,-0.0452299639582634,0.38063082098960876,-0.20299647748470306,0.7086177587509155
9,Day 9,8,Tray 8,DJI_20260627102037_0008,3,1,3,8464,0.33266326785087585,0.3245721459388733,0.22826793789863586,0.09534921497106554,0.635029011964798,8464,-0.029578058049082756,-0.09775292873382568,0.219345360994339,-0.27055537700653076,0.2818679988384246,8464,0.20627941191196442,0.27935710549354553,0.3761102557182312,-0.2996347427368164,0.6718273162841797
9,Day 9,8,Tray 8,DJI_20260627102037_0008,4,1,4,8464,0.2981555163860321,0.24640798568725586,0.1991533637046814,0.10634947940707207,0.5903568625450133,8464,-0.08375051617622375,-0.12732023000717163,0.18943996727466583,-0.29106479585170747,0.18278729766607282,8464,0.12834419310092926,0.018627451732754707,0.35317596793174744,-0.26141080260276794,0.6297595798969269
9,Day 9,8,Tray 8,DJI_20260627102037_0008,5,1,5,8464,0.24580155313014984,0.21277505159378052,0.26590386033058167,-0.04547066651284694,0.6049561262130737,8464,-0.10747753083705902,-0.15335868299007416,0.2829861342906952,-0.43759873509407043,0.3228720337152481,8464,0.011228534393012524,-0.13829047977924347,0.4263862073421478,-0.5277000665664673,0.6482132911682129
9,Day 9,8,Tray 8,DJI_20260627102037_0008,6,1,6,8464,0.24914297461509705,0.18111646175384521,0.2467876374721527,0.014192864112555988,0.5679723620414734,8464,-0.12680386006832123,-0.16451016068458557,0.2514302134513855,-0.4213002204895019,0.2043347597122192,8464,0.003323341254144907,-0.13682368397712708,0.38115277886390686,-0.4839644730091095,0.5480874061584472
9,Day 9,8,Tray 8,DJI_20260627102037_0008,7,1,7,8464,0.18482619524002075,0.14032280445098877,0.21975843608379364,-0.02861513569951056,0.5096539258956909,8464,-0.16164521872997284,-0.17301632463932037,0.242619588971138,-0.5156519055366515,0.17383821308612823,8464,-0.09742562472820282,-0.17016716301441193,0.3394266963005066,-0.5844211280345917,0.4706947833299637
9,Day 9,8,Tray 8,DJI_20260627102037_0008,8,1,8,8464,0.1724960207939148,0.1347709596157074,0.1845809817314148,0.0009348964726087023,0.4757921367883681,8464,-0.19012366235256195,-0.1878172606229782,0.18215803802013397,-0.4088105350732803,0.026721112616360183,8464,-0.1620723456144333,-0.18833430111408234,0.24860042333602905,-0.4223688840866089,0.20831919461488713
9,Day 9,8,Tray 8,DJI_20260627102037_0008,9,1,9,8464,0.1871970295906067,0.1499021351337433,0.14197178184986115,0.08403476923704148,0.411784079670906,8464,-0.18551591038703918,-0.186956524848938,0.14159788191318512,-0.32211915254592893,-0.037427154928445824,8464,-0.09205735474824905,-0.1818319857120514,0.2715148329734802,-0.3274769484996795,0.3550617694854736
9,Day 9,8,Tray 8,DJI_20260627102037_0008,10,1,10,8464,0.24615518748760223,0.2127273976802826,0.14570127427577972,0.11488727852702141,0.4565701484680176,8464,-0.17212647199630737,-0.19418218731880188,0.1645870953798294,-0.3486222982406616,0.05734952129423615,8464,-0.017892897129058838,-0.1373881995677948,0.3408903479576111,-0.40942519903182983,0.5215442717075348
9,Day 9,8,Tray 8,DJI_20260627102037_0008,11,2,1,8464,0.23207411170005798,0.18047179281711578,0.23034167289733887,0.006560104107484232,0.5380309522151947,8464,-0.11664895713329315,-0.13168439269065857,0.23509100079536438,-0.4040080368518829,0.1889290064573288,8464,0.12229789793491364,0.04713845252990723,0.4163137674331665,-0.4683422476053237,0.703605055809021
9,Day 9,8,Tray 8,DJI_20260627102037_0008,12,2,2,8464,0.2566883862018585,0.1647091954946518,0.19549788534641266,0.08546803891658783,0.5702828168869019,8464,-0.06252866238355637,-0.1199234277009964,0.1932424008846283,-0.22141291499137877,0.24083799570798872,8464,0.1823645383119583,0.03361176699399948,0.34189388155937195,-0.15580016374588013,0.6660881638526917
9,Day 9,8,Tray 8,DJI_20260627102037_0008,13,2,3,8464,0.2844165563583374,0.2309602051973343,0.19419310986995697,0.09201575070619583,0.5613634884357452,8464,-0.09691920876502991,-0.12546378374099731,0.1937403678894043,-0.3005926936864853,0.16097525805234908,8464,0.12807641923427582,0.014714197255671024,0.3563983142375946,-0.2646695375442505,0.6780113577842712
9,Day 9,8,Tray 8,DJI_20260627102037_0008,14,2,4,8464,0.3462771773338318,0.37640416622161865,0.20556727051734924,0.08750088885426523,0.5992063283920288,8464,-0.06285429000854492,-0.1093197762966156,0.21375173330307007,-0.33032162487506866,0.23614688515663138,8464,0.21188266575336456,0.3302813470363617,0.3646794259548187,-0.2944672554731369,0.6431962788105011
9,Day 9,8,Tray 8,DJI_20260627102037_0008,15,2,5,8464,0.27419817447662354,0.2562878727912903,0.2507900297641754,-0.023182215169072144,0.581531310081482,8464,-0.1522846817970276,-0.15817013382911682,0.2404184639453888,-0.4711693823337555,0.1887480556964874,8464,0.03339269757270813,-0.0939764529466629,0.39937305450439453,-0.4869530200958252,0.6121097207069397
9,Day 9,8,Tray 8,DJI_20260627102037_0008,16,2,6,8464,0.2616201341152191,0.25253403186798096,0.24883079528808594,-0.07852759510278699,0.5620723366737366,8464,-0.15750235319137573,-0.1653386503458023,0.2167745679616928,-0.45340681076049805,0.15843831747770298,8464,-0.011025707237422466,-0.14529436826705933,0.37379005551338196,-0.46695324778556824,0.5574971854686737
9,Day 9,8,Tray 8,DJI_20260627102037_0008,17,2,7,8464,0.2359773963689804,0.17034320533275604,0.25075802206993103,-0.05774459242820739,0.5699018180370331,8464,-0.14282169938087463,-0.1686643809080124,0.257280170917511,-0.5157816410064697,0.22062979638576502,8464,-0.05969686061143875,-0.17175763845443726,0.3863256573677063,-0.5508383870124817,0.5511617541313171
9,Day 9,8,Tray 8,DJI_20260627102037_0008,18,2,8,8464,0.25034067034721375,0.1914990246295929,0.1834670752286911,0.09140254557132722,0.5209629356861114,8464,-0.21217384934425354,-0.185238778591156,0.17230062186717987,-0.4481353163719177,-0.04058230482041837,8464,-0.14347584545612335,-0.1767241358757019,0.25914451479911804,-0.4464106380939483,0.22946175932884216
9,Day 9,8,Tray 8,DJI_20260627102037_0008,19,2,9,8464,0.22741767764091492,0.17427298426628113,0.20535756647586823,0.05317749008536341,0.522522348165512,8464,-0.15924686193466187,-0.18130093812942505,0.22814591228961945,-0.4585930407047272,0.16926330775022508,8464,-0.011501948349177837,-0.16622613370418549,0.40357422828674316,-0.572807639837265,0.586920976638794
9,Day 9,8,Tray 8,DJI_20260627102037_0008,20,2,10,8464,0.2139195054769516,0.15527290105819702,0.1641431301832199,0.09118506163358689,0.48296529054641724,8464,-0.18319237232208252,-0.21118012070655823,0.16881795227527618,-0.3601735025644302,0.06658263131976128,8464,-0.005489253904670477,-0.1626587063074112,0.3556613326072693,-0.38977968990802764,0.578180569410324
9,Day 9,8,Tray 8,DJI_20260627102037_0008,21,3,1,8464,0.28309980034828186,0.20606669783592224,0.25054696202278137,0.03563406243920328,0.6388301730155944,8464,-0.04673438146710396,-0.09214562177658081,0.22623611986637115,-0.28117058277130125,0.3091109871864319,8464,0.1921640783548355,0.09246419370174408,0.411679744720459,-0.27933005392551424,0.7310055255889892
9,Day 9,8,Tray 8,DJI_20260627102037_0008,22,3,2,8464,0.2988716661930084,0.2469845414161682,0.21886567771434784,0.07578621804714203,0.6573529422283173,8464,-0.009726299904286861,-0.09947644174098969,0.24241980910301208,-0.20399604141712188,0.4092249095439911,8464,0.2324795424938202,0.24592691659927368,0.39192917943000793,-0.1771693453192711,0.7482381880283355
9,Day 9,8,Tray 8,DJI_20260627102037_0008,23,3,3,8464,0.37325814366340637,0.4163259267807007,0.22301523387432098,0.10361642241477967,0.6377759575843811,8464,0.01347180176526308,-0.01694555953145027,0.24622122943401337,-0.2620910406112671,0.3499881595373153,8464,0.29709112644195557,0.4496181607246399,0.3755798637866974,-0.33533336222171783,0.6564751207828522
9,Day 9,8,Tray 8,DJI_20260627102037_0008,24,3,4,8464,0.3259037137031555,0.34914910793304443,0.258222371339798,0.03674699664115906,0.647037798166275,8464,-0.05259545147418976,-0.10021493583917618,0.28959396481513977,-0.4061092287302017,0.37963463068008413,8464,0.17866042256355286,0.27063775062561035,0.44171255826950073,-0.4657168388366699,0.6885233759880066
9,Day 9,8,Tray 8,DJI_20260627102037_0008,25,3,5,8464,0.32373544573783875,0.3910061717033386,0.2718712091445923,-0.07836124002933502,0.6222472131252289,8464,-0.0988650768995285,-0.12399643659591675,0.2774199843406677,-0.4600397676229477,0.28582443594932555,8464,0.06342121213674545,0.09718669950962067,0.4071727693080902,-0.49008164703845974,0.5835477650165558
9,Day 9,8,Tray 8,DJI_20260627102037_0008,26,3,6,8464,0.32658639550209045,0.3961951732635498,0.27074798941612244,-0.05831760913133618,0.6369835019111633,8464,-0.12980106472969055,-0.15626230835914612,0.3003329634666443,-0.5452718257904052,0.28972212076187115,8464,-0.001109546865336597,-0.13090306520462036,0.401381254196167,-0.4863883852958679,0.5783462643623352
9,Day 9,8,Tray 8,DJI_20260627102037_0008,27,3,7,8464,0.2540375292301178,0.2079761028289795,0.23432309925556183,-0.05615356117486952,0.564848232269287,8464,-0.16979718208312988,-0.18215934932231903,0.20270797610282898,-0.4376797676086426,0.1375117003917694,8464,-0.060378339141607285,-0.17167381942272186,0.3373429477214813,-0.44188494682312013,0.4752918809652328
9,Day 9,8,Tray 8,DJI_20260627102037_0008,28,3,8,8464,0.29022976756095886,0.24482907354831696,0.20856842398643494,0.0688831262290478,0.5632348358631134,8464,-0.13534420728683472,-0.16370338201522827,0.20137327909469604,-0.38601549863815304,0.14282353222370145,8464,0.06197815760970116,0.010226140730082989,0.3883194625377655,-0.4172248065471649,0.5746188461780547
9,Day 9,8,Tray 8,DJI_20260627102037_0008,29,3,9,8464,0.2416473627090454,0.17375925183296204,0.2096695452928543,-0.0007227174355648458,0.5440406084060668,8464,-0.16252346336841583,-0.18541033565998077,0.18783143162727356,-0.4035594642162323,0.1281755268573761,8464,-0.03515955060720444,-0.1594063937664032,0.33522114157676697,-0.39007216095924374,0.5485371887683869
9,Day 9,8,Tray 8,DJI_20260627102037_0008,30,3,10,8464,0.29125311970710754,0.25396281480789185,0.2070372998714447,0.08403041213750839,0.57085902094841,8464,-0.1085909903049469,-0.18267390131950378,0.26785358786582947,-0.4207458943128586,0.2966598361730575,8464,0.11207281053066254,0.15283432602882385,0.4267621636390686,-0.4782995581626892,0.6351040720939636
9,Day 9,8,Tray 8,DJI_20260627102037_0008,31,4,1,8464,0.24579203128814697,0.18152225017547607,0.31462687253952026,-0.19423647820949552,0.6766880333423614,8464,-0.049536868929862976,-0.10645771771669388,0.31117013096809387,-0.525661814212799,0.39779184162616726,8464,0.17753200232982635,0.271268755197525,0.47423648834228516,-0.5597029328346252,0.7413407564163208
9,Day 9,8,Tray 8,DJI_20260627102037_0008,32,4,2,8464,0.32912677526474,0.284891813993454,0.24738050997257233,0.08733226358890535,0.6619744658470154,8464,0.03436839580535889,-0.07572076469659805,0.2427714616060257,-0.17184147238731384,0.4001074939966201,8464,0.28316566348075867,0.3841097950935364,0.362942636013031,-0.15677966177463531,0.7191105067729949
9,Day 9,8,Tray 8,DJI_20260627102037_0008,33,4,3,8464,0.3637368381023407,0.39132702350616455,0.24526628851890564,0.07456768602132798,0.6885177493095398,8464,0.04955855756998062,-0.0047807288356125355,0.28641197085380554,-0.23814783692359917,0.4548969805240631,8464,0.24538679420948029,0.3672139048576355,0.41354724764823914,-0.30361391901969903,0.7340200722217559
9,Day 9,8,Tray 8,DJI_20260627102037_0008,34,4,4,8464,0.4427165389060974,0.46059751510620117,0.17474016547203064,0.1826773598790169,0.6597426056861877,8464,0.04504696652293205,0.0335465744137764,0.23478049039840698,-0.25218515992164614,0.37606378495693205,8464,0.28439080715179443,0.37015897035598755,0.3517818748950958,-0.3226059019565582,0.6789179682731629
9,Day 9,8,Tray 8,DJI_20260627102037_0008,35,4,5,8464,0.3468674123287201,0.40437549352645874,0.27611932158470154,-0.023619534820318158,0.6460176706314087,8464,-0.050985559821128845,-0.06090664118528366,0.3236803710460663,-0.4953131556510925,0.37043190002441406,8464,0.0992031842470169,0.24643874168395996,0.46799302101135254,-0.5478237807750702,0.6441088318824768
9,Day 9,8,Tray 8,DJI_20260627102037_0008,36,4,6,8464,0.3456242084503174,0.3836517930030823,0.22848206758499146,0.005286041414365178,0.6163895726203918,8464,-0.092861108481884,-0.11277174204587936,0.2844720780849457,-0.46958550810813904,0.3054908365011215,8464,0.015226447023451328,-0.09586373716592789,0.4356594681739807,-0.5312224090099334,0.6393976211547852
9,Day 9,8,Tray 8,DJI_20260627102037_0008,37,4,7,8464,0.32417982816696167,0.3882181644439697,0.2531328499317169,0.059416335076093674,0.6100517749786377,8464,-0.10464131832122803,-0.15580016374588013,0.24659278988838196,-0.4191474586725235,0.23567731678485862,8464,-0.07005665451288223,-0.16883116960525513,0.3533409535884857,-0.49335376024246214,0.4941572070121765
9,Day 9,8,Tray 8,DJI_20260627102037_0008,38,4,8,8464,0.2653394639492035,0.19348838925361633,0.239354208111763,0.05129192136228085,0.5580560564994812,8464,-0.10789301991462708,-0.15776081383228302,0.24786768853664398,-0.41830293834209437,0.2175404280424118,8464,-0.09366469085216522,-0.1768932342529297,0.3796429932117462,-0.5918990612030028,0.486884206533432
9,Day 9,8,Tray 8,DJI_20260627102037_0008,39,4,9,8464,0.2085360884666443,0.16453301906585693,0.20201821625232697,0.015554065443575415,0.509120488166809,8464,-0.17065802216529846,-0.19127272069454193,0.22280630469322205,-0.45177412927150723,0.16054195165634155,8464,-0.10712399333715439,-0.19650672376155853,0.3931558430194855,-0.5508091151714325,0.6434498012065887
9,Day 9,8,Tray 8,DJI_20260627102037_0008,40,4,10,8464,0.32466745376586914,0.32343047857284546,0.19452665746212006,0.10281060412526132,0.5728708207607269,8464,-0.08719584345817566,-0.12591615319252014,0.2383662313222885,-0.36114344000816345,0.24393972754478455,8464,0.13954728841781616,0.07636363804340363,0.39882007241249084,-0.3501098155975342,0.6747097194194793
9,Day 9,8,Tray 8,DJI_20260627102037_0008,41,5,1,8464,0.25896817445755005,0.15621240437030792,0.2692638039588928,0.03371388986706738,0.6823505163192749,8464,-0.029588721692562103,-0.1053634062409401,0.26042601466178894,-0.31391078531742095,0.4083718776702881,8464,0.08957541733980179,-0.10262739658355713,0.39190444350242615,-0.367438605427742,0.6919786334037781
9,Day 9,8,Tray 8,DJI_20260627102037_0008,42,5,2,8464,0.36381199955940247,0.3988792300224304,0.24541859328746796,0.09764093011617661,0.6769740819931029,8464,0.0657784566283226,0.05320833623409271,0.23754851520061493,-0.1650071144104004,0.3848322629928589,8464,0.20071007311344147,0.23154908418655396,0.3699806034564972,-0.20347377508878706,0.6983575880527496
9,Day 9,8,Tray 8,DJI_20260627102037_0008,43,5,3,8464,0.4309784770011902,0.4629640579223633,0.18895643949508667,0.149322909116745,0.6623997509479522,8464,0.09223727136850357,0.07392004877328873,0.22188973426818848,-0.17196040153503417,0.40110575854778285,8464,0.2028350830078125,0.3399603068828583,0.38357874751091003,-0.34009087085723877,0.6445498764514923
9,Day 9,8,Tray 8,DJI_20260627102037_0008,44,5,4,8464,0.4120374321937561,0.44027939438819885,0.19066844880580902,0.14150812923908235,0.6541935205459595,8464,0.03858879953622818,0.026275701820850372,0.23439010977745056,-0.24698949307203294,0.35634800195693966,8464,0.1908184289932251,0.25173133611679077,0.38789939880371094,-0.3606255173683166,0.6585847198963165
9,Day 9,8,Tray 8,DJI_20260627102037_0008,45,5,5,8464,0.3191012144088745,0.3223819434642792,0.29378148913383484,0.0028089285828173448,0.6633631944656372,8464,-0.00246943230740726,-0.03918963670730591,0.324930876493454,-0.4161464929580688,0.4046041876077652,8464,0.00763591518625617,-0.15287162363529205,0.47564151883125305,-0.6883116960525513,0.6272687315940857
9,Day 9,8,Tray 8,DJI_20260627102037_0008,46,5,6,8464,0.3831577003002167,0.4564342796802521,0.2548709511756897,0.06227473281323911,0.6533419966697692,8464,-0.04287799820303917,-0.0688592940568924,0.29203736782073975,-0.43978380560874936,0.3427834093570709,8464,0.025519007816910744,-0.054652757942676544,0.4280380308628082,-0.5716753005981445,0.5918695509433746
9,Day 9,8,Tray 8,DJI_20260627102037_0008,47,5,7,8464,0.32813891768455505,0.3407022953033447,0.1858883649110794,0.123760524392128,0.567613536119461,8464,-0.13823920488357544,-0.171171173453331,0.19711844623088837,-0.3451072573661804,0.13090825527906416,8464,-0.1389475017786026,-0.18003025650978088,0.23732209205627441,-0.39349702596664426,0.2086990118026733
9,Day 9,8,Tray 8,DJI_20260627102037_0008,48,5,8,8464,0.29007774591445923,0.22085921466350555,0.19527536630630493,0.10138051956892014,0.5820710182189941,8464,-0.1395953893661499,-0.17858684062957764,0.20374023914337158,-0.3682331144809723,0.1561303928494453,8464,-0.02418436110019684,-0.17841726541519165,0.35986459255218506,-0.3818047672510147,0.641791045665741
9,Day 9,8,Tray 8,DJI_20260627102037_0008,49,5,9,8464,0.27130964398384094,0.2078132927417755,0.1917579621076584,0.08897574096918107,0.5545905828475952,8464,-0.10106367617845535,-0.18046776950359344,0.25028860569000244,-0.3449647724628448,0.28669168055057526,8464,0.008915729820728302,-0.17167381942272186,0.4186234176158905,-0.47990068793296814,0.6431945562362671
9,Day 9,8,Tray 8,DJI_20260627102037_0008,50,5,10,8464,0.2731260061264038,0.18524189293384552,0.1923573911190033,0.11175349131226539,0.5786418616771698,8464,-0.10310498625040054,-0.19984892010688782,0.23982782661914825,-0.3745502114295959,0.26205936074256897,8464,0.035183992236852646,-0.1707409918308258,0.43758752942085266,-0.4983534514904022,0.6253297924995422
9,Day 9,8,Tray 8,DJI_20260627102037_0008,51,6,1,8464,0.2815578281879425,0.18355995416641235,0.21894702315330505,0.0959482066333294,0.6435274243354797,8464,-0.029612097889184952,-0.1251545548439026,0.219476118683815,-0.20506746470928192,0.3582920730113982,8464,0.13112598657608032,-0.05830659717321396,0.3456156253814697,-0.1838681697845459,0.6436322331428528
9,Day 9,8,Tray 8,DJI_20260627102037_0008,52,6,2,8464,0.2985900342464447,0.22559033334255219,0.21361005306243896,0.09501105695962905,0.6339927196502686,8464,-0.021757174283266068,-0.12577319145202637,0.23708675801753998,-0.2175173312425613,0.38264116644859314,8464,0.1054668053984642,0.015404999256134033,0.35315611958503723,-0.2755427300930023,0.6515147864818572
9,Day 9,8,Tray 8,DJI_20260627102037_0008,53,6,3,8464,0.3273463845252991,0.2994488775730133,0.20513299107551575,0.10381511598825455,0.6263889074325562,8464,-0.004137429408729076,-0.08240722864866257,0.22035254538059235,-0.2223586082458496,0.3451324343681335,8464,0.049626559019088745,-0.07701539993286133,0.34102436900138855,-0.31348933577537536,0.5621301531791687
9,Day 9,8,Tray 8,DJI_20260627102037_0008,54,6,4,8464,0.35031554102897644,0.3575859069824219,0.2223992496728897,0.1013458602130413,0.6415103256702424,8464,-0.002884344197809696,-0.04787634685635567,0.2546970546245575,-0.3235085099935532,0.3658217877149581,8464,0.1300656646490097,0.14396259188652039,0.38988322019577026,-0.39191025495529175,0.6139485776424408
9,Day 9,8,Tray 8,DJI_20260627102037_0008,55,6,5,8464,0.338346928358078,0.33960428833961487,0.23517291247844696,0.07974910959601406,0.6346998751163483,8464,-0.02611510455608368,-0.08033489435911179,0.25475940108299255,-0.30797242820262904,0.31741071641445157,8464,0.0001710935030132532,-0.14225943386554718,0.3629815876483917,-0.44007013142108914,0.5351223886013031
9,Day 9,8,Tray 8,DJI_20260627102037_0008,56,6,6,8464,0.32624971866607666,0.3148982524871826,0.2174474447965622,0.09885792061686519,0.6170970320701599,8464,-0.061234816908836365,-0.13871484994888306,0.21982869505882263,-0.27214447855949403,0.2656019777059555,8464,-0.027567865327000618,-0.15881399810314178,0.3255850076675415,-0.3546474665403366,0.5082581520080567
9,Day 9,8,Tray 8,DJI_20260627102037_0008,57,6,7,8464,0.2963208854198456,0.27335894107818604,0.23282967507839203,0.045000198855996175,0.5953914582729339,8464,-0.1252102553844452,-0.17604824900627136,0.24090100824832916,-0.4541743040084839,0.22297736704349516,8464,-0.09031344205141068,-0.1923132985830307,0.3522431254386902,-0.4918149411678314,0.5026517391204834
9,Day 9,8,Tray 8,DJI_20260627102037_0008,58,6,8,8464,0.22224977612495422,0.15954415500164032,0.18354736268520355,0.06542056053876877,0.5139100730419158,8464,-0.17246676981449127,-0.20120400190353394,0.2138424515724182,-0.406195729970932,0.15506522506475448,8464,-0.14860312640666962,-0.20246659219264984,0.2850576639175415,-0.456900030374527,0.33135107457637786
9,Day 9,8,Tray 8,DJI_20260627102037_0008,59,6,9,8464,0.2617587745189667,0.1723693162202835,0.18527857959270477,0.10234799310564995,0.569994306564331,8464,-0.12610100209712982,-0.200351744890213,0.19980649650096893,-0.3018326461315155,0.19133135229349135,8464,-0.07592088729143143,-0.20476610958576202,0.34359243512153625,-0.3766345053911209,0.5794297993183135
9,Day 9,8,Tray 8,DJI_20260627102037_0008,60,6,10,8464,0.23461222648620605,0.16919851303100586,0.20405718684196472,0.05360805615782739,0.5472912192344664,8464,-0.1248854324221611,-0.18233001232147217,0.24090462923049927,-0.39104604721069336,0.23308053016662586,8464,-0.049122948199510574,-0.18198874592781067,0.3759026527404785,-0.47037702798843384,0.600806325674057
9,Day 9,8,Tray 8,DJI_20260627102037_0008,61,7,1,8464,0.2274159938097,0.14313292503356934,0.20236928761005402,0.08316644728183746,0.6013722777366637,8464,-0.058306626975536346,-0.13821138441562653,0.22874104976654053,-0.22549439072608948,0.36615678668022156,8464,0.028958594426512718,-0.12624940276145935,0.30000942945480347,-0.1917927861213684,0.5850622653961182
9,Day 9,8,Tray 8,DJI_20260627102037_0008,62,7,2,8464,0.25965896248817444,0.15757109224796295,0.20934022963047028,0.08283696398139,0.6189880609512328,8464,-0.07586028426885605,-0.15400873124599457,0.23901911079883575,-0.2891654819250107,0.34006430804729443,8464,0.028840666636824608,-0.13544988632202148,0.34359437227249146,-0.2762376695871353,0.6320316553115845
9,Day 9,8,Tray 8,DJI_20260627102037_0008,63,7,3,8464,0.28391698002815247,0.22456343472003937,0.23334379494190216,0.059450807794928555,0.6548313438892364,8464,-0.08556315302848816,-0.1564529836177826,0.29944178462028503,-0.4227854698896408,0.40618363320827466,8464,0.050064340233802795,-0.035766296088695526,0.3692570626735687,-0.39089382290840147,0.6344043672084808
9,Day 9,8,Tray 8,DJI_20260627102037_0008,64,7,4,8464,0.309620201587677,0.29923275113105774,0.23044262826442719,0.050560709089040756,0.6255169868469238,8464,-0.05980085954070091,-0.1174849420785904,0.26161545515060425,-0.4072841703891754,0.3342659831047058,8464,0.0885193720459938,0.034741707146167755,0.39778146147727966,-0.44777265191078186,0.6829799830913543
9,Day 9,8,Tray 8,DJI_20260627102037_0008,65,7,5,8464,0.3146885633468628,0.3188208341598511,0.20823384821414948,0.07022427394986153,0.5782507658004761,8464,-0.14137516915798187,-0.17255179584026337,0.2524562180042267,-0.43952257335186,0.24289745539426794,8464,-0.048814479261636734,-0.15957587957382202,0.3317393958568573,-0.40843650102615353,0.49302287995815275
9,Day 9,8,Tray 8,DJI_20260627102037_0008,66,7,6,8464,0.2423637956380844,0.1822638213634491,0.2252136617898941,-0.0013527221046388085,0.5966872751712798,8464,-0.16480496525764465,-0.20558591187000275,0.25980520248413086,-0.44743120968341826,0.2575390040874481,8464,-0.10866909474134445,-0.19335567951202393,0.2925291955471039,-0.42114827036857605,0.3772795796394348
9,Day 9,8,Tray 8,DJI_20260627102037_0008,67,7,7,8464,0.2497248500585556,0.16588908433914185,0.21540646255016327,0.0273140424862504,0.5902830958366394,8464,-0.1674749255180359,-0.19771863520145416,0.20058423280715942,-0.3921069920063019,0.13951290547847725,8464,-0.1325344443321228,-0.19352957606315613,0.25293752551078796,-0.40016754567623136,0.26954405903816214
9,Day 9,8,Tray 8,DJI_20260627102037_0008,68,7,8,8464,0.2311142235994339,0.15184283256530762,0.20094309747219086,0.08057511374354362,0.5433461189270019,8464,-0.15355071425437927,-0.21639685332775116,0.22009944915771484,-0.3521503835916519,0.2000658318400383,8464,-0.1596287190914154,-0.22659876942634583,0.27386051416397095,-0.4561223089694977,0.28584906458854675
9,Day 9,8,Tray 8,DJI_20260627102037_0008,69,7,9,8464,0.20993614196777344,0.17344796657562256,0.14364437758922577,0.09166871756315231,0.4176731467247009,8464,-0.21436603367328644,-0.2199501246213913,0.14319922029972076,-0.35879088342189785,-0.09179499819874767,8464,-0.11296123266220093,-0.19947275519371033,0.2740708291530609,-0.33668835163116456,0.29114397764205924
9,Day 9,8,Tray 8,DJI_20260627102037_0008,70,7,10,8464,0.21177934110164642,0.16144023835659027,0.2242739051580429,-0.07509697899222373,0.5562501847743988,8464,-0.14073123037815094,-0.2045910656452179,0.26463204622268677,-0.4485131144523621,0.3002932667732239,8464,-0.04569724574685097,-0.16366204619407654,0.3653492033481598,-0.4582885801792145,0.5598453164100646
