day_order,day,tray_no,tray,row,column,cell_number,green_pixels,cell_pixels,green_cover_pct,emerged_proxy,microbe_status,stress_type,assigned_environment,treatment_group,design_group,actual_environment,watering_regime
1,Day 1,1,Tray 1,1,1,1,0,8464,0.0,0,No Microbe,Ideal,Inside,No Microbe | Ideal,No Microbe | Ideal | Inside,Inside,Always watered
1,Day 1,1,Tray 1,1,2,2,0,8464,0.0,0,No Microbe,Ideal,Inside,No Microbe | Ideal,No Microbe | Ideal | Inside,Inside,Always watered
1,Day 1,1,Tray 1,1,3,3,0,8464,0.0,0,No Microbe,Ideal,Inside,No Microbe | Ideal,No Microbe | Ideal | Inside,Inside,Always watered
1,Day 1,1,Tray 1,1,4,4,0,8464,0.0,0,No Microbe,Ideal,Inside,No Microbe | Ideal,No Microbe | Ideal | Inside,Inside,Always watered
1,Day 1,1,Tray 1,1,5,5,0,8464,0.0,0,No Microbe,Ideal,Inside,No Microbe | Ideal,No Microbe | Ideal | Inside,Inside,Always watered
1,Day 1,1,Tray 1,1,6,6,2,8464,0.023629489603024575,0,No Microbe,Ideal,Inside,No Microbe | Ideal,No Microbe | Ideal | Inside,Inside,Always watered
1,Day 1,1,Tray 1,1,7,7,0,8464,0.0,0,No Microbe,Ideal,Inside,No Microbe | Ideal,No Microbe | Ideal | Inside,Inside,Always watered
1,Day 1,1,Tray 1,1,8,8,0,8464,0.0,0,No Microbe,Ideal,Inside,No Microbe | Ideal,No Microbe | Ideal | Inside,Inside,Always watered
1,Day 1,1,Tray 1,1,9,9,0,8464,0.0,0,No Microbe,Ideal,Inside,No Microbe | Ideal,No Microbe | Ideal | Inside,Inside,Always watered
1,Day 1,1,Tray 1,1,10,10,1,8464,0.011814744801512287,0,No Microbe,Ideal,Inside,No Microbe | Ideal,No Microbe | Ideal | Inside,Inside,Always watered
1,Day 1,1,Tray 1,2,1,11,0,8464,0.0,0,No Microbe,Ideal,Inside,No Microbe | Ideal,No Microbe | Ideal | Inside,Inside,Always watered
1,Day 1,1,Tray 1,2,2,12,0,8464,0.0,0,No Microbe,Ideal,Inside,No Microbe | Ideal,No Microbe | Ideal | Inside,Inside,Always watered
1,Day 1,1,Tray 1,2,3,13,1,8464,0.011814744801512287,0,No Microbe,Ideal,Inside,No Microbe | Ideal,No Microbe | Ideal | Inside,Inside,Always watered
1,Day 1,1,Tray 1,2,4,14,2,8464,0.023629489603024575,0,No Microbe,Ideal,Inside,No Microbe | Ideal,No Microbe | Ideal | Inside,Inside,Always watered
1,Day 1,1,Tray 1,2,5,15,12,8464,0.14177693761814744,0,No Microbe,Ideal,Inside,No Microbe | Ideal,No Microbe | Ideal | Inside,Inside,Always watered
1,Day 1,1,Tray 1,2,6,16,2,8464,0.023629489603024575,0,No Microbe,Ideal,Inside,No Microbe | Ideal,No Microbe | Ideal | Inside,Inside,Always watered
1,Day 1,1,Tray 1,2,7,17,0,8464,0.0,0,No Microbe,Ideal,Inside,No Microbe | Ideal,No Microbe | Ideal | Inside,Inside,Always watered
1,Day 1,1,Tray 1,2,8,18,1,8464,0.011814744801512287,0,No Microbe,Ideal,Inside,No Microbe | Ideal,No Microbe | Ideal | Inside,Inside,Always watered
1,Day 1,1,Tray 1,2,9,19,0,8464,0.0,0,No Microbe,Ideal,Inside,No Microbe | Ideal,No Microbe | Ideal | Inside,Inside,Always watered
1,Day 1,1,Tray 1,2,10,20,4,8464,0.04725897920604915,0,No Microbe,Ideal,Inside,No Microbe | Ideal,No Microbe | Ideal | Inside,Inside,Always watered
1,Day 1,1,Tray 1,3,1,21,0,8464,0.0,0,No Microbe,Ideal,Inside,No Microbe | Ideal,No Microbe | Ideal | Inside,Inside,Always watered
1,Day 1,1,Tray 1,3,2,22,0,8464,0.0,0,No Microbe,Ideal,Inside,No Microbe | Ideal,No Microbe | Ideal | Inside,Inside,Always watered
1,Day 1,1,Tray 1,3,3,23,0,8464,0.0,0,No Microbe,Ideal,Inside,No Microbe | Ideal,No Microbe | Ideal | Inside,Inside,Always watered
1,Day 1,1,Tray 1,3,4,24,0,8464,0.0,0,No Microbe,Ideal,Inside,No Microbe | Ideal,No Microbe | Ideal | Inside,Inside,Always watered
1,Day 1,1,Tray 1,3,5,25,2,8464,0.023629489603024575,0,No Microbe,Ideal,Inside,No Microbe | Ideal,No Microbe | Ideal | Inside,Inside,Always watered
1,Day 1,1,Tray 1,3,6,26,0,8464,0.0,0,No Microbe,Ideal,Inside,No Microbe | Ideal,No Microbe | Ideal | Inside,Inside,Always watered
1,Day 1,1,Tray 1,3,7,27,0,8464,0.0,0,No Microbe,Ideal,Inside,No Microbe | Ideal,No Microbe | Ideal | Inside,Inside,Always watered
1,Day 1,1,Tray 1,3,8,28,0,8464,0.0,0,No Microbe,Ideal,Inside,No Microbe | Ideal,No Microbe | Ideal | Inside,Inside,Always watered
1,Day 1,1,Tray 1,3,9,29,0,8464,0.0,0,No Microbe,Ideal,Inside,No Microbe | Ideal,No Microbe | Ideal | Inside,Inside,Always watered
1,Day 1,1,Tray 1,3,10,30,0,8464,0.0,0,No Microbe,Ideal,Inside,No Microbe | Ideal,No Microbe | Ideal | Inside,Inside,Always watered
1,Day 1,1,Tray 1,4,1,31,0,8464,0.0,0,No Microbe,Ideal,Inside,No Microbe | Ideal,No Microbe | Ideal | Inside,Inside,Always watered
1,Day 1,1,Tray 1,4,2,32,2,8464,0.023629489603024575,0,No Microbe,Ideal,Inside,No Microbe | Ideal,No Microbe | Ideal | Inside,Inside,Always watered
1,Day 1,1,Tray 1,4,3,33,3,8464,0.03544423440453686,0,No Microbe,Ideal,Inside,No Microbe | Ideal,No Microbe | Ideal | Inside,Inside,Always watered
1,Day 1,1,Tray 1,4,4,34,3,8464,0.03544423440453686,0,No Microbe,Ideal,Inside,No Microbe | Ideal,No Microbe | Ideal | Inside,Inside,Always watered
1,Day 1,1,Tray 1,4,5,35,1,8464,0.011814744801512287,0,No Microbe,Ideal,Inside,No Microbe | Ideal,No Microbe | Ideal | Inside,Inside,Always watered
1,Day 1,1,Tray 1,4,6,36,2,8464,0.023629489603024575,0,No Microbe,Ideal,Inside,No Microbe | Ideal,No Microbe | Ideal | Inside,Inside,Always watered
1,Day 1,1,Tray 1,4,7,37,4,8464,0.04725897920604915,0,No Microbe,Ideal,Inside,No Microbe | Ideal,No Microbe | Ideal | Inside,Inside,Always watered
1,Day 1,1,Tray 1,4,8,38,0,8464,0.0,0,No Microbe,Ideal,Inside,No Microbe | Ideal,No Microbe | Ideal | Inside,Inside,Always watered
1,Day 1,1,Tray 1,4,9,39,0,8464,0.0,0,No Microbe,Ideal,Inside,No Microbe | Ideal,No Microbe | Ideal | Inside,Inside,Always watered
1,Day 1,1,Tray 1,4,10,40,0,8464,0.0,0,No Microbe,Ideal,Inside,No Microbe | Ideal,No Microbe | Ideal | Inside,Inside,Always watered
1,Day 1,1,Tray 1,5,1,41,1,8464,0.011814744801512287,0,No Microbe,Ideal,Inside,No Microbe | Ideal,No Microbe | Ideal | Inside,Inside,Always watered
1,Day 1,1,Tray 1,5,2,42,0,8464,0.0,0,No Microbe,Ideal,Inside,No Microbe | Ideal,No Microbe | Ideal | Inside,Inside,Always watered
1,Day 1,1,Tray 1,5,3,43,1,8464,0.011814744801512287,0,No Microbe,Ideal,Inside,No Microbe | Ideal,No Microbe | Ideal | Inside,Inside,Always watered
1,Day 1,1,Tray 1,5,4,44,0,8464,0.0,0,No Microbe,Ideal,Inside,No Microbe | Ideal,No Microbe | Ideal | Inside,Inside,Always watered
1,Day 1,1,Tray 1,5,5,45,3,8464,0.03544423440453686,0,No Microbe,Ideal,Inside,No Microbe | Ideal,No Microbe | Ideal | Inside,Inside,Always watered
1,Day 1,1,Tray 1,5,6,46,0,8464,0.0,0,No Microbe,Ideal,Inside,No Microbe | Ideal,No Microbe | Ideal | Inside,Inside,Always watered
1,Day 1,1,Tray 1,5,7,47,1,8464,0.011814744801512287,0,No Microbe,Ideal,Inside,No Microbe | Ideal,No Microbe | Ideal | Inside,Inside,Always watered
1,Day 1,1,Tray 1,5,8,48,0,8464,0.0,0,No Microbe,Ideal,Inside,No Microbe | Ideal,No Microbe | Ideal | Inside,Inside,Always watered
1,Day 1,1,Tray 1,5,9,49,2,8464,0.023629489603024575,0,No Microbe,Ideal,Inside,No Microbe | Ideal,No Microbe | Ideal | Inside,Inside,Always watered
1,Day 1,1,Tray 1,5,10,50,0,8464,0.0,0,No Microbe,Ideal,Inside,No Microbe | Ideal,No Microbe | Ideal | Inside,Inside,Always watered
1,Day 1,1,Tray 1,6,1,51,0,8464,0.0,0,No Microbe,Ideal,Inside,No Microbe | Ideal,No Microbe | Ideal | Inside,Inside,Always watered
1,Day 1,1,Tray 1,6,2,52,2,8464,0.023629489603024575,0,No Microbe,Ideal,Inside,No Microbe | Ideal,No Microbe | Ideal | Inside,Inside,Always watered
1,Day 1,1,Tray 1,6,3,53,1,8464,0.011814744801512287,0,No Microbe,Ideal,Inside,No Microbe | Ideal,No Microbe | Ideal | Inside,Inside,Always watered
1,Day 1,1,Tray 1,6,4,54,2,8464,0.023629489603024575,0,No Microbe,Ideal,Inside,No Microbe | Ideal,No Microbe | Ideal | Inside,Inside,Always watered
1,Day 1,1,Tray 1,6,5,55,1,8464,0.011814744801512287,0,No Microbe,Ideal,Inside,No Microbe | Ideal,No Microbe | Ideal | Inside,Inside,Always watered
1,Day 1,1,Tray 1,6,6,56,9,8464,0.10633270321361059,0,No Microbe,Ideal,Inside,No Microbe | Ideal,No Microbe | Ideal | Inside,Inside,Always watered
1,Day 1,1,Tray 1,6,7,57,0,8464,0.0,0,No Microbe,Ideal,Inside,No Microbe | Ideal,No Microbe | Ideal | Inside,Inside,Always watered
1,Day 1,1,Tray 1,6,8,58,1,8464,0.011814744801512287,0,No Microbe,Ideal,Inside,No Microbe | Ideal,No Microbe | Ideal | Inside,Inside,Always watered
1,Day 1,1,Tray 1,6,9,59,0,8464,0.0,0,No Microbe,Ideal,Inside,No Microbe | Ideal,No Microbe | Ideal | Inside,Inside,Always watered
1,Day 1,1,Tray 1,6,10,60,0,8464,0.0,0,No Microbe,Ideal,Inside,No Microbe | Ideal,No Microbe | Ideal | Inside,Inside,Always watered
1,Day 1,1,Tray 1,7,1,61,0,8464,0.0,0,No Microbe,Ideal,Inside,No Microbe | Ideal,No Microbe | Ideal | Inside,Inside,Always watered
1,Day 1,1,Tray 1,7,2,62,2,8464,0.023629489603024575,0,No Microbe,Ideal,Inside,No Microbe | Ideal,No Microbe | Ideal | Inside,Inside,Always watered
1,Day 1,1,Tray 1,7,3,63,0,8464,0.0,0,No Microbe,Ideal,Inside,No Microbe | Ideal,No Microbe | Ideal | Inside,Inside,Always watered
1,Day 1,1,Tray 1,7,4,64,0,8464,0.0,0,No Microbe,Ideal,Inside,No Microbe | Ideal,No Microbe | Ideal | Inside,Inside,Always watered
1,Day 1,1,Tray 1,7,5,65,1,8464,0.011814744801512287,0,No Microbe,Ideal,Inside,No Microbe | Ideal,No Microbe | Ideal | Inside,Inside,Always watered
1,Day 1,1,Tray 1,7,6,66,0,8464,0.0,0,No Microbe,Ideal,Inside,No Microbe | Ideal,No Microbe | Ideal | Inside,Inside,Always watered
1,Day 1,1,Tray 1,7,7,67,0,8464,0.0,0,No Microbe,Ideal,Inside,No Microbe | Ideal,No Microbe | Ideal | Inside,Inside,Always watered
1,Day 1,1,Tray 1,7,8,68,0,8464,0.0,0,No Microbe,Ideal,Inside,No Microbe | Ideal,No Microbe | Ideal | Inside,Inside,Always watered
1,Day 1,1,Tray 1,7,9,69,0,8464,0.0,0,No Microbe,Ideal,Inside,No Microbe | Ideal,No Microbe | Ideal | Inside,Inside,Always watered
1,Day 1,1,Tray 1,7,10,70,0,8464,0.0,0,No Microbe,Ideal,Inside,No Microbe | Ideal,No Microbe | Ideal | Inside,Inside,Always watered
1,Day 1,2,Tray 2,1,1,1,0,8464,0.0,0,No Microbe,Ideal,Outside,No Microbe | Ideal,No Microbe | Ideal | Outside,Outside,Always watered
1,Day 1,2,Tray 2,1,2,2,4,8464,0.04725897920604915,0,No Microbe,Ideal,Outside,No Microbe | Ideal,No Microbe | Ideal | Outside,Outside,Always watered
1,Day 1,2,Tray 2,1,3,3,0,8464,0.0,0,No Microbe,Ideal,Outside,No Microbe | Ideal,No Microbe | Ideal | Outside,Outside,Always watered
1,Day 1,2,Tray 2,1,4,4,0,8464,0.0,0,No Microbe,Ideal,Outside,No Microbe | Ideal,No Microbe | Ideal | Outside,Outside,Always watered
1,Day 1,2,Tray 2,1,5,5,0,8464,0.0,0,No Microbe,Ideal,Outside,No Microbe | Ideal,No Microbe | Ideal | Outside,Outside,Always watered
1,Day 1,2,Tray 2,1,6,6,0,8464,0.0,0,No Microbe,Ideal,Outside,No Microbe | Ideal,No Microbe | Ideal | Outside,Outside,Always watered
1,Day 1,2,Tray 2,1,7,7,0,8464,0.0,0,No Microbe,Ideal,Outside,No Microbe | Ideal,No Microbe | Ideal | Outside,Outside,Always watered
1,Day 1,2,Tray 2,1,8,8,0,8464,0.0,0,No Microbe,Ideal,Outside,No Microbe | Ideal,No Microbe | Ideal | Outside,Outside,Always watered
1,Day 1,2,Tray 2,1,9,9,0,8464,0.0,0,No Microbe,Ideal,Outside,No Microbe | Ideal,No Microbe | Ideal | Outside,Outside,Always watered
1,Day 1,2,Tray 2,1,10,10,0,8464,0.0,0,No Microbe,Ideal,Outside,No Microbe | Ideal,No Microbe | Ideal | Outside,Outside,Always watered
1,Day 1,2,Tray 2,2,1,11,0,8464,0.0,0,No Microbe,Ideal,Outside,No Microbe | Ideal,No Microbe | Ideal | Outside,Outside,Always watered
1,Day 1,2,Tray 2,2,2,12,1,8464,0.011814744801512287,0,No Microbe,Ideal,Outside,No Microbe | Ideal,No Microbe | Ideal | Outside,Outside,Always watered
1,Day 1,2,Tray 2,2,3,13,0,8464,0.0,0,No Microbe,Ideal,Outside,No Microbe | Ideal,No Microbe | Ideal | Outside,Outside,Always watered
1,Day 1,2,Tray 2,2,4,14,0,8464,0.0,0,No Microbe,Ideal,Outside,No Microbe | Ideal,No Microbe | Ideal | Outside,Outside,Always watered
1,Day 1,2,Tray 2,2,5,15,0,8464,0.0,0,No Microbe,Ideal,Outside,No Microbe | Ideal,No Microbe | Ideal | Outside,Outside,Always watered
1,Day 1,2,Tray 2,2,6,16,0,8464,0.0,0,No Microbe,Ideal,Outside,No Microbe | Ideal,No Microbe | Ideal | Outside,Outside,Always watered
1,Day 1,2,Tray 2,2,7,17,4,8464,0.04725897920604915,0,No Microbe,Ideal,Outside,No Microbe | Ideal,No Microbe | Ideal | Outside,Outside,Always watered
1,Day 1,2,Tray 2,2,8,18,0,8464,0.0,0,No Microbe,Ideal,Outside,No Microbe | Ideal,No Microbe | Ideal | Outside,Outside,Always watered
1,Day 1,2,Tray 2,2,9,19,0,8464,0.0,0,No Microbe,Ideal,Outside,No Microbe | Ideal,No Microbe | Ideal | Outside,Outside,Always watered
1,Day 1,2,Tray 2,2,10,20,3,8464,0.03544423440453686,0,No Microbe,Ideal,Outside,No Microbe | Ideal,No Microbe | Ideal | Outside,Outside,Always watered
1,Day 1,2,Tray 2,3,1,21,1,8464,0.011814744801512287,0,No Microbe,Ideal,Outside,No Microbe | Ideal,No Microbe | Ideal | Outside,Outside,Always watered
1,Day 1,2,Tray 2,3,2,22,1,8464,0.011814744801512287,0,No Microbe,Ideal,Outside,No Microbe | Ideal,No Microbe | Ideal | Outside,Outside,Always watered
1,Day 1,2,Tray 2,3,3,23,0,8464,0.0,0,No Microbe,Ideal,Outside,No Microbe | Ideal,No Microbe | Ideal | Outside,Outside,Always watered
1,Day 1,2,Tray 2,3,4,24,0,8464,0.0,0,No Microbe,Ideal,Outside,No Microbe | Ideal,No Microbe | Ideal | Outside,Outside,Always watered
1,Day 1,2,Tray 2,3,5,25,0,8464,0.0,0,No Microbe,Ideal,Outside,No Microbe | Ideal,No Microbe | Ideal | Outside,Outside,Always watered
1,Day 1,2,Tray 2,3,6,26,0,8464,0.0,0,No Microbe,Ideal,Outside,No Microbe | Ideal,No Microbe | Ideal | Outside,Outside,Always watered
1,Day 1,2,Tray 2,3,7,27,0,8464,0.0,0,No Microbe,Ideal,Outside,No Microbe | Ideal,No Microbe | Ideal | Outside,Outside,Always watered
1,Day 1,2,Tray 2,3,8,28,0,8464,0.0,0,No Microbe,Ideal,Outside,No Microbe | Ideal,No Microbe | Ideal | Outside,Outside,Always watered
1,Day 1,2,Tray 2,3,9,29,0,8464,0.0,0,No Microbe,Ideal,Outside,No Microbe | Ideal,No Microbe | Ideal | Outside,Outside,Always watered
1,Day 1,2,Tray 2,3,10,30,0,8464,0.0,0,No Microbe,Ideal,Outside,No Microbe | Ideal,No Microbe | Ideal | Outside,Outside,Always watered
1,Day 1,2,Tray 2,4,1,31,0,8464,0.0,0,No Microbe,Ideal,Outside,No Microbe | Ideal,No Microbe | Ideal | Outside,Outside,Always watered
1,Day 1,2,Tray 2,4,2,32,0,8464,0.0,0,No Microbe,Ideal,Outside,No Microbe | Ideal,No Microbe | Ideal | Outside,Outside,Always watered
1,Day 1,2,Tray 2,4,3,33,0,8464,0.0,0,No Microbe,Ideal,Outside,No Microbe | Ideal,No Microbe | Ideal | Outside,Outside,Always watered
1,Day 1,2,Tray 2,4,4,34,2,8464,0.023629489603024575,0,No Microbe,Ideal,Outside,No Microbe | Ideal,No Microbe | Ideal | Outside,Outside,Always watered
1,Day 1,2,Tray 2,4,5,35,4,8464,0.04725897920604915,0,No Microbe,Ideal,Outside,No Microbe | Ideal,No Microbe | Ideal | Outside,Outside,Always watered
1,Day 1,2,Tray 2,4,6,36,1,8464,0.011814744801512287,0,No Microbe,Ideal,Outside,No Microbe | Ideal,No Microbe | Ideal | Outside,Outside,Always watered
1,Day 1,2,Tray 2,4,7,37,1,8464,0.011814744801512287,0,No Microbe,Ideal,Outside,No Microbe | Ideal,No Microbe | Ideal | Outside,Outside,Always watered
1,Day 1,2,Tray 2,4,8,38,0,8464,0.0,0,No Microbe,Ideal,Outside,No Microbe | Ideal,No Microbe | Ideal | Outside,Outside,Always watered
1,Day 1,2,Tray 2,4,9,39,0,8464,0.0,0,No Microbe,Ideal,Outside,No Microbe | Ideal,No Microbe | Ideal | Outside,Outside,Always watered
1,Day 1,2,Tray 2,4,10,40,0,8464,0.0,0,No Microbe,Ideal,Outside,No Microbe | Ideal,No Microbe | Ideal | Outside,Outside,Always watered
1,Day 1,2,Tray 2,5,1,41,0,8464,0.0,0,No Microbe,Ideal,Outside,No Microbe | Ideal,No Microbe | Ideal | Outside,Outside,Always watered
1,Day 1,2,Tray 2,5,2,42,0,8464,0.0,0,No Microbe,Ideal,Outside,No Microbe | Ideal,No Microbe | Ideal | Outside,Outside,Always watered
1,Day 1,2,Tray 2,5,3,43,0,8464,0.0,0,No Microbe,Ideal,Outside,No Microbe | Ideal,No Microbe | Ideal | Outside,Outside,Always watered
1,Day 1,2,Tray 2,5,4,44,0,8464,0.0,0,No Microbe,Ideal,Outside,No Microbe | Ideal,No Microbe | Ideal | Outside,Outside,Always watered
1,Day 1,2,Tray 2,5,5,45,1,8464,0.011814744801512287,0,No Microbe,Ideal,Outside,No Microbe | Ideal,No Microbe | Ideal | Outside,Outside,Always watered
1,Day 1,2,Tray 2,5,6,46,0,8464,0.0,0,No Microbe,Ideal,Outside,No Microbe | Ideal,No Microbe | Ideal | Outside,Outside,Always watered
1,Day 1,2,Tray 2,5,7,47,0,8464,0.0,0,No Microbe,Ideal,Outside,No Microbe | Ideal,No Microbe | Ideal | Outside,Outside,Always watered
1,Day 1,2,Tray 2,5,8,48,0,8464,0.0,0,No Microbe,Ideal,Outside,No Microbe | Ideal,No Microbe | Ideal | Outside,Outside,Always watered
1,Day 1,2,Tray 2,5,9,49,0,8464,0.0,0,No Microbe,Ideal,Outside,No Microbe | Ideal,No Microbe | Ideal | Outside,Outside,Always watered
1,Day 1,2,Tray 2,5,10,50,0,8464,0.0,0,No Microbe,Ideal,Outside,No Microbe | Ideal,No Microbe | Ideal | Outside,Outside,Always watered
1,Day 1,2,Tray 2,6,1,51,0,8464,0.0,0,No Microbe,Ideal,Outside,No Microbe | Ideal,No Microbe | Ideal | Outside,Outside,Always watered
1,Day 1,2,Tray 2,6,2,52,0,8464,0.0,0,No Microbe,Ideal,Outside,No Microbe | Ideal,No Microbe | Ideal | Outside,Outside,Always watered
1,Day 1,2,Tray 2,6,3,53,0,8464,0.0,0,No Microbe,Ideal,Outside,No Microbe | Ideal,No Microbe | Ideal | Outside,Outside,Always watered
1,Day 1,2,Tray 2,6,4,54,0,8464,0.0,0,No Microbe,Ideal,Outside,No Microbe | Ideal,No Microbe | Ideal | Outside,Outside,Always watered
1,Day 1,2,Tray 2,6,5,55,0,8464,0.0,0,No Microbe,Ideal,Outside,No Microbe | Ideal,No Microbe | Ideal | Outside,Outside,Always watered
1,Day 1,2,Tray 2,6,6,56,0,8464,0.0,0,No Microbe,Ideal,Outside,No Microbe | Ideal,No Microbe | Ideal | Outside,Outside,Always watered
1,Day 1,2,Tray 2,6,7,57,1,8464,0.011814744801512287,0,No Microbe,Ideal,Outside,No Microbe | Ideal,No Microbe | Ideal | Outside,Outside,Always watered
1,Day 1,2,Tray 2,6,8,58,0,8464,0.0,0,No Microbe,Ideal,Outside,No Microbe | Ideal,No Microbe | Ideal | Outside,Outside,Always watered
1,Day 1,2,Tray 2,6,9,59,0,8464,0.0,0,No Microbe,Ideal,Outside,No Microbe | Ideal,No Microbe | Ideal | Outside,Outside,Always watered
1,Day 1,2,Tray 2,6,10,60,0,8464,0.0,0,No Microbe,Ideal,Outside,No Microbe | Ideal,No Microbe | Ideal | Outside,Outside,Always watered
1,Day 1,2,Tray 2,7,1,61,0,8464,0.0,0,No Microbe,Ideal,Outside,No Microbe | Ideal,No Microbe | Ideal | Outside,Outside,Always watered
1,Day 1,2,Tray 2,7,2,62,0,8464,0.0,0,No Microbe,Ideal,Outside,No Microbe | Ideal,No Microbe | Ideal | Outside,Outside,Always watered
1,Day 1,2,Tray 2,7,3,63,3,8464,0.03544423440453686,0,No Microbe,Ideal,Outside,No Microbe | Ideal,No Microbe | Ideal | Outside,Outside,Always watered
1,Day 1,2,Tray 2,7,4,64,0,8464,0.0,0,No Microbe,Ideal,Outside,No Microbe | Ideal,No Microbe | Ideal | Outside,Outside,Always watered
1,Day 1,2,Tray 2,7,5,65,0,8464,0.0,0,No Microbe,Ideal,Outside,No Microbe | Ideal,No Microbe | Ideal | Outside,Outside,Always watered
1,Day 1,2,Tray 2,7,6,66,3,8464,0.03544423440453686,0,No Microbe,Ideal,Outside,No Microbe | Ideal,No Microbe | Ideal | Outside,Outside,Always watered
1,Day 1,2,Tray 2,7,7,67,0,8464,0.0,0,No Microbe,Ideal,Outside,No Microbe | Ideal,No Microbe | Ideal | Outside,Outside,Always watered
1,Day 1,2,Tray 2,7,8,68,0,8464,0.0,0,No Microbe,Ideal,Outside,No Microbe | Ideal,No Microbe | Ideal | Outside,Outside,Always watered
1,Day 1,2,Tray 2,7,9,69,0,8464,0.0,0,No Microbe,Ideal,Outside,No Microbe | Ideal,No Microbe | Ideal | Outside,Outside,Always watered
1,Day 1,2,Tray 2,7,10,70,0,8464,0.0,0,No Microbe,Ideal,Outside,No Microbe | Ideal,No Microbe | Ideal | Outside,Outside,Always watered
1,Day 1,3,Tray 3,1,1,1,0,8464,0.0,0,No Microbe,Moisture,Outside,No Microbe | Moisture,No Microbe | Moisture | Outside,Outside,Moisture treatment
1,Day 1,3,Tray 3,1,2,2,0,8464,0.0,0,No Microbe,Moisture,Outside,No Microbe | Moisture,No Microbe | Moisture | Outside,Outside,Moisture treatment
1,Day 1,3,Tray 3,1,3,3,0,8464,0.0,0,No Microbe,Moisture,Outside,No Microbe | Moisture,No Microbe | Moisture | Outside,Outside,Moisture treatment
1,Day 1,3,Tray 3,1,4,4,0,8464,0.0,0,No Microbe,Moisture,Outside,No Microbe | Moisture,No Microbe | Moisture | Outside,Outside,Moisture treatment
1,Day 1,3,Tray 3,1,5,5,0,8464,0.0,0,No Microbe,Moisture,Outside,No Microbe | Moisture,No Microbe | Moisture | Outside,Outside,Moisture treatment
1,Day 1,3,Tray 3,1,6,6,0,8464,0.0,0,No Microbe,Moisture,Outside,No Microbe | Moisture,No Microbe | Moisture | Outside,Outside,Moisture treatment
1,Day 1,3,Tray 3,1,7,7,0,8464,0.0,0,No Microbe,Moisture,Outside,No Microbe | Moisture,No Microbe | Moisture | Outside,Outside,Moisture treatment
1,Day 1,3,Tray 3,1,8,8,2,8464,0.023629489603024575,0,No Microbe,Moisture,Outside,No Microbe | Moisture,No Microbe | Moisture | Outside,Outside,Moisture treatment
1,Day 1,3,Tray 3,1,9,9,0,8464,0.0,0,No Microbe,Moisture,Outside,No Microbe | Moisture,No Microbe | Moisture | Outside,Outside,Moisture treatment
1,Day 1,3,Tray 3,1,10,10,0,8464,0.0,0,No Microbe,Moisture,Outside,No Microbe | Moisture,No Microbe | Moisture | Outside,Outside,Moisture treatment
1,Day 1,3,Tray 3,2,1,11,0,8464,0.0,0,No Microbe,Moisture,Outside,No Microbe | Moisture,No Microbe | Moisture | Outside,Outside,Moisture treatment
1,Day 1,3,Tray 3,2,2,12,0,8464,0.0,0,No Microbe,Moisture,Outside,No Microbe | Moisture,No Microbe | Moisture | Outside,Outside,Moisture treatment
1,Day 1,3,Tray 3,2,3,13,0,8464,0.0,0,No Microbe,Moisture,Outside,No Microbe | Moisture,No Microbe | Moisture | Outside,Outside,Moisture treatment
1,Day 1,3,Tray 3,2,4,14,6,8464,0.07088846880907372,0,No Microbe,Moisture,Outside,No Microbe | Moisture,No Microbe | Moisture | Outside,Outside,Moisture treatment
1,Day 1,3,Tray 3,2,5,15,1,8464,0.011814744801512287,0,No Microbe,Moisture,Outside,No Microbe | Moisture,No Microbe | Moisture | Outside,Outside,Moisture treatment
1,Day 1,3,Tray 3,2,6,16,1,8464,0.011814744801512287,0,No Microbe,Moisture,Outside,No Microbe | Moisture,No Microbe | Moisture | Outside,Outside,Moisture treatment
1,Day 1,3,Tray 3,2,7,17,0,8464,0.0,0,No Microbe,Moisture,Outside,No Microbe | Moisture,No Microbe | Moisture | Outside,Outside,Moisture treatment
1,Day 1,3,Tray 3,2,8,18,0,8464,0.0,0,No Microbe,Moisture,Outside,No Microbe | Moisture,No Microbe | Moisture | Outside,Outside,Moisture treatment
1,Day 1,3,Tray 3,2,9,19,0,8464,0.0,0,No Microbe,Moisture,Outside,No Microbe | Moisture,No Microbe | Moisture | Outside,Outside,Moisture treatment
1,Day 1,3,Tray 3,2,10,20,0,8464,0.0,0,No Microbe,Moisture,Outside,No Microbe | Moisture,No Microbe | Moisture | Outside,Outside,Moisture treatment
1,Day 1,3,Tray 3,3,1,21,0,8464,0.0,0,No Microbe,Moisture,Outside,No Microbe | Moisture,No Microbe | Moisture | Outside,Outside,Moisture treatment
1,Day 1,3,Tray 3,3,2,22,2,8464,0.023629489603024575,0,No Microbe,Moisture,Outside,No Microbe | Moisture,No Microbe | Moisture | Outside,Outside,Moisture treatment
1,Day 1,3,Tray 3,3,3,23,0,8464,0.0,0,No Microbe,Moisture,Outside,No Microbe | Moisture,No Microbe | Moisture | Outside,Outside,Moisture treatment
1,Day 1,3,Tray 3,3,4,24,0,8464,0.0,0,No Microbe,Moisture,Outside,No Microbe | Moisture,No Microbe | Moisture | Outside,Outside,Moisture treatment
1,Day 1,3,Tray 3,3,5,25,0,8464,0.0,0,No Microbe,Moisture,Outside,No Microbe | Moisture,No Microbe | Moisture | Outside,Outside,Moisture treatment
1,Day 1,3,Tray 3,3,6,26,3,8464,0.03544423440453686,0,No Microbe,Moisture,Outside,No Microbe | Moisture,No Microbe | Moisture | Outside,Outside,Moisture treatment
1,Day 1,3,Tray 3,3,7,27,3,8464,0.03544423440453686,0,No Microbe,Moisture,Outside,No Microbe | Moisture,No Microbe | Moisture | Outside,Outside,Moisture treatment
1,Day 1,3,Tray 3,3,8,28,0,8464,0.0,0,No Microbe,Moisture,Outside,No Microbe | Moisture,No Microbe | Moisture | Outside,Outside,Moisture treatment
1,Day 1,3,Tray 3,3,9,29,0,8464,0.0,0,No Microbe,Moisture,Outside,No Microbe | Moisture,No Microbe | Moisture | Outside,Outside,Moisture treatment
1,Day 1,3,Tray 3,3,10,30,0,8464,0.0,0,No Microbe,Moisture,Outside,No Microbe | Moisture,No Microbe | Moisture | Outside,Outside,Moisture treatment
1,Day 1,3,Tray 3,4,1,31,0,8464,0.0,0,No Microbe,Moisture,Outside,No Microbe | Moisture,No Microbe | Moisture | Outside,Outside,Moisture treatment
1,Day 1,3,Tray 3,4,2,32,0,8464,0.0,0,No Microbe,Moisture,Outside,No Microbe | Moisture,No Microbe | Moisture | Outside,Outside,Moisture treatment
1,Day 1,3,Tray 3,4,3,33,0,8464,0.0,0,No Microbe,Moisture,Outside,No Microbe | Moisture,No Microbe | Moisture | Outside,Outside,Moisture treatment
1,Day 1,3,Tray 3,4,4,34,0,8464,0.0,0,No Microbe,Moisture,Outside,No Microbe | Moisture,No Microbe | Moisture | Outside,Outside,Moisture treatment
1,Day 1,3,Tray 3,4,5,35,0,8464,0.0,0,No Microbe,Moisture,Outside,No Microbe | Moisture,No Microbe | Moisture | Outside,Outside,Moisture treatment
1,Day 1,3,Tray 3,4,6,36,8,8464,0.0945179584120983,0,No Microbe,Moisture,Outside,No Microbe | Moisture,No Microbe | Moisture | Outside,Outside,Moisture treatment
1,Day 1,3,Tray 3,4,7,37,0,8464,0.0,0,No Microbe,Moisture,Outside,No Microbe | Moisture,No Microbe | Moisture | Outside,Outside,Moisture treatment
1,Day 1,3,Tray 3,4,8,38,2,8464,0.023629489603024575,0,No Microbe,Moisture,Outside,No Microbe | Moisture,No Microbe | Moisture | Outside,Outside,Moisture treatment
1,Day 1,3,Tray 3,4,9,39,0,8464,0.0,0,No Microbe,Moisture,Outside,No Microbe | Moisture,No Microbe | Moisture | Outside,Outside,Moisture treatment
1,Day 1,3,Tray 3,4,10,40,0,8464,0.0,0,No Microbe,Moisture,Outside,No Microbe | Moisture,No Microbe | Moisture | Outside,Outside,Moisture treatment
1,Day 1,3,Tray 3,5,1,41,1,8464,0.011814744801512287,0,No Microbe,Moisture,Outside,No Microbe | Moisture,No Microbe | Moisture | Outside,Outside,Moisture treatment
1,Day 1,3,Tray 3,5,2,42,0,8464,0.0,0,No Microbe,Moisture,Outside,No Microbe | Moisture,No Microbe | Moisture | Outside,Outside,Moisture treatment
1,Day 1,3,Tray 3,5,3,43,1,8464,0.011814744801512287,0,No Microbe,Moisture,Outside,No Microbe | Moisture,No Microbe | Moisture | Outside,Outside,Moisture treatment
1,Day 1,3,Tray 3,5,4,44,1,8464,0.011814744801512287,0,No Microbe,Moisture,Outside,No Microbe | Moisture,No Microbe | Moisture | Outside,Outside,Moisture treatment
1,Day 1,3,Tray 3,5,5,45,0,8464,0.0,0,No Microbe,Moisture,Outside,No Microbe | Moisture,No Microbe | Moisture | Outside,Outside,Moisture treatment
1,Day 1,3,Tray 3,5,6,46,0,8464,0.0,0,No Microbe,Moisture,Outside,No Microbe | Moisture,No Microbe | Moisture | Outside,Outside,Moisture treatment
1,Day 1,3,Tray 3,5,7,47,0,8464,0.0,0,No Microbe,Moisture,Outside,No Microbe | Moisture,No Microbe | Moisture | Outside,Outside,Moisture treatment
1,Day 1,3,Tray 3,5,8,48,6,8464,0.07088846880907372,0,No Microbe,Moisture,Outside,No Microbe | Moisture,No Microbe | Moisture | Outside,Outside,Moisture treatment
1,Day 1,3,Tray 3,5,9,49,2,8464,0.023629489603024575,0,No Microbe,Moisture,Outside,No Microbe | Moisture,No Microbe | Moisture | Outside,Outside,Moisture treatment
1,Day 1,3,Tray 3,5,10,50,2,8464,0.023629489603024575,0,No Microbe,Moisture,Outside,No Microbe | Moisture,No Microbe | Moisture | Outside,Outside,Moisture treatment
1,Day 1,3,Tray 3,6,1,51,0,8464,0.0,0,No Microbe,Moisture,Outside,No Microbe | Moisture,No Microbe | Moisture | Outside,Outside,Moisture treatment
1,Day 1,3,Tray 3,6,2,52,0,8464,0.0,0,No Microbe,Moisture,Outside,No Microbe | Moisture,No Microbe | Moisture | Outside,Outside,Moisture treatment
1,Day 1,3,Tray 3,6,3,53,0,8464,0.0,0,No Microbe,Moisture,Outside,No Microbe | Moisture,No Microbe | Moisture | Outside,Outside,Moisture treatment
1,Day 1,3,Tray 3,6,4,54,0,8464,0.0,0,No Microbe,Moisture,Outside,No Microbe | Moisture,No Microbe | Moisture | Outside,Outside,Moisture treatment
1,Day 1,3,Tray 3,6,5,55,0,8464,0.0,0,No Microbe,Moisture,Outside,No Microbe | Moisture,No Microbe | Moisture | Outside,Outside,Moisture treatment
1,Day 1,3,Tray 3,6,6,56,0,8464,0.0,0,No Microbe,Moisture,Outside,No Microbe | Moisture,No Microbe | Moisture | Outside,Outside,Moisture treatment
1,Day 1,3,Tray 3,6,7,57,0,8464,0.0,0,No Microbe,Moisture,Outside,No Microbe | Moisture,No Microbe | Moisture | Outside,Outside,Moisture treatment
1,Day 1,3,Tray 3,6,8,58,0,8464,0.0,0,No Microbe,Moisture,Outside,No Microbe | Moisture,No Microbe | Moisture | Outside,Outside,Moisture treatment
1,Day 1,3,Tray 3,6,9,59,0,8464,0.0,0,No Microbe,Moisture,Outside,No Microbe | Moisture,No Microbe | Moisture | Outside,Outside,Moisture treatment
1,Day 1,3,Tray 3,6,10,60,0,8464,0.0,0,No Microbe,Moisture,Outside,No Microbe | Moisture,No Microbe | Moisture | Outside,Outside,Moisture treatment
1,Day 1,3,Tray 3,7,1,61,0,8464,0.0,0,No Microbe,Moisture,Outside,No Microbe | Moisture,No Microbe | Moisture | Outside,Outside,Moisture treatment
1,Day 1,3,Tray 3,7,2,62,0,8464,0.0,0,No Microbe,Moisture,Outside,No Microbe | Moisture,No Microbe | Moisture | Outside,Outside,Moisture treatment
1,Day 1,3,Tray 3,7,3,63,0,8464,0.0,0,No Microbe,Moisture,Outside,No Microbe | Moisture,No Microbe | Moisture | Outside,Outside,Moisture treatment
1,Day 1,3,Tray 3,7,4,64,0,8464,0.0,0,No Microbe,Moisture,Outside,No Microbe | Moisture,No Microbe | Moisture | Outside,Outside,Moisture treatment
1,Day 1,3,Tray 3,7,5,65,2,8464,0.023629489603024575,0,No Microbe,Moisture,Outside,No Microbe | Moisture,No Microbe | Moisture | Outside,Outside,Moisture treatment
1,Day 1,3,Tray 3,7,6,66,0,8464,0.0,0,No Microbe,Moisture,Outside,No Microbe | Moisture,No Microbe | Moisture | Outside,Outside,Moisture treatment
1,Day 1,3,Tray 3,7,7,67,0,8464,0.0,0,No Microbe,Moisture,Outside,No Microbe | Moisture,No Microbe | Moisture | Outside,Outside,Moisture treatment
1,Day 1,3,Tray 3,7,8,68,1,8464,0.011814744801512287,0,No Microbe,Moisture,Outside,No Microbe | Moisture,No Microbe | Moisture | Outside,Outside,Moisture treatment
1,Day 1,3,Tray 3,7,9,69,0,8464,0.0,0,No Microbe,Moisture,Outside,No Microbe | Moisture,No Microbe | Moisture | Outside,Outside,Moisture treatment
1,Day 1,3,Tray 3,7,10,70,1,8464,0.011814744801512287,0,No Microbe,Moisture,Outside,No Microbe | Moisture,No Microbe | Moisture | Outside,Outside,Moisture treatment
1,Day 1,4,Tray 4,1,1,1,0,8464,0.0,0,No Microbe,Heat,Alternating,No Microbe | Heat,No Microbe | Heat | Alternating,Inside,Always watered
1,Day 1,4,Tray 4,1,2,2,0,8464,0.0,0,No Microbe,Heat,Alternating,No Microbe | Heat,No Microbe | Heat | Alternating,Inside,Always watered
1,Day 1,4,Tray 4,1,3,3,0,8464,0.0,0,No Microbe,Heat,Alternating,No Microbe | Heat,No Microbe | Heat | Alternating,Inside,Always watered
1,Day 1,4,Tray 4,1,4,4,0,8464,0.0,0,No Microbe,Heat,Alternating,No Microbe | Heat,No Microbe | Heat | Alternating,Inside,Always watered
1,Day 1,4,Tray 4,1,5,5,0,8464,0.0,0,No Microbe,Heat,Alternating,No Microbe | Heat,No Microbe | Heat | Alternating,Inside,Always watered
1,Day 1,4,Tray 4,1,6,6,0,8464,0.0,0,No Microbe,Heat,Alternating,No Microbe | Heat,No Microbe | Heat | Alternating,Inside,Always watered
1,Day 1,4,Tray 4,1,7,7,0,8464,0.0,0,No Microbe,Heat,Alternating,No Microbe | Heat,No Microbe | Heat | Alternating,Inside,Always watered
1,Day 1,4,Tray 4,1,8,8,0,8464,0.0,0,No Microbe,Heat,Alternating,No Microbe | Heat,No Microbe | Heat | Alternating,Inside,Always watered
1,Day 1,4,Tray 4,1,9,9,0,8464,0.0,0,No Microbe,Heat,Alternating,No Microbe | Heat,No Microbe | Heat | Alternating,Inside,Always watered
1,Day 1,4,Tray 4,1,10,10,0,8464,0.0,0,No Microbe,Heat,Alternating,No Microbe | Heat,No Microbe | Heat | Alternating,Inside,Always watered
1,Day 1,4,Tray 4,2,1,11,0,8464,0.0,0,No Microbe,Heat,Alternating,No Microbe | Heat,No Microbe | Heat | Alternating,Inside,Always watered
1,Day 1,4,Tray 4,2,2,12,0,8464,0.0,0,No Microbe,Heat,Alternating,No Microbe | Heat,No Microbe | Heat | Alternating,Inside,Always watered
1,Day 1,4,Tray 4,2,3,13,0,8464,0.0,0,No Microbe,Heat,Alternating,No Microbe | Heat,No Microbe | Heat | Alternating,Inside,Always watered
1,Day 1,4,Tray 4,2,4,14,0,8464,0.0,0,No Microbe,Heat,Alternating,No Microbe | Heat,No Microbe | Heat | Alternating,Inside,Always watered
1,Day 1,4,Tray 4,2,5,15,5,8464,0.05907372400756144,0,No Microbe,Heat,Alternating,No Microbe | Heat,No Microbe | Heat | Alternating,Inside,Always watered
1,Day 1,4,Tray 4,2,6,16,71,8464,0.8388468809073724,1,No Microbe,Heat,Alternating,No Microbe | Heat,No Microbe | Heat | Alternating,Inside,Always watered
1,Day 1,4,Tray 4,2,7,17,1,8464,0.011814744801512287,0,No Microbe,Heat,Alternating,No Microbe | Heat,No Microbe | Heat | Alternating,Inside,Always watered
1,Day 1,4,Tray 4,2,8,18,8,8464,0.0945179584120983,0,No Microbe,Heat,Alternating,No Microbe | Heat,No Microbe | Heat | Alternating,Inside,Always watered
1,Day 1,4,Tray 4,2,9,19,0,8464,0.0,0,No Microbe,Heat,Alternating,No Microbe | Heat,No Microbe | Heat | Alternating,Inside,Always watered
1,Day 1,4,Tray 4,2,10,20,0,8464,0.0,0,No Microbe,Heat,Alternating,No Microbe | Heat,No Microbe | Heat | Alternating,Inside,Always watered
1,Day 1,4,Tray 4,3,1,21,0,8464,0.0,0,No Microbe,Heat,Alternating,No Microbe | Heat,No Microbe | Heat | Alternating,Inside,Always watered
1,Day 1,4,Tray 4,3,2,22,0,8464,0.0,0,No Microbe,Heat,Alternating,No Microbe | Heat,No Microbe | Heat | Alternating,Inside,Always watered
1,Day 1,4,Tray 4,3,3,23,0,8464,0.0,0,No Microbe,Heat,Alternating,No Microbe | Heat,No Microbe | Heat | Alternating,Inside,Always watered
1,Day 1,4,Tray 4,3,4,24,0,8464,0.0,0,No Microbe,Heat,Alternating,No Microbe | Heat,No Microbe | Heat | Alternating,Inside,Always watered
1,Day 1,4,Tray 4,3,5,25,12,8464,0.14177693761814744,0,No Microbe,Heat,Alternating,No Microbe | Heat,No Microbe | Heat | Alternating,Inside,Always watered
1,Day 1,4,Tray 4,3,6,26,5,8464,0.05907372400756144,0,No Microbe,Heat,Alternating,No Microbe | Heat,No Microbe | Heat | Alternating,Inside,Always watered
1,Day 1,4,Tray 4,3,7,27,1,8464,0.011814744801512287,0,No Microbe,Heat,Alternating,No Microbe | Heat,No Microbe | Heat | Alternating,Inside,Always watered
1,Day 1,4,Tray 4,3,8,28,0,8464,0.0,0,No Microbe,Heat,Alternating,No Microbe | Heat,No Microbe | Heat | Alternating,Inside,Always watered
1,Day 1,4,Tray 4,3,9,29,0,8464,0.0,0,No Microbe,Heat,Alternating,No Microbe | Heat,No Microbe | Heat | Alternating,Inside,Always watered
1,Day 1,4,Tray 4,3,10,30,1,8464,0.011814744801512287,0,No Microbe,Heat,Alternating,No Microbe | Heat,No Microbe | Heat | Alternating,Inside,Always watered
1,Day 1,4,Tray 4,4,1,31,0,8464,0.0,0,No Microbe,Heat,Alternating,No Microbe | Heat,No Microbe | Heat | Alternating,Inside,Always watered
1,Day 1,4,Tray 4,4,2,32,0,8464,0.0,0,No Microbe,Heat,Alternating,No Microbe | Heat,No Microbe | Heat | Alternating,Inside,Always watered
1,Day 1,4,Tray 4,4,3,33,2,8464,0.023629489603024575,0,No Microbe,Heat,Alternating,No Microbe | Heat,No Microbe | Heat | Alternating,Inside,Always watered
1,Day 1,4,Tray 4,4,4,34,1,8464,0.011814744801512287,0,No Microbe,Heat,Alternating,No Microbe | Heat,No Microbe | Heat | Alternating,Inside,Always watered
1,Day 1,4,Tray 4,4,5,35,0,8464,0.0,0,No Microbe,Heat,Alternating,No Microbe | Heat,No Microbe | Heat | Alternating,Inside,Always watered
1,Day 1,4,Tray 4,4,6,36,10,8464,0.11814744801512288,0,No Microbe,Heat,Alternating,No Microbe | Heat,No Microbe | Heat | Alternating,Inside,Always watered
1,Day 1,4,Tray 4,4,7,37,0,8464,0.0,0,No Microbe,Heat,Alternating,No Microbe | Heat,No Microbe | Heat | Alternating,Inside,Always watered
1,Day 1,4,Tray 4,4,8,38,0,8464,0.0,0,No Microbe,Heat,Alternating,No Microbe | Heat,No Microbe | Heat | Alternating,Inside,Always watered
1,Day 1,4,Tray 4,4,9,39,0,8464,0.0,0,No Microbe,Heat,Alternating,No Microbe | Heat,No Microbe | Heat | Alternating,Inside,Always watered
1,Day 1,4,Tray 4,4,10,40,3,8464,0.03544423440453686,0,No Microbe,Heat,Alternating,No Microbe | Heat,No Microbe | Heat | Alternating,Inside,Always watered
1,Day 1,4,Tray 4,5,1,41,0,8464,0.0,0,No Microbe,Heat,Alternating,No Microbe | Heat,No Microbe | Heat | Alternating,Inside,Always watered
1,Day 1,4,Tray 4,5,2,42,0,8464,0.0,0,No Microbe,Heat,Alternating,No Microbe | Heat,No Microbe | Heat | Alternating,Inside,Always watered
1,Day 1,4,Tray 4,5,3,43,0,8464,0.0,0,No Microbe,Heat,Alternating,No Microbe | Heat,No Microbe | Heat | Alternating,Inside,Always watered
1,Day 1,4,Tray 4,5,4,44,0,8464,0.0,0,No Microbe,Heat,Alternating,No Microbe | Heat,No Microbe | Heat | Alternating,Inside,Always watered
1,Day 1,4,Tray 4,5,5,45,0,8464,0.0,0,No Microbe,Heat,Alternating,No Microbe | Heat,No Microbe | Heat | Alternating,Inside,Always watered
1,Day 1,4,Tray 4,5,6,46,0,8464,0.0,0,No Microbe,Heat,Alternating,No Microbe | Heat,No Microbe | Heat | Alternating,Inside,Always watered
1,Day 1,4,Tray 4,5,7,47,0,8464,0.0,0,No Microbe,Heat,Alternating,No Microbe | Heat,No Microbe | Heat | Alternating,Inside,Always watered
1,Day 1,4,Tray 4,5,8,48,0,8464,0.0,0,No Microbe,Heat,Alternating,No Microbe | Heat,No Microbe | Heat | Alternating,Inside,Always watered
1,Day 1,4,Tray 4,5,9,49,0,8464,0.0,0,No Microbe,Heat,Alternating,No Microbe | Heat,No Microbe | Heat | Alternating,Inside,Always watered
1,Day 1,4,Tray 4,5,10,50,0,8464,0.0,0,No Microbe,Heat,Alternating,No Microbe | Heat,No Microbe | Heat | Alternating,Inside,Always watered
1,Day 1,4,Tray 4,6,1,51,0,8464,0.0,0,No Microbe,Heat,Alternating,No Microbe | Heat,No Microbe | Heat | Alternating,Inside,Always watered
1,Day 1,4,Tray 4,6,2,52,0,8464,0.0,0,No Microbe,Heat,Alternating,No Microbe | Heat,No Microbe | Heat | Alternating,Inside,Always watered
1,Day 1,4,Tray 4,6,3,53,0,8464,0.0,0,No Microbe,Heat,Alternating,No Microbe | Heat,No Microbe | Heat | Alternating,Inside,Always watered
1,Day 1,4,Tray 4,6,4,54,1,8464,0.011814744801512287,0,No Microbe,Heat,Alternating,No Microbe | Heat,No Microbe | Heat | Alternating,Inside,Always watered
1,Day 1,4,Tray 4,6,5,55,0,8464,0.0,0,No Microbe,Heat,Alternating,No Microbe | Heat,No Microbe | Heat | Alternating,Inside,Always watered
1,Day 1,4,Tray 4,6,6,56,0,8464,0.0,0,No Microbe,Heat,Alternating,No Microbe | Heat,No Microbe | Heat | Alternating,Inside,Always watered
1,Day 1,4,Tray 4,6,7,57,0,8464,0.0,0,No Microbe,Heat,Alternating,No Microbe | Heat,No Microbe | Heat | Alternating,Inside,Always watered
1,Day 1,4,Tray 4,6,8,58,0,8464,0.0,0,No Microbe,Heat,Alternating,No Microbe | Heat,No Microbe | Heat | Alternating,Inside,Always watered
1,Day 1,4,Tray 4,6,9,59,0,8464,0.0,0,No Microbe,Heat,Alternating,No Microbe | Heat,No Microbe | Heat | Alternating,Inside,Always watered
1,Day 1,4,Tray 4,6,10,60,0,8464,0.0,0,No Microbe,Heat,Alternating,No Microbe | Heat,No Microbe | Heat | Alternating,Inside,Always watered
1,Day 1,4,Tray 4,7,1,61,0,8464,0.0,0,No Microbe,Heat,Alternating,No Microbe | Heat,No Microbe | Heat | Alternating,Inside,Always watered
1,Day 1,4,Tray 4,7,2,62,0,8464,0.0,0,No Microbe,Heat,Alternating,No Microbe | Heat,No Microbe | Heat | Alternating,Inside,Always watered
1,Day 1,4,Tray 4,7,3,63,1,8464,0.011814744801512287,0,No Microbe,Heat,Alternating,No Microbe | Heat,No Microbe | Heat | Alternating,Inside,Always watered
1,Day 1,4,Tray 4,7,4,64,7,8464,0.08270321361058601,0,No Microbe,Heat,Alternating,No Microbe | Heat,No Microbe | Heat | Alternating,Inside,Always watered
1,Day 1,4,Tray 4,7,5,65,0,8464,0.0,0,No Microbe,Heat,Alternating,No Microbe | Heat,No Microbe | Heat | Alternating,Inside,Always watered
1,Day 1,4,Tray 4,7,6,66,0,8464,0.0,0,No Microbe,Heat,Alternating,No Microbe | Heat,No Microbe | Heat | Alternating,Inside,Always watered
1,Day 1,4,Tray 4,7,7,67,0,8464,0.0,0,No Microbe,Heat,Alternating,No Microbe | Heat,No Microbe | Heat | Alternating,Inside,Always watered
1,Day 1,4,Tray 4,7,8,68,0,8464,0.0,0,No Microbe,Heat,Alternating,No Microbe | Heat,No Microbe | Heat | Alternating,Inside,Always watered
1,Day 1,4,Tray 4,7,9,69,0,8464,0.0,0,No Microbe,Heat,Alternating,No Microbe | Heat,No Microbe | Heat | Alternating,Inside,Always watered
1,Day 1,4,Tray 4,7,10,70,1,8464,0.011814744801512287,0,No Microbe,Heat,Alternating,No Microbe | Heat,No Microbe | Heat | Alternating,Inside,Always watered
1,Day 1,5,Tray 5,1,1,1,0,8464,0.0,0,Microbe,Moisture,Inside,Microbe | Moisture,Microbe | Moisture | Inside,Inside,Moisture treatment
1,Day 1,5,Tray 5,1,2,2,0,8464,0.0,0,Microbe,Moisture,Inside,Microbe | Moisture,Microbe | Moisture | Inside,Inside,Moisture treatment
1,Day 1,5,Tray 5,1,3,3,1,8464,0.011814744801512287,0,Microbe,Moisture,Inside,Microbe | Moisture,Microbe | Moisture | Inside,Inside,Moisture treatment
1,Day 1,5,Tray 5,1,4,4,0,8464,0.0,0,Microbe,Moisture,Inside,Microbe | Moisture,Microbe | Moisture | Inside,Inside,Moisture treatment
1,Day 1,5,Tray 5,1,5,5,1,8464,0.011814744801512287,0,Microbe,Moisture,Inside,Microbe | Moisture,Microbe | Moisture | Inside,Inside,Moisture treatment
1,Day 1,5,Tray 5,1,6,6,3,8464,0.03544423440453686,0,Microbe,Moisture,Inside,Microbe | Moisture,Microbe | Moisture | Inside,Inside,Moisture treatment
1,Day 1,5,Tray 5,1,7,7,4,8464,0.04725897920604915,0,Microbe,Moisture,Inside,Microbe | Moisture,Microbe | Moisture | Inside,Inside,Moisture treatment
1,Day 1,5,Tray 5,1,8,8,0,8464,0.0,0,Microbe,Moisture,Inside,Microbe | Moisture,Microbe | Moisture | Inside,Inside,Moisture treatment
1,Day 1,5,Tray 5,1,9,9,0,8464,0.0,0,Microbe,Moisture,Inside,Microbe | Moisture,Microbe | Moisture | Inside,Inside,Moisture treatment
1,Day 1,5,Tray 5,1,10,10,0,8464,0.0,0,Microbe,Moisture,Inside,Microbe | Moisture,Microbe | Moisture | Inside,Inside,Moisture treatment
1,Day 1,5,Tray 5,2,1,11,1,8464,0.011814744801512287,0,Microbe,Moisture,Inside,Microbe | Moisture,Microbe | Moisture | Inside,Inside,Moisture treatment
1,Day 1,5,Tray 5,2,2,12,0,8464,0.0,0,Microbe,Moisture,Inside,Microbe | Moisture,Microbe | Moisture | Inside,Inside,Moisture treatment
1,Day 1,5,Tray 5,2,3,13,0,8464,0.0,0,Microbe,Moisture,Inside,Microbe | Moisture,Microbe | Moisture | Inside,Inside,Moisture treatment
1,Day 1,5,Tray 5,2,4,14,0,8464,0.0,0,Microbe,Moisture,Inside,Microbe | Moisture,Microbe | Moisture | Inside,Inside,Moisture treatment
1,Day 1,5,Tray 5,2,5,15,1,8464,0.011814744801512287,0,Microbe,Moisture,Inside,Microbe | Moisture,Microbe | Moisture | Inside,Inside,Moisture treatment
1,Day 1,5,Tray 5,2,6,16,1,8464,0.011814744801512287,0,Microbe,Moisture,Inside,Microbe | Moisture,Microbe | Moisture | Inside,Inside,Moisture treatment
1,Day 1,5,Tray 5,2,7,17,4,8464,0.04725897920604915,0,Microbe,Moisture,Inside,Microbe | Moisture,Microbe | Moisture | Inside,Inside,Moisture treatment
1,Day 1,5,Tray 5,2,8,18,1,8464,0.011814744801512287,0,Microbe,Moisture,Inside,Microbe | Moisture,Microbe | Moisture | Inside,Inside,Moisture treatment
1,Day 1,5,Tray 5,2,9,19,0,8464,0.0,0,Microbe,Moisture,Inside,Microbe | Moisture,Microbe | Moisture | Inside,Inside,Moisture treatment
1,Day 1,5,Tray 5,2,10,20,0,8464,0.0,0,Microbe,Moisture,Inside,Microbe | Moisture,Microbe | Moisture | Inside,Inside,Moisture treatment
1,Day 1,5,Tray 5,3,1,21,0,8464,0.0,0,Microbe,Moisture,Inside,Microbe | Moisture,Microbe | Moisture | Inside,Inside,Moisture treatment
1,Day 1,5,Tray 5,3,2,22,0,8464,0.0,0,Microbe,Moisture,Inside,Microbe | Moisture,Microbe | Moisture | Inside,Inside,Moisture treatment
1,Day 1,5,Tray 5,3,3,23,0,8464,0.0,0,Microbe,Moisture,Inside,Microbe | Moisture,Microbe | Moisture | Inside,Inside,Moisture treatment
1,Day 1,5,Tray 5,3,4,24,0,8464,0.0,0,Microbe,Moisture,Inside,Microbe | Moisture,Microbe | Moisture | Inside,Inside,Moisture treatment
1,Day 1,5,Tray 5,3,5,25,0,8464,0.0,0,Microbe,Moisture,Inside,Microbe | Moisture,Microbe | Moisture | Inside,Inside,Moisture treatment
1,Day 1,5,Tray 5,3,6,26,10,8464,0.11814744801512288,0,Microbe,Moisture,Inside,Microbe | Moisture,Microbe | Moisture | Inside,Inside,Moisture treatment
1,Day 1,5,Tray 5,3,7,27,6,8464,0.07088846880907372,0,Microbe,Moisture,Inside,Microbe | Moisture,Microbe | Moisture | Inside,Inside,Moisture treatment
1,Day 1,5,Tray 5,3,8,28,0,8464,0.0,0,Microbe,Moisture,Inside,Microbe | Moisture,Microbe | Moisture | Inside,Inside,Moisture treatment
1,Day 1,5,Tray 5,3,9,29,0,8464,0.0,0,Microbe,Moisture,Inside,Microbe | Moisture,Microbe | Moisture | Inside,Inside,Moisture treatment
1,Day 1,5,Tray 5,3,10,30,0,8464,0.0,0,Microbe,Moisture,Inside,Microbe | Moisture,Microbe | Moisture | Inside,Inside,Moisture treatment
1,Day 1,5,Tray 5,4,1,31,0,8464,0.0,0,Microbe,Moisture,Inside,Microbe | Moisture,Microbe | Moisture | Inside,Inside,Moisture treatment
1,Day 1,5,Tray 5,4,2,32,3,8464,0.03544423440453686,0,Microbe,Moisture,Inside,Microbe | Moisture,Microbe | Moisture | Inside,Inside,Moisture treatment
1,Day 1,5,Tray 5,4,3,33,1,8464,0.011814744801512287,0,Microbe,Moisture,Inside,Microbe | Moisture,Microbe | Moisture | Inside,Inside,Moisture treatment
1,Day 1,5,Tray 5,4,4,34,0,8464,0.0,0,Microbe,Moisture,Inside,Microbe | Moisture,Microbe | Moisture | Inside,Inside,Moisture treatment
1,Day 1,5,Tray 5,4,5,35,2,8464,0.023629489603024575,0,Microbe,Moisture,Inside,Microbe | Moisture,Microbe | Moisture | Inside,Inside,Moisture treatment
1,Day 1,5,Tray 5,4,6,36,5,8464,0.05907372400756144,0,Microbe,Moisture,Inside,Microbe | Moisture,Microbe | Moisture | Inside,Inside,Moisture treatment
1,Day 1,5,Tray 5,4,7,37,3,8464,0.03544423440453686,0,Microbe,Moisture,Inside,Microbe | Moisture,Microbe | Moisture | Inside,Inside,Moisture treatment
1,Day 1,5,Tray 5,4,8,38,28,8464,0.33081285444234404,1,Microbe,Moisture,Inside,Microbe | Moisture,Microbe | Moisture | Inside,Inside,Moisture treatment
1,Day 1,5,Tray 5,4,9,39,0,8464,0.0,0,Microbe,Moisture,Inside,Microbe | Moisture,Microbe | Moisture | Inside,Inside,Moisture treatment
1,Day 1,5,Tray 5,4,10,40,1,8464,0.011814744801512287,0,Microbe,Moisture,Inside,Microbe | Moisture,Microbe | Moisture | Inside,Inside,Moisture treatment
1,Day 1,5,Tray 5,5,1,41,0,8464,0.0,0,Microbe,Moisture,Inside,Microbe | Moisture,Microbe | Moisture | Inside,Inside,Moisture treatment
1,Day 1,5,Tray 5,5,2,42,0,8464,0.0,0,Microbe,Moisture,Inside,Microbe | Moisture,Microbe | Moisture | Inside,Inside,Moisture treatment
1,Day 1,5,Tray 5,5,3,43,4,8464,0.04725897920604915,0,Microbe,Moisture,Inside,Microbe | Moisture,Microbe | Moisture | Inside,Inside,Moisture treatment
1,Day 1,5,Tray 5,5,4,44,0,8464,0.0,0,Microbe,Moisture,Inside,Microbe | Moisture,Microbe | Moisture | Inside,Inside,Moisture treatment
1,Day 1,5,Tray 5,5,5,45,1,8464,0.011814744801512287,0,Microbe,Moisture,Inside,Microbe | Moisture,Microbe | Moisture | Inside,Inside,Moisture treatment
1,Day 1,5,Tray 5,5,6,46,1,8464,0.011814744801512287,0,Microbe,Moisture,Inside,Microbe | Moisture,Microbe | Moisture | Inside,Inside,Moisture treatment
1,Day 1,5,Tray 5,5,7,47,0,8464,0.0,0,Microbe,Moisture,Inside,Microbe | Moisture,Microbe | Moisture | Inside,Inside,Moisture treatment
1,Day 1,5,Tray 5,5,8,48,0,8464,0.0,0,Microbe,Moisture,Inside,Microbe | Moisture,Microbe | Moisture | Inside,Inside,Moisture treatment
1,Day 1,5,Tray 5,5,9,49,0,8464,0.0,0,Microbe,Moisture,Inside,Microbe | Moisture,Microbe | Moisture | Inside,Inside,Moisture treatment
1,Day 1,5,Tray 5,5,10,50,0,8464,0.0,0,Microbe,Moisture,Inside,Microbe | Moisture,Microbe | Moisture | Inside,Inside,Moisture treatment
1,Day 1,5,Tray 5,6,1,51,0,8464,0.0,0,Microbe,Moisture,Inside,Microbe | Moisture,Microbe | Moisture | Inside,Inside,Moisture treatment
1,Day 1,5,Tray 5,6,2,52,0,8464,0.0,0,Microbe,Moisture,Inside,Microbe | Moisture,Microbe | Moisture | Inside,Inside,Moisture treatment
1,Day 1,5,Tray 5,6,3,53,5,8464,0.05907372400756144,0,Microbe,Moisture,Inside,Microbe | Moisture,Microbe | Moisture | Inside,Inside,Moisture treatment
1,Day 1,5,Tray 5,6,4,54,0,8464,0.0,0,Microbe,Moisture,Inside,Microbe | Moisture,Microbe | Moisture | Inside,Inside,Moisture treatment
1,Day 1,5,Tray 5,6,5,55,6,8464,0.07088846880907372,0,Microbe,Moisture,Inside,Microbe | Moisture,Microbe | Moisture | Inside,Inside,Moisture treatment
1,Day 1,5,Tray 5,6,6,56,2,8464,0.023629489603024575,0,Microbe,Moisture,Inside,Microbe | Moisture,Microbe | Moisture | Inside,Inside,Moisture treatment
1,Day 1,5,Tray 5,6,7,57,1,8464,0.011814744801512287,0,Microbe,Moisture,Inside,Microbe | Moisture,Microbe | Moisture | Inside,Inside,Moisture treatment
1,Day 1,5,Tray 5,6,8,58,2,8464,0.023629489603024575,0,Microbe,Moisture,Inside,Microbe | Moisture,Microbe | Moisture | Inside,Inside,Moisture treatment
1,Day 1,5,Tray 5,6,9,59,0,8464,0.0,0,Microbe,Moisture,Inside,Microbe | Moisture,Microbe | Moisture | Inside,Inside,Moisture treatment
1,Day 1,5,Tray 5,6,10,60,0,8464,0.0,0,Microbe,Moisture,Inside,Microbe | Moisture,Microbe | Moisture | Inside,Inside,Moisture treatment
1,Day 1,5,Tray 5,7,1,61,0,8464,0.0,0,Microbe,Moisture,Inside,Microbe | Moisture,Microbe | Moisture | Inside,Inside,Moisture treatment
1,Day 1,5,Tray 5,7,2,62,0,8464,0.0,0,Microbe,Moisture,Inside,Microbe | Moisture,Microbe | Moisture | Inside,Inside,Moisture treatment
1,Day 1,5,Tray 5,7,3,63,5,8464,0.05907372400756144,0,Microbe,Moisture,Inside,Microbe | Moisture,Microbe | Moisture | Inside,Inside,Moisture treatment
1,Day 1,5,Tray 5,7,4,64,0,8464,0.0,0,Microbe,Moisture,Inside,Microbe | Moisture,Microbe | Moisture | Inside,Inside,Moisture treatment
1,Day 1,5,Tray 5,7,5,65,1,8464,0.011814744801512287,0,Microbe,Moisture,Inside,Microbe | Moisture,Microbe | Moisture | Inside,Inside,Moisture treatment
1,Day 1,5,Tray 5,7,6,66,2,8464,0.023629489603024575,0,Microbe,Moisture,Inside,Microbe | Moisture,Microbe | Moisture | Inside,Inside,Moisture treatment
1,Day 1,5,Tray 5,7,7,67,5,8464,0.05907372400756144,0,Microbe,Moisture,Inside,Microbe | Moisture,Microbe | Moisture | Inside,Inside,Moisture treatment
1,Day 1,5,Tray 5,7,8,68,0,8464,0.0,0,Microbe,Moisture,Inside,Microbe | Moisture,Microbe | Moisture | Inside,Inside,Moisture treatment
1,Day 1,5,Tray 5,7,9,69,2,8464,0.023629489603024575,0,Microbe,Moisture,Inside,Microbe | Moisture,Microbe | Moisture | Inside,Inside,Moisture treatment
1,Day 1,5,Tray 5,7,10,70,7,8464,0.08270321361058601,0,Microbe,Moisture,Inside,Microbe | Moisture,Microbe | Moisture | Inside,Inside,Moisture treatment
1,Day 1,6,Tray 6,1,1,1,0,8464,0.0,0,Microbe,Heat,Alternating,Microbe | Heat,Microbe | Heat | Alternating,Inside,Always watered
1,Day 1,6,Tray 6,1,2,2,0,8464,0.0,0,Microbe,Heat,Alternating,Microbe | Heat,Microbe | Heat | Alternating,Inside,Always watered
1,Day 1,6,Tray 6,1,3,3,0,8464,0.0,0,Microbe,Heat,Alternating,Microbe | Heat,Microbe | Heat | Alternating,Inside,Always watered
1,Day 1,6,Tray 6,1,4,4,0,8464,0.0,0,Microbe,Heat,Alternating,Microbe | Heat,Microbe | Heat | Alternating,Inside,Always watered
1,Day 1,6,Tray 6,1,5,5,0,8464,0.0,0,Microbe,Heat,Alternating,Microbe | Heat,Microbe | Heat | Alternating,Inside,Always watered
1,Day 1,6,Tray 6,1,6,6,0,8464,0.0,0,Microbe,Heat,Alternating,Microbe | Heat,Microbe | Heat | Alternating,Inside,Always watered
1,Day 1,6,Tray 6,1,7,7,0,8464,0.0,0,Microbe,Heat,Alternating,Microbe | Heat,Microbe | Heat | Alternating,Inside,Always watered
1,Day 1,6,Tray 6,1,8,8,0,8464,0.0,0,Microbe,Heat,Alternating,Microbe | Heat,Microbe | Heat | Alternating,Inside,Always watered
1,Day 1,6,Tray 6,1,9,9,0,8464,0.0,0,Microbe,Heat,Alternating,Microbe | Heat,Microbe | Heat | Alternating,Inside,Always watered
1,Day 1,6,Tray 6,1,10,10,0,8464,0.0,0,Microbe,Heat,Alternating,Microbe | Heat,Microbe | Heat | Alternating,Inside,Always watered
1,Day 1,6,Tray 6,2,1,11,0,8464,0.0,0,Microbe,Heat,Alternating,Microbe | Heat,Microbe | Heat | Alternating,Inside,Always watered
1,Day 1,6,Tray 6,2,2,12,0,8464,0.0,0,Microbe,Heat,Alternating,Microbe | Heat,Microbe | Heat | Alternating,Inside,Always watered
1,Day 1,6,Tray 6,2,3,13,0,8464,0.0,0,Microbe,Heat,Alternating,Microbe | Heat,Microbe | Heat | Alternating,Inside,Always watered
1,Day 1,6,Tray 6,2,4,14,8,8464,0.0945179584120983,0,Microbe,Heat,Alternating,Microbe | Heat,Microbe | Heat | Alternating,Inside,Always watered
1,Day 1,6,Tray 6,2,5,15,3,8464,0.03544423440453686,0,Microbe,Heat,Alternating,Microbe | Heat,Microbe | Heat | Alternating,Inside,Always watered
1,Day 1,6,Tray 6,2,6,16,0,8464,0.0,0,Microbe,Heat,Alternating,Microbe | Heat,Microbe | Heat | Alternating,Inside,Always watered
1,Day 1,6,Tray 6,2,7,17,2,8464,0.023629489603024575,0,Microbe,Heat,Alternating,Microbe | Heat,Microbe | Heat | Alternating,Inside,Always watered
1,Day 1,6,Tray 6,2,8,18,0,8464,0.0,0,Microbe,Heat,Alternating,Microbe | Heat,Microbe | Heat | Alternating,Inside,Always watered
1,Day 1,6,Tray 6,2,9,19,0,8464,0.0,0,Microbe,Heat,Alternating,Microbe | Heat,Microbe | Heat | Alternating,Inside,Always watered
1,Day 1,6,Tray 6,2,10,20,0,8464,0.0,0,Microbe,Heat,Alternating,Microbe | Heat,Microbe | Heat | Alternating,Inside,Always watered
1,Day 1,6,Tray 6,3,1,21,0,8464,0.0,0,Microbe,Heat,Alternating,Microbe | Heat,Microbe | Heat | Alternating,Inside,Always watered
1,Day 1,6,Tray 6,3,2,22,0,8464,0.0,0,Microbe,Heat,Alternating,Microbe | Heat,Microbe | Heat | Alternating,Inside,Always watered
1,Day 1,6,Tray 6,3,3,23,0,8464,0.0,0,Microbe,Heat,Alternating,Microbe | Heat,Microbe | Heat | Alternating,Inside,Always watered
1,Day 1,6,Tray 6,3,4,24,0,8464,0.0,0,Microbe,Heat,Alternating,Microbe | Heat,Microbe | Heat | Alternating,Inside,Always watered
1,Day 1,6,Tray 6,3,5,25,0,8464,0.0,0,Microbe,Heat,Alternating,Microbe | Heat,Microbe | Heat | Alternating,Inside,Always watered
1,Day 1,6,Tray 6,3,6,26,7,8464,0.08270321361058601,0,Microbe,Heat,Alternating,Microbe | Heat,Microbe | Heat | Alternating,Inside,Always watered
1,Day 1,6,Tray 6,3,7,27,37,8464,0.43714555765595464,1,Microbe,Heat,Alternating,Microbe | Heat,Microbe | Heat | Alternating,Inside,Always watered
1,Day 1,6,Tray 6,3,8,28,0,8464,0.0,0,Microbe,Heat,Alternating,Microbe | Heat,Microbe | Heat | Alternating,Inside,Always watered
1,Day 1,6,Tray 6,3,9,29,0,8464,0.0,0,Microbe,Heat,Alternating,Microbe | Heat,Microbe | Heat | Alternating,Inside,Always watered
1,Day 1,6,Tray 6,3,10,30,0,8464,0.0,0,Microbe,Heat,Alternating,Microbe | Heat,Microbe | Heat | Alternating,Inside,Always watered
1,Day 1,6,Tray 6,4,1,31,0,8464,0.0,0,Microbe,Heat,Alternating,Microbe | Heat,Microbe | Heat | Alternating,Inside,Always watered
1,Day 1,6,Tray 6,4,2,32,0,8464,0.0,0,Microbe,Heat,Alternating,Microbe | Heat,Microbe | Heat | Alternating,Inside,Always watered
1,Day 1,6,Tray 6,4,3,33,0,8464,0.0,0,Microbe,Heat,Alternating,Microbe | Heat,Microbe | Heat | Alternating,Inside,Always watered
1,Day 1,6,Tray 6,4,4,34,5,8464,0.05907372400756144,0,Microbe,Heat,Alternating,Microbe | Heat,Microbe | Heat | Alternating,Inside,Always watered
1,Day 1,6,Tray 6,4,5,35,12,8464,0.14177693761814744,0,Microbe,Heat,Alternating,Microbe | Heat,Microbe | Heat | Alternating,Inside,Always watered
1,Day 1,6,Tray 6,4,6,36,2,8464,0.023629489603024575,0,Microbe,Heat,Alternating,Microbe | Heat,Microbe | Heat | Alternating,Inside,Always watered
1,Day 1,6,Tray 6,4,7,37,1,8464,0.011814744801512287,0,Microbe,Heat,Alternating,Microbe | Heat,Microbe | Heat | Alternating,Inside,Always watered
1,Day 1,6,Tray 6,4,8,38,0,8464,0.0,0,Microbe,Heat,Alternating,Microbe | Heat,Microbe | Heat | Alternating,Inside,Always watered
1,Day 1,6,Tray 6,4,9,39,0,8464,0.0,0,Microbe,Heat,Alternating,Microbe | Heat,Microbe | Heat | Alternating,Inside,Always watered
1,Day 1,6,Tray 6,4,10,40,0,8464,0.0,0,Microbe,Heat,Alternating,Microbe | Heat,Microbe | Heat | Alternating,Inside,Always watered
1,Day 1,6,Tray 6,5,1,41,0,8464,0.0,0,Microbe,Heat,Alternating,Microbe | Heat,Microbe | Heat | Alternating,Inside,Always watered
1,Day 1,6,Tray 6,5,2,42,0,8464,0.0,0,Microbe,Heat,Alternating,Microbe | Heat,Microbe | Heat | Alternating,Inside,Always watered
1,Day 1,6,Tray 6,5,3,43,2,8464,0.023629489603024575,0,Microbe,Heat,Alternating,Microbe | Heat,Microbe | Heat | Alternating,Inside,Always watered
1,Day 1,6,Tray 6,5,4,44,2,8464,0.023629489603024575,0,Microbe,Heat,Alternating,Microbe | Heat,Microbe | Heat | Alternating,Inside,Always watered
1,Day 1,6,Tray 6,5,5,45,11,8464,0.12996219281663515,0,Microbe,Heat,Alternating,Microbe | Heat,Microbe | Heat | Alternating,Inside,Always watered
1,Day 1,6,Tray 6,5,6,46,0,8464,0.0,0,Microbe,Heat,Alternating,Microbe | Heat,Microbe | Heat | Alternating,Inside,Always watered
1,Day 1,6,Tray 6,5,7,47,0,8464,0.0,0,Microbe,Heat,Alternating,Microbe | Heat,Microbe | Heat | Alternating,Inside,Always watered
1,Day 1,6,Tray 6,5,8,48,0,8464,0.0,0,Microbe,Heat,Alternating,Microbe | Heat,Microbe | Heat | Alternating,Inside,Always watered
1,Day 1,6,Tray 6,5,9,49,0,8464,0.0,0,Microbe,Heat,Alternating,Microbe | Heat,Microbe | Heat | Alternating,Inside,Always watered
1,Day 1,6,Tray 6,5,10,50,0,8464,0.0,0,Microbe,Heat,Alternating,Microbe | Heat,Microbe | Heat | Alternating,Inside,Always watered
1,Day 1,6,Tray 6,6,1,51,0,8464,0.0,0,Microbe,Heat,Alternating,Microbe | Heat,Microbe | Heat | Alternating,Inside,Always watered
1,Day 1,6,Tray 6,6,2,52,0,8464,0.0,0,Microbe,Heat,Alternating,Microbe | Heat,Microbe | Heat | Alternating,Inside,Always watered
1,Day 1,6,Tray 6,6,3,53,0,8464,0.0,0,Microbe,Heat,Alternating,Microbe | Heat,Microbe | Heat | Alternating,Inside,Always watered
1,Day 1,6,Tray 6,6,4,54,0,8464,0.0,0,Microbe,Heat,Alternating,Microbe | Heat,Microbe | Heat | Alternating,Inside,Always watered
1,Day 1,6,Tray 6,6,5,55,1,8464,0.011814744801512287,0,Microbe,Heat,Alternating,Microbe | Heat,Microbe | Heat | Alternating,Inside,Always watered
1,Day 1,6,Tray 6,6,6,56,2,8464,0.023629489603024575,0,Microbe,Heat,Alternating,Microbe | Heat,Microbe | Heat | Alternating,Inside,Always watered
1,Day 1,6,Tray 6,6,7,57,1,8464,0.011814744801512287,0,Microbe,Heat,Alternating,Microbe | Heat,Microbe | Heat | Alternating,Inside,Always watered
1,Day 1,6,Tray 6,6,8,58,0,8464,0.0,0,Microbe,Heat,Alternating,Microbe | Heat,Microbe | Heat | Alternating,Inside,Always watered
1,Day 1,6,Tray 6,6,9,59,0,8464,0.0,0,Microbe,Heat,Alternating,Microbe | Heat,Microbe | Heat | Alternating,Inside,Always watered
1,Day 1,6,Tray 6,6,10,60,0,8464,0.0,0,Microbe,Heat,Alternating,Microbe | Heat,Microbe | Heat | Alternating,Inside,Always watered
1,Day 1,6,Tray 6,7,1,61,0,8464,0.0,0,Microbe,Heat,Alternating,Microbe | Heat,Microbe | Heat | Alternating,Inside,Always watered
1,Day 1,6,Tray 6,7,2,62,0,8464,0.0,0,Microbe,Heat,Alternating,Microbe | Heat,Microbe | Heat | Alternating,Inside,Always watered
1,Day 1,6,Tray 6,7,3,63,2,8464,0.023629489603024575,0,Microbe,Heat,Alternating,Microbe | Heat,Microbe | Heat | Alternating,Inside,Always watered
1,Day 1,6,Tray 6,7,4,64,0,8464,0.0,0,Microbe,Heat,Alternating,Microbe | Heat,Microbe | Heat | Alternating,Inside,Always watered
1,Day 1,6,Tray 6,7,5,65,0,8464,0.0,0,Microbe,Heat,Alternating,Microbe | Heat,Microbe | Heat | Alternating,Inside,Always watered
1,Day 1,6,Tray 6,7,6,66,0,8464,0.0,0,Microbe,Heat,Alternating,Microbe | Heat,Microbe | Heat | Alternating,Inside,Always watered
1,Day 1,6,Tray 6,7,7,67,1,8464,0.011814744801512287,0,Microbe,Heat,Alternating,Microbe | Heat,Microbe | Heat | Alternating,Inside,Always watered
1,Day 1,6,Tray 6,7,8,68,2,8464,0.023629489603024575,0,Microbe,Heat,Alternating,Microbe | Heat,Microbe | Heat | Alternating,Inside,Always watered
1,Day 1,6,Tray 6,7,9,69,0,8464,0.0,0,Microbe,Heat,Alternating,Microbe | Heat,Microbe | Heat | Alternating,Inside,Always watered
1,Day 1,6,Tray 6,7,10,70,3,8464,0.03544423440453686,0,Microbe,Heat,Alternating,Microbe | Heat,Microbe | Heat | Alternating,Inside,Always watered
1,Day 1,7,Tray 7,1,1,1,0,8464,0.0,0,Microbe,Ideal,Outside,Microbe | Ideal,Microbe | Ideal | Outside,Outside,Always watered
1,Day 1,7,Tray 7,1,2,2,0,8464,0.0,0,Microbe,Ideal,Outside,Microbe | Ideal,Microbe | Ideal | Outside,Outside,Always watered
1,Day 1,7,Tray 7,1,3,3,0,8464,0.0,0,Microbe,Ideal,Outside,Microbe | Ideal,Microbe | Ideal | Outside,Outside,Always watered
1,Day 1,7,Tray 7,1,4,4,1,8464,0.011814744801512287,0,Microbe,Ideal,Outside,Microbe | Ideal,Microbe | Ideal | Outside,Outside,Always watered
1,Day 1,7,Tray 7,1,5,5,0,8464,0.0,0,Microbe,Ideal,Outside,Microbe | Ideal,Microbe | Ideal | Outside,Outside,Always watered
1,Day 1,7,Tray 7,1,6,6,0,8464,0.0,0,Microbe,Ideal,Outside,Microbe | Ideal,Microbe | Ideal | Outside,Outside,Always watered
1,Day 1,7,Tray 7,1,7,7,3,8464,0.03544423440453686,0,Microbe,Ideal,Outside,Microbe | Ideal,Microbe | Ideal | Outside,Outside,Always watered
1,Day 1,7,Tray 7,1,8,8,0,8464,0.0,0,Microbe,Ideal,Outside,Microbe | Ideal,Microbe | Ideal | Outside,Outside,Always watered
1,Day 1,7,Tray 7,1,9,9,0,8464,0.0,0,Microbe,Ideal,Outside,Microbe | Ideal,Microbe | Ideal | Outside,Outside,Always watered
1,Day 1,7,Tray 7,1,10,10,6,8464,0.07088846880907372,0,Microbe,Ideal,Outside,Microbe | Ideal,Microbe | Ideal | Outside,Outside,Always watered
1,Day 1,7,Tray 7,2,1,11,0,8464,0.0,0,Microbe,Ideal,Outside,Microbe | Ideal,Microbe | Ideal | Outside,Outside,Always watered
1,Day 1,7,Tray 7,2,2,12,0,8464,0.0,0,Microbe,Ideal,Outside,Microbe | Ideal,Microbe | Ideal | Outside,Outside,Always watered
1,Day 1,7,Tray 7,2,3,13,0,8464,0.0,0,Microbe,Ideal,Outside,Microbe | Ideal,Microbe | Ideal | Outside,Outside,Always watered
1,Day 1,7,Tray 7,2,4,14,0,8464,0.0,0,Microbe,Ideal,Outside,Microbe | Ideal,Microbe | Ideal | Outside,Outside,Always watered
1,Day 1,7,Tray 7,2,5,15,1,8464,0.011814744801512287,0,Microbe,Ideal,Outside,Microbe | Ideal,Microbe | Ideal | Outside,Outside,Always watered
1,Day 1,7,Tray 7,2,6,16,6,8464,0.07088846880907372,0,Microbe,Ideal,Outside,Microbe | Ideal,Microbe | Ideal | Outside,Outside,Always watered
1,Day 1,7,Tray 7,2,7,17,3,8464,0.03544423440453686,0,Microbe,Ideal,Outside,Microbe | Ideal,Microbe | Ideal | Outside,Outside,Always watered
1,Day 1,7,Tray 7,2,8,18,3,8464,0.03544423440453686,0,Microbe,Ideal,Outside,Microbe | Ideal,Microbe | Ideal | Outside,Outside,Always watered
1,Day 1,7,Tray 7,2,9,19,0,8464,0.0,0,Microbe,Ideal,Outside,Microbe | Ideal,Microbe | Ideal | Outside,Outside,Always watered
1,Day 1,7,Tray 7,2,10,20,1,8464,0.011814744801512287,0,Microbe,Ideal,Outside,Microbe | Ideal,Microbe | Ideal | Outside,Outside,Always watered
1,Day 1,7,Tray 7,3,1,21,0,8464,0.0,0,Microbe,Ideal,Outside,Microbe | Ideal,Microbe | Ideal | Outside,Outside,Always watered
1,Day 1,7,Tray 7,3,2,22,0,8464,0.0,0,Microbe,Ideal,Outside,Microbe | Ideal,Microbe | Ideal | Outside,Outside,Always watered
1,Day 1,7,Tray 7,3,3,23,0,8464,0.0,0,Microbe,Ideal,Outside,Microbe | Ideal,Microbe | Ideal | Outside,Outside,Always watered
1,Day 1,7,Tray 7,3,4,24,2,8464,0.023629489603024575,0,Microbe,Ideal,Outside,Microbe | Ideal,Microbe | Ideal | Outside,Outside,Always watered
1,Day 1,7,Tray 7,3,5,25,1,8464,0.011814744801512287,0,Microbe,Ideal,Outside,Microbe | Ideal,Microbe | Ideal | Outside,Outside,Always watered
1,Day 1,7,Tray 7,3,6,26,9,8464,0.10633270321361059,0,Microbe,Ideal,Outside,Microbe | Ideal,Microbe | Ideal | Outside,Outside,Always watered
1,Day 1,7,Tray 7,3,7,27,0,8464,0.0,0,Microbe,Ideal,Outside,Microbe | Ideal,Microbe | Ideal | Outside,Outside,Always watered
1,Day 1,7,Tray 7,3,8,28,0,8464,0.0,0,Microbe,Ideal,Outside,Microbe | Ideal,Microbe | Ideal | Outside,Outside,Always watered
1,Day 1,7,Tray 7,3,9,29,0,8464,0.0,0,Microbe,Ideal,Outside,Microbe | Ideal,Microbe | Ideal | Outside,Outside,Always watered
1,Day 1,7,Tray 7,3,10,30,0,8464,0.0,0,Microbe,Ideal,Outside,Microbe | Ideal,Microbe | Ideal | Outside,Outside,Always watered
1,Day 1,7,Tray 7,4,1,31,0,8464,0.0,0,Microbe,Ideal,Outside,Microbe | Ideal,Microbe | Ideal | Outside,Outside,Always watered
1,Day 1,7,Tray 7,4,2,32,0,8464,0.0,0,Microbe,Ideal,Outside,Microbe | Ideal,Microbe | Ideal | Outside,Outside,Always watered
1,Day 1,7,Tray 7,4,3,33,0,8464,0.0,0,Microbe,Ideal,Outside,Microbe | Ideal,Microbe | Ideal | Outside,Outside,Always watered
1,Day 1,7,Tray 7,4,4,34,1,8464,0.011814744801512287,0,Microbe,Ideal,Outside,Microbe | Ideal,Microbe | Ideal | Outside,Outside,Always watered
1,Day 1,7,Tray 7,4,5,35,0,8464,0.0,0,Microbe,Ideal,Outside,Microbe | Ideal,Microbe | Ideal | Outside,Outside,Always watered
1,Day 1,7,Tray 7,4,6,36,4,8464,0.04725897920604915,0,Microbe,Ideal,Outside,Microbe | Ideal,Microbe | Ideal | Outside,Outside,Always watered
1,Day 1,7,Tray 7,4,7,37,0,8464,0.0,0,Microbe,Ideal,Outside,Microbe | Ideal,Microbe | Ideal | Outside,Outside,Always watered
1,Day 1,7,Tray 7,4,8,38,0,8464,0.0,0,Microbe,Ideal,Outside,Microbe | Ideal,Microbe | Ideal | Outside,Outside,Always watered
1,Day 1,7,Tray 7,4,9,39,0,8464,0.0,0,Microbe,Ideal,Outside,Microbe | Ideal,Microbe | Ideal | Outside,Outside,Always watered
1,Day 1,7,Tray 7,4,10,40,0,8464,0.0,0,Microbe,Ideal,Outside,Microbe | Ideal,Microbe | Ideal | Outside,Outside,Always watered
1,Day 1,7,Tray 7,5,1,41,1,8464,0.011814744801512287,0,Microbe,Ideal,Outside,Microbe | Ideal,Microbe | Ideal | Outside,Outside,Always watered
1,Day 1,7,Tray 7,5,2,42,0,8464,0.0,0,Microbe,Ideal,Outside,Microbe | Ideal,Microbe | Ideal | Outside,Outside,Always watered
1,Day 1,7,Tray 7,5,3,43,2,8464,0.023629489603024575,0,Microbe,Ideal,Outside,Microbe | Ideal,Microbe | Ideal | Outside,Outside,Always watered
1,Day 1,7,Tray 7,5,4,44,4,8464,0.04725897920604915,0,Microbe,Ideal,Outside,Microbe | Ideal,Microbe | Ideal | Outside,Outside,Always watered
1,Day 1,7,Tray 7,5,5,45,3,8464,0.03544423440453686,0,Microbe,Ideal,Outside,Microbe | Ideal,Microbe | Ideal | Outside,Outside,Always watered
1,Day 1,7,Tray 7,5,6,46,0,8464,0.0,0,Microbe,Ideal,Outside,Microbe | Ideal,Microbe | Ideal | Outside,Outside,Always watered
1,Day 1,7,Tray 7,5,7,47,1,8464,0.011814744801512287,0,Microbe,Ideal,Outside,Microbe | Ideal,Microbe | Ideal | Outside,Outside,Always watered
1,Day 1,7,Tray 7,5,8,48,4,8464,0.04725897920604915,0,Microbe,Ideal,Outside,Microbe | Ideal,Microbe | Ideal | Outside,Outside,Always watered
1,Day 1,7,Tray 7,5,9,49,0,8464,0.0,0,Microbe,Ideal,Outside,Microbe | Ideal,Microbe | Ideal | Outside,Outside,Always watered
1,Day 1,7,Tray 7,5,10,50,0,8464,0.0,0,Microbe,Ideal,Outside,Microbe | Ideal,Microbe | Ideal | Outside,Outside,Always watered
1,Day 1,7,Tray 7,6,1,51,1,8464,0.011814744801512287,0,Microbe,Ideal,Outside,Microbe | Ideal,Microbe | Ideal | Outside,Outside,Always watered
1,Day 1,7,Tray 7,6,2,52,1,8464,0.011814744801512287,0,Microbe,Ideal,Outside,Microbe | Ideal,Microbe | Ideal | Outside,Outside,Always watered
1,Day 1,7,Tray 7,6,3,53,2,8464,0.023629489603024575,0,Microbe,Ideal,Outside,Microbe | Ideal,Microbe | Ideal | Outside,Outside,Always watered
1,Day 1,7,Tray 7,6,4,54,4,8464,0.04725897920604915,0,Microbe,Ideal,Outside,Microbe | Ideal,Microbe | Ideal | Outside,Outside,Always watered
1,Day 1,7,Tray 7,6,5,55,1,8464,0.011814744801512287,0,Microbe,Ideal,Outside,Microbe | Ideal,Microbe | Ideal | Outside,Outside,Always watered
1,Day 1,7,Tray 7,6,6,56,0,8464,0.0,0,Microbe,Ideal,Outside,Microbe | Ideal,Microbe | Ideal | Outside,Outside,Always watered
1,Day 1,7,Tray 7,6,7,57,4,8464,0.04725897920604915,0,Microbe,Ideal,Outside,Microbe | Ideal,Microbe | Ideal | Outside,Outside,Always watered
1,Day 1,7,Tray 7,6,8,58,0,8464,0.0,0,Microbe,Ideal,Outside,Microbe | Ideal,Microbe | Ideal | Outside,Outside,Always watered
1,Day 1,7,Tray 7,6,9,59,0,8464,0.0,0,Microbe,Ideal,Outside,Microbe | Ideal,Microbe | Ideal | Outside,Outside,Always watered
1,Day 1,7,Tray 7,6,10,60,5,8464,0.05907372400756144,0,Microbe,Ideal,Outside,Microbe | Ideal,Microbe | Ideal | Outside,Outside,Always watered
1,Day 1,7,Tray 7,7,1,61,0,8464,0.0,0,Microbe,Ideal,Outside,Microbe | Ideal,Microbe | Ideal | Outside,Outside,Always watered
1,Day 1,7,Tray 7,7,2,62,1,8464,0.011814744801512287,0,Microbe,Ideal,Outside,Microbe | Ideal,Microbe | Ideal | Outside,Outside,Always watered
1,Day 1,7,Tray 7,7,3,63,1,8464,0.011814744801512287,0,Microbe,Ideal,Outside,Microbe | Ideal,Microbe | Ideal | Outside,Outside,Always watered
1,Day 1,7,Tray 7,7,4,64,0,8464,0.0,0,Microbe,Ideal,Outside,Microbe | Ideal,Microbe | Ideal | Outside,Outside,Always watered
1,Day 1,7,Tray 7,7,5,65,3,8464,0.03544423440453686,0,Microbe,Ideal,Outside,Microbe | Ideal,Microbe | Ideal | Outside,Outside,Always watered
1,Day 1,7,Tray 7,7,6,66,0,8464,0.0,0,Microbe,Ideal,Outside,Microbe | Ideal,Microbe | Ideal | Outside,Outside,Always watered
1,Day 1,7,Tray 7,7,7,67,5,8464,0.05907372400756144,0,Microbe,Ideal,Outside,Microbe | Ideal,Microbe | Ideal | Outside,Outside,Always watered
1,Day 1,7,Tray 7,7,8,68,0,8464,0.0,0,Microbe,Ideal,Outside,Microbe | Ideal,Microbe | Ideal | Outside,Outside,Always watered
1,Day 1,7,Tray 7,7,9,69,0,8464,0.0,0,Microbe,Ideal,Outside,Microbe | Ideal,Microbe | Ideal | Outside,Outside,Always watered
1,Day 1,7,Tray 7,7,10,70,2,8464,0.023629489603024575,0,Microbe,Ideal,Outside,Microbe | Ideal,Microbe | Ideal | Outside,Outside,Always watered
1,Day 1,8,Tray 8,1,1,1,2,8464,0.023629489603024575,0,Microbe,Heat,Alternating,Microbe | Heat,Microbe | Heat | Alternating,Inside,Always watered
1,Day 1,8,Tray 8,1,2,2,0,8464,0.0,0,Microbe,Heat,Alternating,Microbe | Heat,Microbe | Heat | Alternating,Inside,Always watered
1,Day 1,8,Tray 8,1,3,3,0,8464,0.0,0,Microbe,Heat,Alternating,Microbe | Heat,Microbe | Heat | Alternating,Inside,Always watered
1,Day 1,8,Tray 8,1,4,4,3,8464,0.03544423440453686,0,Microbe,Heat,Alternating,Microbe | Heat,Microbe | Heat | Alternating,Inside,Always watered
1,Day 1,8,Tray 8,1,5,5,0,8464,0.0,0,Microbe,Heat,Alternating,Microbe | Heat,Microbe | Heat | Alternating,Inside,Always watered
1,Day 1,8,Tray 8,1,6,6,0,8464,0.0,0,Microbe,Heat,Alternating,Microbe | Heat,Microbe | Heat | Alternating,Inside,Always watered
1,Day 1,8,Tray 8,1,7,7,7,8464,0.08270321361058601,0,Microbe,Heat,Alternating,Microbe | Heat,Microbe | Heat | Alternating,Inside,Always watered
1,Day 1,8,Tray 8,1,8,8,0,8464,0.0,0,Microbe,Heat,Alternating,Microbe | Heat,Microbe | Heat | Alternating,Inside,Always watered
1,Day 1,8,Tray 8,1,9,9,0,8464,0.0,0,Microbe,Heat,Alternating,Microbe | Heat,Microbe | Heat | Alternating,Inside,Always watered
1,Day 1,8,Tray 8,1,10,10,2,8464,0.023629489603024575,0,Microbe,Heat,Alternating,Microbe | Heat,Microbe | Heat | Alternating,Inside,Always watered
1,Day 1,8,Tray 8,2,1,11,4,8464,0.04725897920604915,0,Microbe,Heat,Alternating,Microbe | Heat,Microbe | Heat | Alternating,Inside,Always watered
1,Day 1,8,Tray 8,2,2,12,2,8464,0.023629489603024575,0,Microbe,Heat,Alternating,Microbe | Heat,Microbe | Heat | Alternating,Inside,Always watered
1,Day 1,8,Tray 8,2,3,13,0,8464,0.0,0,Microbe,Heat,Alternating,Microbe | Heat,Microbe | Heat | Alternating,Inside,Always watered
1,Day 1,8,Tray 8,2,4,14,2,8464,0.023629489603024575,0,Microbe,Heat,Alternating,Microbe | Heat,Microbe | Heat | Alternating,Inside,Always watered
1,Day 1,8,Tray 8,2,5,15,4,8464,0.04725897920604915,0,Microbe,Heat,Alternating,Microbe | Heat,Microbe | Heat | Alternating,Inside,Always watered
1,Day 1,8,Tray 8,2,6,16,6,8464,0.07088846880907372,0,Microbe,Heat,Alternating,Microbe | Heat,Microbe | Heat | Alternating,Inside,Always watered
1,Day 1,8,Tray 8,2,7,17,13,8464,0.15359168241965973,0,Microbe,Heat,Alternating,Microbe | Heat,Microbe | Heat | Alternating,Inside,Always watered
1,Day 1,8,Tray 8,2,8,18,1,8464,0.011814744801512287,0,Microbe,Heat,Alternating,Microbe | Heat,Microbe | Heat | Alternating,Inside,Always watered
1,Day 1,8,Tray 8,2,9,19,0,8464,0.0,0,Microbe,Heat,Alternating,Microbe | Heat,Microbe | Heat | Alternating,Inside,Always watered
1,Day 1,8,Tray 8,2,10,20,1,8464,0.011814744801512287,0,Microbe,Heat,Alternating,Microbe | Heat,Microbe | Heat | Alternating,Inside,Always watered
1,Day 1,8,Tray 8,3,1,21,0,8464,0.0,0,Microbe,Heat,Alternating,Microbe | Heat,Microbe | Heat | Alternating,Inside,Always watered
1,Day 1,8,Tray 8,3,2,22,5,8464,0.05907372400756144,0,Microbe,Heat,Alternating,Microbe | Heat,Microbe | Heat | Alternating,Inside,Always watered
1,Day 1,8,Tray 8,3,3,23,0,8464,0.0,0,Microbe,Heat,Alternating,Microbe | Heat,Microbe | Heat | Alternating,Inside,Always watered
1,Day 1,8,Tray 8,3,4,24,1,8464,0.011814744801512287,0,Microbe,Heat,Alternating,Microbe | Heat,Microbe | Heat | Alternating,Inside,Always watered
1,Day 1,8,Tray 8,3,5,25,1,8464,0.011814744801512287,0,Microbe,Heat,Alternating,Microbe | Heat,Microbe | Heat | Alternating,Inside,Always watered
1,Day 1,8,Tray 8,3,6,26,0,8464,0.0,0,Microbe,Heat,Alternating,Microbe | Heat,Microbe | Heat | Alternating,Inside,Always watered
1,Day 1,8,Tray 8,3,7,27,0,8464,0.0,0,Microbe,Heat,Alternating,Microbe | Heat,Microbe | Heat | Alternating,Inside,Always watered
1,Day 1,8,Tray 8,3,8,28,1,8464,0.011814744801512287,0,Microbe,Heat,Alternating,Microbe | Heat,Microbe | Heat | Alternating,Inside,Always watered
1,Day 1,8,Tray 8,3,9,29,0,8464,0.0,0,Microbe,Heat,Alternating,Microbe | Heat,Microbe | Heat | Alternating,Inside,Always watered
1,Day 1,8,Tray 8,3,10,30,0,8464,0.0,0,Microbe,Heat,Alternating,Microbe | Heat,Microbe | Heat | Alternating,Inside,Always watered
1,Day 1,8,Tray 8,4,1,31,0,8464,0.0,0,Microbe,Heat,Alternating,Microbe | Heat,Microbe | Heat | Alternating,Inside,Always watered
1,Day 1,8,Tray 8,4,2,32,0,8464,0.0,0,Microbe,Heat,Alternating,Microbe | Heat,Microbe | Heat | Alternating,Inside,Always watered
1,Day 1,8,Tray 8,4,3,33,1,8464,0.011814744801512287,0,Microbe,Heat,Alternating,Microbe | Heat,Microbe | Heat | Alternating,Inside,Always watered
1,Day 1,8,Tray 8,4,4,34,15,8464,0.1772211720226843,0,Microbe,Heat,Alternating,Microbe | Heat,Microbe | Heat | Alternating,Inside,Always watered
1,Day 1,8,Tray 8,4,5,35,2,8464,0.023629489603024575,0,Microbe,Heat,Alternating,Microbe | Heat,Microbe | Heat | Alternating,Inside,Always watered
1,Day 1,8,Tray 8,4,6,36,2,8464,0.023629489603024575,0,Microbe,Heat,Alternating,Microbe | Heat,Microbe | Heat | Alternating,Inside,Always watered
1,Day 1,8,Tray 8,4,7,37,0,8464,0.0,0,Microbe,Heat,Alternating,Microbe | Heat,Microbe | Heat | Alternating,Inside,Always watered
1,Day 1,8,Tray 8,4,8,38,3,8464,0.03544423440453686,0,Microbe,Heat,Alternating,Microbe | Heat,Microbe | Heat | Alternating,Inside,Always watered
1,Day 1,8,Tray 8,4,9,39,0,8464,0.0,0,Microbe,Heat,Alternating,Microbe | Heat,Microbe | Heat | Alternating,Inside,Always watered
1,Day 1,8,Tray 8,4,10,40,1,8464,0.011814744801512287,0,Microbe,Heat,Alternating,Microbe | Heat,Microbe | Heat | Alternating,Inside,Always watered
1,Day 1,8,Tray 8,5,1,41,0,8464,0.0,0,Microbe,Heat,Alternating,Microbe | Heat,Microbe | Heat | Alternating,Inside,Always watered
1,Day 1,8,Tray 8,5,2,42,0,8464,0.0,0,Microbe,Heat,Alternating,Microbe | Heat,Microbe | Heat | Alternating,Inside,Always watered
1,Day 1,8,Tray 8,5,3,43,2,8464,0.023629489603024575,0,Microbe,Heat,Alternating,Microbe | Heat,Microbe | Heat | Alternating,Inside,Always watered
1,Day 1,8,Tray 8,5,4,44,31,8464,0.3662570888468809,1,Microbe,Heat,Alternating,Microbe | Heat,Microbe | Heat | Alternating,Inside,Always watered
1,Day 1,8,Tray 8,5,5,45,3,8464,0.03544423440453686,0,Microbe,Heat,Alternating,Microbe | Heat,Microbe | Heat | Alternating,Inside,Always watered
1,Day 1,8,Tray 8,5,6,46,3,8464,0.03544423440453686,0,Microbe,Heat,Alternating,Microbe | Heat,Microbe | Heat | Alternating,Inside,Always watered
1,Day 1,8,Tray 8,5,7,47,0,8464,0.0,0,Microbe,Heat,Alternating,Microbe | Heat,Microbe | Heat | Alternating,Inside,Always watered
1,Day 1,8,Tray 8,5,8,48,1,8464,0.011814744801512287,0,Microbe,Heat,Alternating,Microbe | Heat,Microbe | Heat | Alternating,Inside,Always watered
1,Day 1,8,Tray 8,5,9,49,0,8464,0.0,0,Microbe,Heat,Alternating,Microbe | Heat,Microbe | Heat | Alternating,Inside,Always watered
1,Day 1,8,Tray 8,5,10,50,0,8464,0.0,0,Microbe,Heat,Alternating,Microbe | Heat,Microbe | Heat | Alternating,Inside,Always watered
1,Day 1,8,Tray 8,6,1,51,0,8464,0.0,0,Microbe,Heat,Alternating,Microbe | Heat,Microbe | Heat | Alternating,Inside,Always watered
1,Day 1,8,Tray 8,6,2,52,8,8464,0.0945179584120983,0,Microbe,Heat,Alternating,Microbe | Heat,Microbe | Heat | Alternating,Inside,Always watered
1,Day 1,8,Tray 8,6,3,53,1,8464,0.011814744801512287,0,Microbe,Heat,Alternating,Microbe | Heat,Microbe | Heat | Alternating,Inside,Always watered
1,Day 1,8,Tray 8,6,4,54,6,8464,0.07088846880907372,0,Microbe,Heat,Alternating,Microbe | Heat,Microbe | Heat | Alternating,Inside,Always watered
1,Day 1,8,Tray 8,6,5,55,1,8464,0.011814744801512287,0,Microbe,Heat,Alternating,Microbe | Heat,Microbe | Heat | Alternating,Inside,Always watered
1,Day 1,8,Tray 8,6,6,56,7,8464,0.08270321361058601,0,Microbe,Heat,Alternating,Microbe | Heat,Microbe | Heat | Alternating,Inside,Always watered
1,Day 1,8,Tray 8,6,7,57,6,8464,0.07088846880907372,0,Microbe,Heat,Alternating,Microbe | Heat,Microbe | Heat | Alternating,Inside,Always watered
1,Day 1,8,Tray 8,6,8,58,1,8464,0.011814744801512287,0,Microbe,Heat,Alternating,Microbe | Heat,Microbe | Heat | Alternating,Inside,Always watered
1,Day 1,8,Tray 8,6,9,59,1,8464,0.011814744801512287,0,Microbe,Heat,Alternating,Microbe | Heat,Microbe | Heat | Alternating,Inside,Always watered
1,Day 1,8,Tray 8,6,10,60,5,8464,0.05907372400756144,0,Microbe,Heat,Alternating,Microbe | Heat,Microbe | Heat | Alternating,Inside,Always watered
1,Day 1,8,Tray 8,7,1,61,0,8464,0.0,0,Microbe,Heat,Alternating,Microbe | Heat,Microbe | Heat | Alternating,Inside,Always watered
1,Day 1,8,Tray 8,7,2,62,4,8464,0.04725897920604915,0,Microbe,Heat,Alternating,Microbe | Heat,Microbe | Heat | Alternating,Inside,Always watered
1,Day 1,8,Tray 8,7,3,63,11,8464,0.12996219281663515,0,Microbe,Heat,Alternating,Microbe | Heat,Microbe | Heat | Alternating,Inside,Always watered
1,Day 1,8,Tray 8,7,4,64,11,8464,0.12996219281663515,0,Microbe,Heat,Alternating,Microbe | Heat,Microbe | Heat | Alternating,Inside,Always watered
1,Day 1,8,Tray 8,7,5,65,6,8464,0.07088846880907372,0,Microbe,Heat,Alternating,Microbe | Heat,Microbe | Heat | Alternating,Inside,Always watered
1,Day 1,8,Tray 8,7,6,66,3,8464,0.03544423440453686,0,Microbe,Heat,Alternating,Microbe | Heat,Microbe | Heat | Alternating,Inside,Always watered
1,Day 1,8,Tray 8,7,7,67,10,8464,0.11814744801512288,0,Microbe,Heat,Alternating,Microbe | Heat,Microbe | Heat | Alternating,Inside,Always watered
1,Day 1,8,Tray 8,7,8,68,1,8464,0.011814744801512287,0,Microbe,Heat,Alternating,Microbe | Heat,Microbe | Heat | Alternating,Inside,Always watered
1,Day 1,8,Tray 8,7,9,69,0,8464,0.0,0,Microbe,Heat,Alternating,Microbe | Heat,Microbe | Heat | Alternating,Inside,Always watered
1,Day 1,8,Tray 8,7,10,70,7,8464,0.08270321361058601,0,Microbe,Heat,Alternating,Microbe | Heat,Microbe | Heat | Alternating,Inside,Always watered
1,Day 1,9,Tray 9,1,1,1,1,8464,0.011814744801512287,0,Microbe,Ideal,Inside,Microbe | Ideal,Microbe | Ideal | Inside,Inside,Always watered
1,Day 1,9,Tray 9,1,2,2,0,8464,0.0,0,Microbe,Ideal,Inside,Microbe | Ideal,Microbe | Ideal | Inside,Inside,Always watered
1,Day 1,9,Tray 9,1,3,3,0,8464,0.0,0,Microbe,Ideal,Inside,Microbe | Ideal,Microbe | Ideal | Inside,Inside,Always watered
1,Day 1,9,Tray 9,1,4,4,2,8464,0.023629489603024575,0,Microbe,Ideal,Inside,Microbe | Ideal,Microbe | Ideal | Inside,Inside,Always watered
1,Day 1,9,Tray 9,1,5,5,1,8464,0.011814744801512287,0,Microbe,Ideal,Inside,Microbe | Ideal,Microbe | Ideal | Inside,Inside,Always watered
1,Day 1,9,Tray 9,1,6,6,1,8464,0.011814744801512287,0,Microbe,Ideal,Inside,Microbe | Ideal,Microbe | Ideal | Inside,Inside,Always watered
1,Day 1,9,Tray 9,1,7,7,0,8464,0.0,0,Microbe,Ideal,Inside,Microbe | Ideal,Microbe | Ideal | Inside,Inside,Always watered
1,Day 1,9,Tray 9,1,8,8,0,8464,0.0,0,Microbe,Ideal,Inside,Microbe | Ideal,Microbe | Ideal | Inside,Inside,Always watered
1,Day 1,9,Tray 9,1,9,9,0,8464,0.0,0,Microbe,Ideal,Inside,Microbe | Ideal,Microbe | Ideal | Inside,Inside,Always watered
1,Day 1,9,Tray 9,1,10,10,3,8464,0.03544423440453686,0,Microbe,Ideal,Inside,Microbe | Ideal,Microbe | Ideal | Inside,Inside,Always watered
1,Day 1,9,Tray 9,2,1,11,0,8464,0.0,0,Microbe,Ideal,Inside,Microbe | Ideal,Microbe | Ideal | Inside,Inside,Always watered
1,Day 1,9,Tray 9,2,2,12,0,8464,0.0,0,Microbe,Ideal,Inside,Microbe | Ideal,Microbe | Ideal | Inside,Inside,Always watered
1,Day 1,9,Tray 9,2,3,13,2,8464,0.023629489603024575,0,Microbe,Ideal,Inside,Microbe | Ideal,Microbe | Ideal | Inside,Inside,Always watered
1,Day 1,9,Tray 9,2,4,14,1,8464,0.011814744801512287,0,Microbe,Ideal,Inside,Microbe | Ideal,Microbe | Ideal | Inside,Inside,Always watered
1,Day 1,9,Tray 9,2,5,15,4,8464,0.04725897920604915,0,Microbe,Ideal,Inside,Microbe | Ideal,Microbe | Ideal | Inside,Inside,Always watered
1,Day 1,9,Tray 9,2,6,16,1,8464,0.011814744801512287,0,Microbe,Ideal,Inside,Microbe | Ideal,Microbe | Ideal | Inside,Inside,Always watered
1,Day 1,9,Tray 9,2,7,17,4,8464,0.04725897920604915,0,Microbe,Ideal,Inside,Microbe | Ideal,Microbe | Ideal | Inside,Inside,Always watered
1,Day 1,9,Tray 9,2,8,18,2,8464,0.023629489603024575,0,Microbe,Ideal,Inside,Microbe | Ideal,Microbe | Ideal | Inside,Inside,Always watered
1,Day 1,9,Tray 9,2,9,19,0,8464,0.0,0,Microbe,Ideal,Inside,Microbe | Ideal,Microbe | Ideal | Inside,Inside,Always watered
1,Day 1,9,Tray 9,2,10,20,0,8464,0.0,0,Microbe,Ideal,Inside,Microbe | Ideal,Microbe | Ideal | Inside,Inside,Always watered
1,Day 1,9,Tray 9,3,1,21,0,8464,0.0,0,Microbe,Ideal,Inside,Microbe | Ideal,Microbe | Ideal | Inside,Inside,Always watered
1,Day 1,9,Tray 9,3,2,22,0,8464,0.0,0,Microbe,Ideal,Inside,Microbe | Ideal,Microbe | Ideal | Inside,Inside,Always watered
1,Day 1,9,Tray 9,3,3,23,0,8464,0.0,0,Microbe,Ideal,Inside,Microbe | Ideal,Microbe | Ideal | Inside,Inside,Always watered
1,Day 1,9,Tray 9,3,4,24,0,8464,0.0,0,Microbe,Ideal,Inside,Microbe | Ideal,Microbe | Ideal | Inside,Inside,Always watered
1,Day 1,9,Tray 9,3,5,25,0,8464,0.0,0,Microbe,Ideal,Inside,Microbe | Ideal,Microbe | Ideal | Inside,Inside,Always watered
1,Day 1,9,Tray 9,3,6,26,6,8464,0.07088846880907372,0,Microbe,Ideal,Inside,Microbe | Ideal,Microbe | Ideal | Inside,Inside,Always watered
1,Day 1,9,Tray 9,3,7,27,11,8464,0.12996219281663515,0,Microbe,Ideal,Inside,Microbe | Ideal,Microbe | Ideal | Inside,Inside,Always watered
1,Day 1,9,Tray 9,3,8,28,21,8464,0.24810964083175804,0,Microbe,Ideal,Inside,Microbe | Ideal,Microbe | Ideal | Inside,Inside,Always watered
1,Day 1,9,Tray 9,3,9,29,3,8464,0.03544423440453686,0,Microbe,Ideal,Inside,Microbe | Ideal,Microbe | Ideal | Inside,Inside,Always watered
1,Day 1,9,Tray 9,3,10,30,1,8464,0.011814744801512287,0,Microbe,Ideal,Inside,Microbe | Ideal,Microbe | Ideal | Inside,Inside,Always watered
1,Day 1,9,Tray 9,4,1,31,0,8464,0.0,0,Microbe,Ideal,Inside,Microbe | Ideal,Microbe | Ideal | Inside,Inside,Always watered
1,Day 1,9,Tray 9,4,2,32,19,8464,0.22448015122873347,0,Microbe,Ideal,Inside,Microbe | Ideal,Microbe | Ideal | Inside,Inside,Always watered
1,Day 1,9,Tray 9,4,3,33,3,8464,0.03544423440453686,0,Microbe,Ideal,Inside,Microbe | Ideal,Microbe | Ideal | Inside,Inside,Always watered
1,Day 1,9,Tray 9,4,4,34,1,8464,0.011814744801512287,0,Microbe,Ideal,Inside,Microbe | Ideal,Microbe | Ideal | Inside,Inside,Always watered
1,Day 1,9,Tray 9,4,5,35,1,8464,0.011814744801512287,0,Microbe,Ideal,Inside,Microbe | Ideal,Microbe | Ideal | Inside,Inside,Always watered
1,Day 1,9,Tray 9,4,6,36,0,8464,0.0,0,Microbe,Ideal,Inside,Microbe | Ideal,Microbe | Ideal | Inside,Inside,Always watered
1,Day 1,9,Tray 9,4,7,37,0,8464,0.0,0,Microbe,Ideal,Inside,Microbe | Ideal,Microbe | Ideal | Inside,Inside,Always watered
1,Day 1,9,Tray 9,4,8,38,0,8464,0.0,0,Microbe,Ideal,Inside,Microbe | Ideal,Microbe | Ideal | Inside,Inside,Always watered
1,Day 1,9,Tray 9,4,9,39,6,8464,0.07088846880907372,0,Microbe,Ideal,Inside,Microbe | Ideal,Microbe | Ideal | Inside,Inside,Always watered
1,Day 1,9,Tray 9,4,10,40,0,8464,0.0,0,Microbe,Ideal,Inside,Microbe | Ideal,Microbe | Ideal | Inside,Inside,Always watered
1,Day 1,9,Tray 9,5,1,41,0,8464,0.0,0,Microbe,Ideal,Inside,Microbe | Ideal,Microbe | Ideal | Inside,Inside,Always watered
1,Day 1,9,Tray 9,5,2,42,0,8464,0.0,0,Microbe,Ideal,Inside,Microbe | Ideal,Microbe | Ideal | Inside,Inside,Always watered
1,Day 1,9,Tray 9,5,3,43,0,8464,0.0,0,Microbe,Ideal,Inside,Microbe | Ideal,Microbe | Ideal | Inside,Inside,Always watered
1,Day 1,9,Tray 9,5,4,44,0,8464,0.0,0,Microbe,Ideal,Inside,Microbe | Ideal,Microbe | Ideal | Inside,Inside,Always watered
1,Day 1,9,Tray 9,5,5,45,2,8464,0.023629489603024575,0,Microbe,Ideal,Inside,Microbe | Ideal,Microbe | Ideal | Inside,Inside,Always watered
1,Day 1,9,Tray 9,5,6,46,28,8464,0.33081285444234404,1,Microbe,Ideal,Inside,Microbe | Ideal,Microbe | Ideal | Inside,Inside,Always watered
1,Day 1,9,Tray 9,5,7,47,0,8464,0.0,0,Microbe,Ideal,Inside,Microbe | Ideal,Microbe | Ideal | Inside,Inside,Always watered
1,Day 1,9,Tray 9,5,8,48,25,8464,0.2953686200378072,1,Microbe,Ideal,Inside,Microbe | Ideal,Microbe | Ideal | Inside,Inside,Always watered
1,Day 1,9,Tray 9,5,9,49,4,8464,0.04725897920604915,0,Microbe,Ideal,Inside,Microbe | Ideal,Microbe | Ideal | Inside,Inside,Always watered
1,Day 1,9,Tray 9,5,10,50,4,8464,0.04725897920604915,0,Microbe,Ideal,Inside,Microbe | Ideal,Microbe | Ideal | Inside,Inside,Always watered
1,Day 1,9,Tray 9,6,1,51,5,8464,0.05907372400756144,0,Microbe,Ideal,Inside,Microbe | Ideal,Microbe | Ideal | Inside,Inside,Always watered
1,Day 1,9,Tray 9,6,2,52,1,8464,0.011814744801512287,0,Microbe,Ideal,Inside,Microbe | Ideal,Microbe | Ideal | Inside,Inside,Always watered
1,Day 1,9,Tray 9,6,3,53,6,8464,0.07088846880907372,0,Microbe,Ideal,Inside,Microbe | Ideal,Microbe | Ideal | Inside,Inside,Always watered
1,Day 1,9,Tray 9,6,4,54,4,8464,0.04725897920604915,0,Microbe,Ideal,Inside,Microbe | Ideal,Microbe | Ideal | Inside,Inside,Always watered
1,Day 1,9,Tray 9,6,5,55,2,8464,0.023629489603024575,0,Microbe,Ideal,Inside,Microbe | Ideal,Microbe | Ideal | Inside,Inside,Always watered
1,Day 1,9,Tray 9,6,6,56,2,8464,0.023629489603024575,0,Microbe,Ideal,Inside,Microbe | Ideal,Microbe | Ideal | Inside,Inside,Always watered
1,Day 1,9,Tray 9,6,7,57,4,8464,0.04725897920604915,0,Microbe,Ideal,Inside,Microbe | Ideal,Microbe | Ideal | Inside,Inside,Always watered
1,Day 1,9,Tray 9,6,8,58,14,8464,0.16540642722117202,0,Microbe,Ideal,Inside,Microbe | Ideal,Microbe | Ideal | Inside,Inside,Always watered
1,Day 1,9,Tray 9,6,9,59,3,8464,0.03544423440453686,0,Microbe,Ideal,Inside,Microbe | Ideal,Microbe | Ideal | Inside,Inside,Always watered
1,Day 1,9,Tray 9,6,10,60,0,8464,0.0,0,Microbe,Ideal,Inside,Microbe | Ideal,Microbe | Ideal | Inside,Inside,Always watered
1,Day 1,9,Tray 9,7,1,61,2,8464,0.023629489603024575,0,Microbe,Ideal,Inside,Microbe | Ideal,Microbe | Ideal | Inside,Inside,Always watered
1,Day 1,9,Tray 9,7,2,62,3,8464,0.03544423440453686,0,Microbe,Ideal,Inside,Microbe | Ideal,Microbe | Ideal | Inside,Inside,Always watered
1,Day 1,9,Tray 9,7,3,63,8,8464,0.0945179584120983,0,Microbe,Ideal,Inside,Microbe | Ideal,Microbe | Ideal | Inside,Inside,Always watered
1,Day 1,9,Tray 9,7,4,64,15,8464,0.1772211720226843,0,Microbe,Ideal,Inside,Microbe | Ideal,Microbe | Ideal | Inside,Inside,Always watered
1,Day 1,9,Tray 9,7,5,65,4,8464,0.04725897920604915,0,Microbe,Ideal,Inside,Microbe | Ideal,Microbe | Ideal | Inside,Inside,Always watered
1,Day 1,9,Tray 9,7,6,66,2,8464,0.023629489603024575,0,Microbe,Ideal,Inside,Microbe | Ideal,Microbe | Ideal | Inside,Inside,Always watered
1,Day 1,9,Tray 9,7,7,67,1,8464,0.011814744801512287,0,Microbe,Ideal,Inside,Microbe | Ideal,Microbe | Ideal | Inside,Inside,Always watered
1,Day 1,9,Tray 9,7,8,68,0,8464,0.0,0,Microbe,Ideal,Inside,Microbe | Ideal,Microbe | Ideal | Inside,Inside,Always watered
1,Day 1,9,Tray 9,7,9,69,0,8464,0.0,0,Microbe,Ideal,Inside,Microbe | Ideal,Microbe | Ideal | Inside,Inside,Always watered
1,Day 1,9,Tray 9,7,10,70,0,8464,0.0,0,Microbe,Ideal,Inside,Microbe | Ideal,Microbe | Ideal | Inside,Inside,Always watered
1,Day 1,10,Tray 10,1,1,1,1,8464,0.011814744801512287,0,Microbe,Moisture,Outside,Microbe | Moisture,Microbe | Moisture | Outside,Outside,Moisture treatment
1,Day 1,10,Tray 10,1,2,2,0,8464,0.0,0,Microbe,Moisture,Outside,Microbe | Moisture,Microbe | Moisture | Outside,Outside,Moisture treatment
1,Day 1,10,Tray 10,1,3,3,0,8464,0.0,0,Microbe,Moisture,Outside,Microbe | Moisture,Microbe | Moisture | Outside,Outside,Moisture treatment
1,Day 1,10,Tray 10,1,4,4,0,8464,0.0,0,Microbe,Moisture,Outside,Microbe | Moisture,Microbe | Moisture | Outside,Outside,Moisture treatment
1,Day 1,10,Tray 10,1,5,5,0,8464,0.0,0,Microbe,Moisture,Outside,Microbe | Moisture,Microbe | Moisture | Outside,Outside,Moisture treatment
1,Day 1,10,Tray 10,1,6,6,0,8464,0.0,0,Microbe,Moisture,Outside,Microbe | Moisture,Microbe | Moisture | Outside,Outside,Moisture treatment
1,Day 1,10,Tray 10,1,7,7,0,8464,0.0,0,Microbe,Moisture,Outside,Microbe | Moisture,Microbe | Moisture | Outside,Outside,Moisture treatment
1,Day 1,10,Tray 10,1,8,8,0,8464,0.0,0,Microbe,Moisture,Outside,Microbe | Moisture,Microbe | Moisture | Outside,Outside,Moisture treatment
1,Day 1,10,Tray 10,1,9,9,0,8464,0.0,0,Microbe,Moisture,Outside,Microbe | Moisture,Microbe | Moisture | Outside,Outside,Moisture treatment
1,Day 1,10,Tray 10,1,10,10,2,8464,0.023629489603024575,0,Microbe,Moisture,Outside,Microbe | Moisture,Microbe | Moisture | Outside,Outside,Moisture treatment
1,Day 1,10,Tray 10,2,1,11,0,8464,0.0,0,Microbe,Moisture,Outside,Microbe | Moisture,Microbe | Moisture | Outside,Outside,Moisture treatment
1,Day 1,10,Tray 10,2,2,12,0,8464,0.0,0,Microbe,Moisture,Outside,Microbe | Moisture,Microbe | Moisture | Outside,Outside,Moisture treatment
1,Day 1,10,Tray 10,2,3,13,0,8464,0.0,0,Microbe,Moisture,Outside,Microbe | Moisture,Microbe | Moisture | Outside,Outside,Moisture treatment
1,Day 1,10,Tray 10,2,4,14,0,8464,0.0,0,Microbe,Moisture,Outside,Microbe | Moisture,Microbe | Moisture | Outside,Outside,Moisture treatment
1,Day 1,10,Tray 10,2,5,15,0,8464,0.0,0,Microbe,Moisture,Outside,Microbe | Moisture,Microbe | Moisture | Outside,Outside,Moisture treatment
1,Day 1,10,Tray 10,2,6,16,0,8464,0.0,0,Microbe,Moisture,Outside,Microbe | Moisture,Microbe | Moisture | Outside,Outside,Moisture treatment
1,Day 1,10,Tray 10,2,7,17,0,8464,0.0,0,Microbe,Moisture,Outside,Microbe | Moisture,Microbe | Moisture | Outside,Outside,Moisture treatment
1,Day 1,10,Tray 10,2,8,18,0,8464,0.0,0,Microbe,Moisture,Outside,Microbe | Moisture,Microbe | Moisture | Outside,Outside,Moisture treatment
1,Day 1,10,Tray 10,2,9,19,0,8464,0.0,0,Microbe,Moisture,Outside,Microbe | Moisture,Microbe | Moisture | Outside,Outside,Moisture treatment
1,Day 1,10,Tray 10,2,10,20,0,8464,0.0,0,Microbe,Moisture,Outside,Microbe | Moisture,Microbe | Moisture | Outside,Outside,Moisture treatment
1,Day 1,10,Tray 10,3,1,21,0,8464,0.0,0,Microbe,Moisture,Outside,Microbe | Moisture,Microbe | Moisture | Outside,Outside,Moisture treatment
1,Day 1,10,Tray 10,3,2,22,0,8464,0.0,0,Microbe,Moisture,Outside,Microbe | Moisture,Microbe | Moisture | Outside,Outside,Moisture treatment
1,Day 1,10,Tray 10,3,3,23,0,8464,0.0,0,Microbe,Moisture,Outside,Microbe | Moisture,Microbe | Moisture | Outside,Outside,Moisture treatment
1,Day 1,10,Tray 10,3,4,24,0,8464,0.0,0,Microbe,Moisture,Outside,Microbe | Moisture,Microbe | Moisture | Outside,Outside,Moisture treatment
1,Day 1,10,Tray 10,3,5,25,8,8464,0.0945179584120983,0,Microbe,Moisture,Outside,Microbe | Moisture,Microbe | Moisture | Outside,Outside,Moisture treatment
1,Day 1,10,Tray 10,3,6,26,0,8464,0.0,0,Microbe,Moisture,Outside,Microbe | Moisture,Microbe | Moisture | Outside,Outside,Moisture treatment
1,Day 1,10,Tray 10,3,7,27,0,8464,0.0,0,Microbe,Moisture,Outside,Microbe | Moisture,Microbe | Moisture | Outside,Outside,Moisture treatment
1,Day 1,10,Tray 10,3,8,28,1,8464,0.011814744801512287,0,Microbe,Moisture,Outside,Microbe | Moisture,Microbe | Moisture | Outside,Outside,Moisture treatment
1,Day 1,10,Tray 10,3,9,29,1,8464,0.011814744801512287,0,Microbe,Moisture,Outside,Microbe | Moisture,Microbe | Moisture | Outside,Outside,Moisture treatment
1,Day 1,10,Tray 10,3,10,30,0,8464,0.0,0,Microbe,Moisture,Outside,Microbe | Moisture,Microbe | Moisture | Outside,Outside,Moisture treatment
1,Day 1,10,Tray 10,4,1,31,0,8464,0.0,0,Microbe,Moisture,Outside,Microbe | Moisture,Microbe | Moisture | Outside,Outside,Moisture treatment
1,Day 1,10,Tray 10,4,2,32,0,8464,0.0,0,Microbe,Moisture,Outside,Microbe | Moisture,Microbe | Moisture | Outside,Outside,Moisture treatment
1,Day 1,10,Tray 10,4,3,33,2,8464,0.023629489603024575,0,Microbe,Moisture,Outside,Microbe | Moisture,Microbe | Moisture | Outside,Outside,Moisture treatment
1,Day 1,10,Tray 10,4,4,34,0,8464,0.0,0,Microbe,Moisture,Outside,Microbe | Moisture,Microbe | Moisture | Outside,Outside,Moisture treatment
1,Day 1,10,Tray 10,4,5,35,7,8464,0.08270321361058601,0,Microbe,Moisture,Outside,Microbe | Moisture,Microbe | Moisture | Outside,Outside,Moisture treatment
1,Day 1,10,Tray 10,4,6,36,2,8464,0.023629489603024575,0,Microbe,Moisture,Outside,Microbe | Moisture,Microbe | Moisture | Outside,Outside,Moisture treatment
1,Day 1,10,Tray 10,4,7,37,0,8464,0.0,0,Microbe,Moisture,Outside,Microbe | Moisture,Microbe | Moisture | Outside,Outside,Moisture treatment
1,Day 1,10,Tray 10,4,8,38,1,8464,0.011814744801512287,0,Microbe,Moisture,Outside,Microbe | Moisture,Microbe | Moisture | Outside,Outside,Moisture treatment
1,Day 1,10,Tray 10,4,9,39,0,8464,0.0,0,Microbe,Moisture,Outside,Microbe | Moisture,Microbe | Moisture | Outside,Outside,Moisture treatment
1,Day 1,10,Tray 10,4,10,40,0,8464,0.0,0,Microbe,Moisture,Outside,Microbe | Moisture,Microbe | Moisture | Outside,Outside,Moisture treatment
1,Day 1,10,Tray 10,5,1,41,0,8464,0.0,0,Microbe,Moisture,Outside,Microbe | Moisture,Microbe | Moisture | Outside,Outside,Moisture treatment
1,Day 1,10,Tray 10,5,2,42,5,8464,0.05907372400756144,0,Microbe,Moisture,Outside,Microbe | Moisture,Microbe | Moisture | Outside,Outside,Moisture treatment
1,Day 1,10,Tray 10,5,3,43,1,8464,0.011814744801512287,0,Microbe,Moisture,Outside,Microbe | Moisture,Microbe | Moisture | Outside,Outside,Moisture treatment
1,Day 1,10,Tray 10,5,4,44,8,8464,0.0945179584120983,0,Microbe,Moisture,Outside,Microbe | Moisture,Microbe | Moisture | Outside,Outside,Moisture treatment
1,Day 1,10,Tray 10,5,5,45,0,8464,0.0,0,Microbe,Moisture,Outside,Microbe | Moisture,Microbe | Moisture | Outside,Outside,Moisture treatment
1,Day 1,10,Tray 10,5,6,46,9,8464,0.10633270321361059,0,Microbe,Moisture,Outside,Microbe | Moisture,Microbe | Moisture | Outside,Outside,Moisture treatment
1,Day 1,10,Tray 10,5,7,47,4,8464,0.04725897920604915,0,Microbe,Moisture,Outside,Microbe | Moisture,Microbe | Moisture | Outside,Outside,Moisture treatment
1,Day 1,10,Tray 10,5,8,48,0,8464,0.0,0,Microbe,Moisture,Outside,Microbe | Moisture,Microbe | Moisture | Outside,Outside,Moisture treatment
1,Day 1,10,Tray 10,5,9,49,0,8464,0.0,0,Microbe,Moisture,Outside,Microbe | Moisture,Microbe | Moisture | Outside,Outside,Moisture treatment
1,Day 1,10,Tray 10,5,10,50,0,8464,0.0,0,Microbe,Moisture,Outside,Microbe | Moisture,Microbe | Moisture | Outside,Outside,Moisture treatment
1,Day 1,10,Tray 10,6,1,51,0,8464,0.0,0,Microbe,Moisture,Outside,Microbe | Moisture,Microbe | Moisture | Outside,Outside,Moisture treatment
1,Day 1,10,Tray 10,6,2,52,0,8464,0.0,0,Microbe,Moisture,Outside,Microbe | Moisture,Microbe | Moisture | Outside,Outside,Moisture treatment
1,Day 1,10,Tray 10,6,3,53,3,8464,0.03544423440453686,0,Microbe,Moisture,Outside,Microbe | Moisture,Microbe | Moisture | Outside,Outside,Moisture treatment
1,Day 1,10,Tray 10,6,4,54,2,8464,0.023629489603024575,0,Microbe,Moisture,Outside,Microbe | Moisture,Microbe | Moisture | Outside,Outside,Moisture treatment
1,Day 1,10,Tray 10,6,5,55,0,8464,0.0,0,Microbe,Moisture,Outside,Microbe | Moisture,Microbe | Moisture | Outside,Outside,Moisture treatment
1,Day 1,10,Tray 10,6,6,56,2,8464,0.023629489603024575,0,Microbe,Moisture,Outside,Microbe | Moisture,Microbe | Moisture | Outside,Outside,Moisture treatment
1,Day 1,10,Tray 10,6,7,57,3,8464,0.03544423440453686,0,Microbe,Moisture,Outside,Microbe | Moisture,Microbe | Moisture | Outside,Outside,Moisture treatment
1,Day 1,10,Tray 10,6,8,58,0,8464,0.0,0,Microbe,Moisture,Outside,Microbe | Moisture,Microbe | Moisture | Outside,Outside,Moisture treatment
1,Day 1,10,Tray 10,6,9,59,0,8464,0.0,0,Microbe,Moisture,Outside,Microbe | Moisture,Microbe | Moisture | Outside,Outside,Moisture treatment
1,Day 1,10,Tray 10,6,10,60,0,8464,0.0,0,Microbe,Moisture,Outside,Microbe | Moisture,Microbe | Moisture | Outside,Outside,Moisture treatment
1,Day 1,10,Tray 10,7,1,61,1,8464,0.011814744801512287,0,Microbe,Moisture,Outside,Microbe | Moisture,Microbe | Moisture | Outside,Outside,Moisture treatment
1,Day 1,10,Tray 10,7,2,62,6,8464,0.07088846880907372,0,Microbe,Moisture,Outside,Microbe | Moisture,Microbe | Moisture | Outside,Outside,Moisture treatment
1,Day 1,10,Tray 10,7,3,63,0,8464,0.0,0,Microbe,Moisture,Outside,Microbe | Moisture,Microbe | Moisture | Outside,Outside,Moisture treatment
1,Day 1,10,Tray 10,7,4,64,0,8464,0.0,0,Microbe,Moisture,Outside,Microbe | Moisture,Microbe | Moisture | Outside,Outside,Moisture treatment
1,Day 1,10,Tray 10,7,5,65,0,8464,0.0,0,Microbe,Moisture,Outside,Microbe | Moisture,Microbe | Moisture | Outside,Outside,Moisture treatment
1,Day 1,10,Tray 10,7,6,66,0,8464,0.0,0,Microbe,Moisture,Outside,Microbe | Moisture,Microbe | Moisture | Outside,Outside,Moisture treatment
1,Day 1,10,Tray 10,7,7,67,1,8464,0.011814744801512287,0,Microbe,Moisture,Outside,Microbe | Moisture,Microbe | Moisture | Outside,Outside,Moisture treatment
1,Day 1,10,Tray 10,7,8,68,0,8464,0.0,0,Microbe,Moisture,Outside,Microbe | Moisture,Microbe | Moisture | Outside,Outside,Moisture treatment
1,Day 1,10,Tray 10,7,9,69,0,8464,0.0,0,Microbe,Moisture,Outside,Microbe | Moisture,Microbe | Moisture | Outside,Outside,Moisture treatment
1,Day 1,10,Tray 10,7,10,70,0,8464,0.0,0,Microbe,Moisture,Outside,Microbe | Moisture,Microbe | Moisture | Outside,Outside,Moisture treatment
1,Day 1,11,Tray 11,1,1,1,0,8464,0.0,0,No Microbe,Heat,Alternating,No Microbe | Heat,No Microbe | Heat | Alternating,Inside,Always watered
1,Day 1,11,Tray 11,1,2,2,0,8464,0.0,0,No Microbe,Heat,Alternating,No Microbe | Heat,No Microbe | Heat | Alternating,Inside,Always watered
1,Day 1,11,Tray 11,1,3,3,0,8464,0.0,0,No Microbe,Heat,Alternating,No Microbe | Heat,No Microbe | Heat | Alternating,Inside,Always watered
1,Day 1,11,Tray 11,1,4,4,0,8464,0.0,0,No Microbe,Heat,Alternating,No Microbe | Heat,No Microbe | Heat | Alternating,Inside,Always watered
1,Day 1,11,Tray 11,1,5,5,2,8464,0.023629489603024575,0,No Microbe,Heat,Alternating,No Microbe | Heat,No Microbe | Heat | Alternating,Inside,Always watered
1,Day 1,11,Tray 11,1,6,6,0,8464,0.0,0,No Microbe,Heat,Alternating,No Microbe | Heat,No Microbe | Heat | Alternating,Inside,Always watered
1,Day 1,11,Tray 11,1,7,7,21,8464,0.24810964083175804,0,No Microbe,Heat,Alternating,No Microbe | Heat,No Microbe | Heat | Alternating,Inside,Always watered
1,Day 1,11,Tray 11,1,8,8,0,8464,0.0,0,No Microbe,Heat,Alternating,No Microbe | Heat,No Microbe | Heat | Alternating,Inside,Always watered
1,Day 1,11,Tray 11,1,9,9,0,8464,0.0,0,No Microbe,Heat,Alternating,No Microbe | Heat,No Microbe | Heat | Alternating,Inside,Always watered
1,Day 1,11,Tray 11,1,10,10,1,8464,0.011814744801512287,0,No Microbe,Heat,Alternating,No Microbe | Heat,No Microbe | Heat | Alternating,Inside,Always watered
1,Day 1,11,Tray 11,2,1,11,0,8464,0.0,0,No Microbe,Heat,Alternating,No Microbe | Heat,No Microbe | Heat | Alternating,Inside,Always watered
1,Day 1,11,Tray 11,2,2,12,0,8464,0.0,0,No Microbe,Heat,Alternating,No Microbe | Heat,No Microbe | Heat | Alternating,Inside,Always watered
1,Day 1,11,Tray 11,2,3,13,0,8464,0.0,0,No Microbe,Heat,Alternating,No Microbe | Heat,No Microbe | Heat | Alternating,Inside,Always watered
1,Day 1,11,Tray 11,2,4,14,0,8464,0.0,0,No Microbe,Heat,Alternating,No Microbe | Heat,No Microbe | Heat | Alternating,Inside,Always watered
1,Day 1,11,Tray 11,2,5,15,0,8464,0.0,0,No Microbe,Heat,Alternating,No Microbe | Heat,No Microbe | Heat | Alternating,Inside,Always watered
1,Day 1,11,Tray 11,2,6,16,6,8464,0.07088846880907372,0,No Microbe,Heat,Alternating,No Microbe | Heat,No Microbe | Heat | Alternating,Inside,Always watered
1,Day 1,11,Tray 11,2,7,17,0,8464,0.0,0,No Microbe,Heat,Alternating,No Microbe | Heat,No Microbe | Heat | Alternating,Inside,Always watered
1,Day 1,11,Tray 11,2,8,18,0,8464,0.0,0,No Microbe,Heat,Alternating,No Microbe | Heat,No Microbe | Heat | Alternating,Inside,Always watered
1,Day 1,11,Tray 11,2,9,19,0,8464,0.0,0,No Microbe,Heat,Alternating,No Microbe | Heat,No Microbe | Heat | Alternating,Inside,Always watered
1,Day 1,11,Tray 11,2,10,20,0,8464,0.0,0,No Microbe,Heat,Alternating,No Microbe | Heat,No Microbe | Heat | Alternating,Inside,Always watered
1,Day 1,11,Tray 11,3,1,21,0,8464,0.0,0,No Microbe,Heat,Alternating,No Microbe | Heat,No Microbe | Heat | Alternating,Inside,Always watered
1,Day 1,11,Tray 11,3,2,22,1,8464,0.011814744801512287,0,No Microbe,Heat,Alternating,No Microbe | Heat,No Microbe | Heat | Alternating,Inside,Always watered
1,Day 1,11,Tray 11,3,3,23,3,8464,0.03544423440453686,0,No Microbe,Heat,Alternating,No Microbe | Heat,No Microbe | Heat | Alternating,Inside,Always watered
1,Day 1,11,Tray 11,3,4,24,1,8464,0.011814744801512287,0,No Microbe,Heat,Alternating,No Microbe | Heat,No Microbe | Heat | Alternating,Inside,Always watered
1,Day 1,11,Tray 11,3,5,25,1,8464,0.011814744801512287,0,No Microbe,Heat,Alternating,No Microbe | Heat,No Microbe | Heat | Alternating,Inside,Always watered
1,Day 1,11,Tray 11,3,6,26,0,8464,0.0,0,No Microbe,Heat,Alternating,No Microbe | Heat,No Microbe | Heat | Alternating,Inside,Always watered
1,Day 1,11,Tray 11,3,7,27,0,8464,0.0,0,No Microbe,Heat,Alternating,No Microbe | Heat,No Microbe | Heat | Alternating,Inside,Always watered
1,Day 1,11,Tray 11,3,8,28,1,8464,0.011814744801512287,0,No Microbe,Heat,Alternating,No Microbe | Heat,No Microbe | Heat | Alternating,Inside,Always watered
1,Day 1,11,Tray 11,3,9,29,0,8464,0.0,0,No Microbe,Heat,Alternating,No Microbe | Heat,No Microbe | Heat | Alternating,Inside,Always watered
1,Day 1,11,Tray 11,3,10,30,0,8464,0.0,0,No Microbe,Heat,Alternating,No Microbe | Heat,No Microbe | Heat | Alternating,Inside,Always watered
1,Day 1,11,Tray 11,4,1,31,0,8464,0.0,0,No Microbe,Heat,Alternating,No Microbe | Heat,No Microbe | Heat | Alternating,Inside,Always watered
1,Day 1,11,Tray 11,4,2,32,7,8464,0.08270321361058601,0,No Microbe,Heat,Alternating,No Microbe | Heat,No Microbe | Heat | Alternating,Inside,Always watered
1,Day 1,11,Tray 11,4,3,33,1,8464,0.011814744801512287,0,No Microbe,Heat,Alternating,No Microbe | Heat,No Microbe | Heat | Alternating,Inside,Always watered
1,Day 1,11,Tray 11,4,4,34,1,8464,0.011814744801512287,0,No Microbe,Heat,Alternating,No Microbe | Heat,No Microbe | Heat | Alternating,Inside,Always watered
1,Day 1,11,Tray 11,4,5,35,0,8464,0.0,0,No Microbe,Heat,Alternating,No Microbe | Heat,No Microbe | Heat | Alternating,Inside,Always watered
1,Day 1,11,Tray 11,4,6,36,5,8464,0.05907372400756144,0,No Microbe,Heat,Alternating,No Microbe | Heat,No Microbe | Heat | Alternating,Inside,Always watered
1,Day 1,11,Tray 11,4,7,37,2,8464,0.023629489603024575,0,No Microbe,Heat,Alternating,No Microbe | Heat,No Microbe | Heat | Alternating,Inside,Always watered
1,Day 1,11,Tray 11,4,8,38,2,8464,0.023629489603024575,0,No Microbe,Heat,Alternating,No Microbe | Heat,No Microbe | Heat | Alternating,Inside,Always watered
1,Day 1,11,Tray 11,4,9,39,0,8464,0.0,0,No Microbe,Heat,Alternating,No Microbe | Heat,No Microbe | Heat | Alternating,Inside,Always watered
1,Day 1,11,Tray 11,4,10,40,0,8464,0.0,0,No Microbe,Heat,Alternating,No Microbe | Heat,No Microbe | Heat | Alternating,Inside,Always watered
1,Day 1,11,Tray 11,5,1,41,0,8464,0.0,0,No Microbe,Heat,Alternating,No Microbe | Heat,No Microbe | Heat | Alternating,Inside,Always watered
1,Day 1,11,Tray 11,5,2,42,4,8464,0.04725897920604915,0,No Microbe,Heat,Alternating,No Microbe | Heat,No Microbe | Heat | Alternating,Inside,Always watered
1,Day 1,11,Tray 11,5,3,43,14,8464,0.16540642722117202,0,No Microbe,Heat,Alternating,No Microbe | Heat,No Microbe | Heat | Alternating,Inside,Always watered
1,Day 1,11,Tray 11,5,4,44,0,8464,0.0,0,No Microbe,Heat,Alternating,No Microbe | Heat,No Microbe | Heat | Alternating,Inside,Always watered
1,Day 1,11,Tray 11,5,5,45,0,8464,0.0,0,No Microbe,Heat,Alternating,No Microbe | Heat,No Microbe | Heat | Alternating,Inside,Always watered
1,Day 1,11,Tray 11,5,6,46,0,8464,0.0,0,No Microbe,Heat,Alternating,No Microbe | Heat,No Microbe | Heat | Alternating,Inside,Always watered
1,Day 1,11,Tray 11,5,7,47,2,8464,0.023629489603024575,0,No Microbe,Heat,Alternating,No Microbe | Heat,No Microbe | Heat | Alternating,Inside,Always watered
1,Day 1,11,Tray 11,5,8,48,0,8464,0.0,0,No Microbe,Heat,Alternating,No Microbe | Heat,No Microbe | Heat | Alternating,Inside,Always watered
1,Day 1,11,Tray 11,5,9,49,0,8464,0.0,0,No Microbe,Heat,Alternating,No Microbe | Heat,No Microbe | Heat | Alternating,Inside,Always watered
1,Day 1,11,Tray 11,5,10,50,0,8464,0.0,0,No Microbe,Heat,Alternating,No Microbe | Heat,No Microbe | Heat | Alternating,Inside,Always watered
1,Day 1,11,Tray 11,6,1,51,0,8464,0.0,0,No Microbe,Heat,Alternating,No Microbe | Heat,No Microbe | Heat | Alternating,Inside,Always watered
1,Day 1,11,Tray 11,6,2,52,0,8464,0.0,0,No Microbe,Heat,Alternating,No Microbe | Heat,No Microbe | Heat | Alternating,Inside,Always watered
1,Day 1,11,Tray 11,6,3,53,4,8464,0.04725897920604915,0,No Microbe,Heat,Alternating,No Microbe | Heat,No Microbe | Heat | Alternating,Inside,Always watered
1,Day 1,11,Tray 11,6,4,54,3,8464,0.03544423440453686,0,No Microbe,Heat,Alternating,No Microbe | Heat,No Microbe | Heat | Alternating,Inside,Always watered
1,Day 1,11,Tray 11,6,5,55,1,8464,0.011814744801512287,0,No Microbe,Heat,Alternating,No Microbe | Heat,No Microbe | Heat | Alternating,Inside,Always watered
1,Day 1,11,Tray 11,6,6,56,0,8464,0.0,0,No Microbe,Heat,Alternating,No Microbe | Heat,No Microbe | Heat | Alternating,Inside,Always watered
1,Day 1,11,Tray 11,6,7,57,0,8464,0.0,0,No Microbe,Heat,Alternating,No Microbe | Heat,No Microbe | Heat | Alternating,Inside,Always watered
1,Day 1,11,Tray 11,6,8,58,0,8464,0.0,0,No Microbe,Heat,Alternating,No Microbe | Heat,No Microbe | Heat | Alternating,Inside,Always watered
1,Day 1,11,Tray 11,6,9,59,1,8464,0.011814744801512287,0,No Microbe,Heat,Alternating,No Microbe | Heat,No Microbe | Heat | Alternating,Inside,Always watered
1,Day 1,11,Tray 11,6,10,60,0,8464,0.0,0,No Microbe,Heat,Alternating,No Microbe | Heat,No Microbe | Heat | Alternating,Inside,Always watered
1,Day 1,11,Tray 11,7,1,61,2,8464,0.023629489603024575,0,No Microbe,Heat,Alternating,No Microbe | Heat,No Microbe | Heat | Alternating,Inside,Always watered
1,Day 1,11,Tray 11,7,2,62,0,8464,0.0,0,No Microbe,Heat,Alternating,No Microbe | Heat,No Microbe | Heat | Alternating,Inside,Always watered
1,Day 1,11,Tray 11,7,3,63,2,8464,0.023629489603024575,0,No Microbe,Heat,Alternating,No Microbe | Heat,No Microbe | Heat | Alternating,Inside,Always watered
1,Day 1,11,Tray 11,7,4,64,0,8464,0.0,0,No Microbe,Heat,Alternating,No Microbe | Heat,No Microbe | Heat | Alternating,Inside,Always watered
1,Day 1,11,Tray 11,7,5,65,0,8464,0.0,0,No Microbe,Heat,Alternating,No Microbe | Heat,No Microbe | Heat | Alternating,Inside,Always watered
1,Day 1,11,Tray 11,7,6,66,0,8464,0.0,0,No Microbe,Heat,Alternating,No Microbe | Heat,No Microbe | Heat | Alternating,Inside,Always watered
1,Day 1,11,Tray 11,7,7,67,0,8464,0.0,0,No Microbe,Heat,Alternating,No Microbe | Heat,No Microbe | Heat | Alternating,Inside,Always watered
1,Day 1,11,Tray 11,7,8,68,0,8464,0.0,0,No Microbe,Heat,Alternating,No Microbe | Heat,No Microbe | Heat | Alternating,Inside,Always watered
1,Day 1,11,Tray 11,7,9,69,0,8464,0.0,0,No Microbe,Heat,Alternating,No Microbe | Heat,No Microbe | Heat | Alternating,Inside,Always watered
1,Day 1,11,Tray 11,7,10,70,1,8464,0.011814744801512287,0,No Microbe,Heat,Alternating,No Microbe | Heat,No Microbe | Heat | Alternating,Inside,Always watered
1,Day 1,12,Tray 12,1,1,1,0,8464,0.0,0,No Microbe,Moisture,Inside,No Microbe | Moisture,No Microbe | Moisture | Inside,Inside,Moisture treatment
1,Day 1,12,Tray 12,1,2,2,0,8464,0.0,0,No Microbe,Moisture,Inside,No Microbe | Moisture,No Microbe | Moisture | Inside,Inside,Moisture treatment
1,Day 1,12,Tray 12,1,3,3,0,8464,0.0,0,No Microbe,Moisture,Inside,No Microbe | Moisture,No Microbe | Moisture | Inside,Inside,Moisture treatment
1,Day 1,12,Tray 12,1,4,4,0,8464,0.0,0,No Microbe,Moisture,Inside,No Microbe | Moisture,No Microbe | Moisture | Inside,Inside,Moisture treatment
1,Day 1,12,Tray 12,1,5,5,0,8464,0.0,0,No Microbe,Moisture,Inside,No Microbe | Moisture,No Microbe | Moisture | Inside,Inside,Moisture treatment
1,Day 1,12,Tray 12,1,6,6,0,8464,0.0,0,No Microbe,Moisture,Inside,No Microbe | Moisture,No Microbe | Moisture | Inside,Inside,Moisture treatment
1,Day 1,12,Tray 12,1,7,7,1,8464,0.011814744801512287,0,No Microbe,Moisture,Inside,No Microbe | Moisture,No Microbe | Moisture | Inside,Inside,Moisture treatment
1,Day 1,12,Tray 12,1,8,8,0,8464,0.0,0,No Microbe,Moisture,Inside,No Microbe | Moisture,No Microbe | Moisture | Inside,Inside,Moisture treatment
1,Day 1,12,Tray 12,1,9,9,0,8464,0.0,0,No Microbe,Moisture,Inside,No Microbe | Moisture,No Microbe | Moisture | Inside,Inside,Moisture treatment
1,Day 1,12,Tray 12,1,10,10,1,8464,0.011814744801512287,0,No Microbe,Moisture,Inside,No Microbe | Moisture,No Microbe | Moisture | Inside,Inside,Moisture treatment
1,Day 1,12,Tray 12,2,1,11,0,8464,0.0,0,No Microbe,Moisture,Inside,No Microbe | Moisture,No Microbe | Moisture | Inside,Inside,Moisture treatment
1,Day 1,12,Tray 12,2,2,12,0,8464,0.0,0,No Microbe,Moisture,Inside,No Microbe | Moisture,No Microbe | Moisture | Inside,Inside,Moisture treatment
1,Day 1,12,Tray 12,2,3,13,0,8464,0.0,0,No Microbe,Moisture,Inside,No Microbe | Moisture,No Microbe | Moisture | Inside,Inside,Moisture treatment
1,Day 1,12,Tray 12,2,4,14,0,8464,0.0,0,No Microbe,Moisture,Inside,No Microbe | Moisture,No Microbe | Moisture | Inside,Inside,Moisture treatment
1,Day 1,12,Tray 12,2,5,15,0,8464,0.0,0,No Microbe,Moisture,Inside,No Microbe | Moisture,No Microbe | Moisture | Inside,Inside,Moisture treatment
1,Day 1,12,Tray 12,2,6,16,0,8464,0.0,0,No Microbe,Moisture,Inside,No Microbe | Moisture,No Microbe | Moisture | Inside,Inside,Moisture treatment
1,Day 1,12,Tray 12,2,7,17,3,8464,0.03544423440453686,0,No Microbe,Moisture,Inside,No Microbe | Moisture,No Microbe | Moisture | Inside,Inside,Moisture treatment
1,Day 1,12,Tray 12,2,8,18,0,8464,0.0,0,No Microbe,Moisture,Inside,No Microbe | Moisture,No Microbe | Moisture | Inside,Inside,Moisture treatment
1,Day 1,12,Tray 12,2,9,19,0,8464,0.0,0,No Microbe,Moisture,Inside,No Microbe | Moisture,No Microbe | Moisture | Inside,Inside,Moisture treatment
1,Day 1,12,Tray 12,2,10,20,0,8464,0.0,0,No Microbe,Moisture,Inside,No Microbe | Moisture,No Microbe | Moisture | Inside,Inside,Moisture treatment
1,Day 1,12,Tray 12,3,1,21,0,8464,0.0,0,No Microbe,Moisture,Inside,No Microbe | Moisture,No Microbe | Moisture | Inside,Inside,Moisture treatment
1,Day 1,12,Tray 12,3,2,22,0,8464,0.0,0,No Microbe,Moisture,Inside,No Microbe | Moisture,No Microbe | Moisture | Inside,Inside,Moisture treatment
1,Day 1,12,Tray 12,3,3,23,0,8464,0.0,0,No Microbe,Moisture,Inside,No Microbe | Moisture,No Microbe | Moisture | Inside,Inside,Moisture treatment
1,Day 1,12,Tray 12,3,4,24,0,8464,0.0,0,No Microbe,Moisture,Inside,No Microbe | Moisture,No Microbe | Moisture | Inside,Inside,Moisture treatment
1,Day 1,12,Tray 12,3,5,25,3,8464,0.03544423440453686,0,No Microbe,Moisture,Inside,No Microbe | Moisture,No Microbe | Moisture | Inside,Inside,Moisture treatment
1,Day 1,12,Tray 12,3,6,26,4,8464,0.04725897920604915,0,No Microbe,Moisture,Inside,No Microbe | Moisture,No Microbe | Moisture | Inside,Inside,Moisture treatment
1,Day 1,12,Tray 12,3,7,27,0,8464,0.0,0,No Microbe,Moisture,Inside,No Microbe | Moisture,No Microbe | Moisture | Inside,Inside,Moisture treatment
1,Day 1,12,Tray 12,3,8,28,0,8464,0.0,0,No Microbe,Moisture,Inside,No Microbe | Moisture,No Microbe | Moisture | Inside,Inside,Moisture treatment
1,Day 1,12,Tray 12,3,9,29,0,8464,0.0,0,No Microbe,Moisture,Inside,No Microbe | Moisture,No Microbe | Moisture | Inside,Inside,Moisture treatment
1,Day 1,12,Tray 12,3,10,30,0,8464,0.0,0,No Microbe,Moisture,Inside,No Microbe | Moisture,No Microbe | Moisture | Inside,Inside,Moisture treatment
1,Day 1,12,Tray 12,4,1,31,0,8464,0.0,0,No Microbe,Moisture,Inside,No Microbe | Moisture,No Microbe | Moisture | Inside,Inside,Moisture treatment
1,Day 1,12,Tray 12,4,2,32,1,8464,0.011814744801512287,0,No Microbe,Moisture,Inside,No Microbe | Moisture,No Microbe | Moisture | Inside,Inside,Moisture treatment
1,Day 1,12,Tray 12,4,3,33,0,8464,0.0,0,No Microbe,Moisture,Inside,No Microbe | Moisture,No Microbe | Moisture | Inside,Inside,Moisture treatment
1,Day 1,12,Tray 12,4,4,34,1,8464,0.011814744801512287,0,No Microbe,Moisture,Inside,No Microbe | Moisture,No Microbe | Moisture | Inside,Inside,Moisture treatment
1,Day 1,12,Tray 12,4,5,35,3,8464,0.03544423440453686,0,No Microbe,Moisture,Inside,No Microbe | Moisture,No Microbe | Moisture | Inside,Inside,Moisture treatment
1,Day 1,12,Tray 12,4,6,36,0,8464,0.0,0,No Microbe,Moisture,Inside,No Microbe | Moisture,No Microbe | Moisture | Inside,Inside,Moisture treatment
1,Day 1,12,Tray 12,4,7,37,0,8464,0.0,0,No Microbe,Moisture,Inside,No Microbe | Moisture,No Microbe | Moisture | Inside,Inside,Moisture treatment
1,Day 1,12,Tray 12,4,8,38,3,8464,0.03544423440453686,0,No Microbe,Moisture,Inside,No Microbe | Moisture,No Microbe | Moisture | Inside,Inside,Moisture treatment
1,Day 1,12,Tray 12,4,9,39,0,8464,0.0,0,No Microbe,Moisture,Inside,No Microbe | Moisture,No Microbe | Moisture | Inside,Inside,Moisture treatment
1,Day 1,12,Tray 12,4,10,40,0,8464,0.0,0,No Microbe,Moisture,Inside,No Microbe | Moisture,No Microbe | Moisture | Inside,Inside,Moisture treatment
1,Day 1,12,Tray 12,5,1,41,1,8464,0.011814744801512287,0,No Microbe,Moisture,Inside,No Microbe | Moisture,No Microbe | Moisture | Inside,Inside,Moisture treatment
1,Day 1,12,Tray 12,5,2,42,0,8464,0.0,0,No Microbe,Moisture,Inside,No Microbe | Moisture,No Microbe | Moisture | Inside,Inside,Moisture treatment
1,Day 1,12,Tray 12,5,3,43,0,8464,0.0,0,No Microbe,Moisture,Inside,No Microbe | Moisture,No Microbe | Moisture | Inside,Inside,Moisture treatment
1,Day 1,12,Tray 12,5,4,44,2,8464,0.023629489603024575,0,No Microbe,Moisture,Inside,No Microbe | Moisture,No Microbe | Moisture | Inside,Inside,Moisture treatment
1,Day 1,12,Tray 12,5,5,45,0,8464,0.0,0,No Microbe,Moisture,Inside,No Microbe | Moisture,No Microbe | Moisture | Inside,Inside,Moisture treatment
1,Day 1,12,Tray 12,5,6,46,1,8464,0.011814744801512287,0,No Microbe,Moisture,Inside,No Microbe | Moisture,No Microbe | Moisture | Inside,Inside,Moisture treatment
1,Day 1,12,Tray 12,5,7,47,2,8464,0.023629489603024575,0,No Microbe,Moisture,Inside,No Microbe | Moisture,No Microbe | Moisture | Inside,Inside,Moisture treatment
1,Day 1,12,Tray 12,5,8,48,0,8464,0.0,0,No Microbe,Moisture,Inside,No Microbe | Moisture,No Microbe | Moisture | Inside,Inside,Moisture treatment
1,Day 1,12,Tray 12,5,9,49,0,8464,0.0,0,No Microbe,Moisture,Inside,No Microbe | Moisture,No Microbe | Moisture | Inside,Inside,Moisture treatment
1,Day 1,12,Tray 12,5,10,50,0,8464,0.0,0,No Microbe,Moisture,Inside,No Microbe | Moisture,No Microbe | Moisture | Inside,Inside,Moisture treatment
1,Day 1,12,Tray 12,6,1,51,9,8464,0.10633270321361059,0,No Microbe,Moisture,Inside,No Microbe | Moisture,No Microbe | Moisture | Inside,Inside,Moisture treatment
1,Day 1,12,Tray 12,6,2,52,0,8464,0.0,0,No Microbe,Moisture,Inside,No Microbe | Moisture,No Microbe | Moisture | Inside,Inside,Moisture treatment
1,Day 1,12,Tray 12,6,3,53,2,8464,0.023629489603024575,0,No Microbe,Moisture,Inside,No Microbe | Moisture,No Microbe | Moisture | Inside,Inside,Moisture treatment
1,Day 1,12,Tray 12,6,4,54,0,8464,0.0,0,No Microbe,Moisture,Inside,No Microbe | Moisture,No Microbe | Moisture | Inside,Inside,Moisture treatment
1,Day 1,12,Tray 12,6,5,55,1,8464,0.011814744801512287,0,No Microbe,Moisture,Inside,No Microbe | Moisture,No Microbe | Moisture | Inside,Inside,Moisture treatment
1,Day 1,12,Tray 12,6,6,56,3,8464,0.03544423440453686,0,No Microbe,Moisture,Inside,No Microbe | Moisture,No Microbe | Moisture | Inside,Inside,Moisture treatment
1,Day 1,12,Tray 12,6,7,57,0,8464,0.0,0,No Microbe,Moisture,Inside,No Microbe | Moisture,No Microbe | Moisture | Inside,Inside,Moisture treatment
1,Day 1,12,Tray 12,6,8,58,0,8464,0.0,0,No Microbe,Moisture,Inside,No Microbe | Moisture,No Microbe | Moisture | Inside,Inside,Moisture treatment
1,Day 1,12,Tray 12,6,9,59,0,8464,0.0,0,No Microbe,Moisture,Inside,No Microbe | Moisture,No Microbe | Moisture | Inside,Inside,Moisture treatment
1,Day 1,12,Tray 12,6,10,60,0,8464,0.0,0,No Microbe,Moisture,Inside,No Microbe | Moisture,No Microbe | Moisture | Inside,Inside,Moisture treatment
1,Day 1,12,Tray 12,7,1,61,0,8464,0.0,0,No Microbe,Moisture,Inside,No Microbe | Moisture,No Microbe | Moisture | Inside,Inside,Moisture treatment
1,Day 1,12,Tray 12,7,2,62,0,8464,0.0,0,No Microbe,Moisture,Inside,No Microbe | Moisture,No Microbe | Moisture | Inside,Inside,Moisture treatment
1,Day 1,12,Tray 12,7,3,63,0,8464,0.0,0,No Microbe,Moisture,Inside,No Microbe | Moisture,No Microbe | Moisture | Inside,Inside,Moisture treatment
1,Day 1,12,Tray 12,7,4,64,2,8464,0.023629489603024575,0,No Microbe,Moisture,Inside,No Microbe | Moisture,No Microbe | Moisture | Inside,Inside,Moisture treatment
1,Day 1,12,Tray 12,7,5,65,0,8464,0.0,0,No Microbe,Moisture,Inside,No Microbe | Moisture,No Microbe | Moisture | Inside,Inside,Moisture treatment
1,Day 1,12,Tray 12,7,6,66,1,8464,0.011814744801512287,0,No Microbe,Moisture,Inside,No Microbe | Moisture,No Microbe | Moisture | Inside,Inside,Moisture treatment
1,Day 1,12,Tray 12,7,7,67,0,8464,0.0,0,No Microbe,Moisture,Inside,No Microbe | Moisture,No Microbe | Moisture | Inside,Inside,Moisture treatment
1,Day 1,12,Tray 12,7,8,68,1,8464,0.011814744801512287,0,No Microbe,Moisture,Inside,No Microbe | Moisture,No Microbe | Moisture | Inside,Inside,Moisture treatment
1,Day 1,12,Tray 12,7,9,69,1,8464,0.011814744801512287,0,No Microbe,Moisture,Inside,No Microbe | Moisture,No Microbe | Moisture | Inside,Inside,Moisture treatment
1,Day 1,12,Tray 12,7,10,70,0,8464,0.0,0,No Microbe,Moisture,Inside,No Microbe | Moisture,No Microbe | Moisture | Inside,Inside,Moisture treatment
