day_order,day,tray_no,tray,row,column,cell_number,ms_g_mean,ms_r_mean,ms_re_mean,ms_nir_mean,ndvi_vegetation_pct_proxy,ndvi_mean,ndvi_median,ndvi_std,ndvi_min,ndvi_max,ndre_mean,ndre_median,ndre_std,ndre_min,ndre_max,gndvi_mean,gndvi_median,gndvi_std,gndvi_min,gndvi_max,microbe_status,stress_type,assigned_environment,treatment_group,design_group,actual_environment,watering_regime
1,Day 1,1,Tray 1,1,1,1,42321.97265625,27179.693359375,51381.81640625,38353.1796875,48.901228733459355,0.20871438086032867,0.14804115891456604,0.22131973505020142,-0.4321804642677307,0.6934579610824585,-0.11862995475530624,-0.1424187421798706,0.2119876891374588,-0.6599107980728149,0.4832262694835663,0.059474144130945206,-0.1235867515206337,0.38717547059059143,-0.6663275957107544,0.7713947296142578,No Microbe,Ideal,Inside,No Microbe | Ideal,No Microbe | Ideal | Inside,Inside,Always watered
1,Day 1,1,Tray 1,1,2,2,31811.576171875,24591.16015625,46524.4453125,40156.2109375,68.06474480151229,0.29410675168037415,0.2192324697971344,0.2087448686361313,-0.2823120057582855,0.7359679341316223,-0.037412114441394806,-0.10615883022546768,0.18116678297519684,-0.553490161895752,0.5434180498123169,0.24305029213428497,0.38904833793640137,0.3467738628387451,-0.553490161895752,0.7584191560745239,No Microbe,Ideal,Inside,No Microbe | Ideal,No Microbe | Ideal | Inside,Inside,Always watered
1,Day 1,1,Tray 1,1,3,3,31289.5,22580.748046875,41828.08984375,38859.6171875,70.94754253308129,0.327439546585083,0.3062542676925659,0.2049098163843155,-0.19656991958618164,0.7852044105529785,0.002669478300958872,-0.06417249143123627,0.19556093215942383,-0.43962031602859497,0.5709892511367798,0.2404840886592865,0.35548198223114014,0.3175799250602722,-0.5458663702011108,0.7633296847343445,No Microbe,Ideal,Inside,No Microbe | Ideal,No Microbe | Ideal | Inside,Inside,Always watered
1,Day 1,1,Tray 1,1,4,4,29688.607421875,21851.265625,39993.26171875,36499.0546875,66.06805293005671,0.31857597827911377,0.29923975467681885,0.2202577441930771,-0.39781591296195984,0.779843807220459,-0.0074026817455887794,-0.08534322679042816,0.24111923575401306,-0.6230677962303162,0.6429821252822876,0.227085679769516,0.3089057207107544,0.35294821858406067,-0.6179375648498535,0.7875675559043884,No Microbe,Ideal,Inside,No Microbe | Ideal,No Microbe | Ideal | Inside,Inside,Always watered
1,Day 1,1,Tray 1,1,5,5,35442.62890625,23205.3828125,45042.3984375,37645.32421875,68.51370510396976,0.2859126627445221,0.2523345947265625,0.20195138454437256,-0.2811698317527771,0.756041407585144,-0.0669071227312088,-0.09262756258249283,0.18919220566749573,-0.59867262840271,0.5123052597045898,0.14035336673259735,0.14912527799606323,0.3396660387516022,-0.6043094992637634,0.7803153991699219,No Microbe,Ideal,Inside,No Microbe | Ideal,No Microbe | Ideal | Inside,Inside,Always watered
1,Day 1,1,Tray 1,1,6,6,35180.8984375,20688.91796875,42183.37890625,34916.21484375,73.41682419659735,0.31430861353874207,0.3284372091293335,0.20353099703788757,-0.3089370131492615,0.7487364411354065,-0.06265417486429214,-0.06986217200756073,0.20688994228839874,-0.5999218821525574,0.4699619710445404,0.12468542158603668,0.0995083674788475,0.3579559624195099,-0.6834532618522644,0.7724966406822205,No Microbe,Ideal,Inside,No Microbe | Ideal,No Microbe | Ideal | Inside,Inside,Always watered
1,Day 1,1,Tray 1,1,7,7,39000.07421875,21754.32421875,42674.1484375,34497.03125,67.86389413988658,0.2996022701263428,0.3238546848297119,0.2342866063117981,-0.42638203501701355,0.7943755388259888,-0.06957067549228668,-0.07070047408342361,0.23321780562400818,-0.676217794418335,0.5803501605987549,0.07022767513990402,-0.04771658405661583,0.38192352652549744,-0.719865620136261,0.7579802870750427,No Microbe,Ideal,Inside,No Microbe | Ideal,No Microbe | Ideal | Inside,Inside,Always watered
1,Day 1,1,Tray 1,1,8,8,40513.1484375,23753.99609375,45384.8984375,36466.1484375,61.779300567107754,0.27774778008461,0.2530999183654785,0.22924403846263885,-0.3971526622772217,0.7998859882354736,-0.0788312628865242,-0.06626741588115692,0.23519106209278107,-0.7179768085479736,0.591911792755127,0.05171486362814903,-0.04771651700139046,0.3501049280166626,-0.7348019480705261,0.7978155016899109,No Microbe,Ideal,Inside,No Microbe | Ideal,No Microbe | Ideal | Inside,Inside,Always watered
1,Day 1,1,Tray 1,1,9,9,47746.140625,28993.384765625,51550.09375,42020.80078125,55.10396975425331,0.24249236285686493,0.1617504209280014,0.19795985519886017,-0.3607772886753082,0.7755463719367981,-0.08757168799638748,-0.07325383275747299,0.1957075297832489,-0.6169792413711548,0.5870801210403442,0.006629915442317724,-0.0658511221408844,0.3084375262260437,-0.6517412662506104,0.7795601487159729,No Microbe,Ideal,Inside,No Microbe | Ideal,No Microbe | Ideal | Inside,Inside,Always watered
1,Day 1,1,Tray 1,1,10,10,47624.87890625,30117.900390625,53178.91015625,42538.9453125,47.885160680529296,0.20333416759967804,0.14038847386837006,0.17570391297340393,-0.35442259907722473,0.7459948658943176,-0.10204090923070908,-0.10660721361637115,0.21203644573688507,-0.6137930750846863,0.5638141632080078,0.006525395438075066,-0.07905138283967972,0.3172532021999359,-0.6984653472900391,0.7749927043914795,No Microbe,Ideal,Inside,No Microbe | Ideal,No Microbe | Ideal | Inside,Inside,Always watered
1,Day 1,1,Tray 1,2,1,11,34802.17578125,24719.92578125,47620.51953125,37643.53125,60.574196597353506,0.25806471705436707,0.19017259776592255,0.21533599495887756,-0.3712606728076935,0.735011100769043,-0.07995963096618652,-0.13137173652648926,0.20759128034114838,-0.6147476434707642,0.5524568557739258,0.17118847370147705,0.29791122674942017,0.39241963624954224,-0.6717697381973267,0.766525149345398,No Microbe,Ideal,Inside,No Microbe | Ideal,No Microbe | Ideal | Inside,Inside,Always watered
1,Day 1,1,Tray 1,2,2,12,28283.552734375,23776.97265625,43376.91796875,38093.8125,68.1710775047259,0.3002389073371887,0.239082932472229,0.214616596698761,-0.4098130762577057,0.7936829924583435,-0.021542256698012352,-0.09098175168037415,0.20314334332942963,-0.5375191569328308,0.613949716091156,0.27876588702201843,0.37141352891921997,0.3383623957633972,-0.5939849615097046,0.7932929992675781,No Microbe,Ideal,Inside,No Microbe | Ideal,No Microbe | Ideal | Inside,Inside,Always watered
1,Day 1,1,Tray 1,2,3,13,27124.853515625,22260.296875,43057.01953125,37064.53515625,73.61767485822305,0.31039679050445557,0.27520042657852173,0.19468195736408234,-0.28098228573799133,0.7612447142601013,-0.0394507572054863,-0.09214282035827637,0.18073679506778717,-0.5520181655883789,0.5331425666809082,0.27887165546417236,0.37291011214256287,0.3022688627243042,-0.4802096486091614,0.7786259651184082,No Microbe,Ideal,Inside,No Microbe | Ideal,No Microbe | Ideal | Inside,Inside,Always watered
1,Day 1,1,Tray 1,2,4,14,23654.5390625,20462.939453125,39894.11328125,35639.89453125,73.15689981096408,0.32643261551856995,0.32814908027648926,0.1996324062347412,-0.36824092268943787,0.7851186394691467,-0.022046495229005814,-0.07518884539604187,0.2026931196451187,-0.6674147844314575,0.5922589302062988,0.30193209648132324,0.40467342734336853,0.30940598249435425,-0.686920702457428,0.7726114392280579,No Microbe,Ideal,Inside,No Microbe | Ideal,No Microbe | Ideal | Inside,Inside,Always watered
1,Day 1,1,Tray 1,2,5,15,22934.400390625,15860.7734375,33524.3125,30384.0,82.6913988657845,0.37757301330566406,0.4346863329410553,0.21335981786251068,-0.43188855051994324,0.7835497856140137,0.0009657436166889966,0.013803545385599136,0.23907573521137238,-0.704119861125946,0.5597295165061951,0.2769588530063629,0.4082399606704712,0.3775649070739746,-0.6977611780166626,0.8062194585800171,No Microbe,Ideal,Inside,No Microbe | Ideal,No Microbe | Ideal | Inside,Inside,Always watered
1,Day 1,1,Tray 1,2,6,16,29655.38671875,16717.060546875,36495.8203125,28965.044921875,77.95368620037807,0.33220717310905457,0.39467817544937134,0.23420259356498718,-0.40689656138420105,0.7390829920768738,-0.061995018273591995,-0.05306512117385864,0.2343665510416031,-0.6439180970191956,0.5735080242156982,0.1505279541015625,0.28645893931388855,0.3801153600215912,-0.6642958521842957,0.7704004049301147,No Microbe,Ideal,Inside,No Microbe | Ideal,No Microbe | Ideal | Inside,Inside,Always watered
1,Day 1,1,Tray 1,2,7,17,35996.359375,20948.001953125,42159.7734375,32677.32421875,72.38894139886578,0.2960476875305176,0.30557185411453247,0.21655797958374023,-0.38655003905296326,0.7284618616104126,-0.08742495626211166,-0.08408122509717941,0.2114342749118805,-0.5921462178230286,0.5547608137130737,0.08574581891298294,0.04938416928052902,0.33775514364242554,-0.6215435266494751,0.7402597665786743,No Microbe,Ideal,Inside,No Microbe | Ideal,No Microbe | Ideal | Inside,Inside,Always watered
1,Day 1,1,Tray 1,2,8,18,39536.0,23393.9375,45112.9453125,34495.48046875,62.511814744801505,0.2671276926994324,0.23311546444892883,0.2281399667263031,-0.44370055198669434,0.7133841514587402,-0.09627426415681839,-0.07706470042467117,0.23026761412620544,-0.6749311089515686,0.49089333415031433,0.05483774468302727,-0.053782809525728226,0.37924930453300476,-0.730038046836853,0.8077780604362488,No Microbe,Ideal,Inside,No Microbe | Ideal,No Microbe | Ideal | Inside,Inside,Always watered
1,Day 1,1,Tray 1,2,9,19,40317.609375,25928.794921875,48576.765625,39018.875,67.60396975425331,0.2529700696468353,0.21454322338104248,0.19672322273254395,-0.4936489462852478,0.7341079711914062,-0.09313979744911194,-0.0830468162894249,0.21814318001270294,-0.6837993264198303,0.5368754863739014,0.0816861242055893,-0.035791072994470596,0.3851335644721985,-0.6916354298591614,0.7994100451469421,No Microbe,Ideal,Inside,No Microbe | Ideal,No Microbe | Ideal | Inside,Inside,Always watered
1,Day 1,1,Tray 1,2,10,20,42799.796875,27313.88671875,49728.34765625,36980.453125,52.93005671077504,0.18363583087921143,0.16237470507621765,0.19505488872528076,-0.37819281220436096,0.7435661554336548,-0.13543955981731415,-0.13152804970741272,0.26159587502479553,-0.7017503976821899,0.6525423526763916,-0.006095140241086483,-0.07552164793014526,0.3549990653991699,-0.7238476276397705,0.7605177760124207,No Microbe,Ideal,Inside,No Microbe | Ideal,No Microbe | Ideal | Inside,Inside,Always watered
1,Day 1,1,Tray 1,3,1,21,32407.43359375,23765.30078125,46059.5234375,37778.51171875,62.9725897920605,0.2799651026725769,0.21023324131965637,0.21090571582317352,-0.41092392802238464,0.7331701517105103,-0.06204603612422943,-0.12161051481962204,0.19947829842567444,-0.5884406566619873,0.5448159575462341,0.20766976475715637,0.3283907175064087,0.3712853789329529,-0.5980488061904907,0.753710150718689,No Microbe,Ideal,Inside,No Microbe | Ideal,No Microbe | Ideal | Inside,Inside,Always watered
1,Day 1,1,Tray 1,3,2,22,25261.1875,20893.06640625,40644.734375,34271.6484375,69.65973534971644,0.30825331807136536,0.320970743894577,0.252106249332428,-0.43294796347618103,0.7892045378684998,-0.03286072239279747,-0.08656717091798782,0.25044378638267517,-0.6230677962303162,0.5525842308998108,0.27943480014801025,0.4082663059234619,0.38017746806144714,-0.6230677962303162,0.7840842604637146,No Microbe,Ideal,Inside,No Microbe | Ideal,No Microbe | Ideal | Inside,Inside,Always watered
1,Day 1,1,Tray 1,3,3,23,18593.212890625,18385.185546875,35610.84375,33621.76953125,77.882797731569,0.36259883642196655,0.41714662313461304,0.22799040377140045,-0.5086100697517395,0.7704376578330994,0.018294258043169975,0.015117711387574673,0.2226133644580841,-0.6745042204856873,0.5812386870384216,0.36895856261253357,0.43612006306648254,0.2874528169631958,-0.6745042204856873,0.781314492225647,No Microbe,Ideal,Inside,No Microbe | Ideal,No Microbe | Ideal | Inside,Inside,Always watered
1,Day 1,1,Tray 1,3,4,24,14335.65625,15314.0244140625,32153.54296875,31772.974609375,89.33128544423441,0.3965902328491211,0.4177051782608032,0.18150697648525238,-0.1945606768131256,0.7936463356018066,0.019448377192020416,-0.0012642836663872004,0.21404623985290527,-0.562678873538971,0.676250696182251,0.40218913555145264,0.44686537981033325,0.2497289478778839,-0.5458663702011108,0.8119440674781799,No Microbe,Ideal,Inside,No Microbe | Ideal,No Microbe | Ideal | Inside,Inside,Always watered
1,Day 1,1,Tray 1,3,5,25,19754.142578125,13547.7314453125,29863.380859375,27417.08203125,85.56238185255198,0.3875633180141449,0.43638142943382263,0.21447306871414185,-0.43143460154533386,0.7430348992347717,0.0015626972308382392,0.022728584706783295,0.2468579113483429,-0.6710875034332275,0.5917602777481079,0.2729606628417969,0.3905407190322876,0.36090028285980225,-0.6710875034332275,0.7722772359848022,No Microbe,Ideal,Inside,No Microbe | Ideal,No Microbe | Ideal | Inside,Inside,Always watered
1,Day 1,1,Tray 1,3,6,26,21206.599609375,11617.1572265625,29714.55078125,24894.953125,89.73298676748583,0.38772058486938477,0.4177645444869995,0.18589694797992706,-0.4193718731403351,0.7310043573379517,-0.04673536494374275,-0.04648803919553757,0.22509901225566864,-0.5881326198577881,0.5346496105194092,0.21607427299022675,0.35225361585617065,0.3653647303581238,-0.6502115726470947,0.7556480169296265,No Microbe,Ideal,Inside,No Microbe | Ideal,No Microbe | Ideal | Inside,Inside,Always watered
1,Day 1,1,Tray 1,3,7,27,34430.375,18320.794921875,39465.80078125,30149.994140625,76.85491493383742,0.31667575240135193,0.34767574071884155,0.21780522167682648,-0.3535401225090027,0.7277372479438782,-0.10031748563051224,-0.08991920948028564,0.2083524614572525,-0.5704208016395569,0.4798838794231415,0.069252610206604,0.06964826583862305,0.341338574886322,-0.676217794418335,0.7020818591117859,No Microbe,Ideal,Inside,No Microbe | Ideal,No Microbe | Ideal | Inside,Inside,Always watered
1,Day 1,1,Tray 1,3,8,28,33584.4609375,18170.390625,38153.6875,30512.080078125,75.85066162570888,0.33656376600265503,0.40146464109420776,0.21647930145263672,-0.3666536509990692,0.7455125451087952,-0.0572880394756794,-0.061843641102313995,0.2196318805217743,-0.7253001928329468,0.46344926953315735,0.10221438109874725,0.15890467166900635,0.3926663100719452,-0.7195045351982117,0.8186335563659668,No Microbe,Ideal,Inside,No Microbe | Ideal,No Microbe | Ideal | Inside,Inside,Always watered
1,Day 1,1,Tray 1,3,9,29,35708.0625,22637.203125,43100.13671875,34766.37109375,68.31285444234405,0.2896702289581299,0.2861713171005249,0.21573184430599213,-0.5252747535705566,0.7034252285957336,-0.06916192919015884,-0.08808290213346481,0.24074062705039978,-0.7285774350166321,0.5726890563964844,0.10545244067907333,0.0661703497171402,0.3967393934726715,-0.7105262875556946,0.7873338460922241,No Microbe,Ideal,Inside,No Microbe | Ideal,No Microbe | Ideal | Inside,Inside,Always watered
1,Day 1,1,Tray 1,3,10,30,39074.0234375,26654.033203125,47383.4765625,38783.71484375,60.656899810964084,0.23755240440368652,0.18092426657676697,0.18165113031864166,-0.326381653547287,0.7308488488197327,-0.0860159769654274,-0.08577489107847214,0.2064284384250641,-0.6680244207382202,0.6455284357070923,0.09230780601501465,-0.01561614591628313,0.36343756318092346,-0.6974093317985535,0.7690642476081848,No Microbe,Ideal,Inside,No Microbe | Ideal,No Microbe | Ideal | Inside,Inside,Always watered
1,Day 1,1,Tray 1,4,1,31,30495.9140625,19501.560546875,39918.6796875,32340.900390625,65.51275992438563,0.2962595224380493,0.2897281050682068,0.2667592465877533,-0.3888743817806244,0.7778487205505371,-0.056731417775154114,-0.12110982835292816,0.28408053517341614,-0.6393114328384399,0.5933793187141418,0.15750743448734283,0.2776552140712738,0.43684712052345276,-0.6629946827888489,0.7741473317146301,No Microbe,Ideal,Inside,No Microbe | Ideal,No Microbe | Ideal | Inside,Inside,Always watered
1,Day 1,1,Tray 1,4,2,32,23044.01171875,19651.177734375,36858.28515625,35898.65234375,76.60680529300568,0.3635844886302948,0.4192662239074707,0.22653241455554962,-0.25437864661216736,0.7914929389953613,0.038033656775951385,0.014941493049263954,0.2142578661441803,-0.5066224932670593,0.5506374835968018,0.3349885046482086,0.4360470473766327,0.32161036133766174,-0.5052379965782166,0.7727013230323792,No Microbe,Ideal,Inside,No Microbe | Ideal,No Microbe | Ideal | Inside,Inside,Always watered
1,Day 1,1,Tray 1,4,3,33,19154.720703125,16885.546875,32640.5625,31733.732421875,78.80434782608695,0.36833786964416504,0.4168456792831421,0.22101686894893646,-0.363459050655365,0.784633994102478,0.028594674542546272,0.014419885352253914,0.23989424109458923,-0.6665946841239929,0.6369079947471619,0.3352157175540924,0.40171733498573303,0.2924204468727112,-0.5810810923576355,0.7854767441749573,No Microbe,Ideal,Inside,No Microbe | Ideal,No Microbe | Ideal | Inside,Inside,Always watered
1,Day 1,1,Tray 1,4,4,34,13997.12890625,13083.884765625,26935.943359375,31109.685546875,93.92722117202268,0.4436388909816742,0.4785890579223633,0.18120984733104706,-0.5095934867858887,0.791205644607544,0.08834273368120193,0.09793564677238464,0.21657882630825043,-0.7137476205825806,0.615850567817688,0.4032783508300781,0.43432745337486267,0.2480812966823578,-0.5957446694374084,0.7918574810028076,No Microbe,Ideal,Inside,No Microbe | Ideal,No Microbe | Ideal | Inside,Inside,Always watered
1,Day 1,1,Tray 1,4,5,35,20239.939453125,10941.0546875,24532.66015625,27815.330078125,94.10444234404537,0.4502963721752167,0.48046737909317017,0.16253001987934113,-0.2293175309896469,0.7639450430870056,0.07404151558876038,0.09076108783483505,0.21830064058303833,-0.5725806355476379,0.6574249863624573,0.2621116042137146,0.35667309165000916,0.33434033393859863,-0.6386554837226868,0.7799825072288513,No Microbe,Ideal,Inside,No Microbe | Ideal,No Microbe | Ideal | Inside,Inside,Always watered
1,Day 1,1,Tray 1,4,6,36,23636.001953125,10406.25,25255.533203125,24110.029296875,90.13468809073724,0.4282612204551697,0.4697064459323883,0.17478908598423004,-0.32917138934135437,0.7557700276374817,0.021807484328746796,0.050061050802469254,0.22623686492443085,-0.643437385559082,0.5730593800544739,0.18485526740550995,0.34212204813957214,0.378576397895813,-0.655214250087738,0.7356860041618347,No Microbe,Ideal,Inside,No Microbe | Ideal,No Microbe | Ideal | Inside,Inside,Always watered
1,Day 1,1,Tray 1,4,7,37,27706.853515625,14493.4912109375,32362.298828125,28120.1640625,84.74716446124764,0.38488873839378357,0.4500344693660736,0.22025248408317566,-0.4484848380088806,0.7551319599151611,-0.014997812919318676,0.006744845770299435,0.23241932690143585,-0.6803447008132935,0.5551244616508484,0.15164582431316376,0.2554224729537964,0.36127734184265137,-0.6803447008132935,0.7518742680549622,No Microbe,Ideal,Inside,No Microbe | Ideal,No Microbe | Ideal | Inside,Inside,Always watered
1,Day 1,1,Tray 1,4,8,38,34116.6484375,18384.640625,36852.35546875,30409.337890625,75.62618147448015,0.33247771859169006,0.3591654300689697,0.19572462141513824,-0.40390223264694214,0.7441860437393188,-0.0411071740090847,-0.07395751029253006,0.23459342122077942,-0.6837993264198303,0.5950155854225159,0.08265252411365509,0.10921621322631836,0.40037742257118225,-0.7166212797164917,0.741821825504303,No Microbe,Ideal,Inside,No Microbe | Ideal,No Microbe | Ideal | Inside,Inside,Always watered
1,Day 1,1,Tray 1,4,9,39,35539.5703125,21749.44140625,40811.78515625,36079.0625,73.66493383742912,0.3208608031272888,0.3303167521953583,0.20672841370105743,-0.3800424635410309,0.7490414977073669,-0.025126654654741287,-0.06960950791835785,0.2322165071964264,-0.6465620994567871,0.6824584007263184,0.11807050555944443,0.08019386976957321,0.3840975761413574,-0.6525423526763916,0.8014527559280396,No Microbe,Ideal,Inside,No Microbe | Ideal,No Microbe | Ideal | Inside,Inside,Always watered
1,Day 1,1,Tray 1,4,10,40,39211.45703125,24011.23828125,44648.12890625,39235.5,68.20652173913044,0.29317745566368103,0.26599597930908203,0.20041091740131378,-0.3510150611400604,0.7251645922660828,-0.039964646100997925,-0.0722702294588089,0.21156278252601624,-0.6649725437164307,0.5458148717880249,0.09375769644975662,-0.025289926677942276,0.34832829236984253,-0.6610878705978394,0.7652270197868347,No Microbe,Ideal,Inside,No Microbe | Ideal,No Microbe | Ideal | Inside,Inside,Always watered
1,Day 1,1,Tray 1,5,1,41,39938.53125,22180.625,42896.6484375,36415.2734375,63.58695652173913,0.2979016900062561,0.25747328996658325,0.2336615025997162,-0.3564571142196655,0.7546550035476685,-0.031620729714632034,-0.08265598118305206,0.22682516276836395,-0.5952473878860474,0.542619526386261,0.07115636765956879,-0.11792917549610138,0.38211148977279663,-0.6203023791313171,0.74413001537323,No Microbe,Ideal,Inside,No Microbe | Ideal,No Microbe | Ideal | Inside,Inside,Always watered
1,Day 1,1,Tray 1,5,2,42,33068.51953125,20128.681640625,39716.76953125,36497.46875,73.57041587901702,0.3370596766471863,0.38461539149284363,0.23045222461223602,-0.3294861316680908,0.7373068332672119,-0.0034765249583870173,0.011952191591262817,0.21880577504634857,-0.5409219264984131,0.49901601672172546,0.16696102917194366,0.25659140944480896,0.3447187840938568,-0.5883853435516357,0.7715290188789368,No Microbe,Ideal,Inside,No Microbe | Ideal,No Microbe | Ideal | Inside,Inside,Always watered
1,Day 1,1,Tray 1,5,3,43,25178.568359375,17536.271484375,32175.017578125,36294.71484375,90.84357277882798,0.4165066182613373,0.45403534173965454,0.19532297551631927,0.028686057776212692,0.7941601872444153,0.10819459706544876,0.0917976051568985,0.20545828342437744,-0.38898757100105286,0.6068660020828247,0.3088046908378601,0.40063512325286865,0.3173380494117737,-0.6106977462768555,0.7656976580619812,No Microbe,Ideal,Inside,No Microbe | Ideal,No Microbe | Ideal | Inside,Inside,Always watered
1,Day 1,1,Tray 1,5,4,44,23860.21484375,14914.81640625,28261.853515625,33097.83984375,89.88657844990549,0.4291101098060608,0.4623296856880188,0.18930989503860474,-0.1635267585515976,0.7935013771057129,0.10194335877895355,0.0757041871547699,0.21269960701465607,-0.45246604084968567,0.6163410544395447,0.2750158905982971,0.3541509509086609,0.32400381565093994,-0.6253224611282349,0.7772189974784851,No Microbe,Ideal,Inside,No Microbe | Ideal,No Microbe | Ideal | Inside,Inside,Always watered
1,Day 1,1,Tray 1,5,5,45,21924.685546875,10901.1025390625,22672.21875,29448.9453125,96.00661625708885,0.4828397035598755,0.5057121515274048,0.16765855252742767,-0.3402922749519348,0.8058525323867798,0.13254381716251373,0.1204959824681282,0.20524093508720398,-0.5455129742622375,0.6479642391204834,0.2702210545539856,0.3777138292789459,0.33842340111732483,-0.6649725437164307,0.7971014380455017,No Microbe,Ideal,Inside,No Microbe | Ideal,No Microbe | Ideal | Inside,Inside,Always watered
1,Day 1,1,Tray 1,5,6,46,31320.2890625,12710.2099609375,28944.71875,29296.466796875,91.81238185255198,0.44080451130867004,0.4879906177520752,0.18789194524288177,-0.33014047145843506,0.7697368264198303,0.048662006855010986,0.06684949994087219,0.21583256125450134,-0.640625,0.5404096841812134,0.13150350749492645,0.2689988613128662,0.3731784224510193,-0.6758747696876526,0.7112561464309692,No Microbe,Ideal,Inside,No Microbe | Ideal,No Microbe | Ideal | Inside,Inside,Always watered
1,Day 1,1,Tray 1,5,7,47,35170.7890625,15523.875,33108.77734375,30773.970703125,84.05009451795841,0.3953726291656494,0.4390183687210083,0.2071303427219391,-0.36215609312057495,0.8041083812713623,0.007388857658952475,-0.029463790357112885,0.22876086831092834,-0.5656661987304688,0.640266478061676,0.08125293999910355,0.04989973455667496,0.35288873314857483,-0.6619318127632141,0.722472608089447,No Microbe,Ideal,Inside,No Microbe | Ideal,No Microbe | Ideal | Inside,Inside,Always watered
1,Day 1,1,Tray 1,5,8,48,38209.46875,20159.4375,39220.41015625,33828.8828125,71.25472589792061,0.34310659766197205,0.38902512192726135,0.2200862616300583,-0.36739495396614075,0.7801822423934937,-0.019076520577073097,-0.06668402999639511,0.21284158527851105,-0.63603675365448,0.5874516367912292,0.0667211264371872,-0.053447186946868896,0.3766358494758606,-0.6758747696876526,0.7465253472328186,No Microbe,Ideal,Inside,No Microbe | Ideal,No Microbe | Ideal | Inside,Inside,Always watered
1,Day 1,1,Tray 1,5,9,49,39695.3515625,21575.947265625,41838.43359375,37244.28125,76.29962192816635,0.32841965556144714,0.3156925141811371,0.19064795970916748,-0.2729658782482147,0.7420125603675842,-0.016395868733525276,-0.07905138283967972,0.20813940465450287,-0.600547194480896,0.7045092582702637,0.07604271918535233,-0.07339449226856232,0.3647521436214447,-0.6498791575431824,0.8042299151420593,No Microbe,Ideal,Inside,No Microbe | Ideal,No Microbe | Ideal | Inside,Inside,Always watered
1,Day 1,1,Tray 1,5,10,50,40003.0234375,23027.666015625,43217.8984375,39271.734375,72.93241965973534,0.31706371903419495,0.2877759039402008,0.19182784855365753,-0.2447943091392517,0.7561115622520447,-0.015906481072306633,-0.08958204090595245,0.20281818509101868,-0.6164102554321289,0.5770779252052307,0.08403373509645462,-0.07093821465969086,0.32410573959350586,-0.6418219208717346,0.73977130651474,No Microbe,Ideal,Inside,No Microbe | Ideal,No Microbe | Ideal | Inside,Inside,Always watered
1,Day 1,1,Tray 1,6,1,51,41293.94140625,24832.751953125,47561.6875,37762.3125,50.15359168241966,0.2557889223098755,0.1503882259130478,0.2313452959060669,-0.35112935304641724,0.782577395439148,-0.06350647658109665,-0.16899800300598145,0.25428545475006104,-0.5768194198608398,0.645626425743103,0.08411494642496109,-0.1467248648405075,0.3972814381122589,-0.6632818579673767,0.759975790977478,No Microbe,Ideal,Inside,No Microbe | Ideal,No Microbe | Ideal | Inside,Inside,Always watered
1,Day 1,1,Tray 1,6,2,52,38078.953125,26059.892578125,47151.14453125,40723.8203125,58.06947069943289,0.27418720722198486,0.17559313774108887,0.2048545628786087,-0.29592761397361755,0.7749593257904053,-0.021813197061419487,-0.12268677353858948,0.21171675622463226,-0.5728826522827148,0.5550923347473145,0.15219278633594513,0.05341068282723427,0.31931665539741516,-0.44012659788131714,0.7593615651130676,No Microbe,Ideal,Inside,No Microbe | Ideal,No Microbe | Ideal | Inside,Inside,Always watered
1,Day 1,1,Tray 1,6,3,53,40020.75,24037.4453125,45486.85546875,39527.8203125,73.6413043478261,0.2930963933467865,0.23754248023033142,0.19427716732025146,-0.24843661487102509,0.7666078805923462,-0.025976166129112244,-0.0984724909067154,0.19287005066871643,-0.5119069814682007,0.5622348189353943,0.09511726349592209,-0.03394181281328201,0.32712435722351074,-0.7187827825546265,0.7802833318710327,No Microbe,Ideal,Inside,No Microbe | Ideal,No Microbe | Ideal | Inside,Inside,Always watered
1,Day 1,1,Tray 1,6,4,54,33232.6015625,20575.18359375,38874.43359375,37394.98828125,78.13090737240076,0.34740927815437317,0.36218562722206116,0.2121048867702484,-0.29415223002433777,0.7831753492355347,0.026543574407696724,-0.02639915607869625,0.22367917001247406,-0.558496356010437,0.6329664587974548,0.16670922935009003,0.2115791141986847,0.321880042552948,-0.6024261116981506,0.7842696905136108,No Microbe,Ideal,Inside,No Microbe | Ideal,No Microbe | Ideal | Inside,Inside,Always watered
1,Day 1,1,Tray 1,6,5,55,41127.3203125,21447.53125,42669.23046875,36806.22265625,75.79158790170132,0.3139512836933136,0.2946794629096985,0.22004693746566772,-0.33829787373542786,0.8061041235923767,-0.026217710226774216,-0.09331197291612625,0.24425797164440155,-0.5942655205726624,0.7017594575881958,0.04183805361390114,-0.08757719397544861,0.3453279733657837,-0.6166600584983826,0.7798359394073486,No Microbe,Ideal,Inside,No Microbe | Ideal,No Microbe | Ideal | Inside,Inside,Always watered
1,Day 1,1,Tray 1,6,6,56,37128.1953125,19058.978515625,39678.03515625,32901.52734375,71.93998109640832,0.32293811440467834,0.362247496843338,0.23603951930999756,-0.4195220172405243,0.7530282735824585,-0.04631311446428299,-0.0767814889550209,0.23557236790657043,-0.613505482673645,0.5715969204902649,0.060275375843048096,0.025329362601041794,0.342643678188324,-0.6676205396652222,0.7516005039215088,No Microbe,Ideal,Inside,No Microbe | Ideal,No Microbe | Ideal | Inside,Inside,Always watered
1,Day 1,1,Tray 1,6,7,57,43454.55078125,21938.00390625,44046.94921875,36168.546875,70.09688090737241,0.3083283603191376,0.3175320029258728,0.2334713637828827,-0.30372223258018494,0.7670215964317322,-0.05739875137805939,-0.08982036262750626,0.21263445913791656,-0.5798611044883728,0.5700817108154297,0.007506466004997492,-0.08794982731342316,0.3135354816913605,-0.6065123677253723,0.6886792182922363,No Microbe,Ideal,Inside,No Microbe | Ideal,No Microbe | Ideal | Inside,Inside,Always watered
1,Day 1,1,Tray 1,6,8,58,45432.41015625,23764.814453125,45126.328125,36804.87109375,59.747164461247635,0.2871643602848053,0.2036428153514862,0.21234703063964844,-0.35780999064445496,0.7771865725517273,-0.06260267645120621,-0.09188701957464218,0.20529773831367493,-0.6317991614341736,0.5501520037651062,-0.018341731280088425,-0.09287429600954056,0.3311742842197418,-0.7141063213348389,0.6538029313087463,No Microbe,Ideal,Inside,No Microbe | Ideal,No Microbe | Ideal | Inside,Inside,Always watered
1,Day 1,1,Tray 1,6,9,59,46685.94140625,25224.693359375,49027.34375,40270.44140625,67.03686200378071,0.280429869890213,0.2073335200548172,0.21993137896060944,-0.4063926935195923,0.8049315214157104,-0.06041153892874718,-0.11307420581579208,0.2159653604030609,-0.6666666865348816,0.5454545617103577,0.005358477588742971,-0.10990649461746216,0.3498106598854065,-0.6657825112342834,0.7730929255485535,No Microbe,Ideal,Inside,No Microbe | Ideal,No Microbe | Ideal | Inside,Inside,Always watered
1,Day 1,1,Tray 1,6,10,60,46212.890625,26387.662109375,48696.4921875,41263.66015625,63.82325141776938,0.2665194869041443,0.1858232319355011,0.2120922952890396,-0.4660740792751312,0.7558875679969788,-0.04415453225374222,-0.10975609719753265,0.21319836378097534,-0.6393114328384399,0.6456911563873291,0.02403808757662773,-0.1049860417842865,0.322933554649353,-0.6522089838981628,0.768165111541748,No Microbe,Ideal,Inside,No Microbe | Ideal,No Microbe | Ideal | Inside,Inside,Always watered
1,Day 1,1,Tray 1,7,1,61,46472.55859375,26132.8828125,51062.296875,38631.4921875,49.373818525519845,0.22339870035648346,0.14848780632019043,0.1865609884262085,-0.32673266530036926,0.7823312282562256,-0.10286915302276611,-0.1810084581375122,0.20658574998378754,-0.5906001329421997,0.663606584072113,-0.011271541006863117,-0.16616830229759216,0.304533451795578,-0.5906001329421997,0.7422284483909607,No Microbe,Ideal,Inside,No Microbe | Ideal,No Microbe | Ideal | Inside,Inside,Always watered
1,Day 1,1,Tray 1,7,2,62,44220.21484375,26823.5,50473.40234375,39843.44921875,44.65973534971644,0.2355814129114151,0.1397412121295929,0.21017879247665405,-0.22793073952198029,0.7771156430244446,-0.0735146626830101,-0.16203178465366364,0.22339032590389252,-0.5824782848358154,0.6098964214324951,0.03846326842904091,-0.14082741737365723,0.31148555874824524,-0.5474452376365662,0.7465333938598633,No Microbe,Ideal,Inside,No Microbe | Ideal,No Microbe | Ideal | Inside,Inside,Always watered
1,Day 1,1,Tray 1,7,3,63,35188.5859375,22488.0703125,43063.79296875,37209.1953125,68.00567107750473,0.2945839464664459,0.21670635044574738,0.21900029480457306,-0.31061139702796936,0.7879161238670349,-0.029359446838498116,-0.11831775307655334,0.24765317142009735,-0.5855513215065002,0.6807409524917603,0.13110502064228058,0.06316235661506653,0.3452855050563812,-0.637672483921051,0.7701984643936157,No Microbe,Ideal,Inside,No Microbe | Ideal,No Microbe | Ideal | Inside,Inside,Always watered
1,Day 1,1,Tray 1,7,4,64,39144.70703125,23735.841796875,46218.1171875,38164.86328125,65.02835538752363,0.27594178915023804,0.21705810725688934,0.1999204009771347,-0.24487534165382385,0.7246856093406677,-0.060605067759752274,-0.12237905710935593,0.20506994426250458,-0.5368736982345581,0.541678786277771,0.0827176421880722,-0.03945966809988022,0.3269917368888855,-0.6727941036224365,0.7638510465621948,No Microbe,Ideal,Inside,No Microbe | Ideal,No Microbe | Ideal | Inside,Inside,Always watered
1,Day 1,1,Tray 1,7,5,65,43749.609375,23606.7421875,46681.0625,37096.71875,67.49763705103969,0.2614438831806183,0.2181256115436554,0.22920560836791992,-0.45077720284461975,0.7985243797302246,-0.07643582671880722,-0.1240735650062561,0.23923002183437347,-0.6649725437164307,0.6166753768920898,0.0076293242163956165,-0.12469101697206497,0.36403611302375793,-0.6649725437164307,0.7708333134651184,No Microbe,Ideal,Inside,No Microbe | Ideal,No Microbe | Ideal | Inside,Inside,Always watered
1,Day 1,1,Tray 1,7,6,66,41950.7890625,20673.263671875,41908.98046875,33757.8671875,67.23771266540642,0.29269760847091675,0.305544376373291,0.2705700099468231,-0.5233880877494812,0.8000593185424805,-0.05553402751684189,-0.10422003269195557,0.26219284534454346,-0.692148745059967,0.6236323714256287,0.004215376451611519,-0.12237905710935593,0.3612678349018097,-0.692148745059967,0.749920666217804,No Microbe,Ideal,Inside,No Microbe | Ideal,No Microbe | Ideal | Inside,Inside,Always watered
1,Day 1,1,Tray 1,7,7,67,46929.55078125,23574.6875,45407.625,36428.95703125,63.24432892249527,0.27280285954475403,0.1984769105911255,0.2534463107585907,-0.4316476285457611,0.7855973839759827,-0.06819970160722733,-0.10720562189817429,0.23684240877628326,-0.6483649611473083,0.6143283843994141,-0.03208359330892563,-0.11474070698022842,0.32953986525535583,-0.6731358766555786,0.7591261863708496,No Microbe,Ideal,Inside,No Microbe | Ideal,No Microbe | Ideal | Inside,Inside,Always watered
1,Day 1,1,Tray 1,7,8,68,52357.390625,27423.2890625,51409.3984375,40107.27734375,53.343572778827976,0.23244671523571014,0.1575525999069214,0.23048701882362366,-0.4692787230014801,0.7761273384094238,-0.09929142147302628,-0.10953058302402496,0.19999034702777863,-0.7274836301803589,0.536743700504303,-0.08465544134378433,-0.11436152458190918,0.2698383927345276,-0.7473863959312439,0.7750511169433594,No Microbe,Ideal,Inside,No Microbe | Ideal,No Microbe | Ideal | Inside,Inside,Always watered
1,Day 1,1,Tray 1,7,9,69,53670.0703125,30281.85546875,56363.984375,44300.85546875,55.18667296786389,0.21599289774894714,0.15952306985855103,0.20351335406303406,-0.43677759170532227,0.782037615776062,-0.09994963556528091,-0.12446925044059753,0.18288692831993103,-0.7115182280540466,0.619732141494751,-0.053701627999544144,-0.12253289669752121,0.2642669677734375,-0.6708074808120728,0.7630140781402588,No Microbe,Ideal,Inside,No Microbe | Ideal,No Microbe | Ideal | Inside,Inside,Always watered
1,Day 1,1,Tray 1,7,10,70,53565.75390625,29311.0859375,55339.515625,42234.625,54.20604914933838,0.20837891101837158,0.15741640329360962,0.22330604493618011,-0.4183145761489868,0.798221230506897,-0.1192624419927597,-0.1301228106021881,0.1687614917755127,-0.6429287791252136,0.5447251200675964,-0.08141586929559708,-0.12732277810573578,0.26353782415390015,-0.656218409538269,0.7198335528373718,No Microbe,Ideal,Inside,No Microbe | Ideal,No Microbe | Ideal | Inside,Inside,Always watered
1,Day 1,2,Tray 2,1,1,1,42130.8359375,24047.74609375,49525.1484375,36707.54296875,63.97684310018904,0.23586593568325043,0.16708701848983765,0.1674407422542572,-0.208370178937912,0.6817145347595215,-0.12358304113149643,-0.17489272356033325,0.16416049003601074,-0.5299831628799438,0.430990070104599,0.03324317932128906,-0.11240985989570618,0.3344654142856598,-0.5971139073371887,0.749046802520752,No Microbe,Ideal,Outside,No Microbe | Ideal,No Microbe | Ideal | Outside,Outside,Always watered
1,Day 1,2,Tray 2,1,2,2,35371.48046875,22682.76171875,46288.6328125,37911.39453125,80.11578449905483,0.29159456491470337,0.20627951622009277,0.1645815223455429,-0.07959067821502686,0.688285231590271,-0.068392813205719,-0.1308700144290924,0.14622721076011658,-0.4599296748638153,0.34472769498825073,0.1566711813211441,0.17567360401153564,0.3218797743320465,-0.5240941643714905,0.7150769233703613,No Microbe,Ideal,Outside,No Microbe | Ideal,No Microbe | Ideal | Outside,Outside,Always watered
1,Day 1,2,Tray 2,1,3,3,31759.76171875,20878.380859375,43323.15234375,35922.04296875,78.35538752362949,0.3059110939502716,0.2628726363182068,0.17279261350631714,-0.1736263781785965,0.7153419852256775,-0.06378781050443649,-0.11970022320747375,0.16181646287441254,-0.44037988781929016,0.45319148898124695,0.18180377781391144,0.26961833238601685,0.318863183259964,-0.4671039879322052,0.7539122700691223,No Microbe,Ideal,Outside,No Microbe | Ideal,No Microbe | Ideal | Outside,Outside,Always watered
1,Day 1,2,Tray 2,1,4,4,35101.890625,20580.044921875,43176.8828125,34672.0859375,73.5586011342155,0.2984922230243683,0.23796281218528748,0.19427700340747833,-0.28321895003318787,0.7653452754020691,-0.07630876451730728,-0.14369501173496246,0.21750038862228394,-0.6488826274871826,0.5732734203338623,0.11876814812421799,0.07286432385444641,0.3528585135936737,-0.6442481279373169,0.768614649772644,No Microbe,Ideal,Outside,No Microbe | Ideal,No Microbe | Ideal | Outside,Outside,Always watered
1,Day 1,2,Tray 2,1,5,5,34809.890625,18178.216796875,39029.9296875,31694.837890625,78.48534971644612,0.3327895700931549,0.35597655177116394,0.20777437090873718,-0.3745098114013672,0.7627118825912476,-0.052905403077602386,-0.08928965032100677,0.23111550509929657,-0.6470347046852112,0.5123700499534607,0.10359556972980499,0.1199517473578453,0.38351649045944214,-0.6435881853103638,0.7802197933197021,No Microbe,Ideal,Outside,No Microbe | Ideal,No Microbe | Ideal | Outside,Outside,Always watered
1,Day 1,2,Tray 2,1,6,6,40063.86328125,20951.544921875,44721.8984375,33989.00390625,73.086011342155,0.29732710123062134,0.2751666009426117,0.19022472202777863,-0.2521246373653412,0.7337328791618347,-0.1013188511133194,-0.1301228106021881,0.1921507567167282,-0.6027397513389587,0.45244312286376953,0.04283047094941139,-0.10877953469753265,0.32086172699928284,-0.6128396987915039,0.7316239476203918,No Microbe,Ideal,Outside,No Microbe | Ideal,No Microbe | Ideal | Outside,Outside,Always watered
1,Day 1,2,Tray 2,1,7,7,45138.03515625,24100.021484375,49467.53125,37252.375,68.58459357277883,0.2630431652069092,0.19935576617717743,0.17780935764312744,-0.2721145749092102,0.7244618535041809,-0.12102117389440536,-0.12841002643108368,0.16825434565544128,-0.567764163017273,0.564480721950531,-0.0019488983089104295,-0.11534230411052704,0.29529616236686707,-0.6106194853782654,0.7751157283782959,No Microbe,Ideal,Outside,No Microbe | Ideal,No Microbe | Ideal | Outside,Outside,Always watered
1,Day 1,2,Tray 2,1,8,8,49567.58984375,28494.5625,54155.23046875,42406.61328125,66.20982986767487,0.23877596855163574,0.17333818972110748,0.1738882064819336,-0.36777010560035706,0.7265744805335999,-0.10890892148017883,-0.11020740121603012,0.17151479423046112,-0.66768479347229,0.6385037899017334,-0.012369719333946705,-0.10384797304868698,0.29618555307388306,-0.640625,0.7806652784347534,No Microbe,Ideal,Outside,No Microbe | Ideal,No Microbe | Ideal | Outside,Outside,Always watered
1,Day 1,2,Tray 2,1,9,9,51778.23828125,31633.826171875,56568.4765625,45366.63671875,63.161625708884685,0.2063901573419571,0.16592487692832947,0.15308833122253418,-0.42005011439323425,0.6930232644081116,-0.10212177038192749,-0.10006716102361679,0.17111104726791382,-0.6741619110107422,0.5856367945671082,-0.004975480493158102,-0.09302014857530594,0.3119605481624603,-0.6755319237709045,0.7916666865348816,No Microbe,Ideal,Outside,No Microbe | Ideal,No Microbe | Ideal | Outside,Outside,Always watered
1,Day 1,2,Tray 2,1,10,10,45639.0,27464.44921875,51745.703125,40273.1796875,63.37429111531191,0.2164638340473175,0.1719861626625061,0.1698487550020218,-0.3049696087837219,0.7021669149398804,-0.11088153719902039,-0.12024836242198944,0.24289023876190186,-0.7276975512504578,0.678805947303772,0.009430844336748123,-0.09345794469118118,0.35085681080818176,-0.6800000071525574,0.8043804168701172,No Microbe,Ideal,Outside,No Microbe | Ideal,No Microbe | Ideal | Outside,Outside,Always watered
1,Day 1,2,Tray 2,2,1,11,36564.671875,23548.3828125,48254.23828125,36812.5,71.50283553875236,0.255161315202713,0.17904677987098694,0.1785898655653,-0.24688932299613953,0.7317666411399841,-0.09846476465463638,-0.16356107592582703,0.1797455996274948,-0.599609375,0.5026949048042297,0.1410430520772934,0.08716888725757599,0.36672452092170715,-0.6793110370635986,0.713131308555603,No Microbe,Ideal,Outside,No Microbe | Ideal,No Microbe | Ideal | Outside,Outside,Always watered
1,Day 1,2,Tray 2,2,2,12,26879.162109375,20044.328125,41013.234375,34468.54296875,77.74102079395085,0.3252641260623932,0.25920456647872925,0.19826571643352509,-0.19958634674549103,0.7750182747840881,-0.02984858863055706,-0.11062966287136078,0.20721732079982758,-0.5714002251625061,0.5366336703300476,0.2622602880001068,0.3607797622680664,0.3390487730503082,-0.4979459345340729,0.7748706936836243,No Microbe,Ideal,Outside,No Microbe | Ideal,No Microbe | Ideal | Outside,Outside,Always watered
1,Day 1,2,Tray 2,2,3,13,20667.896484375,17277.275390625,36161.703125,32201.671875,83.2585066162571,0.3591899871826172,0.3749525249004364,0.18441730737686157,-0.14513032138347626,0.7639296054840088,-0.011445360258221626,-0.05395445227622986,0.20145440101623535,-0.5280987024307251,0.5180412530899048,0.3277817368507385,0.4135220944881439,0.29282429814338684,-0.44878825545310974,0.7688266038894653,No Microbe,Ideal,Outside,No Microbe | Ideal,No Microbe | Ideal | Outside,Outside,Always watered
1,Day 1,2,Tray 2,2,4,14,22953.78125,16088.41015625,35913.81640625,30935.181640625,86.02315689981096,0.35901939868927,0.38461539149284363,0.18820512294769287,-0.22477875649929047,0.8200671076774597,-0.03885599598288536,-0.06574799865484238,0.2034197896718979,-0.5689387917518616,0.6587111949920654,0.2555028200149536,0.3402375876903534,0.3126218616962433,-0.5386528372764587,0.7499228119850159,No Microbe,Ideal,Outside,No Microbe | Ideal,No Microbe | Ideal | Outside,Outside,Always watered
1,Day 1,2,Tray 2,2,5,15,31451.97265625,17396.779296875,39730.734375,31224.5546875,80.45841209829868,0.33332327008247375,0.35885846614837646,0.19922710955142975,-0.4488440155982971,0.7758415937423706,-0.07633989304304123,-0.12064965069293976,0.20951761305332184,-0.6172986030578613,0.5456362366676331,0.13645294308662415,0.1975041925907135,0.3343697786331177,-0.6172986030578613,0.7243491411209106,No Microbe,Ideal,Outside,No Microbe | Ideal,No Microbe | Ideal | Outside,Outside,Always watered
1,Day 1,2,Tray 2,2,6,16,38862.75390625,20547.78125,44649.4765625,32769.1796875,73.6413043478261,0.28793224692344666,0.27631598711013794,0.20540055632591248,-0.3971708416938782,0.7805996537208557,-0.11965043097734451,-0.12530915439128876,0.19749262928962708,-0.6545454263687134,0.4662686586380005,0.03838904947042465,-0.08841321617364883,0.3252158761024475,-0.6416115164756775,0.7732477188110352,No Microbe,Ideal,Outside,No Microbe | Ideal,No Microbe | Ideal | Outside,Outside,Always watered
1,Day 1,2,Tray 2,2,7,17,42832.265625,24023.48828125,48450.5625,36702.90234375,68.43100189035917,0.26579007506370544,0.1966918408870697,0.215572789311409,-0.4592633843421936,0.7816721200942993,-0.10968194156885147,-0.11141267418861389,0.2213495820760727,-0.6693844199180603,0.5835897326469421,0.02456948719918728,-0.09302014857530594,0.3390297293663025,-0.6687041521072388,0.791093111038208,No Microbe,Ideal,Outside,No Microbe | Ideal,No Microbe | Ideal | Outside,Outside,Always watered
1,Day 1,2,Tray 2,2,8,18,43448.89453125,26366.88671875,50713.4765625,39513.76171875,68.50189035916824,0.2502990663051605,0.18810512125492096,0.1882024109363556,-0.377964586019516,0.6978146433830261,-0.10301773995161057,-0.10496491938829422,0.18681494891643524,-0.6350569128990173,0.5137693881988525,0.046096071600914,-0.0806174948811531,0.32320278882980347,-0.603367269039154,0.7646762132644653,No Microbe,Ideal,Outside,No Microbe | Ideal,No Microbe | Ideal | Outside,Outside,Always watered
1,Day 1,2,Tray 2,2,9,19,42658.3671875,26576.88671875,50457.1796875,39994.34375,68.77362948960302,0.2546045780181885,0.1830686628818512,0.18417464196681976,-0.345592200756073,0.696703314781189,-0.09774520993232727,-0.09623879194259644,0.18690606951713562,-0.6592382788658142,0.41784340143203735,0.05674538016319275,-0.06891150772571564,0.3426390290260315,-0.6462311744689941,0.763447105884552,No Microbe,Ideal,Outside,No Microbe | Ideal,No Microbe | Ideal | Outside,Outside,Always watered
1,Day 1,2,Tray 2,2,10,20,37281.32421875,22630.51953125,44390.0859375,35516.80078125,67.56852551984878,0.25869297981262207,0.23573194444179535,0.1870991736650467,-0.30064254999160767,0.7023579478263855,-0.08569353818893433,-0.12841002643108368,0.259642630815506,-0.6907514333724976,0.6338028311729431,0.07525268197059631,0.06701197475194931,0.38595589995384216,-0.7133890986442566,0.7941922545433044,No Microbe,Ideal,Outside,No Microbe | Ideal,No Microbe | Ideal | Outside,Outside,Always watered
1,Day 1,2,Tray 2,3,1,21,30640.005859375,20809.921875,44108.453125,36802.8515625,80.88374291115312,0.3231784403324127,0.29067063331604004,0.17959468066692352,-0.10865358263254166,0.7029156684875488,-0.05021583288908005,-0.10318822413682938,0.1663273125886917,-0.42796310782432556,0.4377952814102173,0.233346626162529,0.3593418002128601,0.3390311300754547,-0.4477638304233551,0.7294756174087524,No Microbe,Ideal,Outside,No Microbe | Ideal,No Microbe | Ideal | Outside,Outside,Always watered
1,Day 1,2,Tray 2,3,2,22,23019.01171875,17838.41015625,37598.3359375,32395.802734375,83.6602079395085,0.3383939564228058,0.3502010703086853,0.17949996888637543,-0.18988031148910522,0.724531888961792,-0.0329417958855629,-0.08672086894512177,0.19844214618206024,-0.591733455657959,0.5830520987510681,0.2751396596431732,0.343056321144104,0.2906320095062256,-0.5355639457702637,0.7779212594032288,No Microbe,Ideal,Outside,No Microbe | Ideal,No Microbe | Ideal | Outside,Outside,Always watered
1,Day 1,2,Tray 2,3,3,23,13903.818359375,14529.12890625,31716.400390625,30849.44921875,95.61672967863895,0.4089395999908447,0.44636300206184387,0.17655491828918457,-0.0993489921092987,0.7654075622558594,0.029925037175416946,0.019013576209545135,0.20323807001113892,-0.4974658787250519,0.610088586807251,0.4205367863178253,0.47621333599090576,0.223057821393013,-0.5130013227462769,0.783828854560852,No Microbe,Ideal,Outside,No Microbe | Ideal,No Microbe | Ideal | Outside,Outside,Always watered
1,Day 1,2,Tray 2,3,4,24,26040.685546875,16473.86328125,36948.99609375,29661.228515625,79.14697542533081,0.3248191177845001,0.34969326853752136,0.22664612531661987,-0.4048832952976227,0.7480857372283936,-0.06908976286649704,-0.08167780935764313,0.24630053341388702,-0.6844919919967651,0.5288978219032288,0.18545055389404297,0.2926105856895447,0.3783537447452545,-0.6844919919967651,0.7858585715293884,No Microbe,Ideal,Outside,No Microbe | Ideal,No Microbe | Ideal | Outside,Outside,Always watered
1,Day 1,2,Tray 2,3,5,25,26148.611328125,13717.8388671875,33159.640625,26205.37890625,84.05009451795841,0.3636954724788666,0.4142749309539795,0.22002948820590973,-0.5255839824676514,0.740077793598175,-0.054992035031318665,-0.05033557116985321,0.23870298266410828,-0.7322335243225098,0.5393133759498596,0.1734936535358429,0.3730504512786865,0.41025394201278687,-0.7322335243225098,0.714067280292511,No Microbe,Ideal,Outside,No Microbe | Ideal,No Microbe | Ideal | Outside,Outside,Always watered
1,Day 1,2,Tray 2,3,6,26,34912.34765625,17476.158203125,38303.6640625,30233.71484375,81.27362948960302,0.3384672701358795,0.38663846254348755,0.22917135059833527,-0.49746450781822205,0.7505162954330444,-0.0653500184416771,-0.0722702294588089,0.24435144662857056,-0.6528759002685547,0.6192010045051575,0.0798836424946785,0.05621301755309105,0.37168386578559875,-0.6748466491699219,0.734988272190094,No Microbe,Ideal,Outside,No Microbe | Ideal,No Microbe | Ideal | Outside,Outside,Always watered
1,Day 1,2,Tray 2,3,7,27,37418.19921875,20063.28515625,42955.8984375,32910.91015625,76.9258034026465,0.3101174235343933,0.31375640630722046,0.20894911885261536,-0.2682330012321472,0.7486725449562073,-0.09902314841747284,-0.10269226878881454,0.20181721448898315,-0.6347305178642273,0.46071428060531616,0.05944797769188881,0.03893347084522247,0.35001301765441895,-0.6383276581764221,0.7363796234130859,No Microbe,Ideal,Outside,No Microbe | Ideal,No Microbe | Ideal | Outside,Outside,Always watered
1,Day 1,2,Tray 2,3,8,28,38105.28515625,23674.666015625,46392.05859375,37506.99609375,75.82703213610587,0.281794935464859,0.21941891312599182,0.1955120861530304,-0.272899866104126,0.7633468508720398,-0.08221139013767242,-0.09169109165668488,0.22026905417442322,-0.6637534499168396,0.5831999778747559,0.09798835963010788,-0.027408692985773087,0.39245733618736267,-0.7034109830856323,0.79133141040802,No Microbe,Ideal,Outside,No Microbe | Ideal,No Microbe | Ideal | Outside,Outside,Always watered
1,Day 1,2,Tray 2,3,9,29,37341.80859375,23724.96875,45416.234375,37710.5390625,76.15784499054821,0.2854996621608734,0.21949490904808044,0.18944649398326874,-0.2907262444496155,0.7248263955116272,-0.0662650391459465,-0.09054593741893768,0.20417000353336334,-0.6272600889205933,0.5121951103210449,0.11238205432891846,0.12617555260658264,0.37925806641578674,-0.6614242196083069,0.7871371507644653,No Microbe,Ideal,Outside,No Microbe | Ideal,No Microbe | Ideal | Outside,Outside,Always watered
1,Day 1,2,Tray 2,3,10,30,41588.03125,27083.80859375,48738.69921875,41369.140625,70.9593572778828,0.2518080472946167,0.18824878334999084,0.18723660707473755,-0.3333333432674408,0.7044728398323059,-0.0590854249894619,-0.0779152438044548,0.21452711522579193,-0.6078264713287354,0.5382469296455383,0.08982718735933304,-0.024742156267166138,0.33420899510383606,-0.6324496865272522,0.741193413734436,No Microbe,Ideal,Outside,No Microbe | Ideal,No Microbe | Ideal | Outside,Outside,Always watered
1,Day 1,2,Tray 2,4,1,31,29359.833984375,18782.64453125,39424.5703125,33717.57421875,79.72589792060492,0.32883691787719727,0.32361677289009094,0.22067894041538239,-0.3587588965892792,0.7908937335014343,-0.032098446041345596,-0.061035361140966415,0.23390336334705353,-0.6495013236999512,0.6379074454307556,0.21331344544887543,0.3767853379249573,0.3827231228351593,-0.678966760635376,0.7547619342803955,No Microbe,Ideal,Outside,No Microbe | Ideal,No Microbe | Ideal | Outside,Outside,Always watered
1,Day 1,2,Tray 2,4,2,32,22297.71484375,16560.78125,34638.03125,32477.8671875,84.86531190926276,0.37262284755706787,0.40399718284606934,0.20977053046226501,-0.2993512451648712,0.7567999958992004,0.016628000885248184,0.004521524999290705,0.23239831626415253,-0.5770547986030579,0.6099664568901062,0.29791611433029175,0.4348403215408325,0.3560181260108948,-0.75,0.7450796365737915,No Microbe,Ideal,Outside,No Microbe | Ideal,No Microbe | Ideal | Outside,Outside,Always watered
1,Day 1,2,Tray 2,4,3,33,15244.8447265625,13510.759765625,29045.66015625,31753.572265625,97.61342155009451,0.4427253305912018,0.4744917154312134,0.16295060515403748,0.01513671875,0.777699887752533,0.06804034113883972,0.054815176874399185,0.17880991101264954,-0.3503272533416748,0.6041609644889832,0.39775222539901733,0.44195058941841125,0.2400081902742386,-0.5071770548820496,0.7826950550079346,No Microbe,Ideal,Outside,No Microbe | Ideal,No Microbe | Ideal | Outside,Outside,Always watered
1,Day 1,2,Tray 2,4,4,34,22534.615234375,12428.880859375,28786.673828125,27350.615234375,88.8586956521739,0.3960792124271393,0.4445512294769287,0.2054627239704132,-0.37765517830848694,0.7648414969444275,0.007154266349971294,0.045854292809963226,0.2552081048488617,-0.7382704615592957,0.5670256018638611,0.21222008764743805,0.3481575846672058,0.3669265806674957,-0.7271193861961365,0.7543614506721497,No Microbe,Ideal,Outside,No Microbe | Ideal,No Microbe | Ideal | Outside,Outside,Always watered
1,Day 1,2,Tray 2,4,5,35,27991.318359375,13143.8603515625,30665.900390625,26589.943359375,84.01465028355388,0.37832069396972656,0.42574256658554077,0.2283286452293396,-0.5346812009811401,0.8067578673362732,-0.014853617176413536,0.0041050901636481285,0.2744719088077545,-0.7677530646324158,0.6266732811927795,0.13404159247875214,0.3040279746055603,0.4302932322025299,-0.7677530646324158,0.7627406716346741,No Microbe,Ideal,Outside,No Microbe | Ideal,No Microbe | Ideal | Outside,Outside,Always watered
1,Day 1,2,Tray 2,4,6,36,35084.82421875,15747.4892578125,35150.28515625,28813.826171875,79.72589792060492,0.3538810610771179,0.40894532203674316,0.22545276582241058,-0.44467639923095703,0.7483824491500854,-0.04741579294204712,-0.06987462192773819,0.2383415400981903,-0.7333333492279053,0.6471384763717651,0.048001375049352646,-0.04021887853741646,0.37103772163391113,-0.7466410994529724,0.7171006202697754,No Microbe,Ideal,Outside,No Microbe | Ideal,No Microbe | Ideal | Outside,Outside,Always watered
1,Day 1,2,Tray 2,4,7,37,36602.28125,18461.9921875,39332.57421875,31730.759765625,78.89886578449905,0.3348318934440613,0.39268743991851807,0.222856342792511,-0.42208245396614075,0.7442732453346252,-0.06131361424922943,-0.07941919565200806,0.21407446265220642,-0.6169036626815796,0.5245952010154724,0.06162585690617561,0.0664435625076294,0.3636478781700134,-0.6639577150344849,0.7038062214851379,No Microbe,Ideal,Outside,No Microbe | Ideal,No Microbe | Ideal | Outside,Outside,Always watered
1,Day 1,2,Tray 2,4,8,38,37815.66796875,21177.943359375,41199.28125,35611.37890625,81.8171077504726,0.3246641159057617,0.31947940587997437,0.20251181721687317,-0.3502369523048401,0.7547982931137085,-0.03581882268190384,-0.06805465370416641,0.2100326120853424,-0.6626065969467163,0.4943119287490845,0.0839567631483078,0.06184140592813492,0.38805562257766724,-0.7130307555198669,0.7446206212043762,No Microbe,Ideal,Outside,No Microbe | Ideal,No Microbe | Ideal | Outside,Outside,Always watered
1,Day 1,2,Tray 2,4,9,39,41844.62890625,24750.814453125,47148.203125,40561.6171875,77.36294896030246,0.29165440797805786,0.22588235139846802,0.1931339055299759,-0.39204713702201843,0.7267230749130249,-0.05299137160181999,-0.0833333358168602,0.20656122267246246,-0.6984653472900391,0.48303115367889404,0.06852277368307114,-0.0629461407661438,0.35440385341644287,-0.6938986778259277,0.7463075518608093,No Microbe,Ideal,Outside,No Microbe | Ideal,No Microbe | Ideal | Outside,Outside,Always watered
1,Day 1,2,Tray 2,4,10,40,38783.36328125,23689.849609375,43059.78125,38780.9375,77.882797731569,0.2963064908981323,0.22957265377044678,0.185651957988739,-0.3435174226760864,0.784094512462616,-0.012424476444721222,-0.07869608700275421,0.2664916217327118,-0.7064220309257507,0.7553702592849731,0.108800008893013,-0.053619515150785446,0.39028266072273254,-0.7130307555198669,0.8187751173973083,No Microbe,Ideal,Outside,No Microbe | Ideal,No Microbe | Ideal | Outside,Outside,Always watered
1,Day 1,2,Tray 2,5,1,41,38824.0546875,21692.541015625,43344.875,37265.703125,81.29725897920605,0.30734923481941223,0.2374020218849182,0.1823338121175766,-0.16785350441932678,0.7374213933944702,-0.02438443899154663,-0.08995801210403442,0.195442333817482,-0.5388951301574707,0.5448863506317139,0.09965978562831879,-0.051473844796419144,0.3356555700302124,-0.5388951301574707,0.7503703832626343,No Microbe,Ideal,Outside,No Microbe | Ideal,No Microbe | Ideal | Outside,Outside,Always watered
1,Day 1,2,Tray 2,5,2,42,32889.1484375,19430.314453125,38507.953125,34202.1015625,82.24243856332704,0.32249170541763306,0.2931915521621704,0.19478461146354675,-0.3757147789001465,0.7340791821479797,-0.011334235779941082,-0.05852631479501724,0.21144184470176697,-0.6295379400253296,0.52723228931427,0.13253188133239746,0.14320538938045502,0.335247665643692,-0.6402963995933533,0.7700501084327698,No Microbe,Ideal,Outside,No Microbe | Ideal,No Microbe | Ideal | Outside,Outside,Always watered
1,Day 1,2,Tray 2,5,3,43,25755.177734375,15229.59375,30167.37109375,32128.416015625,92.37948960302458,0.40091243386268616,0.42223483324050903,0.18284857273101807,0.003929787781089544,0.7814313173294067,0.06348826736211777,0.04623034596443176,0.22786369919776917,-0.45413291454315186,0.6120023727416992,0.22307825088500977,0.28917431831359863,0.32905516028404236,-0.6595744490623474,0.764127790927887,No Microbe,Ideal,Outside,No Microbe | Ideal,No Microbe | Ideal | Outside,Outside,Always watered
1,Day 1,2,Tray 2,5,4,44,28984.7890625,14103.126953125,28780.396484375,31721.263671875,94.41162570888469,0.42185544967651367,0.4516467750072479,0.16332457959651947,-0.102182537317276,0.7283950448036194,0.07301518321037292,0.07651586085557938,0.16885195672512054,-0.4439716339111328,0.4950021803379059,0.17178750038146973,0.23228439688682556,0.3272397518157959,-0.5807759165763855,0.7559697031974792,No Microbe,Ideal,Outside,No Microbe | Ideal,No Microbe | Ideal | Outside,Outside,Always watered
1,Day 1,2,Tray 2,5,5,45,36962.84375,16344.3681640625,34697.51953125,31195.837890625,83.47117202268431,0.3664458394050598,0.4086763858795166,0.21680012345314026,-0.49525368213653564,0.730740487575531,-0.001837744377553463,-0.0024676586035639048,0.24018114805221558,-0.7012879252433777,0.6005726456642151,0.04317977651953697,-0.06682994961738586,0.3615628480911255,-0.7253001928329468,0.7150803208351135,No Microbe,Ideal,Outside,No Microbe | Ideal,No Microbe | Ideal | Outside,Outside,Always watered
1,Day 1,2,Tray 2,5,6,46,39321.359375,17520.458984375,35787.48828125,32228.673828125,83.80198487712666,0.36422255635261536,0.40361690521240234,0.20670010149478912,-0.385111540555954,0.751724123954773,-0.001178585458546877,-0.007590417750179768,0.21600650250911713,-0.5826221704483032,0.6159793734550476,0.042819373309612274,-0.08175936341285706,0.36685270071029663,-0.682415783405304,0.7017255425453186,No Microbe,Ideal,Outside,No Microbe | Ideal,No Microbe | Ideal | Outside,Outside,Always watered
1,Day 1,2,Tray 2,5,7,47,42558.1328125,20889.189453125,42306.48828125,35736.9609375,81.26181474480151,0.3247816562652588,0.3180340528488159,0.19676192104816437,-0.25042784214019775,0.7501898407936096,-0.046542905271053314,-0.08272983133792877,0.18694810569286346,-0.600860059261322,0.5264200568199158,0.01430225558578968,-0.08491190522909164,0.33263763785362244,-0.66768479347229,0.711776852607727,No Microbe,Ideal,Outside,No Microbe | Ideal,No Microbe | Ideal | Outside,Outside,Always watered
1,Day 1,2,Tray 2,5,8,48,43811.07421875,23472.4375,43819.70703125,38914.05859375,77.23298676748583,0.31345584988594055,0.2425357848405838,0.20121164619922638,-0.311272531747818,0.7508024573326111,-0.021734412759542465,-0.07351228594779968,0.2075219303369522,-0.6502115726470947,0.5398029088973999,0.03718872740864754,-0.08692766726016998,0.3688960671424866,-0.7234848737716675,0.7533039450645447,No Microbe,Ideal,Outside,No Microbe | Ideal,No Microbe | Ideal | Outside,Outside,Always watered
1,Day 1,2,Tray 2,5,9,49,43996.42578125,24367.587890625,46028.8046875,39999.68359375,79.37145557655954,0.30352216958999634,0.22671948373317719,0.19683019816875458,-0.32996419072151184,0.7614166140556335,-0.0326189361512661,-0.08692766726016998,0.21825829148292542,-0.655214250087738,0.5324881076812744,0.04734136909246445,-0.08577489107847214,0.37913069128990173,-0.7552507519721985,0.7939198017120361,No Microbe,Ideal,Outside,No Microbe | Ideal,No Microbe | Ideal | Outside,Outside,Always watered
1,Day 1,2,Tray 2,5,10,50,44229.828125,25529.8984375,46788.8046875,41736.55078125,77.74102079395085,0.2898766100406647,0.20608559250831604,0.18177016079425812,-0.18996679782867432,0.7569562792778015,-0.0226439218968153,-0.08953040093183517,0.20734736323356628,-0.6137930750846863,0.5729994177818298,0.06690444052219391,-0.08902333676815033,0.35967105627059937,-0.6765310168266296,0.7614622116088867,No Microbe,Ideal,Outside,No Microbe | Ideal,No Microbe | Ideal | Outside,Outside,Always watered
1,Day 1,2,Tray 2,6,1,51,42472.55859375,23875.353515625,47172.390625,37148.5078125,68.52551984877127,0.255319744348526,0.1739598512649536,0.16637668013572693,-0.21183688938617706,0.6871880292892456,-0.07287997007369995,-0.1646023392677307,0.19083617627620697,-0.5418083071708679,0.615464985370636,0.03486252576112747,-0.13926050066947937,0.3101457357406616,-0.5933852195739746,0.7637893557548523,No Microbe,Ideal,Outside,No Microbe | Ideal,No Microbe | Ideal | Outside,Outside,Always watered
1,Day 1,2,Tray 2,6,2,52,33973.35546875,20555.779296875,41440.14453125,35983.58984375,77.03213610586012,0.3254101574420929,0.24988974630832672,0.20644842088222504,-0.26146307587623596,0.7647457718849182,-0.014403678476810455,-0.08908726274967194,0.22523073852062225,-0.5794336199760437,0.5618528723716736,0.15535300970077515,0.19886884093284607,0.33196884393692017,-0.5490826368331909,0.7352755069732666,No Microbe,Ideal,Outside,No Microbe | Ideal,No Microbe | Ideal | Outside,Outside,Always watered
1,Day 1,2,Tray 2,6,3,53,28559.76171875,18622.580078125,38206.50390625,35477.83984375,86.57844990548205,0.3586738705635071,0.3702893853187561,0.1794472485780716,-0.1971411556005478,0.7155172228813171,0.0059617855586111546,-0.005635086912661791,0.18824581801891327,-0.49944135546684265,0.4797135889530182,0.21356186270713806,0.28918176889419556,0.311885803937912,-0.5660685300827026,0.7469726204872131,No Microbe,Ideal,Outside,No Microbe | Ideal,No Microbe | Ideal | Outside,Outside,Always watered
1,Day 1,2,Tray 2,6,4,54,32612.703125,17350.244140625,36021.26953125,33373.1875,83.28213610586012,0.36332860589027405,0.3719102442264557,0.20826829969882965,-0.2797022759914398,0.7937481999397278,0.005906115751713514,-0.03086649253964424,0.23947308957576752,-0.547911524772644,0.6482776403427124,0.13444092869758606,0.20641282200813293,0.35716262459754944,-0.6649725437164307,0.7428728342056274,No Microbe,Ideal,Outside,No Microbe | Ideal,No Microbe | Ideal | Outside,Outside,Always watered
1,Day 1,2,Tray 2,6,5,55,43507.17578125,21375.6171875,43725.97265625,36036.58984375,75.08270321361059,0.306603342294693,0.2578602731227875,0.206863135099411,-0.36333632469177246,0.7836346626281738,-0.04643586650490761,-0.11626005172729492,0.22016146779060364,-0.5715143084526062,0.5401648879051208,0.00047003928921185434,-0.1345880627632141,0.3349403738975525,-0.6871234178543091,0.7883478999137878,No Microbe,Ideal,Outside,No Microbe | Ideal,No Microbe | Ideal | Outside,Outside,Always watered
1,Day 1,2,Tray 2,6,6,56,46911.82421875,22437.8984375,45546.23046875,37877.640625,77.84735349716446,0.3077554404735565,0.2564399838447571,0.19909073412418365,-0.2296217381954193,0.7682680487632751,-0.058108143508434296,-0.10580341517925262,0.19347631931304932,-0.5319865345954895,0.6089931726455688,-0.029074663296341896,-0.11307420581579208,0.2807905375957489,-0.5946261882781982,0.7105051875114441,No Microbe,Ideal,Outside,No Microbe | Ideal,No Microbe | Ideal | Outside,Outside,Always watered
1,Day 1,2,Tray 2,6,7,57,48927.67578125,24579.447265625,47233.97265625,39342.86328125,70.01417769376181,0.2897156774997711,0.19371724128723145,0.20921926200389862,-0.26841244101524353,0.7983142733573914,-0.05099542438983917,-0.09800241142511368,0.19721724092960358,-0.5145180225372314,0.5642201900482178,-0.03055211529135704,-0.105449378490448,0.3011113703250885,-0.6330612301826477,0.7380191683769226,No Microbe,Ideal,Outside,No Microbe | Ideal,No Microbe | Ideal | Outside,Outside,Always watered
1,Day 1,2,Tray 2,6,8,58,53883.17578125,28152.625,52804.58203125,43389.6640625,71.17202268431002,0.2590240240097046,0.18221469223499298,0.18236133456230164,-0.24472680687904358,0.7327960133552551,-0.08228010684251785,-0.09185441583395004,0.15593361854553223,-0.6087212562561035,0.459774911403656,-0.07150759547948837,-0.09682603180408478,0.24821209907531738,-0.6682747602462769,0.7330583333969116,No Microbe,Ideal,Outside,No Microbe | Ideal,No Microbe | Ideal | Outside,Outside,Always watered
1,Day 1,2,Tray 2,6,9,59,49758.46484375,28464.5859375,52664.46875,44145.8984375,70.64035916824196,0.25586485862731934,0.18493175506591797,0.18133030831813812,-0.29178470373153687,0.778213381767273,-0.06141258031129837,-0.10503405332565308,0.18331202864646912,-0.5710644721984863,0.6246961355209351,0.008298027329146862,-0.10466684401035309,0.31969401240348816,-0.6018390655517578,0.7837228775024414,No Microbe,Ideal,Outside,No Microbe | Ideal,No Microbe | Ideal | Outside,Outside,Always watered
1,Day 1,2,Tray 2,6,10,60,50457.46875,29597.919921875,53558.93359375,45564.82421875,72.42438563327032,0.2472003996372223,0.18123701214790344,0.16526110470294952,-0.22166910767555237,0.7802135944366455,-0.05578639358282089,-0.10303030163049698,0.1896522492170334,-0.6075649857521057,0.6674144864082336,0.008847327902913094,-0.09829690307378769,0.28818923234939575,-0.691192626953125,0.7817471623420715,No Microbe,Ideal,Outside,No Microbe | Ideal,No Microbe | Ideal | Outside,Outside,Always watered
1,Day 1,2,Tray 2,7,1,61,44812.69140625,24961.19140625,50231.078125,38233.6640625,69.82514177693761,0.24057836830615997,0.16839443147182465,0.15858517587184906,-0.16976937651634216,0.7366885542869568,-0.09943103790283203,-0.1753554344177246,0.17733249068260193,-0.49234622716903687,0.508852481842041,0.02181628718972206,-0.1703687608242035,0.3153969645500183,-0.6357100009918213,0.6966865062713623,No Microbe,Ideal,Outside,No Microbe | Ideal,No Microbe | Ideal | Outside,Outside,Always watered
1,Day 1,2,Tray 2,7,2,62,38976.11328125,22689.158203125,46542.94921875,36277.4609375,71.55009451795841,0.2636055052280426,0.18564152717590332,0.1783469021320343,-0.2947845757007599,0.7325452566146851,-0.09008246660232544,-0.16766557097434998,0.1981612890958786,-0.6146533489227295,0.5236414670944214,0.06242162361741066,-0.09305312484502792,0.322651743888855,-0.538004457950592,0.7632850408554077,No Microbe,Ideal,Outside,No Microbe | Ideal,No Microbe | Ideal | Outside,Outside,Always watered
1,Day 1,2,Tray 2,7,3,63,35964.6875,21155.580078125,43510.765625,36169.921875,74.20841209829868,0.3035000264644623,0.2333666980266571,0.20256100594997406,-0.3178049623966217,0.782216489315033,-0.048852186650037766,-0.14435303211212158,0.22190648317337036,-0.661927342414856,0.5937948822975159,0.1064256951212883,0.06711247563362122,0.3252488374710083,-0.5927654504776001,0.7149876952171326,No Microbe,Ideal,Outside,No Microbe | Ideal,No Microbe | Ideal | Outside,Outside,Always watered
1,Day 1,2,Tray 2,7,4,64,39576.06640625,21208.5234375,43469.99609375,35657.80078125,72.81427221172024,0.2965186536312103,0.2510760426521301,0.22239264845848083,-0.3798449635505676,0.7637434601783752,-0.05720902234315872,-0.12280815839767456,0.2353443205356598,-0.6935483813285828,0.6095325350761414,0.04852652922272682,-0.10305801033973694,0.3621394634246826,-0.6949503421783447,0.758933961391449,No Microbe,Ideal,Outside,No Microbe | Ideal,No Microbe | Ideal | Outside,Outside,Always watered
1,Day 1,2,Tray 2,7,5,65,48960.953125,25424.47265625,50504.9140625,38871.640625,62.60633270321361,0.24194766581058502,0.18153975903987885,0.21341079473495483,-0.400667279958725,0.8186858892440796,-0.09739433228969574,-0.14625611901283264,0.2297520786523819,-0.6344043016433716,0.7032355666160583,-0.04179655760526657,-0.14995788037776947,0.3167489171028137,-0.6315668821334839,0.7545018196105957,No Microbe,Ideal,Outside,No Microbe | Ideal,No Microbe | Ideal | Outside,Outside,Always watered
1,Day 1,2,Tray 2,7,6,66,45691.59765625,23383.49609375,46733.453125,38229.27734375,75.42533081285444,0.2881023585796356,0.22196203470230103,0.22302517294883728,-0.32420825958251953,0.7877059578895569,-0.062064699828624725,-0.10265512019395828,0.22144126892089844,-0.6300953030586243,0.652694582939148,0.006920196115970612,-0.10990649461746216,0.3297822177410126,-0.6619318127632141,0.7450406551361084,No Microbe,Ideal,Outside,No Microbe | Ideal,No Microbe | Ideal | Outside,Outside,Always watered
1,Day 1,2,Tray 2,7,7,67,52597.65625,26518.958984375,52463.46875,40747.71875,69.94328922495274,0.24709604680538177,0.1863248497247696,0.20057375729084015,-0.2910785675048828,0.7962962985038757,-0.1052190288901329,-0.11201629042625427,0.18272174894809723,-0.6267547607421875,0.4890095591545105,-0.0726030021905899,-0.11661341786384583,0.24795955419540405,-0.6122047305107117,0.6616842746734619,No Microbe,Ideal,Outside,No Microbe | Ideal,No Microbe | Ideal | Outside,Outside,Always watered
1,Day 1,2,Tray 2,7,8,68,54359.37109375,27875.72265625,53283.37109375,42223.39453125,69.50614366729678,0.24560365080833435,0.18154376745224,0.1984921246767044,-0.31659001111984253,0.8085165619850159,-0.0933317020535469,-0.10840438306331635,0.18057748675346375,-0.657029926776886,0.545490026473999,-0.08699852228164673,-0.11474070698022842,0.2529206871986389,-0.7008417844772339,0.6872784495353699,No Microbe,Ideal,Outside,No Microbe | Ideal,No Microbe | Ideal | Outside,Outside,Always watered
1,Day 1,2,Tray 2,7,9,69,54098.68359375,31331.46875,57905.26171875,45481.07421875,61.36578449905482,0.20307081937789917,0.16458897292613983,0.16216504573822021,-0.3532448410987854,0.7436264157295227,-0.10918846726417542,-0.12099643796682358,0.16098935902118683,-0.6548797488212585,0.5055367350578308,-0.04564092680811882,-0.11763100326061249,0.2749590277671814,-0.6768848299980164,0.7083898782730103,No Microbe,Ideal,Outside,No Microbe | Ideal,No Microbe | Ideal | Outside,Outside,Always watered
1,Day 1,2,Tray 2,7,10,70,51735.12890625,29603.484375,54921.7109375,44062.71484375,63.232514177693766,0.2215479165315628,0.1690434217453003,0.18375073373317719,-0.38274043798446655,0.8010915517807007,-0.09166077524423599,-0.11854684352874756,0.17812451720237732,-0.6130205988883972,0.6870476603507996,-0.02468591183423996,-0.11460675299167633,0.30606961250305176,-0.6785714030265808,0.8012786507606506,No Microbe,Ideal,Outside,No Microbe | Ideal,No Microbe | Ideal | Outside,Outside,Always watered
1,Day 1,3,Tray 3,1,1,1,40562.578125,24529.216796875,51670.171875,37204.9296875,65.66635160680529,0.23037345707416534,0.16942742466926575,0.1595633625984192,-0.14871498942375183,0.7374241948127747,-0.14355267584323883,-0.18215550482273102,0.14536446332931519,-0.5147031545639038,0.504119873046875,0.0670316070318222,-0.10799035429954529,0.34296149015426636,-0.5147031545639038,0.7783328294754028,No Microbe,Moisture,Outside,No Microbe | Moisture,No Microbe | Moisture | Outside,Outside,Moisture treatment
1,Day 1,3,Tray 3,1,2,2,34311.4609375,22059.66015625,45566.61328125,37924.6484375,79.06427221172024,0.30500176548957825,0.2254396229982376,0.18864206969738007,-0.1302475780248642,0.7904762029647827,-0.05733039602637291,-0.1365201771259308,0.19876722991466522,-0.53011155128479,0.6369406580924988,0.17329856753349304,0.13360582292079926,0.33771011233329773,-0.521561324596405,0.7874659299850464,No Microbe,Moisture,Outside,No Microbe | Moisture,No Microbe | Moisture | Outside,Outside,Moisture treatment
1,Day 1,3,Tray 3,1,3,3,37866.09375,22884.61328125,46619.77734375,36658.2109375,68.30103969754254,0.272877961397171,0.19198518991470337,0.20054565370082855,-0.3171428442001343,0.748100757598877,-0.08792144805192947,-0.1546320915222168,0.20655646920204163,-0.6914498209953308,0.5785472989082336,0.10476089268922806,-0.01736922562122345,0.3726041615009308,-0.7552507519721985,0.8041045069694519,No Microbe,Moisture,Outside,No Microbe | Moisture,No Microbe | Moisture | Outside,Outside,Moisture treatment
1,Day 1,3,Tray 3,1,4,4,33346.5859375,19791.21484375,41533.2265625,33893.6015625,72.95604914933837,0.30821365118026733,0.2889291048049927,0.24178984761238098,-0.5659090876579285,0.7790119647979736,-0.0584680512547493,-0.12601085007190704,0.271323025226593,-0.7202268242835999,0.6014362573623657,0.131395623087883,0.15267851948738098,0.40829184651374817,-0.7471609115600586,0.7978008389472961,No Microbe,Moisture,Outside,No Microbe | Moisture,No Microbe | Moisture | Outside,Outside,Moisture treatment
1,Day 1,3,Tray 3,1,5,5,34089.30078125,20068.470703125,43737.10546875,33914.00390625,74.59829867674858,0.3002001643180847,0.29045340418815613,0.20049965381622314,-0.27951738238334656,0.7225652933120728,-0.09572669118642807,-0.12569424510002136,0.1866752803325653,-0.5990584492683411,0.5045772790908813,0.12646713852882385,0.1562224179506302,0.3624342083930969,-0.6577415466308594,0.7425625920295715,No Microbe,Moisture,Outside,No Microbe | Moisture,No Microbe | Moisture | Outside,Outside,Moisture treatment
1,Day 1,3,Tray 3,1,6,6,41846.09375,23447.484375,46907.88671875,36160.09375,65.61909262759924,0.2619497776031494,0.21816425025463104,0.2051895707845688,-0.42260870337486267,0.7902149558067322,-0.10690963268280029,-0.12253289669752121,0.19791874289512634,-0.723122239112854,0.6015904545783997,0.035176970064640045,-0.09763452410697937,0.3487463593482971,-0.7373780012130737,0.7640750408172607,No Microbe,Moisture,Outside,No Microbe | Moisture,No Microbe | Moisture | Outside,Outside,Moisture treatment
1,Day 1,3,Tray 3,1,7,7,41091.10546875,21397.525390625,45213.11328125,35328.765625,69.68336483931947,0.30062422156333923,0.3013600707054138,0.22108358144760132,-0.32171669602394104,0.709483802318573,-0.09280144423246384,-0.11157301813364029,0.2020917534828186,-0.6216216087341309,0.4756847321987152,0.043899450451135635,-0.10511402040719986,0.35801178216934204,-0.676217794418335,0.7250427603721619,No Microbe,Moisture,Outside,No Microbe | Moisture,No Microbe | Moisture | Outside,Outside,Moisture treatment
1,Day 1,3,Tray 3,1,8,8,47354.94921875,26469.89453125,51517.83203125,40218.7109375,69.25803402646503,0.2526805102825165,0.19363820552825928,0.19576218724250793,-0.38643980026245117,0.7650908827781677,-0.10459795594215393,-0.10490181297063828,0.2090447098016739,-0.7184221744537354,0.656050980091095,0.00046034279512241483,-0.09287429600954056,0.33374980092048645,-0.7293074131011963,0.7789945006370544,No Microbe,Moisture,Outside,No Microbe | Moisture,No Microbe | Moisture | Outside,Outside,Moisture treatment
1,Day 1,3,Tray 3,1,9,9,50472.015625,29511.53125,55080.07421875,42632.83203125,61.87381852551985,0.22381389141082764,0.16908897459506989,0.18629047274589539,-0.39897620677948,0.7309905886650085,-0.11934313178062439,-0.09697294235229492,0.17080305516719818,-0.6545454263687134,0.4607081115245819,-0.022216295823454857,-0.08953040093183517,0.3016088604927063,-0.6545454263687134,0.7467713356018066,No Microbe,Moisture,Outside,No Microbe | Moisture,No Microbe | Moisture | Outside,Outside,Moisture treatment
1,Day 1,3,Tray 3,1,10,10,46726.65625,28702.68359375,52389.890625,41756.25,57.242438563327035,0.2128126472234726,0.167191743850708,0.2001792937517166,-0.336760938167572,0.7345537543296814,-0.10273489356040955,-0.11231835186481476,0.21929532289505005,-0.6204985976219177,0.5992041230201721,0.0068392097018659115,-0.08881694078445435,0.3270941376686096,-0.6646341681480408,0.7834247946739197,No Microbe,Moisture,Outside,No Microbe | Moisture,No Microbe | Moisture | Outside,Outside,Moisture treatment
1,Day 1,3,Tray 3,2,1,11,29272.662109375,19114.69921875,42111.0703125,31756.80859375,71.10113421550095,0.2903735637664795,0.2467508465051651,0.2187809944152832,-0.3515819311141968,0.7850812673568726,-0.09792350232601166,-0.16318704187870026,0.23575495183467865,-0.6695156693458557,0.6231599450111389,0.18651026487350464,0.2956937849521637,0.3797443211078644,-0.6462311744689941,0.7543964385986328,No Microbe,Moisture,Outside,No Microbe | Moisture,No Microbe | Moisture | Outside,Outside,Moisture treatment
1,Day 1,3,Tray 3,2,2,12,24826.8125,19729.203125,42553.265625,35363.328125,81.29725897920605,0.33829185366630554,0.30132752656936646,0.19757606089115143,-0.1325536072254181,0.7413688898086548,-0.046240389347076416,-0.11669762432575226,0.18809090554714203,-0.5249221324920654,0.4959908425807953,0.3097943365573883,0.43775463104248047,0.32614877820014954,-0.47727271914482117,0.7543231844902039,No Microbe,Moisture,Outside,No Microbe | Moisture,No Microbe | Moisture | Outside,Outside,Moisture treatment
1,Day 1,3,Tray 3,2,3,13,24268.447265625,18851.404296875,41142.62890625,34395.21484375,81.27362948960302,0.3406910300254822,0.34018969535827637,0.19072601199150085,-0.3129558861255646,0.7490875720977783,-0.050360191613435745,-0.10716891288757324,0.1953304260969162,-0.6099862456321716,0.5583567023277283,0.28239524364471436,0.3958747386932373,0.32110825181007385,-0.6099862456321716,0.771175742149353,No Microbe,Moisture,Outside,No Microbe | Moisture,No Microbe | Moisture | Outside,Outside,Moisture treatment
1,Day 1,3,Tray 3,2,4,14,19701.78515625,15871.1591796875,34934.49609375,30916.796875,84.36909262759924,0.38046854734420776,0.4151284098625183,0.1925567239522934,-0.20914633572101593,0.7850381731987,-0.015886450186371803,-0.044803258031606674,0.21386171877384186,-0.5547798871994019,0.6251121163368225,0.3138040006160736,0.42882683873176575,0.3340693712234497,-0.692848265171051,0.7805383205413818,No Microbe,Moisture,Outside,No Microbe | Moisture,No Microbe | Moisture | Outside,Outside,Moisture treatment
1,Day 1,3,Tray 3,2,5,15,27888.0390625,17488.029296875,38701.96484375,31481.203125,78.28449905482042,0.34227454662323,0.3750474154949188,0.22256042063236237,-0.43136635422706604,0.7540073990821838,-0.053394999355077744,-0.09183568507432938,0.22831670939922333,-0.6532095074653625,0.5592927932739258,0.20564144849777222,0.32635411620140076,0.37947067618370056,-0.6211401224136353,0.7790729999542236,No Microbe,Moisture,Outside,No Microbe | Moisture,No Microbe | Moisture | Outside,Outside,Moisture treatment
1,Day 1,3,Tray 3,2,6,16,35347.82421875,19871.61328125,41478.41015625,31632.2109375,70.73487712665406,0.29989394545555115,0.32920536398887634,0.254890114068985,-0.5841346383094788,0.7355486154556274,-0.0843973308801651,-0.08040468394756317,0.24218302965164185,-0.7362730503082275,0.4390912652015686,0.1002940982580185,0.11948052048683167,0.4198392629623413,-0.7362730503082275,0.7398567795753479,No Microbe,Moisture,Outside,No Microbe | Moisture,No Microbe | Moisture | Outside,Outside,Moisture treatment
1,Day 1,3,Tray 3,2,7,17,39868.87109375,21704.421875,46819.7421875,34699.5234375,72.93241965973534,0.28241482377052307,0.2610757350921631,0.20486530661582947,-0.38367128372192383,0.716124415397644,-0.12109865248203278,-0.1220715194940567,0.18804696202278137,-0.6077738404273987,0.42989322543144226,0.050627246499061584,-0.07430970668792725,0.336169570684433,-0.6800000071525574,0.713385820388794,No Microbe,Moisture,Outside,No Microbe | Moisture,No Microbe | Moisture | Outside,Outside,Moisture treatment
1,Day 1,3,Tray 3,2,8,18,43484.64453125,25654.73828125,49549.26171875,37627.73046875,66.72967863894141,0.24619320034980774,0.18469750881195068,0.2065296769142151,-0.3575059175491333,0.7521722912788391,-0.11579064279794693,-0.10065851360559464,0.20128101110458374,-0.6899629831314087,0.5486884713172913,0.016927698627114296,-0.08319005370140076,0.34172770380973816,-0.7253001928329468,0.7158308625221252,No Microbe,Moisture,Outside,No Microbe | Moisture,No Microbe | Moisture | Outside,Outside,Moisture treatment
1,Day 1,3,Tray 3,2,9,19,46518.39453125,28698.67578125,53634.05078125,41917.015625,63.4569943289225,0.22580605745315552,0.16937869787216187,0.1878013014793396,-0.40332573652267456,0.7540023326873779,-0.10823740065097809,-0.10615883022546768,0.201915442943573,-0.7180616855621338,0.6467272043228149,0.019769800826907158,-0.09040074795484543,0.3453458845615387,-0.7601547241210938,0.7673174738883972,No Microbe,Moisture,Outside,No Microbe | Moisture,No Microbe | Moisture | Outside,Outside,Moisture treatment
1,Day 1,3,Tray 3,2,10,20,38315.296875,22860.68359375,45004.5390625,35642.34375,67.67485822306239,0.2465142458677292,0.24272561073303223,0.19731692969799042,-0.4006872773170471,0.7238066792488098,-0.09713846445083618,-0.1279163658618927,0.28067997097969055,-0.6722436547279358,0.7109375,0.03320639953017235,-0.03422155976295471,0.3890955448150635,-0.7605330944061279,0.8169375658035278,No Microbe,Moisture,Outside,No Microbe | Moisture,No Microbe | Moisture | Outside,Outside,Moisture treatment
1,Day 1,3,Tray 3,3,1,21,27248.248046875,18776.4296875,40489.609375,34715.37109375,85.25519848771268,0.3389430344104767,0.30907389521598816,0.19181007146835327,-0.22175732254981995,0.7683880925178528,-0.0363500602543354,-0.09711989015340805,0.21699905395507812,-0.5470967888832092,0.5788770318031311,0.24714447557926178,0.33772510290145874,0.3423459827899933,-0.6370177865028381,0.7698036432266235,No Microbe,Moisture,Outside,No Microbe | Moisture,No Microbe | Moisture | Outside,Outside,Moisture treatment
1,Day 1,3,Tray 3,3,2,22,23105.02734375,17166.4453125,34946.19921875,32994.421875,90.39461247637051,0.3809995651245117,0.42261630296707153,0.17904432117938995,-0.045192308723926544,0.7465918064117432,0.026282547041773796,0.0017194552347064018,0.1874966025352478,-0.40709370374679565,0.5108878016471863,0.3088030219078064,0.40421611070632935,0.30737507343292236,-0.6416115164756775,0.754487156867981,No Microbe,Moisture,Outside,No Microbe | Moisture,No Microbe | Moisture | Outside,Outside,Moisture treatment
1,Day 1,3,Tray 3,3,3,23,20998.50390625,14524.6025390625,30678.86328125,30651.234375,90.68998109640832,0.4141211211681366,0.44847604632377625,0.18255607783794403,-0.13567009568214417,0.7964869737625122,0.043026670813560486,0.025815751403570175,0.20527057349681854,-0.5738816857337952,0.5927850604057312,0.2959955334663391,0.4224780797958374,0.3713810443878174,-0.741034984588623,0.7616677284240723,No Microbe,Moisture,Outside,No Microbe | Moisture,No Microbe | Moisture | Outside,Outside,Moisture treatment
1,Day 1,3,Tray 3,3,4,24,17962.32421875,12799.294921875,29443.962890625,29037.205078125,89.68572778827976,0.41882750391960144,0.44986867904663086,0.1859303116798401,-0.2238806039094925,0.7831578850746155,0.020329680293798447,0.011615541763603687,0.23849031329154968,-0.6351252794265747,0.654296875,0.3102964460849762,0.42289191484451294,0.35311388969421387,-0.7304035425186157,0.7842417359352112,No Microbe,Moisture,Outside,No Microbe | Moisture,No Microbe | Moisture | Outside,Outside,Moisture treatment
1,Day 1,3,Tray 3,3,5,25,24626.703125,12271.8466796875,30687.89453125,25709.078125,83.01039697542532,0.38101327419281006,0.4536597430706024,0.25060057640075684,-0.5888544917106628,0.8196202516555786,-0.04130619391798973,0.0007236412493512034,0.27673521637916565,-0.7200084328651428,0.6872450113296509,0.17073559761047363,0.32302752137184143,0.40467095375061035,-0.7388535141944885,0.7978692650794983,No Microbe,Moisture,Outside,No Microbe | Moisture,No Microbe | Moisture | Outside,Outside,Moisture treatment
1,Day 1,3,Tray 3,3,6,26,31058.0546875,16039.8603515625,37526.69140625,28258.650390625,77.07939508506615,0.32847461104393005,0.363349974155426,0.22269509732723236,-0.34967321157455444,0.759353756904602,-0.09798277914524078,-0.12208104133605957,0.2296716719865799,-0.5753029584884644,0.6194086670875549,0.10181255638599396,0.1531798541545868,0.36049750447273254,-0.705539345741272,0.7210776805877686,No Microbe,Moisture,Outside,No Microbe | Moisture,No Microbe | Moisture | Outside,Outside,Moisture treatment
1,Day 1,3,Tray 3,3,7,27,31817.806640625,15905.88671875,36128.26953125,28147.5703125,80.83648393194707,0.3458326756954193,0.3996109664440155,0.22236540913581848,-0.3546592593193054,0.7650793790817261,-0.07250699400901794,-0.06910073012113571,0.2230648249387741,-0.6558835506439209,0.5514705777168274,0.09990479052066803,0.23595164716243744,0.38847091794013977,-0.7263912558555603,0.744299054145813,No Microbe,Moisture,Outside,No Microbe | Moisture,No Microbe | Moisture | Outside,Outside,Moisture treatment
1,Day 1,3,Tray 3,3,8,28,41047.46875,23417.912109375,46351.28125,35840.1953125,69.54158790170132,0.2748678922653198,0.22258293628692627,0.21464259922504425,-0.5394947528839111,0.7299903631210327,-0.10129207372665405,-0.09389608353376389,0.19598524272441864,-0.7421824932098389,0.480385422706604,0.03326328098773956,-0.0738167017698288,0.3907473385334015,-0.7781155109405518,0.7624027729034424,No Microbe,Moisture,Outside,No Microbe | Moisture,No Microbe | Moisture | Outside,Outside,Moisture treatment
1,Day 1,3,Tray 3,3,9,29,42649.64453125,26423.2890625,49737.8515625,40316.5234375,71.04206049149339,0.2544269263744354,0.20000000298023224,0.20231686532497406,-0.4964429438114166,0.7708268761634827,-0.07855301350355148,-0.09404221177101135,0.24636007845401764,-0.7560034394264221,0.7132495045661926,0.052286699414253235,-0.06807512044906616,0.40752243995666504,-0.7560034394264221,0.8072156310081482,No Microbe,Moisture,Outside,No Microbe | Moisture,No Microbe | Moisture | Outside,Outside,Moisture treatment
1,Day 1,3,Tray 3,3,10,30,38915.5234375,25144.609375,46046.56640625,38076.93359375,74.85822306238185,0.26104381680488586,0.20638315379619598,0.19068869948387146,-0.41313788294792175,0.7691342830657959,-0.07826972007751465,-0.08690530061721802,0.24029576778411865,-0.6687041521072388,0.7031291723251343,0.07899624109268188,0.0,0.3958107531070709,-0.6772475838661194,0.8113688230514526,No Microbe,Moisture,Outside,No Microbe | Moisture,No Microbe | Moisture | Outside,Outside,Moisture treatment
1,Day 1,3,Tray 3,4,1,31,29427.3828125,19133.65234375,41079.40234375,35019.69140625,79.85586011342156,0.34254875779151917,0.3878752291202545,0.22064800560474396,-0.34353742003440857,0.740485668182373,-0.03174338862299919,-0.031930603086948395,0.20747260749340057,-0.6353833675384521,0.520427405834198,0.23198366165161133,0.42024466395378113,0.36783942580223083,-0.6696795225143433,0.6979460120201111,No Microbe,Moisture,Outside,No Microbe | Moisture,No Microbe | Moisture | Outside,Outside,Moisture treatment
1,Day 1,3,Tray 3,4,2,32,27069.01171875,17386.875,36566.51171875,33056.60546875,79.70226843100188,0.36047154664993286,0.38116154074668884,0.2089640498161316,-0.15179294347763062,0.7715458273887634,-0.002848403062671423,-0.0379566065967083,0.22695046663284302,-0.47596675157546997,0.6301672458648682,0.22868090867996216,0.3256469666957855,0.35985735058784485,-0.63388991355896,0.7571669220924377,No Microbe,Moisture,Outside,No Microbe | Moisture,No Microbe | Moisture | Outside,Outside,Moisture treatment
1,Day 1,3,Tray 3,4,3,33,22106.78515625,15310.0927734375,30885.763671875,31799.65625,90.76086956521739,0.4022226929664612,0.4448348581790924,0.17875611782073975,-0.05037783458828926,0.7276037931442261,0.057326510548591614,0.062240082770586014,0.19061972200870514,-0.3913525640964508,0.5719019174575806,0.28811830282211304,0.39376306533813477,0.3079772889614105,-0.578471302986145,0.743273913860321,No Microbe,Moisture,Outside,No Microbe | Moisture,No Microbe | Moisture | Outside,Outside,Moisture treatment
1,Day 1,3,Tray 3,4,4,34,24692.296875,13541.8037109375,30341.3828125,29941.53515625,88.00803402646503,0.4034542143344879,0.43832337856292725,0.19109700620174408,-0.3802469074726105,0.7654368877410889,0.019008709117770195,0.03073360025882721,0.23470750451087952,-0.7241379022598267,0.5567528605461121,0.1994779109954834,0.35483407974243164,0.40664801001548767,-0.706250011920929,0.7762529850006104,No Microbe,Moisture,Outside,No Microbe | Moisture,No Microbe | Moisture | Outside,Outside,Moisture treatment
1,Day 1,3,Tray 3,4,5,35,27489.013671875,11939.23046875,28468.07421875,27018.3828125,85.07797731568998,0.4083905518054962,0.4823049008846283,0.242790088057518,-0.44456011056900024,0.800000011920929,0.016098741441965103,0.06578489392995834,0.28819796442985535,-0.7336225509643555,0.6010453104972839,0.13223505020141602,0.29619336128234863,0.43586447834968567,-0.7785016298294067,0.7634792923927307,No Microbe,Moisture,Outside,No Microbe | Moisture,No Microbe | Moisture | Outside,Outside,Moisture treatment
1,Day 1,3,Tray 3,4,6,36,33543.3515625,14581.3935546875,33477.72265625,27955.125,80.15122873345936,0.36396899819374084,0.3965265154838562,0.2061568945646286,-0.26214441657066345,0.75208580493927,-0.04869722202420235,-0.0683622881770134,0.22665372490882874,-0.6164498329162598,0.5213385224342346,0.05372846871614456,0.1055428683757782,0.35353517532348633,-0.6872682571411133,0.7219178080558777,No Microbe,Moisture,Outside,No Microbe | Moisture,No Microbe | Moisture | Outside,Outside,Moisture treatment
1,Day 1,3,Tray 3,4,7,37,38023.671875,17652.853515625,36851.8125,30290.96875,77.55198487712666,0.340932160615921,0.37938040494918823,0.213161438703537,-0.2854336202144623,0.7536231875419617,-0.03724130243062973,-0.08149299025535583,0.23635989427566528,-0.675189197063446,0.6097561120986938,0.022250792011618614,-0.07812812924385071,0.3775383532047272,-0.7023487687110901,0.7566137313842773,No Microbe,Moisture,Outside,No Microbe | Moisture,No Microbe | Moisture | Outside,Outside,Moisture treatment
1,Day 1,3,Tray 3,4,8,38,35998.70703125,19188.23828125,39811.4921875,32621.08203125,79.27693761814744,0.3274153172969818,0.3574811816215515,0.21417534351348877,-0.4360561966896057,0.7508947849273682,-0.06073589250445366,-0.0934978649020195,0.2105661779642105,-0.6128396987915039,0.6171321868896484,0.0778011828660965,0.000824931834358722,0.39055362343788147,-0.6813796162605286,0.802073061466217,No Microbe,Moisture,Outside,No Microbe | Moisture,No Microbe | Moisture | Outside,Outside,Moisture treatment
1,Day 1,3,Tray 3,4,9,39,40635.0703125,22704.669921875,44157.98828125,36510.73046875,73.99574669187146,0.29231706261634827,0.23746223747730255,0.19168363511562347,-0.3427318334579468,0.7420091032981873,-0.07144063711166382,-0.10392235964536667,0.20158755779266357,-0.6742329597473145,0.5136585235595703,0.03871249035000801,-0.08204518258571625,0.37951111793518066,-0.721673309803009,0.7600680589675903,No Microbe,Moisture,Outside,No Microbe | Moisture,No Microbe | Moisture | Outside,Outside,Moisture treatment
1,Day 1,3,Tray 3,4,10,40,40739.46484375,25508.86328125,46802.69921875,40444.15625,74.05482041587902,0.2767835557460785,0.20716020464897156,0.17237944900989532,-0.25344952940940857,0.7642629742622375,-0.04841970279812813,-0.08190224319696426,0.2071656584739685,-0.6215391159057617,0.5709146857261658,0.08927635103464127,-0.034053683280944824,0.3877413868904114,-0.686920702457428,0.7915936708450317,No Microbe,Moisture,Outside,No Microbe | Moisture,No Microbe | Moisture | Outside,Outside,Moisture treatment
1,Day 1,3,Tray 3,5,1,41,37278.51953125,21038.87109375,42943.93359375,34316.5390625,71.85727788279773,0.27856576442718506,0.19764719903469086,0.19799068570137024,-0.3020961880683899,0.7365426421165466,-0.06066633388400078,-0.15887001156806946,0.23532232642173767,-0.6724854707717896,0.5745173692703247,0.07724935561418533,-0.018567638471722603,0.34056732058525085,-0.665354311466217,0.7528328895568848,No Microbe,Moisture,Outside,No Microbe | Moisture,No Microbe | Moisture | Outside,Outside,Moisture treatment
1,Day 1,3,Tray 3,5,2,42,33454.65234375,19406.865234375,39550.140625,34843.0234375,72.47164461247637,0.34112805128097534,0.3183039128780365,0.2055368274450302,-0.18855120241641998,0.7296892404556274,-0.0006586989038623869,-0.03524406626820564,0.21675416827201843,-0.49316316843032837,0.5215490460395813,0.15430046617984772,0.16993635892868042,0.3575652539730072,-0.6034342050552368,0.7411616444587708,No Microbe,Moisture,Outside,No Microbe | Moisture,No Microbe | Moisture | Outside,Outside,Moisture treatment
1,Day 1,3,Tray 3,5,3,43,28085.48828125,17453.689453125,35439.6171875,33713.74609375,83.1758034026465,0.37019938230514526,0.39126166701316833,0.1883670836687088,-0.12977099418640137,0.7426652312278748,0.018834587186574936,-0.007335664704442024,0.20378738641738892,-0.46736714243888855,0.5403549075126648,0.2100941240787506,0.2989245057106018,0.3257365822792053,-0.6386554837226868,0.7425227761268616,No Microbe,Moisture,Outside,No Microbe | Moisture,No Microbe | Moisture | Outside,Outside,Moisture treatment
1,Day 1,3,Tray 3,5,4,44,38530.8359375,18278.974609375,36161.48828125,32695.818359375,77.16209829867675,0.34537383913993835,0.35528621077537537,0.23038466274738312,-0.47579461336135864,0.8033322691917419,0.010085984133183956,-0.03908494487404823,0.2617247700691223,-0.6765608787536621,0.7081784605979919,0.04574530944228172,-0.12219759076833725,0.3872832953929901,-0.724936842918396,0.780075192451477,No Microbe,Moisture,Outside,No Microbe | Moisture,No Microbe | Moisture | Outside,Outside,Moisture treatment
1,Day 1,3,Tray 3,5,5,45,33836.76953125,14527.873046875,31525.435546875,30296.125,85.90500945179585,0.3997350037097931,0.45975959300994873,0.2158394306898117,-0.38502854108810425,0.7860926985740662,0.031274378299713135,0.07001373171806335,0.24946148693561554,-0.6901083588600159,0.6343051195144653,0.09584997594356537,0.14977791905403137,0.42491257190704346,-0.7583659291267395,0.7230303287506104,No Microbe,Moisture,Outside,No Microbe | Moisture,No Microbe | Moisture | Outside,Outside,Moisture treatment
1,Day 1,3,Tray 3,5,6,46,38923.80859375,17340.14453125,37032.23046875,32201.77734375,78.48534971644612,0.3575982451438904,0.41320353746414185,0.22631622850894928,-0.5365121960639954,0.7494990229606628,-0.017478857189416885,-0.023477353155612946,0.23807817697525024,-0.7429240345954895,0.6190780997276306,0.03986615315079689,-0.08669684827327728,0.376720666885376,-0.7507481575012207,0.709946870803833,No Microbe,Moisture,Outside,No Microbe | Moisture,No Microbe | Moisture | Outside,Outside,Moisture treatment
1,Day 1,3,Tray 3,5,7,47,43833.1875,19843.916015625,41432.53515625,34151.90625,77.09120982986768,0.3300991952419281,0.3239997625350952,0.21600915491580963,-0.3750476837158203,0.7856048941612244,-0.04682166874408722,-0.11005692929029465,0.22995500266551971,-0.692848265171051,0.582121729850769,-0.015730973333120346,-0.1268574595451355,0.3558284342288971,-0.7130307555198669,0.720320463180542,No Microbe,Moisture,Outside,No Microbe | Moisture,No Microbe | Moisture | Outside,Outside,Moisture treatment
1,Day 1,3,Tray 3,5,8,48,49050.09375,25769.595703125,49333.765625,38711.38671875,66.46975425330814,0.2508908212184906,0.19333308935165405,0.1988484412431717,-0.5722748637199402,0.7738981246948242,-0.08893746137619019,-0.11772866547107697,0.20530447363853455,-0.7285774350166321,0.5278688669204712,-0.04851420968770981,-0.12478449940681458,0.3528047800064087,-0.7593985199928284,0.7721518874168396,No Microbe,Moisture,Outside,No Microbe | Moisture,No Microbe | Moisture | Outside,Outside,Moisture treatment
1,Day 1,3,Tray 3,5,9,49,47215.234375,25151.841796875,47902.58203125,39790.03125,68.99810964083176,0.27615708112716675,0.18693479895591736,0.19913455843925476,-0.3273056149482727,0.809271514415741,-0.0532478466629982,-0.11961722373962402,0.2488490492105484,-0.6782786846160889,0.6515775322914124,-0.010707423090934753,-0.12176413834095001,0.3751576542854309,-0.7488788962364197,0.7825136780738831,No Microbe,Moisture,Outside,No Microbe | Moisture,No Microbe | Moisture | Outside,Outside,Moisture treatment
1,Day 1,3,Tray 3,5,10,50,46752.890625,25552.546875,48740.34375,41271.19140625,72.0226843100189,0.28189942240715027,0.19807833433151245,0.18603146076202393,-0.34508347511291504,0.716162919998169,-0.05405746027827263,-0.10750506818294525,0.21055151522159576,-0.6500661373138428,0.582283616065979,0.010165761224925518,-0.10576876997947693,0.3409082293510437,-0.77734375,0.7736943960189819,No Microbe,Moisture,Outside,No Microbe | Moisture,No Microbe | Moisture | Outside,Outside,Moisture treatment
1,Day 1,3,Tray 3,6,1,51,35251.52734375,20554.353515625,42620.09375,34219.88671875,70.68761814744802,0.295451283454895,0.18661606311798096,0.20161668956279755,-0.35097721219062805,0.6974206566810608,-0.05443744733929634,-0.16914193332195282,0.2153177261352539,-0.6620787978172302,0.5110717415809631,0.11623168736696243,-0.03429625555872917,0.34952327609062195,-0.6383217573165894,0.7138800024986267,No Microbe,Moisture,Outside,No Microbe | Moisture,No Microbe | Moisture | Outside,Outside,Moisture treatment
1,Day 1,3,Tray 3,6,2,52,41343.3828125,22761.208984375,46320.98046875,36474.9921875,62.61814744801513,0.27705225348472595,0.17481571435928345,0.19768309593200684,-0.189133420586586,0.7686392664909363,-0.06541988253593445,-0.17482918500900269,0.2126963585615158,-0.4991789758205414,0.5484052896499634,0.03910008817911148,-0.13460206985473633,0.33113136887550354,-0.6478873491287231,0.7261644005775452,No Microbe,Moisture,Outside,No Microbe | Moisture,No Microbe | Moisture | Outside,Outside,Moisture treatment
1,Day 1,3,Tray 3,6,3,53,26554.794921875,15583.0771484375,33940.71875,31275.404296875,83.648393194707,0.3810039758682251,0.4216979146003723,0.211197167634964,-0.33417803049087524,0.774445116519928,0.011513015255331993,0.019328586757183075,0.23187579214572906,-0.6179375648498535,0.6355191469192505,0.20371830463409424,0.29934895038604736,0.35498282313346863,-0.6266136765480042,0.760640025138855,No Microbe,Moisture,Outside,No Microbe | Moisture,No Microbe | Moisture | Outside,Outside,Moisture treatment
1,Day 1,3,Tray 3,6,4,54,35455.59375,17933.935546875,37188.578125,32946.1953125,76.78402646502835,0.34685757756233215,0.35929495096206665,0.2231369912624359,-0.385785311460495,0.7589313387870789,-0.005414728540927172,-0.0474194698035717,0.24752545356750488,-0.6589052081108093,0.5762245655059814,0.08952310681343079,0.002684260020032525,0.4031217396259308,-0.7151832580566406,0.7604900598526001,No Microbe,Moisture,Outside,No Microbe | Moisture,No Microbe | Moisture | Outside,Outside,Moisture treatment
1,Day 1,3,Tray 3,6,5,55,39422.64453125,19964.705078125,42513.203125,33657.49609375,71.148393194707,0.3004138469696045,0.2891766428947449,0.22978192567825317,-0.4037909209728241,0.738284707069397,-0.0643412321805954,-0.12809917330741882,0.24687232077121735,-0.6924984455108643,0.614940345287323,0.028376439586281776,-0.11103574931621552,0.3656337857246399,-0.692848265171051,0.751753568649292,No Microbe,Moisture,Outside,No Microbe | Moisture,No Microbe | Moisture | Outside,Outside,Moisture treatment
1,Day 1,3,Tray 3,6,6,56,44374.91796875,21027.12109375,43853.6328125,33696.921875,68.44281663516068,0.28528761863708496,0.2527235150337219,0.2190893143415451,-0.4317319989204407,0.7481809258460999,-0.08155480027198792,-0.1468571424484253,0.2218521237373352,-0.6399679780006409,0.578454315662384,-0.03740393742918968,-0.15972812473773956,0.3301822543144226,-0.6758747696876526,0.7115247249603271,No Microbe,Moisture,Outside,No Microbe | Moisture,No Microbe | Moisture | Outside,Outside,Moisture treatment
1,Day 1,3,Tray 3,6,7,57,47007.69140625,22280.07421875,45290.4765625,35275.71875,68.92722117202268,0.286141037940979,0.22335577011108398,0.22033466398715973,-0.3636082708835602,0.7475582361221313,-0.07313080132007599,-0.1302787810564041,0.22151201963424683,-0.6106194853782654,0.6190150380134583,-0.05244164913892746,-0.14082741737365723,0.31874269247055054,-0.7115829586982727,0.6698835492134094,No Microbe,Moisture,Outside,No Microbe | Moisture,No Microbe | Moisture | Outside,Outside,Moisture treatment
1,Day 1,3,Tray 3,6,8,58,54183.64453125,26926.92578125,52124.8828125,40226.70703125,60.0897920604915,0.24467264115810394,0.16634231805801392,0.188935786485672,-0.41689372062683105,0.7149643898010254,-0.0935305655002594,-0.12923221290111542,0.1845160871744156,-0.6886597871780396,0.5325542688369751,-0.10589249432086945,-0.13781605660915375,0.2533116936683655,-0.704119861125946,0.6701980829238892,No Microbe,Moisture,Outside,No Microbe | Moisture,No Microbe | Moisture | Outside,Outside,Moisture treatment
1,Day 1,3,Tray 3,6,9,59,51519.29296875,27119.95703125,53098.3203125,40655.51171875,64.37854442344046,0.23448684811592102,0.17508482933044434,0.19496995210647583,-0.2859843373298645,0.8009389638900757,-0.10214869678020477,-0.13694731891155243,0.22559085488319397,-0.6632818579673767,0.7090126276016235,-0.06579091399908066,-0.13653220236301422,0.3238706886768341,-0.7601547241210938,0.8019363880157471,No Microbe,Moisture,Outside,No Microbe | Moisture,No Microbe | Moisture | Outside,Outside,Moisture treatment
1,Day 1,3,Tray 3,6,10,60,50276.328125,27086.572265625,52932.796875,41957.63671875,70.80576559546313,0.25163835287094116,0.18180176615715027,0.17917266488075256,-0.3787878751754761,0.7833430171012878,-0.08934624493122101,-0.14066852629184723,0.18917597830295563,-0.5145593881607056,0.6594516634941101,-0.024717144668102264,-0.13513512909412384,0.3230257034301758,-0.6901116967201233,0.7563248872756958,No Microbe,Moisture,Outside,No Microbe | Moisture,No Microbe | Moisture | Outside,Outside,Moisture treatment
1,Day 1,3,Tray 3,7,1,61,31328.8046875,19448.3515625,41201.7109375,32660.359375,72.18809073724007,0.29361724853515625,0.21232178807258606,0.18603560328483582,-0.22922101616859436,0.7213930487632751,-0.0720176175236702,-0.15895166993141174,0.19402071833610535,-0.5652756094932556,0.4926075339317322,0.15148043632507324,0.1770104169845581,0.33923622965812683,-0.43233585357666016,0.7178725004196167,No Microbe,Moisture,Outside,No Microbe | Moisture,No Microbe | Moisture | Outside,Outside,Moisture treatment
1,Day 1,3,Tray 3,7,2,62,38896.83203125,21957.5078125,45914.328125,35114.8046875,69.18714555765595,0.2720075845718384,0.18427813053131104,0.1890910267829895,-0.2734375,0.7584715485572815,-0.08519650250673294,-0.1776411384344101,0.20717960596084595,-0.571793794631958,0.5648640394210815,0.05767554044723511,-0.11213119328022003,0.3350379168987274,-0.6282105445861816,0.7296733856201172,No Microbe,Moisture,Outside,No Microbe | Moisture,No Microbe | Moisture | Outside,Outside,Moisture treatment
1,Day 1,3,Tray 3,7,3,63,37793.125,20855.072265625,44245.23828125,33592.58203125,64.14224952741021,0.26709291338920593,0.20349004864692688,0.21245631575584412,-0.5209580659866333,0.7679862380027771,-0.10053761303424835,-0.18093590438365936,0.22770410776138306,-0.7213114500045776,0.586637556552887,0.04853148013353348,-0.048460617661476135,0.33784449100494385,-0.5838329195976257,0.7654986381530762,No Microbe,Moisture,Outside,No Microbe | Moisture,No Microbe | Moisture | Outside,Outside,Moisture treatment
1,Day 1,3,Tray 3,7,4,64,33718.5625,18396.1640625,39874.67578125,31733.62109375,71.39650283553875,0.31296470761299133,0.3088725805282593,0.23167189955711365,-0.34154459834098816,0.7368754148483276,-0.060450438410043716,-0.10414727032184601,0.24845479428768158,-0.6618643999099731,0.5708068013191223,0.10207340121269226,0.14381319284439087,0.3914529085159302,-0.6697247624397278,0.7330523133277893,No Microbe,Moisture,Outside,No Microbe | Moisture,No Microbe | Moisture | Outside,Outside,Moisture treatment
1,Day 1,3,Tray 3,7,5,65,36727.39453125,18444.23828125,40144.203125,31160.1484375,68.3601134215501,0.30038559436798096,0.3046424090862274,0.253268837928772,-0.45083102583885193,0.756462574005127,-0.06954594701528549,-0.10912498086690903,0.26992112398147583,-0.6796554327011108,0.614503800868988,0.04781894385814667,-0.030391715466976166,0.41061946749687195,-0.7209497690200806,0.7438943982124329,No Microbe,Moisture,Outside,No Microbe | Moisture,No Microbe | Moisture | Outside,Outside,Moisture treatment
1,Day 1,3,Tray 3,7,6,66,43583.92578125,20767.71875,43250.43359375,33138.3984375,66.28071833648393,0.27956172823905945,0.24190422892570496,0.2336190640926361,-0.43991416692733765,0.7104160189628601,-0.08966484665870667,-0.13632097840309143,0.22766618430614471,-0.6904024481773376,0.520799994468689,-0.029929082840681076,-0.15222284197807312,0.3411765694618225,-0.7223974466323853,0.7444377541542053,No Microbe,Moisture,Outside,No Microbe | Moisture,No Microbe | Moisture | Outside,Outside,Moisture treatment
1,Day 1,3,Tray 3,7,7,67,49157.8515625,24136.734375,50022.19921875,36246.17578125,57.56143667296786,0.23784871399402618,0.16759249567985535,0.21102817356586456,-0.3987119495868683,0.7735384702682495,-0.12325602769851685,-0.16916488111019135,0.21803496778011322,-0.5989847779273987,0.5678134560585022,-0.07263587415218353,-0.16785311698913574,0.30535992980003357,-0.7451523542404175,0.7379553318023682,No Microbe,Moisture,Outside,No Microbe | Moisture,No Microbe | Moisture | Outside,Outside,Moisture treatment
1,Day 1,3,Tray 3,7,8,68,52885.98828125,26746.076171875,53883.93359375,38778.08203125,59.41635160680529,0.21875186264514923,0.1634896993637085,0.20724371075630188,-0.3806532621383667,0.7585622072219849,-0.13706539571285248,-0.1502808928489685,0.1926855742931366,-0.7162615060806274,0.5333333611488342,-0.09805749356746674,-0.15238496661186218,0.27269867062568665,-0.7162615060806274,0.7085217237472534,No Microbe,Moisture,Outside,No Microbe | Moisture,No Microbe | Moisture | Outside,Outside,Moisture treatment
1,Day 1,3,Tray 3,7,9,69,52045.40625,26161.66015625,52719.53125,38871.24609375,64.35491493383742,0.23219932615756989,0.17139266431331635,0.19157971441745758,-0.3528265058994293,0.7793148756027222,-0.12282663583755493,-0.15563708543777466,0.19801707565784454,-0.6629441380500793,0.596576988697052,-0.08799716085195541,-0.15514808893203735,0.30954939126968384,-0.7137476205825806,0.7478108406066895,No Microbe,Moisture,Outside,No Microbe | Moisture,No Microbe | Moisture | Outside,Outside,Moisture treatment
1,Day 1,3,Tray 3,7,10,70,52283.71484375,29800.2265625,56834.98046875,42704.04296875,58.76654064272212,0.1998840868473053,0.15907876193523407,0.17343786358833313,-0.2953598201274872,0.7497385740280151,-0.12894712388515472,-0.14104241132736206,0.1623993068933487,-0.5704697966575623,0.4988769590854645,-0.05027775093913078,-0.13387788832187653,0.29581013321876526,-0.6893564462661743,0.7243716716766357,No Microbe,Moisture,Outside,No Microbe | Moisture,No Microbe | Moisture | Outside,Outside,Moisture treatment
1,Day 1,4,Tray 4,1,1,1,44092.30859375,25192.150390625,52089.6640625,39024.4921875,73.70037807183365,0.24543695151805878,0.18037575483322144,0.15622951090335846,-0.24505531787872314,0.7073906660079956,-0.1167660653591156,-0.17507769167423248,0.1489272266626358,-0.40789473056793213,0.3802608847618103,0.04672008007764816,-0.14770729839801788,0.33650580048561096,-0.5789473652839661,0.7566001415252686,No Microbe,Heat,Alternating,No Microbe | Heat,No Microbe | Heat | Alternating,Inside,Always watered
1,Day 1,4,Tray 4,1,2,2,41385.1171875,24759.564453125,50719.58984375,39908.60546875,80.00945179584122,0.27118077874183655,0.1895909309387207,0.16950325667858124,-0.21441707015037537,0.7533679008483887,-0.08670468628406525,-0.1549851894378662,0.16349288821220398,-0.539341926574707,0.45436573028564453,0.09175670892000198,-0.09467831254005432,0.32812127470970154,-0.6370177865028381,0.776049792766571,No Microbe,Heat,Alternating,No Microbe | Heat,No Microbe | Heat | Alternating,Inside,Always watered
1,Day 1,4,Tray 4,1,3,3,37215.29296875,23212.154296875,46281.8203125,38363.3203125,80.83648393194707,0.2992500960826874,0.22034043073654175,0.18328312039375305,-0.23647235333919525,0.7853252291679382,-0.05324656888842583,-0.12530915439128876,0.1924629807472229,-0.6211401224136353,0.6473668813705444,0.1392957717180252,-0.02323814108967781,0.3557368218898773,-0.6087212562561035,0.7882556915283203,No Microbe,Heat,Alternating,No Microbe | Heat,No Microbe | Heat | Alternating,Inside,Always watered
1,Day 1,4,Tray 4,1,4,4,40932.953125,24082.552734375,49157.015625,39161.8203125,77.44565217391305,0.2763143479824066,0.20190738141536713,0.18461348116397858,-0.39956533908843994,0.7998336553573608,-0.08406613022089005,-0.1365528702735901,0.1923832893371582,-0.6065123677253723,0.5969223380088806,0.07465850561857224,-0.07472008466720581,0.32882484793663025,-0.5844457149505615,0.7620839476585388,No Microbe,Heat,Alternating,No Microbe | Heat,No Microbe | Heat | Alternating,Inside,Always watered
1,Day 1,4,Tray 4,1,5,5,35444.984375,20396.37109375,41620.921875,35185.8671875,79.38327032136105,0.3282020092010498,0.3132699728012085,0.21712231636047363,-0.4431576430797577,0.7399455904960632,-0.03625618293881416,-0.08890174329280853,0.2361283302307129,-0.6264218688011169,0.5959866046905518,0.12999622523784637,0.07974132895469666,0.40982043743133545,-0.675869345664978,0.7930311560630798,No Microbe,Heat,Alternating,No Microbe | Heat,No Microbe | Heat | Alternating,Inside,Always watered
1,Day 1,4,Tray 4,1,6,6,42189.67578125,22677.736328125,46466.8046875,37818.96875,75.55529300567107,0.2984694242477417,0.24949440360069275,0.21657435595989227,-0.40296095609664917,0.7867962121963501,-0.06597833335399628,-0.1146249920129776,0.2459496110677719,-0.6227461695671082,0.6361702084541321,0.05577400326728821,-0.09550561755895615,0.3611615002155304,-0.6495468020439148,0.758788526058197,No Microbe,Heat,Alternating,No Microbe | Heat,No Microbe | Heat | Alternating,Inside,Always watered
1,Day 1,4,Tray 4,1,7,7,50061.45703125,26778.00390625,52793.69921875,41582.03515625,72.18809073724007,0.25206509232521057,0.2042878419160843,0.19400818645954132,-0.4979858994483948,0.7426947951316833,-0.09855149686336517,-0.10765485465526581,0.19173254072666168,-0.6518757343292236,0.5961482524871826,-0.02752274088561535,-0.1037735864520073,0.28916478157043457,-0.6515243053436279,0.7419980764389038,No Microbe,Heat,Alternating,No Microbe | Heat,No Microbe | Heat | Alternating,Inside,Always watered
1,Day 1,4,Tray 4,1,8,8,52622.140625,27168.076171875,54673.5390625,42002.125,72.76701323251417,0.24675919115543365,0.19929298758506775,0.18051695823669434,-0.4117272198200226,0.7457501888275146,-0.12121087312698364,-0.10945542901754379,0.1640850454568863,-0.6528574228286743,0.4434882402420044,-0.06240116432309151,-0.10541233420372009,0.24150696396827698,-0.6495468020439148,0.7157326340675354,No Microbe,Heat,Alternating,No Microbe | Heat,No Microbe | Heat | Alternating,Inside,Always watered
1,Day 1,4,Tray 4,1,9,9,52588.79296875,29012.81640625,55970.8515625,44226.47265625,73.84215500945179,0.24084877967834473,0.1872461438179016,0.16774357855319977,-0.29871851205825806,0.7346938848495483,-0.10947106033563614,-0.09667916595935822,0.14615704119205475,-0.6353887319564819,0.4915531277656555,-0.04525032639503479,-0.08895093947649002,0.2334366738796234,-0.5546432137489319,0.7359611392021179,No Microbe,Heat,Alternating,No Microbe | Heat,No Microbe | Heat | Alternating,Inside,Always watered
1,Day 1,4,Tray 4,1,10,10,48093.38671875,27087.361328125,51216.9609375,42530.27734375,70.6758034026465,0.2601203918457031,0.20313021540641785,0.19824595749378204,-0.24070337414741516,0.728787899017334,-0.0764351636171341,-0.08491190522909164,0.24477089941501617,-0.7148241400718689,0.7197221517562866,-0.011489525437355042,-0.08663924783468246,0.3494729995727539,-0.7148241400718689,0.8124846816062927,No Microbe,Heat,Alternating,No Microbe | Heat,No Microbe | Heat | Alternating,Inside,Always watered
1,Day 1,4,Tray 4,2,1,11,35380.0,22290.419921875,46791.9921875,35667.265625,80.97826086956522,0.2832537293434143,0.19639423489570618,0.2025713473558426,-0.24951644241809845,0.7805456519126892,-0.0805448368191719,-0.1627178192138672,0.21718165278434753,-0.5656038522720337,0.5205028653144836,0.16375917196273804,0.2092227339744568,0.4107711911201477,-0.625645101070404,0.7797271013259888,No Microbe,Heat,Alternating,No Microbe | Heat,No Microbe | Heat | Alternating,Inside,Always watered
1,Day 1,4,Tray 4,2,2,12,34300.734375,23270.44140625,47530.5703125,38648.94140625,82.3133270321361,0.29769110679626465,0.21363550424575806,0.1743018627166748,-0.09994189441204071,0.739404559135437,-0.05953540280461311,-0.13755489885807037,0.16321802139282227,-0.4510985016822815,0.5049620270729065,0.20088832080364227,0.2301958203315735,0.33934324979782104,-0.38484951853752136,0.7615971565246582,No Microbe,Heat,Alternating,No Microbe | Heat,No Microbe | Heat | Alternating,Inside,Always watered
1,Day 1,4,Tray 4,2,3,13,28629.65625,20804.4375,42213.88671875,36932.4296875,82.02977315689981,0.3370358347892761,0.29254230856895447,0.1897823065519333,-0.080231212079525,0.7994939684867859,-0.0167271476238966,-0.09975816309452057,0.19522899389266968,-0.45661523938179016,0.5878423452377319,0.2603187561035156,0.3441980481147766,0.3259131908416748,-0.5662358403205872,0.776974081993103,No Microbe,Heat,Alternating,No Microbe | Heat,No Microbe | Heat | Alternating,Inside,Always watered
1,Day 1,4,Tray 4,2,4,14,30711.865234375,20354.197265625,42721.97265625,35761.33203125,83.88468809073724,0.3298157751560211,0.2935259938240051,0.19619394838809967,-0.3705977499485016,0.7753078937530518,-0.04617790877819061,-0.11590069532394409,0.21849286556243896,-0.655063271522522,0.5811739563941956,0.20177212357521057,0.28544366359710693,0.36731383204460144,-0.7289423942565918,0.7728466987609863,No Microbe,Heat,Alternating,No Microbe | Heat,No Microbe | Heat | Alternating,Inside,Always watered
1,Day 1,4,Tray 4,2,5,15,36248.87109375,21681.123046875,45253.50390625,36177.1796875,76.77221172022685,0.2975618839263916,0.25936394929885864,0.2042236179113388,-0.3510226607322693,0.7523751258850098,-0.07496337592601776,-0.12299465388059616,0.22991743683815002,-0.6575592160224915,0.5411127805709839,0.11750401556491852,0.03932376950979233,0.3546419143676758,-0.710883617401123,0.7825957536697388,No Microbe,Heat,Alternating,No Microbe | Heat,No Microbe | Heat | Alternating,Inside,Always watered
1,Day 1,4,Tray 4,2,6,16,39233.9921875,21786.35546875,47594.48046875,35984.87890625,76.15784499054821,0.2866109013557434,0.27069029211997986,0.2075071483850479,-0.4039625823497772,0.7834233045578003,-0.10992778092622757,-0.12114467471837997,0.20985665917396545,-0.6767587065696716,0.5599686503410339,0.07281212508678436,-0.05820764601230621,0.3478069007396698,-0.6673452854156494,0.7483189105987549,No Microbe,Heat,Alternating,No Microbe | Heat,No Microbe | Heat | Alternating,Inside,Always watered
1,Day 1,4,Tray 4,2,7,17,42040.80859375,21718.599609375,46162.20703125,35287.28515625,74.66918714555766,0.292675256729126,0.25463181734085083,0.2115761935710907,-0.3763057291507721,0.7563861012458801,-0.09945832192897797,-0.11216729879379272,0.22208112478256226,-0.6931982636451721,0.5076118111610413,0.02232840657234192,-0.09462710469961166,0.32336342334747314,-0.6592803597450256,0.7682062983512878,No Microbe,Heat,Alternating,No Microbe | Heat,No Microbe | Heat | Alternating,Inside,Always watered
1,Day 1,4,Tray 4,2,8,18,45239.93359375,23626.244140625,47918.03515625,37568.77734375,76.96124763705104,0.2850392162799835,0.24079948663711548,0.20415262877941132,-0.47578173875808716,0.7665435671806335,-0.09821035712957382,-0.09054593741893768,0.19724035263061523,-0.6683642268180847,0.49253731966018677,-0.0007499929633922875,-0.08090273290872574,0.30757057666778564,-0.6704058647155762,0.7620177865028381,No Microbe,Heat,Alternating,No Microbe | Heat,No Microbe | Heat | Alternating,Inside,Always watered
1,Day 1,4,Tray 4,2,9,19,51424.96484375,28682.853515625,56098.1328125,43267.63671875,72.34168241965973,0.23913073539733887,0.18942385911941528,0.16916406154632568,-0.3790322542190552,0.7088663578033447,-0.12502387166023254,-0.09873893111944199,0.1532280594110489,-0.6642958521842957,0.4506855309009552,-0.03525523468852043,-0.0842767283320427,0.27241504192352295,-0.6862260699272156,0.7506346702575684,No Microbe,Heat,Alternating,No Microbe | Heat,No Microbe | Heat | Alternating,Inside,Always watered
1,Day 1,4,Tray 4,2,10,20,45314.54296875,27649.720703125,53105.58203125,41862.98828125,69.55340264650283,0.2329835146665573,0.1877489984035492,0.18591444194316864,-0.32664754986763,0.7243858575820923,-0.10268110781908035,-0.10065851360559464,0.2411331981420517,-0.6886597871780396,0.7238125205039978,0.029887422919273376,-0.07727721333503723,0.336909681558609,-0.7384843826293945,0.8129281997680664,No Microbe,Heat,Alternating,No Microbe | Heat,No Microbe | Heat | Alternating,Inside,Always watered
1,Day 1,4,Tray 4,3,1,21,30751.078125,19841.15625,42721.48046875,31916.087890625,72.28260869565217,0.2840711176395416,0.21579016745090485,0.2248697131872177,-0.2839144468307495,0.7994740009307861,-0.09235815703868866,-0.16737490892410278,0.26440465450286865,-0.597814679145813,0.6327868700027466,0.1720966398715973,0.2471226304769516,0.42572322487831116,-0.7601547241210938,0.8014776706695557,No Microbe,Heat,Alternating,No Microbe | Heat,No Microbe | Heat | Alternating,Inside,Always watered
1,Day 1,4,Tray 4,3,2,22,30389.802734375,21728.982421875,44657.375,35832.984375,78.9461247637051,0.2951807975769043,0.22624176740646362,0.19776105880737305,-0.31091567873954773,0.7607554793357849,-0.06408858299255371,-0.13046613335609436,0.2087007462978363,-0.603040874004364,0.575465202331543,0.2215733528137207,0.30339258909225464,0.3344988524913788,-0.5254237055778503,0.7750226855278015,No Microbe,Heat,Alternating,No Microbe | Heat,No Microbe | Heat | Alternating,Inside,Always watered
1,Day 1,4,Tray 4,3,3,23,18715.142578125,17312.9375,37413.65625,32988.01953125,86.21219281663515,0.3713556230068207,0.39712443947792053,0.1907404065132141,-0.2556801736354828,0.7751938104629517,-0.01249730121344328,-0.05488157272338867,0.20436084270477295,-0.5478182435035706,0.5825876593589783,0.371203750371933,0.4596903324127197,0.273816853761673,-0.5334206819534302,0.7479501962661743,No Microbe,Heat,Alternating,No Microbe | Heat,No Microbe | Heat | Alternating,Inside,Always watered
1,Day 1,4,Tray 4,3,4,24,25486.568359375,18380.794921875,39893.375,33052.81640625,83.53024574669186,0.33947256207466125,0.3494763672351837,0.19149728119373322,-0.24737344682216644,0.7718474864959717,-0.048183735460042953,-0.09926223754882812,0.2074066698551178,-0.6234326958656311,0.5953868627548218,0.24134673178195953,0.31929346919059753,0.36241650581359863,-0.7130307555198669,0.7950013875961304,No Microbe,Heat,Alternating,No Microbe | Heat,No Microbe | Heat | Alternating,Inside,Always watered
1,Day 1,4,Tray 4,3,5,25,23938.01953125,15858.83203125,36059.69140625,28867.7109375,81.87618147448015,0.34219521284103394,0.3800812363624573,0.22260220348834991,-0.4932279884815216,0.7636575102806091,-0.06320545077323914,-0.07189138978719711,0.23280954360961914,-0.6707466244697571,0.5950761437416077,0.22569094598293304,0.36854541301727295,0.3848412036895752,-0.6619318127632141,0.761904776096344,No Microbe,Heat,Alternating,No Microbe | Heat,No Microbe | Heat | Alternating,Inside,Always watered
1,Day 1,4,Tray 4,3,6,26,34231.0390625,18819.28515625,42067.67578125,31071.390625,73.47589792060492,0.3071591556072235,0.34618085622787476,0.228037491440773,-0.3573875427246094,0.741915225982666,-0.10232100635766983,-0.1206216961145401,0.22385813295841217,-0.656218409538269,0.5402554273605347,0.09924731403589249,0.106626957654953,0.37535369396209717,-0.7058945894241333,0.7897881865501404,No Microbe,Heat,Alternating,No Microbe | Heat,No Microbe | Heat | Alternating,Inside,Always watered
1,Day 1,4,Tray 4,3,7,27,38943.0078125,20447.548828125,44305.81640625,33107.69140625,74.79914933837429,0.2981785237789154,0.3188405930995941,0.22777734696865082,-0.4139344394207001,0.7440259456634521,-0.10333698987960815,-0.09682603180408478,0.21280021965503693,-0.724936842918396,0.45118191838264465,0.05112152174115181,-0.06536136567592621,0.3746793270111084,-0.7083854675292969,0.7482389211654663,No Microbe,Heat,Alternating,No Microbe | Heat,No Microbe | Heat | Alternating,Inside,Always watered
1,Day 1,4,Tray 4,3,8,28,37817.234375,19958.34765625,43673.19140625,32305.1796875,77.882797731569,0.30358436703681946,0.3109736740589142,0.21502694487571716,-0.4606879651546478,0.7050645351409912,-0.10383918881416321,-0.10570752620697021,0.21034032106399536,-0.6468932032585144,0.5286624431610107,0.057270556688308716,-0.038705602288246155,0.36898860335350037,-0.7178184986114502,0.7816711664199829,No Microbe,Heat,Alternating,No Microbe | Heat,No Microbe | Heat | Alternating,Inside,Always watered
1,Day 1,4,Tray 4,3,9,29,46487.40234375,26742.853515625,52450.84375,40471.33984375,72.7906427221172,0.24387021362781525,0.20912182331085205,0.19251179695129395,-0.429121732711792,0.7186670303344727,-0.11514286696910858,-0.10534150898456573,0.20461398363113403,-0.6872682571411133,0.5430119633674622,-0.001468035625293851,-0.07390481233596802,0.34274181723594666,-0.7048293352127075,0.772549033164978,No Microbe,Heat,Alternating,No Microbe | Heat,No Microbe | Heat | Alternating,Inside,Always watered
1,Day 1,4,Tray 4,3,10,30,39909.32421875,25339.546875,48369.51953125,38435.5703125,73.68856332703214,0.2543221116065979,0.21208162605762482,0.18746106326580048,-0.3343130052089691,0.7481995224952698,-0.08565089106559753,-0.09258271008729935,0.24896885454654694,-0.7455242872238159,0.6887045502662659,0.08205721527338028,-0.046979870647192,0.40814831852912903,-0.7359050512313843,0.8085273504257202,No Microbe,Heat,Alternating,No Microbe | Heat,No Microbe | Heat | Alternating,Inside,Always watered
1,Day 1,4,Tray 4,4,1,31,30380.439453125,19033.689453125,39612.984375,34636.69921875,83.01039697542532,0.3451577425003052,0.35575979948043823,0.19124092161655426,-0.24503004550933838,0.7124999761581421,-0.0066383155062794685,-0.06660247594118118,0.2068711668252945,-0.42981842160224915,0.5920338034629822,0.213459312915802,0.3211117684841156,0.34169939160346985,-0.4735666513442993,0.7690776586532593,No Microbe,Heat,Alternating,No Microbe | Heat,No Microbe | Heat | Alternating,Inside,Always watered
1,Day 1,4,Tray 4,4,2,32,25633.951171875,18767.126953125,38231.35546875,34320.77734375,86.29489603024575,0.355946809053421,0.36617037653923035,0.18890680372714996,-0.14651232957839966,0.790415346622467,0.006098427344113588,-0.031138379126787186,0.206907257437706,-0.5422753691673279,0.6184437870979309,0.28237903118133545,0.3825562000274658,0.3384140431880951,-0.682070255279541,0.7676136493682861,No Microbe,Heat,Alternating,No Microbe | Heat,No Microbe | Heat | Alternating,Inside,Always watered
1,Day 1,4,Tray 4,4,3,33,22658.400390625,15537.1796875,32494.419921875,30996.107421875,89.39035916824196,0.3888773024082184,0.4082064628601074,0.2154574692249298,-0.4021179974079132,0.822470486164093,0.034984610974788666,-0.009688105434179306,0.2652406096458435,-0.6312174797058105,0.7190129160881042,0.2775817811489105,0.38417747616767883,0.3734784722328186,-0.7511225342750549,0.7951635718345642,No Microbe,Heat,Alternating,No Microbe | Heat,No Microbe | Heat | Alternating,Inside,Always watered
1,Day 1,4,Tray 4,4,4,34,14239.3291015625,12160.88671875,24995.3359375,28408.017578125,94.0453686200378,0.44617703557014465,0.47921139001846313,0.17655467987060547,-0.129280224442482,0.7806670665740967,0.0952986553311348,0.09343232214450836,0.22567836940288544,-0.5293654203414917,0.6084079146385193,0.37194469571113586,0.4160658121109009,0.28438836336135864,-0.5490826368331909,0.7874395847320557,No Microbe,Heat,Alternating,No Microbe | Heat,No Microbe | Heat | Alternating,Inside,Always watered
1,Day 1,4,Tray 4,4,5,35,21066.912109375,12456.9677734375,28071.02734375,28436.580078125,91.8241965973535,0.42919623851776123,0.4771566689014435,0.19745226204395294,-0.4703071713447571,0.7970660328865051,0.047793902456760406,0.0661596953868866,0.23341041803359985,-0.6924984455108643,0.6088462471961975,0.2785795032978058,0.39599573612213135,0.3714493215084076,-0.6786226630210876,0.7811428308486938,No Microbe,Heat,Alternating,No Microbe | Heat,No Microbe | Heat | Alternating,Inside,Always watered
1,Day 1,4,Tray 4,4,6,36,25290.11328125,11560.056640625,28021.11328125,24910.57421875,88.63421550094517,0.4095791280269623,0.4598848223686218,0.21208703517913818,-0.4191214442253113,0.7652515172958374,-0.0017078712116926908,0.017480909824371338,0.24490542709827423,-0.631149172782898,0.5732541084289551,0.17711971700191498,0.32248616218566895,0.3877151310443878,-0.6525442004203796,0.7467532753944397,No Microbe,Heat,Alternating,No Microbe | Heat,No Microbe | Heat | Alternating,Inside,Always watered
1,Day 1,4,Tray 4,4,7,37,31748.294921875,14914.11328125,33951.3359375,27545.8828125,85.21975425330814,0.36875513195991516,0.42750465869903564,0.20865005254745483,-0.527293860912323,0.735110342502594,-0.04720284417271614,-0.048822879791259766,0.22099152207374573,-0.6851851940155029,0.5621222257614136,0.09800106287002563,0.20983090996742249,0.3880019187927246,-0.6745042204856873,0.7252573370933533,No Microbe,Heat,Alternating,No Microbe | Heat,No Microbe | Heat | Alternating,Inside,Always watered
1,Day 1,4,Tray 4,4,8,38,39047.40234375,19877.154296875,42955.82421875,33567.9453125,81.17911153119093,0.3277577757835388,0.3402087092399597,0.19449040293693542,-0.3220093846321106,0.7190371751785278,-0.08129372447729111,-0.09440770000219345,0.2001488208770752,-0.6755319237709045,0.46063143014907837,0.03288737311959267,-0.06411414593458176,0.34307414293289185,-0.7240461111068726,0.7207792401313782,No Microbe,Heat,Alternating,No Microbe | Heat,No Microbe | Heat | Alternating,Inside,Always watered
1,Day 1,4,Tray 4,4,9,39,37267.9453125,22293.89453125,44136.15234375,36617.140625,80.47022684310019,0.3039059638977051,0.24762141704559326,0.18884098529815674,-0.28824907541275024,0.761904776096344,-0.05923951789736748,-0.09609207510948181,0.23397275805473328,-0.6465620994567871,0.6179906725883484,0.09427341818809509,-0.03291713818907738,0.39850956201553345,-0.7030567526817322,0.8123847246170044,No Microbe,Heat,Alternating,No Microbe | Heat,No Microbe | Heat | Alternating,Inside,Always watered
1,Day 1,4,Tray 4,4,10,40,42775.55859375,25866.02734375,49160.81640625,41841.1953125,79.26512287334594,0.28348127007484436,0.21202059090137482,0.18058335781097412,-0.30294907093048096,0.7709411978721619,-0.056765761226415634,-0.08822748064994812,0.1917150914669037,-0.6163410544395447,0.5535483956336975,0.08706088364124298,-0.05357947200536728,0.37682750821113586,-0.6565533876419067,0.7789580225944519,No Microbe,Heat,Alternating,No Microbe | Heat,No Microbe | Heat | Alternating,Inside,Always watered
1,Day 1,4,Tray 4,5,1,41,34809.29296875,19265.669921875,39813.484375,34523.2734375,83.24669187145558,0.3386242985725403,0.27102088928222656,0.20099246501922607,-0.2562199831008911,0.7304714918136597,-0.0020845297258347273,-0.07368016988039017,0.23070566356182098,-0.5286588668823242,0.5607603788375854,0.1492411345243454,0.20672191679477692,0.36528104543685913,-0.6646341681480408,0.7598853707313538,No Microbe,Heat,Alternating,No Microbe | Heat,No Microbe | Heat | Alternating,Inside,Always watered
1,Day 1,4,Tray 4,5,2,42,30432.03125,18592.21875,38069.25,35029.70703125,86.12948960302458,0.3567012548446655,0.35843831300735474,0.19597524404525757,-0.1656477451324463,0.80865877866745,0.0069464026018977165,-0.03432187810540199,0.21974222362041473,-0.46302250027656555,0.6582207083702087,0.19489938020706177,0.2628943920135498,0.33022093772888184,-0.532293975353241,0.7660818696022034,No Microbe,Heat,Alternating,No Microbe | Heat,No Microbe | Heat | Alternating,Inside,Always watered
1,Day 1,4,Tray 4,5,3,43,23743.20703125,15105.884765625,30500.47265625,33171.41796875,96.29017013232513,0.43521156907081604,0.4837079644203186,0.1867956668138504,-0.14709733426570892,0.7899628281593323,0.09654363989830017,0.08733871579170227,0.20920971035957336,-0.4428217113018036,0.5942975878715515,0.30235564708709717,0.4198039174079895,0.3246641159057617,-0.5890570282936096,0.7590821981430054,No Microbe,Heat,Alternating,No Microbe | Heat,No Microbe | Heat | Alternating,Inside,Always watered
1,Day 1,4,Tray 4,5,4,44,24355.83203125,14720.4404296875,30612.494140625,32633.3828125,94.0335538752363,0.4316166043281555,0.4760592579841614,0.1766241043806076,-0.16363635659217834,0.7664233446121216,0.08379723131656647,0.08562272787094116,0.1923922300338745,-0.5209283232688904,0.5525113940238953,0.2786743938922882,0.38988062739372253,0.32430365681648254,-0.6439180970191956,0.7711838483810425,No Microbe,Heat,Alternating,No Microbe | Heat,No Microbe | Heat | Alternating,Inside,Always watered
1,Day 1,4,Tray 4,5,5,45,23711.30078125,10391.81640625,23458.359375,28535.796875,97.6961247637051,0.48504218459129333,0.5048830509185791,0.14782412350177765,-0.040995609015226364,0.793161928653717,0.1103077232837677,0.10646198689937592,0.20065000653266907,-0.5946261882781982,0.5751072764396667,0.22806207835674286,0.3430716097354889,0.355244517326355,-0.6837993264198303,0.7924208045005798,No Microbe,Heat,Alternating,No Microbe | Heat,No Microbe | Heat | Alternating,Inside,Always watered
1,Day 1,4,Tray 4,5,6,46,30143.46875,12412.224609375,28780.50390625,27578.376953125,88.33884688090737,0.4174669086933136,0.46272584795951843,0.210805743932724,-0.3973509967327118,0.7867719531059265,0.025888128206133842,0.04700908064842224,0.25386056303977966,-0.7403493523597717,0.571540892124176,0.12955956161022186,0.2521856129169464,0.4031609296798706,-0.7234848737716675,0.7423385977745056,No Microbe,Heat,Alternating,No Microbe | Heat,No Microbe | Heat | Alternating,Inside,Always watered
1,Day 1,4,Tray 4,5,7,47,37326.50390625,15605.4462890625,34689.81640625,30386.79296875,87.91351606805293,0.3896638751029968,0.4461861848831177,0.20312175154685974,-0.3414454162120819,0.7948299050331116,-0.012709245085716248,-0.025849059224128723,0.21193674206733704,-0.6527590751647949,0.5764210820198059,0.03769669309258461,-0.04845420643687248,0.3501397967338562,-0.6945996284484863,0.7121334671974182,No Microbe,Heat,Alternating,No Microbe | Heat,No Microbe | Heat | Alternating,Inside,Always watered
1,Day 1,4,Tray 4,5,8,48,41609.51953125,20222.345703125,42856.67578125,35261.01171875,83.58931947069944,0.33787834644317627,0.33453983068466187,0.22049155831336975,-0.4422360360622406,0.7933042049407959,-0.0478009469807148,-0.09243697673082352,0.22893600165843964,-0.6642958521842957,0.6395705342292786,0.025318508967757225,-0.09083644300699234,0.37927472591400146,-0.792907178401947,0.7752442955970764,No Microbe,Heat,Alternating,No Microbe | Heat,No Microbe | Heat | Alternating,Inside,Always watered
1,Day 1,4,Tray 4,5,9,49,42768.2265625,22626.037109375,44981.4765625,38939.2578125,83.22306238185256,0.31882742047309875,0.2551032602787018,0.18599343299865723,-0.268032044172287,0.7740278840065002,-0.033029958605766296,-0.09432518482208252,0.23432433605194092,-0.6831072568893433,0.7269624471664429,0.0474775955080986,-0.09302014857530594,0.39069923758506775,-0.7165618538856506,0.8171459436416626,No Microbe,Heat,Alternating,No Microbe | Heat,No Microbe | Heat | Alternating,Inside,Always watered
1,Day 1,4,Tray 4,5,10,50,43038.140625,24666.408203125,46274.16015625,40551.2109375,80.71833648393195,0.2928006947040558,0.22451446950435638,0.18440623581409454,-0.3030124008655548,0.7980221509933472,-0.02481953240931034,-0.09741390496492386,0.26622918248176575,-0.640625,0.7281774282455444,0.05625090003013611,-0.08447381108999252,0.3931312561035156,-0.7148241400718689,0.8133260011672974,No Microbe,Heat,Alternating,No Microbe | Heat,No Microbe | Heat | Alternating,Inside,Always watered
1,Day 1,4,Tray 4,6,1,51,38750.859375,21713.568359375,44706.36328125,36082.34375,75.86247637051041,0.2967255115509033,0.18879404664039612,0.19482426345348358,-0.2159907966852188,0.7080594897270203,-0.03869189694523811,-0.17248092591762543,0.2315637171268463,-0.5425138473510742,0.5115995407104492,0.10081304609775543,-0.11285388469696045,0.3545974791049957,-0.5620827674865723,0.7528166770935059,No Microbe,Heat,Alternating,No Microbe | Heat,No Microbe | Heat | Alternating,Inside,Always watered
1,Day 1,4,Tray 4,6,2,52,34784.01171875,21325.75,43568.05078125,36530.48828125,82.41965973534971,0.30680859088897705,0.2259225994348526,0.1965988576412201,-0.21174311637878418,0.8083953857421875,-0.026464860886335373,-0.14825838804244995,0.2540881037712097,-0.5818508863449097,0.707064151763916,0.1442796289920807,0.047609902918338776,0.3395780622959137,-0.6024273037910461,0.7869499325752258,No Microbe,Heat,Alternating,No Microbe | Heat,No Microbe | Heat | Alternating,Inside,Always watered
1,Day 1,4,Tray 4,6,3,53,36312.38671875,20078.23828125,41066.875,35718.1640625,83.32939508506615,0.3322112262248993,0.26966071128845215,0.2104303538799286,-0.30431848764419556,0.8060907125473022,-0.00440639303997159,-0.08864106237888336,0.24736998975276947,-0.618897020816803,0.6711752414703369,0.10913165658712387,-0.013519407249987125,0.35573911666870117,-0.7115987539291382,0.7682926654815674,No Microbe,Heat,Alternating,No Microbe | Heat,No Microbe | Heat | Alternating,Inside,Always watered
1,Day 1,4,Tray 4,6,4,54,36048.4765625,18043.455078125,38039.8125,34458.109375,88.49243856332704,0.3619571924209595,0.33725690841674805,0.18705545365810394,-0.1936911940574646,0.7897091507911682,0.0075164372101426125,-0.06542117893695831,0.23389966785907745,-0.6704058647155762,0.6025893688201904,0.0813867449760437,-0.0019512694561854005,0.35300764441490173,-0.7470136284828186,0.7700750827789307,No Microbe,Heat,Alternating,No Microbe | Heat,No Microbe | Heat | Alternating,Inside,Always watered
1,Day 1,4,Tray 4,6,5,55,32377.951171875,17006.43359375,36000.453125,32601.966796875,85.63327032136105,0.36364689469337463,0.37334227561950684,0.2063896358013153,-0.32003799080848694,0.8076090216636658,0.004014786798506975,-0.03946949914097786,0.24397538602352142,-0.6435881853103638,0.6275987029075623,0.12895701825618744,0.11029815673828125,0.37549033761024475,-0.6831072568893433,0.7862069010734558,No Microbe,Heat,Alternating,No Microbe | Heat,No Microbe | Heat | Alternating,Inside,Always watered
1,Day 1,4,Tray 4,6,6,56,36653.84375,16597.3125,35834.1484375,32303.734375,84.38090737240076,0.38163453340530396,0.42701566219329834,0.2052781581878662,-0.2675531804561615,0.7389571666717529,0.005445860326290131,-0.010223683901131153,0.21723899245262146,-0.554374635219574,0.5740318894386292,0.0740305632352829,0.025096602737903595,0.3570999503135681,-0.6605839133262634,0.7339959144592285,No Microbe,Heat,Alternating,No Microbe | Heat,No Microbe | Heat | Alternating,Inside,Always watered
1,Day 1,4,Tray 4,6,7,57,44148.515625,19444.044921875,40646.91015625,34585.77734375,82.0179584120983,0.34811538457870483,0.3692494034767151,0.20218290388584137,-0.2569037675857544,0.7519100904464722,-0.02156522497534752,-0.08223981410264969,0.20638114213943481,-0.6093534827232361,0.5271966457366943,-0.013887631706893444,-0.11413413286209106,0.32572975754737854,-0.7101691365242004,0.6709401607513428,No Microbe,Heat,Alternating,No Microbe | Heat,No Microbe | Heat | Alternating,Inside,Always watered
1,Day 1,4,Tray 4,6,8,58,43196.515625,20708.966796875,44110.8046875,35572.703125,82.82136105860114,0.3234058618545532,0.2861952781677246,0.20592349767684937,-0.31219980120658875,0.7865779995918274,-0.06102517619729042,-0.10556730628013611,0.21181263029575348,-0.631149172782898,0.564773440361023,0.0058534229174256325,-0.09827648848295212,0.3387012779712677,-0.6876159310340881,0.6876697540283203,No Microbe,Heat,Alternating,No Microbe | Heat,No Microbe | Heat | Alternating,Inside,Always watered
1,Day 1,4,Tray 4,6,9,59,50340.35546875,25352.9765625,51996.2578125,41391.35546875,81.86436672967864,0.27768674492836,0.22492487728595734,0.1723601073026657,-0.4004138708114624,0.7503638863563538,-0.0937703400850296,-0.12038303911685944,0.16541557013988495,-0.5999218821525574,0.5112419724464417,-0.05099399387836456,-0.11648831516504288,0.26754000782966614,-0.6649725437164307,0.7406465411186218,No Microbe,Heat,Alternating,No Microbe | Heat,No Microbe | Heat | Alternating,Inside,Always watered
1,Day 1,4,Tray 4,6,10,60,48636.90625,26329.91796875,50134.72265625,42816.08203125,79.79678638941398,0.2862693965435028,0.20180794596672058,0.1877300888299942,-0.38728010654449463,0.7949561476707458,-0.043669357895851135,-0.11443734169006348,0.2180534303188324,-0.5668643712997437,0.6807817816734314,0.01049575861543417,-0.11307420581579208,0.34751227498054504,-0.7304035425186157,0.8119706511497498,No Microbe,Heat,Alternating,No Microbe | Heat,No Microbe | Heat | Alternating,Inside,Always watered
1,Day 1,4,Tray 4,7,1,61,40904.3671875,22363.12109375,46533.8671875,35992.4453125,74.33837429111531,0.2727162837982178,0.17729642987251282,0.19497516751289368,-0.12975391745567322,0.7898158431053162,-0.07120399922132492,-0.18895162642002106,0.24082182347774506,-0.5690140724182129,0.6858422160148621,0.04277386888861656,-0.14848965406417847,0.32195544242858887,-0.5410230755805969,0.7468442916870117,No Microbe,Heat,Alternating,No Microbe | Heat,No Microbe | Heat | Alternating,Inside,Always watered
1,Day 1,4,Tray 4,7,2,62,46160.62109375,24132.23828125,50206.74609375,38703.0703125,75.04725897920605,0.2644098401069641,0.18697577714920044,0.18468151986598969,-0.23765020072460175,0.7739018201828003,-0.08607130497694016,-0.17469879984855652,0.21552228927612305,-0.6064133644104004,0.6248062252998352,-0.008939128369092941,-0.15247464179992676,0.2986713945865631,-0.6186532974243164,0.7312775254249573,No Microbe,Heat,Alternating,No Microbe | Heat,No Microbe | Heat | Alternating,Inside,Always watered
1,Day 1,4,Tray 4,7,3,63,33391.15625,19599.126953125,41599.1484375,34180.8671875,81.50992438563327,0.31603580713272095,0.24152204394340515,0.204297736287117,-0.2648000121116638,0.7882353067398071,-0.04124574363231659,-0.1548575460910797,0.256135493516922,-0.6344647407531738,0.6391646862030029,0.11846671253442764,0.05442517250776291,0.3793412744998932,-0.749252438545227,0.7769230604171753,No Microbe,Heat,Alternating,No Microbe | Heat,No Microbe | Heat | Alternating,Inside,Always watered
1,Day 1,4,Tray 4,7,4,64,37182.05859375,20588.224609375,42679.64453125,35291.38671875,77.98913043478261,0.31290411949157715,0.2402224838733673,0.22216853499412537,-0.3988763988018036,0.7880837321281433,-0.036472778767347336,-0.13840943574905396,0.2524435818195343,-0.6542112827301025,0.6088720560073853,0.09526265412569046,-0.009464704431593418,0.3698202073574066,-0.6479228138923645,0.7757096290588379,No Microbe,Heat,Alternating,No Microbe | Heat,No Microbe | Heat | Alternating,Inside,Always watered
1,Day 1,4,Tray 4,7,5,65,46310.625,22475.4921875,47565.28515625,37043.47265625,73.25141776937618,0.28107592463493347,0.23775780200958252,0.22164519131183624,-0.5211267471313477,0.7660427689552307,-0.07816698402166367,-0.1447271704673767,0.23553569614887238,-0.7455242872238159,0.5549539923667908,-0.030170029029250145,-0.1501193642616272,0.3363398611545563,-0.7213114500045776,0.723416268825531,No Microbe,Heat,Alternating,No Microbe | Heat,No Microbe | Heat | Alternating,Inside,Always watered
1,Day 1,4,Tray 4,7,6,66,43720.66015625,20816.982421875,45353.796875,35901.765625,77.19754253308129,0.30500704050064087,0.2768079936504364,0.21434399485588074,-0.323933482170105,0.7555396556854248,-0.07735734432935715,-0.12934362888336182,0.2184714823961258,-0.6324496865272522,0.5553746223449707,-0.013829266652464867,-0.11604000627994537,0.28891125321388245,-0.6347305178642273,0.7584569454193115,No Microbe,Heat,Alternating,No Microbe | Heat,No Microbe | Heat | Alternating,Inside,Always watered
1,Day 1,4,Tray 4,7,7,67,44231.34375,20888.091796875,44949.5078125,33736.61328125,72.16446124763705,0.2866141200065613,0.22187499701976776,0.23283633589744568,-0.3875467777252197,0.7788404226303101,-0.0904916450381279,-0.13671061396598816,0.2522317171096802,-0.6697556972503662,0.593944787979126,-0.02957695908844471,-0.13339917361736298,0.34208565950393677,-0.7002283334732056,0.7144837379455566,No Microbe,Heat,Alternating,No Microbe | Heat,No Microbe | Heat | Alternating,Inside,Always watered
1,Day 1,4,Tray 4,7,8,68,52384.28515625,25382.830078125,52409.80859375,38956.70703125,69.87240075614368,0.24981103837490082,0.18733015656471252,0.20342519879341125,-0.36201781034469604,0.7614678740501404,-0.11748717725276947,-0.13955754041671753,0.1921715885400772,-0.682070255279541,0.5865128636360168,-0.09611762315034866,-0.14178168773651123,0.26927533745765686,-0.742553174495697,0.7832647562026978,No Microbe,Heat,Alternating,No Microbe | Heat,No Microbe | Heat | Alternating,Inside,Always watered
1,Day 1,4,Tray 4,7,9,69,52354.046875,26884.208984375,52547.625,41715.2734375,72.66068052930056,0.2593613266944885,0.18621715903282166,0.19922855496406555,-0.33310508728027344,0.7912184000015259,-0.07729914784431458,-0.124845489859581,0.20601199567317963,-0.6185770630836487,0.6454710364341736,-0.0588831827044487,-0.12701252102851868,0.2937071621417999,-0.6396396160125732,0.7767489552497864,No Microbe,Heat,Alternating,No Microbe | Heat,No Microbe | Heat | Alternating,Inside,Always watered
1,Day 1,4,Tray 4,7,10,70,53749.3984375,29648.767578125,56396.8984375,44721.1328125,70.49858223062382,0.2274276316165924,0.17249515652656555,0.1747942566871643,-0.24371585249900818,0.7697082757949829,-0.08942560106515884,-0.13059084117412567,0.18736431002616882,-0.5277174115180969,0.5450236797332764,-0.04264764115214348,-0.12543512880802155,0.27768564224243164,-0.594315767288208,0.749763011932373,No Microbe,Heat,Alternating,No Microbe | Heat,No Microbe | Heat | Alternating,Inside,Always watered
1,Day 1,5,Tray 5,1,1,1,28598.259765625,20002.2109375,39972.75,33291.2421875,70.42769376181475,0.30775588750839233,0.23376622796058655,0.19801384210586548,-0.24623115360736847,0.7788732647895813,-0.033098768442869186,-0.12400466203689575,0.22747552394866943,-0.5915309190750122,0.6453900933265686,0.2254747897386551,0.3255542516708374,0.35599005222320557,-0.5617849230766296,0.7640891075134277,Microbe,Moisture,Inside,Microbe | Moisture,Microbe | Moisture | Inside,Inside,Moisture treatment
1,Day 1,5,Tray 5,1,2,2,22083.619140625,17231.896484375,36495.58984375,31928.09765625,78.31994328922495,0.3546791672706604,0.3801302909851074,0.20752856135368347,-0.24532224237918854,0.7563889622688293,-0.01410640124231577,-0.03690151125192642,0.2168184518814087,-0.5736184120178223,0.5238837003707886,0.3096559941768646,0.42435798048973083,0.32944124937057495,-0.5651826858520508,0.7765856981277466,Microbe,Moisture,Inside,Microbe | Moisture,Microbe | Moisture | Inside,Inside,Moisture treatment
1,Day 1,5,Tray 5,1,3,3,37035.48828125,20777.443359375,43840.0546875,34122.203125,72.31805293005671,0.2868961691856384,0.2742726802825928,0.20417006313800812,-0.4113629162311554,0.7469879388809204,-0.08517906069755554,-0.11259926855564117,0.22279012203216553,-0.6492146849632263,0.505816638469696,0.08742684870958328,-0.038043312728405,0.3772985339164734,-0.637672483921051,0.7734524607658386,Microbe,Moisture,Inside,Microbe | Moisture,Microbe | Moisture | Inside,Inside,Moisture treatment
1,Day 1,5,Tray 5,1,4,4,40101.859375,21257.888671875,43481.03515625,32743.64453125,65.78449905482042,0.27130159735679626,0.2564106583595276,0.22938735783100128,-0.5486832857131958,0.7921315431594849,-0.09754860401153564,-0.13187041878700256,0.2265455275774002,-0.6609206795692444,0.6000000238418579,0.027313711121678352,-0.11885245889425278,0.35833439230918884,-0.686573326587677,0.7907488942146301,Microbe,Moisture,Inside,Microbe | Moisture,Microbe | Moisture | Inside,Inside,Moisture treatment
1,Day 1,5,Tray 5,1,5,5,40590.13671875,23760.21484375,47593.171875,33713.37890625,56.82892249527411,0.23666372895240784,0.18525752425193787,0.2298094928264618,-0.4528246223926544,0.723233163356781,-0.13237693905830383,-0.139954075217247,0.2068731188774109,-0.6988176703453064,0.447270005941391,0.03626581281423569,-0.10784466564655304,0.37961050868034363,-0.7414416074752808,0.7909825444221497,Microbe,Moisture,Inside,Microbe | Moisture,Microbe | Moisture | Inside,Inside,Moisture treatment
1,Day 1,5,Tray 5,1,6,6,42061.53515625,23503.537109375,45352.16015625,34449.671875,61.767485822306234,0.2587733268737793,0.23433007299900055,0.21852992475032806,-0.4112713038921356,0.7021845579147339,-0.10524839162826538,-0.10945542901754379,0.1847536563873291,-0.5368736982345581,0.3524904251098633,0.009007066488265991,-0.09083644300699234,0.338257759809494,-0.6192170977592468,0.7806249856948853,Microbe,Moisture,Inside,Microbe | Moisture,Microbe | Moisture | Inside,Inside,Moisture treatment
1,Day 1,5,Tray 5,1,7,7,46468.234375,28882.359375,52974.12890625,40169.90625,48.91304347826087,0.2163476198911667,0.14622217416763306,0.2182013988494873,-0.4789368212223053,0.769132673740387,-0.12705738842487335,-0.10199138522148132,0.178134024143219,-0.6612576246261597,0.4971487820148468,-0.003544764593243599,-0.08692766726016998,0.3208145797252655,-0.6589021682739258,0.7932705283164978,Microbe,Moisture,Inside,Microbe | Moisture,Microbe | Moisture | Inside,Inside,Moisture treatment
1,Day 1,5,Tray 5,1,8,8,45434.02734375,30971.71484375,53919.515625,44341.29296875,54.48960302457467,0.2175348550081253,0.16099271178245544,0.19605694711208344,-0.5046221017837524,0.7235864996910095,-0.08385341614484787,-0.07639190554618835,0.21175818145275116,-0.7173411846160889,0.6368527412414551,0.06057142838835716,-0.05807118862867355,0.3589037358760834,-0.6649725437164307,0.8189195990562439,Microbe,Moisture,Inside,Microbe | Moisture,Microbe | Moisture | Inside,Inside,Moisture treatment
1,Day 1,5,Tray 5,1,9,9,42189.3046875,26358.341796875,49887.9921875,41626.65625,65.26465028355388,0.2703433334827423,0.22119200229644775,0.2016647309064865,-0.3233036398887634,0.7303290367126465,-0.05962154269218445,-0.0928252786397934,0.22004485130310059,-0.6357036232948303,0.6647515892982483,0.0854080393910408,-0.06542055308818817,0.3884108364582062,-0.6917497515678406,0.8150759339332581,Microbe,Moisture,Inside,Microbe | Moisture,Microbe | Moisture | Inside,Inside,Moisture treatment
1,Day 1,5,Tray 5,1,10,10,40087.578125,27540.19140625,48639.234375,40238.05859375,58.471172022684314,0.25765469670295715,0.17959220707416534,0.19558852910995483,-0.3629133403301239,0.698058545589447,-0.06861951947212219,-0.06737912446260452,0.21487346291542053,-0.6775911450386047,0.5684830546379089,0.11376755684614182,-0.03585657849907875,0.3934454023838043,-0.6998754739761353,0.8055859804153442,Microbe,Moisture,Inside,Microbe | Moisture,Microbe | Moisture | Inside,Inside,Moisture treatment
1,Day 1,5,Tray 5,2,1,11,24786.48046875,19343.083984375,40404.90625,32027.76171875,69.95510396975425,0.3070610761642456,0.2841883897781372,0.1873384714126587,-0.22714285552501678,0.75390625,-0.06300415843725204,-0.12830542027950287,0.1965903788805008,-0.5538370013237,0.5556221604347229,0.2681809365749359,0.3582566976547241,0.3163050413131714,-0.4840247929096222,0.7809683084487915,Microbe,Moisture,Inside,Microbe | Moisture,Microbe | Moisture | Inside,Inside,Moisture treatment
1,Day 1,5,Tray 5,2,2,12,19111.18359375,16537.5234375,35437.81640625,30275.0,78.67438563327032,0.3555387854576111,0.3794490098953247,0.20028917491436005,-0.29612404108047485,0.7943809628486633,-0.02259143255650997,-0.06452445685863495,0.22464296221733093,-0.5486079454421997,0.6068724393844604,0.3181443214416504,0.4174070358276367,0.34939002990722656,-0.6765608787536621,0.7668746709823608,Microbe,Moisture,Inside,Microbe | Moisture,Microbe | Moisture | Inside,Inside,Moisture treatment
1,Day 1,5,Tray 5,2,3,13,16310.0927734375,11474.6787109375,26135.353515625,28097.130859375,88.9413988657845,0.4434817433357239,0.4989926218986511,0.21396107971668243,-0.37065252661705017,0.8032888770103455,0.06950831413269043,0.1103794276714325,0.25005441904067993,-0.6981049180030823,0.5341278314590454,0.352253794670105,0.4487965703010559,0.3418571949005127,-0.7066055536270142,0.7956070899963379,Microbe,Moisture,Inside,Microbe | Moisture,Microbe | Moisture | Inside,Inside,Moisture treatment
1,Day 1,5,Tray 5,2,4,14,32244.8046875,19001.5,41514.89453125,30440.630859375,67.27315689981096,0.2971733510494232,0.3341485857963562,0.2423689067363739,-0.45432764291763306,0.7519025802612305,-0.10237424820661545,-0.13813228905200958,0.22179339826107025,-0.5907897353172302,0.5848537087440491,0.11939257383346558,0.19885559380054474,0.39364302158355713,-0.6649725437164307,0.7835522294044495,Microbe,Moisture,Inside,Microbe | Moisture,Microbe | Moisture | Inside,Inside,Moisture treatment
1,Day 1,5,Tray 5,2,5,15,34071.0625,18682.615234375,40173.29296875,29103.359375,67.27315689981096,0.29316627979278564,0.344946026802063,0.24259275197982788,-0.3495769798755646,0.7209146022796631,-0.10243239253759384,-0.13130266964435577,0.23887649178504944,-0.682415783405304,0.5720555782318115,0.0777788758277893,0.11296430230140686,0.39086732268333435,-0.7048293352127075,0.8031258583068848,Microbe,Moisture,Inside,Microbe | Moisture,Microbe | Moisture | Inside,Inside,Moisture treatment
1,Day 1,5,Tray 5,2,6,16,39172.30859375,22791.87109375,44801.078125,32996.06640625,60.113421550094515,0.26104241609573364,0.21907709538936615,0.23966942727565765,-0.4710211455821991,0.7313182353973389,-0.11178643256425858,-0.10675675421953201,0.2343043088912964,-0.7250380516052246,0.6034281253814697,0.0334872268140316,-0.03353226184844971,0.35948529839515686,-0.6974093317985535,0.720818281173706,Microbe,Moisture,Inside,Microbe | Moisture,Microbe | Moisture | Inside,Inside,Moisture treatment
1,Day 1,5,Tray 5,2,7,17,39928.34765625,22826.30859375,44672.453125,34334.23828125,64.78024574669186,0.26525354385375977,0.245707705616951,0.21442373096942902,-0.3914209008216858,0.7309027910232544,-0.10611439496278763,-0.09844420850276947,0.212751567363739,-0.7227597832679749,0.4927676022052765,0.015511954203248024,-0.06475402414798737,0.34234872460365295,-0.7227597832679749,0.7450807690620422,Microbe,Moisture,Inside,Microbe | Moisture,Microbe | Moisture | Inside,Inside,Moisture treatment
1,Day 1,5,Tray 5,2,8,18,38083.57421875,25544.5,47886.28515625,38157.828125,66.836011342155,0.24332521855831146,0.2126847505569458,0.21712635457515717,-0.5169692039489746,0.7308488488197327,-0.10411620885133743,-0.08290360867977142,0.21640878915786743,-0.7094552516937256,0.5499650835990906,0.07769308239221573,0.0,0.40021756291389465,-0.7685165405273438,0.8052089214324951,Microbe,Moisture,Inside,Microbe | Moisture,Microbe | Moisture | Inside,Inside,Moisture treatment
1,Day 1,5,Tray 5,2,9,19,34352.12890625,24158.408203125,45093.42578125,39362.9296875,71.57372400756144,0.3095884621143341,0.2815041244029999,0.21607714891433716,-0.3354189991950989,0.7118450999259949,-0.03125084191560745,-0.06682297587394714,0.22541776299476624,-0.5890570282936096,0.6086956262588501,0.20043550431728363,0.3026106357574463,0.4156252443790436,-0.6425992846488953,0.8220188021659851,Microbe,Moisture,Inside,Microbe | Moisture,Microbe | Moisture | Inside,Inside,Moisture treatment
1,Day 1,5,Tray 5,2,10,20,35585.5625,24328.359375,43760.234375,36767.89453125,60.656899810964084,0.27991554141044617,0.2211417257785797,0.22429978847503662,-0.46356332302093506,0.7113908529281616,-0.040255364030599594,-0.06821442395448685,0.273215651512146,-0.7202268242835999,0.601165235042572,0.14057892560958862,0.18423938751220703,0.4343358874320984,-0.7202268242835999,0.8082191944122314,Microbe,Moisture,Inside,Microbe | Moisture,Microbe | Moisture | Inside,Inside,Moisture treatment
1,Day 1,5,Tray 5,3,1,21,16571.939453125,14749.3818359375,30512.86328125,29917.115234375,83.40028355387523,0.3960181772708893,0.43875670433044434,0.20248524844646454,-0.2870268225669861,0.7672826647758484,0.041488442569971085,0.026346921920776367,0.22468645870685577,-0.5939745306968689,0.6123561263084412,0.3823966085910797,0.45131075382232666,0.2928999960422516,-0.4903600513935089,0.7848728895187378,Microbe,Moisture,Inside,Microbe | Moisture,Microbe | Moisture | Inside,Inside,Moisture treatment
1,Day 1,5,Tray 5,3,2,22,16064.880859375,12271.599609375,26306.7421875,28408.751953125,91.03260869565217,0.44130977988243103,0.4822642207145691,0.1821499913930893,-0.14216399192810059,0.7971014380455017,0.07813985645771027,0.08353061974048615,0.2252836525440216,-0.5003855228424072,0.6550532579421997,0.3485606610774994,0.44026678800582886,0.3185650706291199,-0.5912181735038757,0.7842789888381958,Microbe,Moisture,Inside,Microbe | Moisture,Microbe | Moisture | Inside,Inside,Moisture treatment
1,Day 1,5,Tray 5,3,3,23,14759.943359375,7881.24755859375,19176.587890625,23565.21875,98.0741965973535,0.49458563327789307,0.5165913105010986,0.14349260926246643,-0.30594226717948914,0.7673301100730896,0.10624103248119354,0.118340402841568,0.21392959356307983,-0.6413511037826538,0.6084828972816467,0.34193921089172363,0.44859668612480164,0.35838714241981506,-0.6653110980987549,0.7870047688484192,Microbe,Moisture,Inside,Microbe | Moisture,Microbe | Moisture | Inside,Inside,Moisture treatment
1,Day 1,5,Tray 5,3,4,24,31975.923828125,16190.169921875,36047.5859375,27792.962890625,73.94848771266541,0.330343633890152,0.39471903443336487,0.25952211022377014,-0.5533435344696045,0.8029243350028992,-0.06747809052467346,-0.07466211915016174,0.2661803960800171,-0.6765608787536621,0.5931279063224792,0.08171721547842026,0.15518900752067566,0.3835013806819916,-0.6793110370635986,0.7775022983551025,Microbe,Moisture,Inside,Microbe | Moisture,Microbe | Moisture | Inside,Inside,Moisture treatment
1,Day 1,5,Tray 5,3,5,25,28476.443359375,14785.11328125,33790.66796875,24907.58984375,76.12240075614368,0.3345198929309845,0.42699742317199707,0.26016727089881897,-0.4613649249076843,0.7467778325080872,-0.07725349813699722,-0.05999618023633957,0.2555464506149292,-0.6545454263687134,0.5604395866394043,0.11963173747062683,0.2642971873283386,0.38772374391555786,-0.6545454263687134,0.730501651763916,Microbe,Moisture,Inside,Microbe | Moisture,Microbe | Moisture | Inside,Inside,Moisture treatment
1,Day 1,5,Tray 5,3,6,26,34713.80078125,18365.099609375,37084.06640625,29155.291015625,68.59640831758034,0.3104039132595062,0.35208794474601746,0.2556643486022949,-0.4713493585586548,0.7673851251602173,-0.07268761843442917,-0.10096581280231476,0.2635304629802704,-0.7009345889091492,0.6157839894294739,0.051492247730493546,0.05230237543582916,0.4038909673690796,-0.7105262875556946,0.7526450157165527,Microbe,Moisture,Inside,Microbe | Moisture,Microbe | Moisture | Inside,Inside,Moisture treatment
1,Day 1,5,Tray 5,3,7,27,32781.40625,20482.181640625,39039.109375,32715.87890625,69.78969754253308,0.31135109066963196,0.34717756509780884,0.2472473680973053,-0.4221179187297821,0.7737162709236145,-0.042319077998399734,-0.0796203538775444,0.24655529856681824,-0.656218409538269,0.6128728985786438,0.12493925541639328,0.19379287958145142,0.41524672508239746,-0.656218409538269,0.7909291982650757,Microbe,Moisture,Inside,Microbe | Moisture,Microbe | Moisture | Inside,Inside,Moisture treatment
1,Day 1,5,Tray 5,3,8,28,40303.19140625,24927.787109375,45151.6640625,38541.8046875,64.49669187145558,0.2731615900993347,0.20549321174621582,0.2350327968597412,-0.5183044075965881,0.7519890069961548,-0.04661748185753822,-0.07536764442920685,0.24613545835018158,-0.721673309803009,0.5234954953193665,0.0725959837436676,-0.06198132783174515,0.4442903995513916,-0.7340673208236694,0.80625319480896,Microbe,Moisture,Inside,Microbe | Moisture,Microbe | Moisture | Inside,Inside,Moisture treatment
1,Day 1,5,Tray 5,3,9,29,36373.04296875,22925.986328125,44475.28125,38493.79296875,71.47920604914934,0.3018130660057068,0.299461305141449,0.23624564707279205,-0.4805825352668762,0.7441637516021729,-0.03322802856564522,-0.06835377216339111,0.2468949258327484,-0.6904024481773376,0.5900945067405701,0.13940848410129547,0.07217757403850555,0.4048093855381012,-0.6545454263687134,0.8015963435173035,Microbe,Moisture,Inside,Microbe | Moisture,Microbe | Moisture | Inside,Inside,Moisture treatment
1,Day 1,5,Tray 5,3,10,30,35593.578125,22998.302734375,39094.90625,36007.4140625,69.18714555765595,0.3009432554244995,0.2884349226951599,0.19788552820682526,-0.5082886815071106,0.7321586012840271,-0.0004804086056537926,-0.040859125554561615,0.26017671823501587,-0.7578879594802856,0.6148041486740112,0.11882635951042175,0.12145938724279404,0.45277130603790283,-0.780434787273407,0.8040345907211304,Microbe,Moisture,Inside,Microbe | Moisture,Microbe | Moisture | Inside,Inside,Moisture treatment
1,Day 1,5,Tray 5,4,1,31,18697.732421875,14161.0205078125,28235.501953125,29831.056640625,86.11767485822305,0.4161371886730194,0.45933443307876587,0.19745995104312897,-0.10789211094379425,0.7763158082962036,0.08773278445005417,0.10000000149011612,0.22182351350784302,-0.41818180680274963,0.640544056892395,0.34101104736328125,0.4272683262825012,0.3232330083847046,-0.7245736122131348,0.7763200998306274,Microbe,Moisture,Inside,Microbe | Moisture,Microbe | Moisture | Inside,Inside,Moisture treatment
1,Day 1,5,Tray 5,4,2,32,21823.861328125,12596.537109375,25876.248046875,27099.552734375,88.01984877126654,0.4087749421596527,0.4352419376373291,0.2004404366016388,-0.41377246379852295,0.7956252098083496,0.06640493124723434,0.05336635932326317,0.24584951996803284,-0.6383539438247681,0.6849401593208313,0.22392383217811584,0.3649281859397888,0.4125129282474518,-0.7019950151443481,0.7902227640151978,Microbe,Moisture,Inside,Microbe | Moisture,Microbe | Moisture | Inside,Inside,Moisture treatment
1,Day 1,5,Tray 5,4,3,33,29048.408203125,14701.9189453125,29940.51953125,29223.720703125,83.24669187145558,0.38199758529663086,0.4255869388580322,0.2099030464887619,-0.29511401057243347,0.8117229342460632,0.03309739753603935,0.028839223086833954,0.24250106513500214,-0.6592382788658142,0.7136752009391785,0.13427604734897614,0.18865785002708435,0.4028780460357666,-0.6935483813285828,0.7879064083099365,Microbe,Moisture,Inside,Microbe | Moisture,Microbe | Moisture | Inside,Inside,Moisture treatment
1,Day 1,5,Tray 5,4,4,34,32351.046875,13705.533203125,30505.408203125,26480.16015625,83.34120982986768,0.3740094304084778,0.4118052124977112,0.21505655348300934,-0.4423791766166687,0.8135592937469482,-0.011225197464227676,-0.040851883590221405,0.2537451386451721,-0.6319290399551392,0.6832125186920166,0.060266539454460144,0.0647021159529686,0.36712896823883057,-0.6684492230415344,0.7640963196754456,Microbe,Moisture,Inside,Microbe | Moisture,Microbe | Moisture | Inside,Inside,Moisture treatment
1,Day 1,5,Tray 5,4,5,35,39876.96484375,18753.306640625,38536.84765625,31807.0625,75.04725897920605,0.33220043778419495,0.39712950587272644,0.2341991513967514,-0.34264132380485535,0.7475961446762085,-0.05532141402363777,-0.07100823521614075,0.19116061925888062,-0.5325238704681396,0.5163701772689819,0.008438809774816036,-0.07565011829137802,0.3298886716365814,-0.6872682571411133,0.7019867300987244,Microbe,Moisture,Inside,Microbe | Moisture,Microbe | Moisture | Inside,Inside,Moisture treatment
1,Day 1,5,Tray 5,4,6,36,35727.7265625,20255.193359375,39779.92578125,33282.03515625,70.16776937618148,0.3209749162197113,0.34658336639404297,0.24166546761989594,-0.40141260623931885,0.7576547265052795,-0.041973527520895004,-0.07886192947626114,0.22743499279022217,-0.6482189297676086,0.5351598262786865,0.09026619046926498,0.08644638955593109,0.39467528462409973,-0.6834532618522644,0.7889475226402283,Microbe,Moisture,Inside,Microbe | Moisture,Microbe | Moisture | Inside,Inside,Moisture treatment
1,Day 1,5,Tray 5,4,7,37,38521.0390625,22094.115234375,41257.33203125,37200.046875,71.64461247637051,0.3237949311733246,0.3292917013168335,0.2404434233903885,-0.43412160873413086,0.7771883010864258,-0.0110033443197608,-0.06543606519699097,0.24609819054603577,-0.66768479347229,0.5933002829551697,0.08915229886770248,-0.055544592440128326,0.4075217843055725,-0.7101691365242004,0.8044784069061279,Microbe,Moisture,Inside,Microbe | Moisture,Microbe | Moisture | Inside,Inside,Moisture treatment
1,Day 1,5,Tray 5,4,8,38,36028.76171875,21150.599609375,38818.44921875,35438.1640625,73.58223062381852,0.3294779062271118,0.32930514216423035,0.23513244092464447,-0.3770768940448761,0.814109742641449,0.0037952258717268705,-0.06136416643857956,0.28671354055404663,-0.6659886240959167,0.7441986203193665,0.1199926808476448,0.07635260373353958,0.4603204131126404,-0.7351694703102112,0.8219658732414246,Microbe,Moisture,Inside,Microbe | Moisture,Microbe | Moisture | Inside,Inside,Moisture treatment
1,Day 1,5,Tray 5,4,9,39,31542.248046875,20729.0234375,38376.53125,35843.140625,77.72920604914934,0.34101638197898865,0.3450184464454651,0.21463021636009216,-0.3663250505924225,0.8104294538497925,0.009873769246041775,-0.05980253592133522,0.2564806044101715,-0.6090373396873474,0.729916512966156,0.18099120259284973,0.21008683741092682,0.4245406985282898,-0.6609206795692444,0.8323178291320801,Microbe,Moisture,Inside,Microbe | Moisture,Microbe | Moisture | Inside,Inside,Moisture treatment
1,Day 1,5,Tray 5,4,10,40,37851.9921875,22798.173828125,40073.7578125,36228.0703125,69.63610586011342,0.2966896891593933,0.2572741210460663,0.20143680274486542,-0.3145180642604828,0.7959060668945312,-0.012248053215444088,-0.06724002957344055,0.2712702751159668,-0.6595655679702759,0.7046029567718506,0.08802488446235657,-0.02767249196767807,0.40990129113197327,-0.7552507519721985,0.7981109619140625,Microbe,Moisture,Inside,Microbe | Moisture,Microbe | Moisture | Inside,Inside,Moisture treatment
1,Day 1,5,Tray 5,5,1,41,26512.357421875,17218.625,33092.82421875,31728.2109375,75.55529300567107,0.35025060176849365,0.3427191376686096,0.21122227609157562,-0.18015845119953156,0.7861553430557251,0.04151368513703346,-0.013237135484814644,0.2583715617656708,-0.49472862482070923,0.7191116809844971,0.19872410595417023,0.23845331370830536,0.3405945599079132,-0.5938661694526672,0.7806666493415833,Microbe,Moisture,Inside,Microbe | Moisture,Microbe | Moisture | Inside,Inside,Moisture treatment
1,Day 1,5,Tray 5,5,2,42,35787.59765625,17967.171875,34722.94921875,32639.923828125,76.07514177693761,0.3556661009788513,0.3639744818210602,0.21585233509540558,-0.2887859642505646,0.8079345226287842,0.02995251677930355,0.0018192026764154434,0.24675697088241577,-0.6538283228874207,0.7109670639038086,0.08021898567676544,-0.022651124745607376,0.38193172216415405,-0.682415783405304,0.7833632826805115,Microbe,Moisture,Inside,Microbe | Moisture,Microbe | Moisture | Inside,Inside,Moisture treatment
1,Day 1,5,Tray 5,5,3,43,30363.3984375,13960.046875,29411.51953125,29738.19140625,85.25519848771268,0.3974285125732422,0.455583393573761,0.23145294189453125,-0.4511599540710449,0.8033986687660217,0.05004468932747841,0.06730816513299942,0.2537565231323242,-0.6399679780006409,0.6150165796279907,0.1116027757525444,0.15731766819953918,0.391416996717453,-0.6629441380500793,0.7743557691574097,Microbe,Moisture,Inside,Microbe | Moisture,Microbe | Moisture | Inside,Inside,Moisture treatment
1,Day 1,5,Tray 5,5,4,44,37887.9921875,17264.0703125,35157.671875,29597.4375,74.1257088846881,0.32913339138031006,0.36054688692092896,0.23454135656356812,-0.4053415358066559,0.7868584394454956,-0.03200140967965126,-0.08389626443386078,0.24333526194095612,-0.5765158534049988,0.6378645896911621,0.011288776062428951,-0.09459701180458069,0.3527376055717468,-0.7409703135490417,0.7289659380912781,Microbe,Moisture,Inside,Microbe | Moisture,Microbe | Moisture | Inside,Inside,Moisture treatment
1,Day 1,5,Tray 5,5,5,45,42364.9140625,20408.65625,39601.703125,32914.04296875,66.81238185255198,0.3141118586063385,0.36690372228622437,0.2431764006614685,-0.38347458839416504,0.8114172220230103,-0.03977875038981438,-0.07775021344423294,0.22062693536281586,-0.6585366129875183,0.6197143793106079,-0.02088162489235401,-0.10110244899988174,0.33778253197669983,-0.6575592160224915,0.7589142918586731,Microbe,Moisture,Inside,Microbe | Moisture,Microbe | Moisture | Inside,Inside,Moisture treatment
1,Day 1,5,Tray 5,5,6,46,41727.8046875,21797.064453125,43198.1640625,35472.87890625,69.6242911153119,0.3081570863723755,0.30662351846694946,0.2225770652294159,-0.32603055238723755,0.7680496573448181,-0.053713101893663406,-0.09711989015340805,0.1929040104150772,-0.600860059261322,0.5240098237991333,0.024541586637496948,-0.10309011489152908,0.34881094098091125,-0.6872682571411133,0.7898377180099487,Microbe,Moisture,Inside,Microbe | Moisture,Microbe | Moisture | Inside,Inside,Moisture treatment
1,Day 1,5,Tray 5,5,7,47,42103.23046875,23832.87890625,43881.51171875,38563.953125,72.43620037807183,0.30377650260925293,0.24618473649024963,0.23286551237106323,-0.40819022059440613,0.7857764959335327,-0.025739118456840515,-0.07430970668792725,0.23715874552726746,-0.6565533876419067,0.5883122682571411,0.0554133839905262,-0.07146236300468445,0.3878028690814972,-0.7184221744537354,0.7994269132614136,Microbe,Moisture,Inside,Microbe | Moisture,Microbe | Moisture | Inside,Inside,Moisture treatment
1,Day 1,5,Tray 5,5,8,48,37890.859375,21735.51953125,41899.3203125,37232.39453125,72.47164461247637,0.32868629693984985,0.3288586735725403,0.2399468868970871,-0.41638609766960144,0.8001229763031006,-0.008942827582359314,-0.06193092465400696,0.2557334303855896,-0.6687041521072388,0.6327725052833557,0.10163038223981857,0.029515566304326057,0.41819071769714355,-0.6974093317985535,0.8106603026390076,Microbe,Moisture,Inside,Microbe | Moisture,Microbe | Moisture | Inside,Inside,Moisture treatment
1,Day 1,5,Tray 5,5,9,49,40667.68359375,23972.671875,42943.89453125,40254.53125,72.31805293005671,0.32045790553092957,0.2685551643371582,0.22616638243198395,-0.5838180780410767,0.7965599298477173,0.02076445147395134,-0.06997915357351303,0.27159133553504944,-0.6938986778259277,0.7225841283798218,0.1046164482831955,-0.037498101592063904,0.41648709774017334,-0.772343635559082,0.8196514248847961,Microbe,Moisture,Inside,Microbe | Moisture,Microbe | Moisture | Inside,Inside,Moisture treatment
1,Day 1,5,Tray 5,5,10,50,43166.01953125,24642.94140625,44416.71484375,38938.828125,67.3086011342155,0.28335297107696533,0.22692632675170898,0.2109113186597824,-0.33253803849220276,0.776032567024231,-0.017737247049808502,-0.08286205679178238,0.25277993083000183,-0.6806895136833191,0.637269914150238,0.03249646723270416,-0.07765920460224152,0.3706638514995575,-0.705184280872345,0.8078556060791016,Microbe,Moisture,Inside,Microbe | Moisture,Microbe | Moisture | Inside,Inside,Moisture treatment
1,Day 1,5,Tray 5,6,1,51,39846.18359375,21419.927734375,42194.02734375,33939.578125,58.353024574669185,0.2755049765110016,0.18468153476715088,0.21630069613456726,-0.3341977298259735,0.7703381180763245,-0.04676226153969765,-0.15258052945137024,0.23754768073558807,-0.5646986365318298,0.6452174186706543,0.0205060001462698,-0.13759762048721313,0.3426530659198761,-0.6568885445594788,0.7701612710952759,Microbe,Moisture,Inside,Microbe | Moisture,Microbe | Moisture | Inside,Inside,Moisture treatment
1,Day 1,5,Tray 5,6,2,52,30303.146484375,18955.70703125,38253.69140625,33824.10546875,76.45321361058602,0.3298282325267792,0.3148173391819,0.20145702362060547,-0.19356074929237366,0.7876217365264893,-0.008517676964402199,-0.06782272458076477,0.22816364467144012,-0.5276595950126648,0.6634860038757324,0.15989921987056732,0.16638441383838654,0.33658331632614136,-0.5492957830429077,0.7580888867378235,Microbe,Moisture,Inside,Microbe | Moisture,Microbe | Moisture | Inside,Inside,Moisture treatment
1,Day 1,5,Tray 5,6,3,53,30581.3828125,15890.6826171875,33724.94921875,31351.697265625,79.54867674858222,0.3663945198059082,0.41985228657722473,0.22811990976333618,-0.394059419631958,0.8032048344612122,0.005373500287532806,0.003627188503742218,0.25862348079681396,-0.6525423526763916,0.6514840126037598,0.1295744776725769,0.20792677998542786,0.39659979939460754,-0.676217794418335,0.7875950932502747,Microbe,Moisture,Inside,Microbe | Moisture,Microbe | Moisture | Inside,Inside,Moisture treatment
1,Day 1,5,Tray 5,6,4,54,41810.53125,19514.1015625,40671.1953125,32245.9765625,68.73818525519849,0.2985665798187256,0.32221248745918274,0.2539283037185669,-0.38208410143852234,0.7875726819038391,-0.06269236654043198,-0.07871033251285553,0.246527761220932,-0.6532098054885864,0.5676117539405823,-0.03030218556523323,-0.13059084117412567,0.3251122534275055,-0.6509316563606262,0.7208632826805115,Microbe,Moisture,Inside,Microbe | Moisture,Microbe | Moisture | Inside,Inside,Moisture treatment
1,Day 1,5,Tray 5,6,5,55,37601.4375,17875.103515625,37779.41796875,30181.28515625,67.58034026465029,0.33120426535606384,0.4210270345211029,0.2707398235797882,-0.4418744444847107,0.8046948313713074,-0.04824218526482582,-0.04827291518449783,0.2623123228549957,-0.662269115447998,0.6388601064682007,0.045324090868234634,-0.06923277676105499,0.38780370354652405,-0.6301751732826233,0.7638975381851196,Microbe,Moisture,Inside,Microbe | Moisture,Microbe | Moisture | Inside,Inside,Moisture treatment
1,Day 1,5,Tray 5,6,6,56,46278.3984375,23472.5546875,47350.43359375,36792.40234375,66.52882797731569,0.2770307958126068,0.21612179279327393,0.22278401255607605,-0.507890522480011,0.7604959011077881,-0.09517945349216461,-0.11246943473815918,0.1944171041250229,-0.6949503421783447,0.5869396328926086,-0.033664584159851074,-0.11050847172737122,0.29301217198371887,-0.6912442445755005,0.738916277885437,Microbe,Moisture,Inside,Microbe | Moisture,Microbe | Moisture | Inside,Inside,Moisture treatment
1,Day 1,5,Tray 5,6,7,57,45773.6328125,26244.75,48779.46875,41794.51953125,67.69848771266541,0.28123340010643005,0.21869540214538574,0.21979989111423492,-0.39067134261131287,0.7780658602714539,-0.04491598531603813,-0.08376339823007584,0.20845384895801544,-0.5765158534049988,0.6387520432472229,0.035481322556734085,-0.08197371661663055,0.34726983308792114,-0.6301751732826233,0.8085165619850159,Microbe,Moisture,Inside,Microbe | Moisture,Microbe | Moisture | Inside,Inside,Moisture treatment
1,Day 1,5,Tray 5,6,8,58,37311.15234375,21915.37109375,42794.06640625,36965.2890625,70.00236294896031,0.299905389547348,0.2649869918823242,0.24734362959861755,-0.48471614718437195,0.8095238208770752,-0.04091901704668999,-0.08813254535198212,0.27017635107040405,-0.6834532618522644,0.5791229605674744,0.0891810730099678,0.07539813220500946,0.4185912311077118,-0.6949503421783447,0.8048511743545532,Microbe,Moisture,Inside,Microbe | Moisture,Microbe | Moisture | Inside,Inside,Moisture treatment
1,Day 1,5,Tray 5,6,9,59,39949.76171875,22829.609375,44651.53515625,39102.609375,72.35349716446125,0.3100869655609131,0.28547221422195435,0.24340808391571045,-0.48731720447540283,0.779738187789917,-0.018876709043979645,-0.08721625059843063,0.26654985547065735,-0.7155424952507019,0.5967496037483215,0.0821576789021492,-0.02434331364929676,0.38378262519836426,-0.7155424952507019,0.7948999404907227,Microbe,Moisture,Inside,Microbe | Moisture,Microbe | Moisture | Inside,Inside,Moisture treatment
1,Day 1,5,Tray 5,6,10,60,44010.3671875,24736.04296875,46420.9921875,37482.0703125,58.636578449905485,0.2506532073020935,0.20052151381969452,0.22205983102321625,-0.42550182342529297,0.7903483510017395,-0.07123486697673798,-0.10434161126613617,0.2481023371219635,-0.6522089838981628,0.6087678670883179,-0.0013444125652313232,-0.09641611576080322,0.3697313964366913,-0.6831072568893433,0.794898509979248,Microbe,Moisture,Inside,Microbe | Moisture,Microbe | Moisture | Inside,Inside,Moisture treatment
1,Day 1,5,Tray 5,7,1,61,29127.4921875,17886.6484375,37337.93359375,31334.416015625,70.39224952741021,0.3233307898044586,0.3108402192592621,0.2373143583536148,-0.4449968934059143,0.774193525314331,-0.02259603887796402,-0.08399556577205658,0.2652057111263275,-0.6575342416763306,0.6081632375717163,0.16717955470085144,0.2637297511100769,0.3763050138950348,-0.6731358766555786,0.7633248567581177,Microbe,Moisture,Inside,Microbe | Moisture,Microbe | Moisture | Inside,Inside,Moisture treatment
1,Day 1,5,Tray 5,7,2,62,34683.62109375,20650.32421875,42220.9609375,33826.44140625,66.7414933837429,0.289453387260437,0.2275700867176056,0.22673653066158295,-0.48838821053504944,0.782362699508667,-0.0564277246594429,-0.1373671144247055,0.2569204568862915,-0.7466410994529724,0.6742731928825378,0.10001261532306671,0.009418520145118237,0.33480530977249146,-0.5138099789619446,0.7782719135284424,Microbe,Moisture,Inside,Microbe | Moisture,Microbe | Moisture | Inside,Inside,Moisture treatment
1,Day 1,5,Tray 5,7,3,63,41476.28515625,21454.765625,44308.54296875,33750.49609375,61.578449905482046,0.26402729749679565,0.22126111388206482,0.2414163202047348,-0.43986600637435913,0.741763710975647,-0.08538572490215302,-0.15035268664360046,0.2592966556549072,-0.7184221744537354,0.5677039623260498,-0.006758429575711489,-0.1457768678665161,0.3557394742965698,-0.6595744490623474,0.7870887517929077,Microbe,Moisture,Inside,Microbe | Moisture,Microbe | Moisture | Inside,Inside,Moisture treatment
1,Day 1,5,Tray 5,7,4,64,39248.703125,19013.54296875,39859.97265625,30826.5,67.13137996219281,0.29744574427604675,0.28983306884765625,0.25953730940818787,-0.5470941662788391,0.7996219396591187,-0.06747571378946304,-0.13865280151367188,0.2690531611442566,-0.7205467820167542,0.6792929172515869,0.006933583877980709,-0.15539254248142242,0.39188218116760254,-0.7058945894241333,0.7436051964759827,Microbe,Moisture,Inside,Microbe | Moisture,Microbe | Moisture | Inside,Inside,Moisture treatment
1,Day 1,5,Tray 5,7,5,65,43163.38671875,20618.08984375,43100.05859375,32650.876953125,65.13468809073724,0.2884346544742584,0.28604525327682495,0.24731269478797913,-0.32674452662467957,0.7952964305877686,-0.08602454513311386,-0.13892365992069244,0.23735478520393372,-0.5748099684715271,0.5890411138534546,-0.024151276797056198,-0.14995788037776947,0.3357203006744385,-0.6205312609672546,0.7202106714248657,Microbe,Moisture,Inside,Microbe | Moisture,Microbe | Moisture | Inside,Inside,Moisture treatment
1,Day 1,5,Tray 5,7,6,66,47043.9296875,24265.224609375,47788.921875,35489.484375,56.238185255198495,0.2462500035762787,0.17613227665424347,0.24566036462783813,-0.5178740620613098,0.748340368270874,-0.1106456071138382,-0.1294993758201599,0.2189648300409317,-0.7148241400718689,0.454264760017395,-0.05313734710216522,-0.13231024146080017,0.30079370737075806,-0.6841455698013306,0.7117456793785095,Microbe,Moisture,Inside,Microbe | Moisture,Microbe | Moisture | Inside,Inside,Moisture treatment
1,Day 1,5,Tray 5,7,7,67,42304.12890625,26045.259765625,49905.140625,39066.640625,61.87381852551985,0.24528419971466064,0.18368463218212128,0.2254684716463089,-0.4917251169681549,0.7724581956863403,-0.09744782000780106,-0.10750506818294525,0.20908223092556,-0.6758747696876526,0.574351966381073,0.044616833329200745,-0.08454260230064392,0.3436710238456726,-0.6813796162605286,0.814407229423523,Microbe,Moisture,Inside,Microbe | Moisture,Microbe | Moisture | Inside,Inside,Moisture treatment
1,Day 1,5,Tray 5,7,8,68,46132.59375,27474.875,50873.953125,41453.6171875,61.92107750472589,0.24692343175411224,0.19123351573944092,0.2500041127204895,-0.47353604435920715,0.8131428360939026,-0.07171665877103806,-0.10243640094995499,0.2384403496980667,-0.6435881853103638,0.6684018969535828,0.03287210315465927,-0.09697294235229492,0.3839794993400574,-0.6435881853103638,0.7986977696418762,Microbe,Moisture,Inside,Microbe | Moisture,Microbe | Moisture | Inside,Inside,Moisture treatment
1,Day 1,5,Tray 5,7,9,69,35808.62890625,24647.904296875,45881.359375,39262.70703125,63.69328922495274,0.28077322244644165,0.20847290754318237,0.24490249156951904,-0.3931554853916168,0.7920936942100525,-0.029369115829467773,-0.10184313356876373,0.25865334272384644,-0.6010321378707886,0.652671754360199,0.1696995198726654,0.09848064184188843,0.3908078968524933,-0.6052528619766235,0.8002936840057373,Microbe,Moisture,Inside,Microbe | Moisture,Microbe | Moisture | Inside,Inside,Moisture treatment
1,Day 1,5,Tray 5,7,10,70,40043.83984375,24101.9296875,45712.8828125,36506.78515625,56.40359168241966,0.25196927785873413,0.18881645798683167,0.2287256270647049,-0.4631975293159485,0.7749582529067993,-0.06332419812679291,-0.11262056976556778,0.2582755386829376,-0.685844361782074,0.6635404229164124,0.06530890613794327,-0.06877981871366501,0.37195536494255066,-0.6224247217178345,0.7795681357383728,Microbe,Moisture,Inside,Microbe | Moisture,Microbe | Moisture | Inside,Inside,Moisture treatment
1,Day 1,6,Tray 6,1,1,1,36919.20703125,24258.171875,46553.6015625,35170.6484375,49.94092627599244,0.2391279637813568,0.14950478076934814,0.23357385396957397,-0.4425460696220398,0.7551853060722351,-0.09060114622116089,-0.16637161374092102,0.2324242740869522,-0.6745042204856873,0.559149444103241,0.12648960947990417,0.0009997142478823662,0.41139286756515503,-0.6745042204856873,0.7736522555351257,Microbe,Heat,Alternating,Microbe | Heat,Microbe | Heat | Alternating,Inside,Always watered
1,Day 1,6,Tray 6,1,2,2,28616.2578125,19952.3828125,39704.53125,33162.98828125,68.59640831758034,0.3035631775856018,0.2913871705532074,0.24008235335350037,-0.410793662071228,0.7659504413604736,-0.036028653383255005,-0.09641170501708984,0.25492140650749207,-0.6508768200874329,0.5205874443054199,0.20794713497161865,0.28268468379974365,0.35632824897766113,-0.6508768200874329,0.7842152118682861,Microbe,Heat,Alternating,Microbe | Heat,Microbe | Heat | Alternating,Inside,Always watered
1,Day 1,6,Tray 6,1,3,3,26356.107421875,21303.013671875,40325.984375,35061.32421875,62.96077504725898,0.31024083495140076,0.2739339768886566,0.22043181955814362,-0.2599118947982788,0.7455489635467529,-0.018672335892915726,-0.08271908015012741,0.22147423028945923,-0.6378772258758545,0.5130152106285095,0.28131741285324097,0.38326507806777954,0.3406062722206116,-0.5082873106002808,0.7957054972648621,Microbe,Heat,Alternating,Microbe | Heat,Microbe | Heat | Alternating,Inside,Always watered
1,Day 1,6,Tray 6,1,4,4,25044.572265625,18928.783203125,36177.75,33307.41796875,72.117202268431,0.34243667125701904,0.3681887090206146,0.20938800275325775,-0.2942620515823364,0.8173287510871887,-0.0004089915310032666,-0.029944535344839096,0.2135535627603531,-0.5558134913444519,0.6962312459945679,0.2676844596862793,0.360723614692688,0.3420688211917877,-0.5974254012107849,0.7953150868415833,Microbe,Heat,Alternating,Microbe | Heat,Microbe | Heat | Alternating,Inside,Always watered
1,Day 1,6,Tray 6,1,5,5,32323.228515625,18860.00390625,37527.66796875,31651.267578125,71.37287334593573,0.3230862319469452,0.371554434299469,0.23398922383785248,-0.46792787313461304,0.7721518874168396,-0.03659462183713913,-0.0508759543299675,0.2512301504611969,-0.675189197063446,0.6310418844223022,0.14474335312843323,0.23954206705093384,0.39722779393196106,-0.7282127141952515,0.7936210036277771,Microbe,Heat,Alternating,Microbe | Heat,Microbe | Heat | Alternating,Inside,Always watered
1,Day 1,6,Tray 6,1,6,6,35794.22265625,19333.099609375,40148.4921875,31824.3828125,69.00992438563327,0.30426058173179626,0.3543323576450348,0.25737518072128296,-0.5376737117767334,0.75,-0.07151726633310318,-0.09759098291397095,0.26441729068756104,-0.7345413565635681,0.5590753555297852,0.08119463920593262,0.10574312508106232,0.4048977792263031,-0.7897727489471436,0.7169049978256226,Microbe,Heat,Alternating,Microbe | Heat,Microbe | Heat | Alternating,Inside,Always watered
1,Day 1,6,Tray 6,1,7,7,37428.12109375,19513.51953125,40121.359375,31594.9375,69.08081285444234,0.3036156892776489,0.35960155725479126,0.25137683749198914,-0.46352484822273254,0.7403899431228638,-0.07053855806589127,-0.08922610431909561,0.2666988670825958,-0.7034109830856323,0.5585079193115234,0.04623498022556305,-0.061354368925094604,0.37343430519104004,-0.6893564462661743,0.7311620116233826,Microbe,Heat,Alternating,Microbe | Heat,Microbe | Heat | Alternating,Inside,Always watered
1,Day 1,6,Tray 6,1,8,8,42285.30859375,25945.998046875,47656.86328125,38127.796875,59.46361058601134,0.25505512952804565,0.20843812823295593,0.22076325118541718,-0.31648558378219604,0.7658371329307556,-0.08400221914052963,-0.09214562177658081,0.22798429429531097,-0.7191435694694519,0.5901639461517334,0.05131950601935387,-0.07149866223335266,0.38053420186042786,-0.7567567825317383,0.8029898405075073,Microbe,Heat,Alternating,Microbe | Heat,Microbe | Heat | Alternating,Inside,Always watered
1,Day 1,6,Tray 6,1,9,9,44345.64453125,28672.07421875,49805.56640625,40707.35546875,51.72495274102079,0.2380068153142929,0.1599600613117218,0.21706607937812805,-0.4422919452190399,0.7648984789848328,-0.0791630670428276,-0.08390682935714722,0.21033421158790588,-0.6498791575431824,0.5608686208724976,0.05061430111527443,-0.07550886273384094,0.37866342067718506,-0.682070255279541,0.7773480415344238,Microbe,Heat,Alternating,Microbe | Heat,Microbe | Heat | Alternating,Inside,Always watered
1,Day 1,6,Tray 6,1,10,10,40000.82421875,26721.970703125,47920.16015625,39141.1484375,55.81285444234405,0.25043895840644836,0.1903214156627655,0.20905858278274536,-0.2852264940738678,0.7222413420677185,-0.0738876685500145,-0.08703333139419556,0.2267916053533554,-0.6172986030578613,0.555273175239563,0.08879362046718597,-0.04771653562784195,0.3717876374721527,-0.6188402771949768,0.8030462265014648,Microbe,Heat,Alternating,Microbe | Heat,Microbe | Heat | Alternating,Inside,Always watered
1,Day 1,6,Tray 6,2,1,11,28808.05859375,20824.369140625,41483.22265625,32035.236328125,63.78780718336484,0.2674609124660492,0.24119603633880615,0.26148438453674316,-0.4822510778903961,0.7812061905860901,-0.07455936819314957,-0.112638458609581,0.26159173250198364,-0.7262131571769714,0.6389402151107788,0.20335619151592255,0.3715532422065735,0.4276273846626282,-0.7366412281990051,0.7729559540748596,Microbe,Heat,Alternating,Microbe | Heat,Microbe | Heat | Alternating,Inside,Always watered
1,Day 1,6,Tray 6,2,2,12,24032.298828125,21179.142578125,39855.3046875,35279.6796875,65.9617202268431,0.317717581987381,0.3333333432674408,0.22949716448783875,-0.3996420204639435,0.791262149810791,-0.011964252218604088,-0.04248405247926712,0.21566574275493622,-0.6341361999511719,0.5531233549118042,0.3174099922180176,0.4399063289165497,0.33894777297973633,-0.5841392874717712,0.7965232133865356,Microbe,Heat,Alternating,Microbe | Heat,Microbe | Heat | Alternating,Inside,Always watered
1,Day 1,6,Tray 6,2,3,13,23044.34375,19541.91796875,38177.9375,32493.6640625,64.74480151228732,0.3149782121181488,0.2894211709499359,0.23607662320137024,-0.457016259431839,0.7931488752365112,-0.027490487322211266,-0.09601092338562012,0.2605482339859009,-0.6532297134399414,0.6841481328010559,0.29351767897605896,0.39533233642578125,0.3527582585811615,-0.7220353484153748,0.7938268184661865,Microbe,Heat,Alternating,Microbe | Heat,Microbe | Heat | Alternating,Inside,Always watered
1,Day 1,6,Tray 6,2,4,14,21225.58984375,17153.17578125,35183.515625,30615.564453125,73.77126654064273,0.34611091017723083,0.39136171340942383,0.21837382018566132,-0.26617610454559326,0.7705705761909485,-0.019953865557909012,-0.05987013131380081,0.23119646310806274,-0.5586724877357483,0.5880434513092041,0.2971244752407074,0.40045616030693054,0.3137664198875427,-0.5734870433807373,0.770983874797821,Microbe,Heat,Alternating,Microbe | Heat,Microbe | Heat | Alternating,Inside,Always watered
1,Day 1,6,Tray 6,2,5,15,23566.56640625,14020.48046875,32071.2734375,27080.62109375,83.73109640831758,0.37243062257766724,0.40927988290786743,0.21250219643115997,-0.3408085107803345,0.7864882349967957,-0.030980408191680908,-0.04835902154445648,0.24241390824317932,-0.6240333318710327,0.5925925970077515,0.22252562642097473,0.35769587755203247,0.38332653045654297,-0.7593985199928284,0.7887867093086243,Microbe,Heat,Alternating,Microbe | Heat,Microbe | Heat | Alternating,Inside,Always watered
1,Day 1,6,Tray 6,2,6,16,30451.87109375,17304.42578125,37779.5078125,29394.7421875,72.53071833648393,0.3286665976047516,0.39002931118011475,0.2303626984357834,-0.3818688988685608,0.7465437650680542,-0.06746566295623779,-0.08357875794172287,0.2272110879421234,-0.645900309085846,0.5245020389556885,0.13415297865867615,0.23774594068527222,0.3774693012237549,-0.6478873491287231,0.771530032157898,Microbe,Heat,Alternating,Microbe | Heat,Microbe | Heat | Alternating,Inside,Always watered
1,Day 1,6,Tray 6,2,7,17,33708.765625,19114.66796875,39647.515625,28295.58984375,65.71361058601134,0.28296348452568054,0.35750895738601685,0.2584867775440216,-0.4723659157752991,0.7089928984642029,-0.10521712154150009,-0.10486540198326111,0.24347487092018127,-0.6668954491615295,0.4544677138328552,0.07573533803224564,0.1796162724494934,0.38696837425231934,-0.7076730728149414,0.6639658808708191,Microbe,Heat,Alternating,Microbe | Heat,Microbe | Heat | Alternating,Inside,Always watered
1,Day 1,6,Tray 6,2,8,18,37101.19140625,25367.80078125,45738.34765625,35994.44921875,60.52693761814745,0.2529434561729431,0.22544822096824646,0.22459393739700317,-0.4064462184906006,0.7108594179153442,-0.0887148529291153,-0.07701835036277771,0.2157556414604187,-0.6736383438110352,0.5162790417671204,0.10386152565479279,0.047135546803474426,0.40669968724250793,-0.7069612145423889,0.7946385741233826,Microbe,Heat,Alternating,Microbe | Heat,Microbe | Heat | Alternating,Inside,Always watered
1,Day 1,6,Tray 6,2,9,19,36545.78515625,24882.484375,44528.00390625,36281.8359375,58.742911153119096,0.26612749695777893,0.2310183048248291,0.2299388200044632,-0.4179978668689728,0.719298243522644,-0.05755233019590378,-0.08319005370140076,0.252158522605896,-0.6944507956504822,0.5720040202140808,0.12419230490922928,0.042452871799468994,0.42645400762557983,-0.7191435694694519,0.8046125769615173,Microbe,Heat,Alternating,Microbe | Heat,Microbe | Heat | Alternating,Inside,Always watered
1,Day 1,6,Tray 6,2,10,20,33115.38671875,23780.306640625,43689.1796875,34529.07421875,62.64177693761815,0.2596242129802704,0.25960808992385864,0.23372463881969452,-0.4878688454627991,0.7028824687004089,-0.07227367907762527,-0.08822748064994812,0.26390165090560913,-0.6998754739761353,0.5790250897407532,0.14687299728393555,0.20411160588264465,0.4255603849887848,-0.7126725316047668,0.8250817060470581,Microbe,Heat,Alternating,Microbe | Heat,Microbe | Heat | Alternating,Inside,Always watered
1,Day 1,6,Tray 6,3,1,21,26758.087890625,19579.265625,39070.26953125,33607.64453125,69.234404536862,0.3244129717350006,0.37213337421417236,0.24703380465507507,-0.4591299593448639,0.7701975107192993,-0.01937532052397728,-0.028183039277791977,0.2442498654127121,-0.689704954624176,0.5890493392944336,0.2593918740749359,0.421621710062027,0.39443734288215637,-0.7069612145423889,0.7782844305038452,Microbe,Heat,Alternating,Microbe | Heat,Microbe | Heat | Alternating,Inside,Always watered
1,Day 1,6,Tray 6,3,2,22,19794.107421875,18093.830078125,34731.23046875,31882.404296875,70.26228733459358,0.34981998801231384,0.4329415559768677,0.26853421330451965,-0.39589619636535645,0.782608687877655,0.027387887239456177,0.03950729966163635,0.2634158134460449,-0.625829815864563,0.6010709404945374,0.3582036793231964,0.4956521689891815,0.35436517000198364,-0.6301751732826233,0.7766153812408447,Microbe,Heat,Alternating,Microbe | Heat,Microbe | Heat | Alternating,Inside,Always watered
1,Day 1,6,Tray 6,3,3,23,12881.6083984375,14206.0439453125,29293.19140625,31064.64453125,88.10255198487712,0.423893004655838,0.47271913290023804,0.18675881624221802,-0.16979362070560455,0.7737616896629333,0.07214467972517014,0.08119171857833862,0.2006055861711502,-0.4662123918533325,0.5566642880439758,0.4452991783618927,0.4763968586921692,0.21301443874835968,-0.6061972975730896,0.7751756310462952,Microbe,Heat,Alternating,Microbe | Heat,Microbe | Heat | Alternating,Inside,Always watered
1,Day 1,6,Tray 6,3,4,24,13787.1591796875,11137.6259765625,23908.384765625,27082.044921875,92.19045368620039,0.45408594608306885,0.49776676297187805,0.17896275222301483,-0.3788161873817444,0.7689655423164368,0.09048014879226685,0.11287175118923187,0.21943041682243347,-0.6447159051895142,0.6603031754493713,0.38080862164497375,0.46282723546028137,0.3149696886539459,-0.6931982636451721,0.7852042317390442,Microbe,Heat,Alternating,Microbe | Heat,Microbe | Heat | Alternating,Inside,Always watered
1,Day 1,6,Tray 6,3,5,25,16629.3203125,9097.171875,22888.345703125,24379.4140625,95.1913988657845,0.4607826769351959,0.4925172030925751,0.1624096781015396,-0.3284716010093689,0.7806993126869202,0.05727759376168251,0.08219143748283386,0.2184436172246933,-0.6077738404273987,0.5562412142753601,0.30898517370224,0.42901721596717834,0.36234796047210693,-0.6900536417961121,0.8036400675773621,Microbe,Heat,Alternating,Microbe | Heat,Microbe | Heat | Alternating,Inside,Always watered
1,Day 1,6,Tray 6,3,6,26,27154.263671875,13059.716796875,29876.5078125,24231.41796875,81.56899810964083,0.3750195801258087,0.46205273270606995,0.2537885010242462,-0.48673468828201294,0.7711864113807678,-0.028725849464535713,0.019041236490011215,0.27235713601112366,-0.7027027010917664,0.5807073712348938,0.14191479980945587,0.3208920359611511,0.42033693194389343,-0.7155424952507019,0.7335033416748047,Microbe,Heat,Alternating,Microbe | Heat,Microbe | Heat | Alternating,Inside,Always watered
1,Day 1,6,Tray 6,3,7,27,29969.15625,14576.103515625,33239.546875,26630.529296875,78.8397920604915,0.36358892917633057,0.4408442974090576,0.24293486773967743,-0.4024169147014618,0.7473884224891663,-0.04862551391124725,-0.04156060516834259,0.23652969300746918,-0.6137930750846863,0.5835756063461304,0.11421649903059006,0.262174129486084,0.39447614550590515,-0.6412825584411621,0.7277575135231018,Microbe,Heat,Alternating,Microbe | Heat,Microbe | Heat | Alternating,Inside,Always watered
1,Day 1,6,Tray 6,3,8,28,34450.15625,21542.0234375,42288.2890625,33336.54296875,69.61247637051041,0.2838306725025177,0.2955261170864105,0.23498207330703735,-0.5104493498802185,0.7224137783050537,-0.08428779244422913,-0.09353095293045044,0.24415777623653412,-0.7231352925300598,0.5143112540245056,0.10768874734640121,0.10841121524572372,0.416182279586792,-0.6821474432945251,0.8071773052215576,Microbe,Heat,Alternating,Microbe | Heat,Microbe | Heat | Alternating,Inside,Always watered
1,Day 1,6,Tray 6,3,9,29,32673.095703125,22399.4140625,40363.76953125,34752.05859375,65.1937618147448,0.30260297656059265,0.35633546113967896,0.25965437293052673,-0.5320113301277161,0.7357482314109802,-0.023065293207764626,-0.048491787165403366,0.26548245549201965,-0.7023487687110901,0.5804057121276855,0.16643312573432922,0.35592716932296753,0.4480511546134949,-0.7023487687110901,0.7926530838012695,Microbe,Heat,Alternating,Microbe | Heat,Microbe | Heat | Alternating,Inside,Always watered
1,Day 1,6,Tray 6,3,10,30,33463.95703125,22393.455078125,40645.5625,34628.1171875,64.02410207939508,0.2875884175300598,0.2626585364341736,0.2079802006483078,-0.3656136691570282,0.7476898431777954,-0.039123356342315674,-0.0671645849943161,0.25633931159973145,-0.6851851940155029,0.5940981507301331,0.13672611117362976,0.21247456967830658,0.4484996199607849,-0.7370095252990723,0.8041853308677673,Microbe,Heat,Alternating,Microbe | Heat,Microbe | Heat | Alternating,Inside,Always watered
1,Day 1,6,Tray 6,4,1,31,27129.818359375,18460.640625,37029.3828125,29899.318359375,65.6781663516068,0.2869669198989868,0.37796711921691895,0.30814990401268005,-0.5448321104049683,0.7770720720291138,-0.04393703117966652,-0.02280711755156517,0.31199607253074646,-0.7145881652832031,0.5842204093933105,0.2032865732908249,0.41956883668899536,0.4585860073566437,-0.7455242872238159,0.7699868679046631,Microbe,Heat,Alternating,Microbe | Heat,Microbe | Heat | Alternating,Inside,Always watered
1,Day 1,6,Tray 6,4,2,32,19107.27734375,16969.546875,32537.119140625,32478.787109375,74.75189035916824,0.3891600966453552,0.489574670791626,0.2604507505893707,-0.3413698673248291,0.7852389812469482,0.06502044945955276,0.10476315021514893,0.24240848422050476,-0.5659655928611755,0.546593189239502,0.36882856488227844,0.47536835074424744,0.32602035999298096,-0.5659655928611755,0.7762711644172668,Microbe,Heat,Alternating,Microbe | Heat,Microbe | Heat | Alternating,Inside,Always watered
1,Day 1,6,Tray 6,4,3,33,16701.185546875,14389.88671875,28533.75390625,31668.392578125,87.81899810964083,0.4253975749015808,0.47643381357192993,0.19087320566177368,-0.19823139905929565,0.7774001955986023,0.08772663027048111,0.09988941997289658,0.20173487067222595,-0.5140947103500366,0.566912829875946,0.38722896575927734,0.4471593499183655,0.25668802857398987,-0.43006810545921326,0.7779080271720886,Microbe,Heat,Alternating,Microbe | Heat,Microbe | Heat | Alternating,Inside,Always watered
1,Day 1,6,Tray 6,4,4,34,21150.541015625,11914.662109375,23960.859375,28687.732421875,93.1710775047259,0.4418024718761444,0.4734248220920563,0.15903888642787933,-0.15141338109970093,0.7362459301948547,0.10411756485700607,0.12337437272071838,0.1755066215991974,-0.6405215859413147,0.5377182960510254,0.2691962420940399,0.3870116174221039,0.33266064524650574,-0.703765332698822,0.734375,Microbe,Heat,Alternating,Microbe | Heat,Microbe | Heat | Alternating,Inside,Always watered
1,Day 1,6,Tray 6,4,5,35,18245.755859375,9594.3701171875,22927.4921875,26539.203125,95.64035916824196,0.46596989035606384,0.4866156578063965,0.16115649044513702,-0.16987265646457672,0.7994036078453064,0.08018653839826584,0.07135722041130066,0.22823472321033478,-0.5513380169868469,0.6244186162948608,0.27307748794555664,0.3465120792388916,0.31595176458358765,-0.6467500925064087,0.801699697971344,Microbe,Heat,Alternating,Microbe | Heat,Microbe | Heat | Alternating,Inside,Always watered
1,Day 1,6,Tray 6,4,6,36,28871.978515625,12845.18359375,28847.0703125,26172.892578125,84.86531190926276,0.40301641821861267,0.47491350769996643,0.22796353697776794,-0.41198769211769104,0.7662106156349182,0.01007756032049656,0.05223987251520157,0.22951176762580872,-0.5970265865325928,0.546397864818573,0.12744195759296417,0.3077790439128876,0.39101463556289673,-0.6468932032585144,0.6992126107215881,Microbe,Heat,Alternating,Microbe | Heat,Microbe | Heat | Alternating,Inside,Always watered
1,Day 1,6,Tray 6,4,7,37,25241.435546875,12750.765625,29359.185546875,24534.333984375,82.46691871455577,0.36006438732147217,0.43419361114501953,0.2536037266254425,-0.517241358757019,0.7742866277694702,-0.02846662700176239,0.007398825138807297,0.28224214911460876,-0.7601547241210938,0.5596755743026733,0.14011602103710175,0.3187347948551178,0.44820544123649597,-0.7685165405273438,0.7543739080429077,Microbe,Heat,Alternating,Microbe | Heat,Microbe | Heat | Alternating,Inside,Always watered
1,Day 1,6,Tray 6,4,8,38,33576.55859375,19016.876953125,36565.58984375,32264.20703125,73.83034026465029,0.33958274126052856,0.40715131163597107,0.23185254633426666,-0.44402891397476196,0.7937777638435364,-0.006264018826186657,-0.0066719651222229,0.2439751923084259,-0.659262478351593,0.61308753490448,0.11985382437705994,0.22485384345054626,0.42672160267829895,-0.749252438545227,0.7813088893890381,Microbe,Heat,Alternating,Microbe | Heat,Microbe | Heat | Alternating,Inside,Always watered
1,Day 1,6,Tray 6,4,9,39,36695.2578125,21729.623046875,39558.05859375,35644.6484375,68.63185255198488,0.3134476840496063,0.3339864909648895,0.22965870797634125,-0.4108635187149048,0.781451404094696,-0.009371907450258732,-0.056199438869953156,0.2530936896800995,-0.7253001928329468,0.6309612989425659,0.10383620113134384,-0.006722981575876474,0.4306841492652893,-0.7455242872238159,0.7960126996040344,Microbe,Heat,Alternating,Microbe | Heat,Microbe | Heat | Alternating,Inside,Always watered
1,Day 1,6,Tray 6,4,10,40,33366.67578125,19579.166015625,35766.15234375,32526.8125,71.40831758034027,0.3208851218223572,0.35634130239486694,0.2367519736289978,-0.40994662046432495,0.7895040512084961,0.004465912468731403,-0.0171513669192791,0.2942981719970703,-0.7103004455566406,0.6962268948554993,0.10549016296863556,0.09673728048801422,0.42415958642959595,-0.7597765326499939,0.8179551362991333,Microbe,Heat,Alternating,Microbe | Heat,Microbe | Heat | Alternating,Inside,Always watered
1,Day 1,6,Tray 6,5,1,41,34637.96484375,21074.142578125,39502.1015625,33221.46875,57.26606805293005,0.28804251551628113,0.24709373712539673,0.24590885639190674,-0.33615735173225403,0.8005808591842651,-0.018291784450411797,-0.07554540038108826,0.26223331689834595,-0.5884406566619873,0.6409335732460022,0.13695457577705383,0.23132184147834778,0.3969922363758087,-0.6353833675384521,0.7585284113883972,Microbe,Heat,Alternating,Microbe | Heat,Microbe | Heat | Alternating,Inside,Always watered
1,Day 1,6,Tray 6,5,2,42,27096.560546875,18345.826171875,34658.5390625,34014.69921875,74.6101134215501,0.3632394075393677,0.41502076387405396,0.23025460541248322,-0.27423229813575745,0.7779250741004944,0.050922293215990067,0.0523616261780262,0.23525331914424896,-0.5323686003684998,0.5735056400299072,0.2531956732273102,0.3802816867828369,0.3509027659893036,-0.5983606576919556,0.7757121324539185,Microbe,Heat,Alternating,Microbe | Heat,Microbe | Heat | Alternating,Inside,Always watered
1,Day 1,6,Tray 6,5,3,43,21460.37109375,14391.578125,27830.224609375,32152.990234375,86.94470699432893,0.4286248981952667,0.48286497592926025,0.20629549026489258,-0.33213430643081665,0.7905113697052002,0.11422325670719147,0.12822623550891876,0.21269187331199646,-0.580470860004425,0.5970977544784546,0.30666232109069824,0.39031147956848145,0.29898905754089355,-0.5368736982345581,0.7614678740501404,Microbe,Heat,Alternating,Microbe | Heat,Microbe | Heat | Alternating,Inside,Always watered
1,Day 1,6,Tray 6,5,4,44,24432.130859375,13940.51953125,27395.525390625,31459.3671875,89.75661625708885,0.43450358510017395,0.47417235374450684,0.18949629366397858,-0.4038834869861603,0.7710336446762085,0.10215184092521667,0.1031920313835144,0.20224310457706451,-0.5194805264472961,0.6118170022964478,0.2515328824520111,0.3576062321662903,0.3330666422843933,-0.5391843914985657,0.7629197239875793,Microbe,Heat,Alternating,Microbe | Heat,Microbe | Heat | Alternating,Inside,Always watered
1,Day 1,6,Tray 6,5,5,45,27027.359375,11939.9580078125,25596.970703125,28214.62109375,87.4054820415879,0.4269988536834717,0.47151559591293335,0.223414808511734,-0.3966292142868042,0.8073010444641113,0.07377452403306961,0.09849235415458679,0.2664642930030823,-0.637672483921051,0.6911271214485168,0.15848049521446228,0.2971351146697998,0.4185235798358917,-0.7429240345954895,0.795612633228302,Microbe,Heat,Alternating,Microbe | Heat,Microbe | Heat | Alternating,Inside,Always watered
1,Day 1,6,Tray 6,5,6,46,36771.0859375,16657.58984375,34328.3125,32077.806640625,80.11578449905483,0.3790780305862427,0.45195338129997253,0.2302292287349701,-0.3333333432674408,0.7745290994644165,0.01825510524213314,0.04467803239822388,0.2319057136774063,-0.6482189297676086,0.5406863689422607,0.06279253214597702,0.020139701664447784,0.34060290455818176,-0.6707466244697571,0.7060720324516296,Microbe,Heat,Alternating,Microbe | Heat,Microbe | Heat | Alternating,Inside,Always watered
1,Day 1,6,Tray 6,5,7,47,42940.62109375,22582.185546875,41423.90625,36056.40234375,63.82325141776938,0.30974406003952026,0.33058568835258484,0.23945336043834686,-0.4472392499446869,0.7809212803840637,-0.023618735373020172,-0.0779152438044548,0.22757086157798767,-0.6485507488250732,0.5597964525222778,0.024132350459694862,-0.08133086562156677,0.359707772731781,-0.6670058965682983,0.7437546253204346,Microbe,Heat,Alternating,Microbe | Heat,Microbe | Heat | Alternating,Inside,Always watered
1,Day 1,6,Tray 6,5,8,48,40961.234375,22558.82421875,42058.76171875,36262.3671875,68.14744801512288,0.3002871572971344,0.3272221088409424,0.23195303976535797,-0.43689319491386414,0.7394660711288452,-0.03327714651823044,-0.058389391750097275,0.2230711728334427,-0.6693844199180603,0.5527216196060181,0.04545678570866585,-0.06554809212684631,0.3728805184364319,-0.6693844199180603,0.7973887920379639,Microbe,Heat,Alternating,Microbe | Heat,Microbe | Heat | Alternating,Inside,Always watered
1,Day 1,6,Tray 6,5,9,49,38990.75390625,21861.626953125,39234.0859375,35348.11328125,66.8241965973535,0.3008899986743927,0.303788423538208,0.23273375630378723,-0.37219470739364624,0.7936558723449707,-0.0027301691006869078,-0.07176261395215988,0.2786804139614105,-0.6855319738388062,0.7047908902168274,0.05921240895986557,-0.06694359332323074,0.41339653730392456,-0.6890080571174622,0.8018300533294678,Microbe,Heat,Alternating,Microbe | Heat,Microbe | Heat | Alternating,Inside,Always watered
1,Day 1,6,Tray 6,5,10,50,40231.23046875,24397.181640625,42330.24609375,38781.27734375,64.34310018903592,0.29715460538864136,0.27575433254241943,0.23020149767398834,-0.5521809458732605,0.8038190007209778,0.006407463923096657,-0.06711066514253616,0.24125544726848602,-0.7105262875556946,0.6058608293533325,0.08143714815378189,-0.06765742599964142,0.3930034041404724,-0.7105262875556946,0.8061773777008057,Microbe,Heat,Alternating,Microbe | Heat,Microbe | Heat | Alternating,Inside,Always watered
1,Day 1,6,Tray 6,6,1,51,44955.46484375,26118.71484375,48134.5390625,37497.8671875,44.75425330812855,0.22335374355316162,0.13085207343101501,0.18728488683700562,-0.228078693151474,0.7214521169662476,-0.07918563485145569,-0.17345350980758667,0.18419389426708221,-0.5227272510528564,0.5165174603462219,0.00254220818169415,-0.17213211953639984,0.28820502758026123,-0.5124601721763611,0.7194839715957642,Microbe,Heat,Alternating,Microbe | Heat,Microbe | Heat | Alternating,Inside,Always watered
1,Day 1,6,Tray 6,6,2,52,40495.75,24060.06640625,44846.5625,35912.64453125,55.42296786389414,0.24999627470970154,0.17485493421554565,0.22076669335365295,-0.36203521490097046,0.7712895274162292,-0.05429709702730179,-0.1527993083000183,0.23442481458187103,-0.637672483921051,0.6312703490257263,0.0433150939643383,-0.08947005867958069,0.3222353756427765,-0.637672483921051,0.7737914323806763,Microbe,Heat,Alternating,Microbe | Heat,Microbe | Heat | Alternating,Inside,Always watered
1,Day 1,6,Tray 6,6,3,53,22256.869140625,16116.306640625,32781.125,33331.97265625,84.18005671077505,0.3949507176876068,0.4289621412754059,0.20521549880504608,-0.30698466300964355,0.7668557167053223,0.05240604281425476,0.05041869729757309,0.22023802995681763,-0.6156583428382874,0.5763792395591736,0.29481080174446106,0.3758884072303772,0.32117170095443726,-0.5964835286140442,0.7633065581321716,Microbe,Heat,Alternating,Microbe | Heat,Microbe | Heat | Alternating,Inside,Always watered
1,Day 1,6,Tray 6,6,4,54,18293.140625,11491.00390625,24762.30859375,29399.57421875,93.47826086956522,0.4511648714542389,0.4797617495059967,0.17731469869613647,-0.2551167607307434,0.788925051689148,0.10171826183795929,0.1047138124704361,0.2124205231666565,-0.5774267911911011,0.631155788898468,0.300700843334198,0.3873463273048401,0.3199455738067627,-0.6509621739387512,0.8057471513748169,Microbe,Heat,Alternating,Microbe | Heat,Microbe | Heat | Alternating,Inside,Always watered
1,Day 1,6,Tray 6,6,5,55,37723.28125,17516.17578125,34773.8828125,32748.302734375,77.44565217391305,0.3680591285228729,0.43404003977775574,0.23185347020626068,-0.4405894875526428,0.8039457201957703,0.02756129950284958,0.02454305812716484,0.24110320210456848,-0.602471649646759,0.6473740339279175,0.060725294053554535,-0.03338650241494179,0.38283607363700867,-0.7048293352127075,0.7494714856147766,Microbe,Heat,Alternating,Microbe | Heat,Microbe | Heat | Alternating,Inside,Always watered
1,Day 1,6,Tray 6,6,6,56,42943.25,21903.1171875,41781.55859375,34769.32421875,66.55245746691871,0.29155072569847107,0.2918609380722046,0.25987571477890015,-0.4643057882785797,0.7822059988975525,-0.04069889336824417,-0.08606255054473877,0.2577502727508545,-0.6465620994567871,0.6414209008216858,0.0007824357016943395,-0.10184504836797714,0.3353886902332306,-0.6465620994567871,0.7238590121269226,Microbe,Heat,Alternating,Microbe | Heat,Microbe | Heat | Alternating,Inside,Always watered
1,Day 1,6,Tray 6,6,7,57,42569.21875,22377.05859375,43588.83203125,35848.09765625,65.34735349716446,0.2873302102088928,0.257711261510849,0.2327490597963333,-0.42929720878601074,0.7798165082931519,-0.05393451824784279,-0.09587208926677704,0.2327788770198822,-0.6176870465278625,0.6314319968223572,0.005688399542123079,-0.0941883772611618,0.31358104944229126,-0.6137930750846863,0.7931885719299316,Microbe,Heat,Alternating,Microbe | Heat,Microbe | Heat | Alternating,Inside,Always watered
1,Day 1,6,Tray 6,6,8,58,45831.41015625,26295.580078125,48393.8671875,40001.171875,58.459357277882795,0.2572404146194458,0.20278392732143402,0.2246042788028717,-0.3245199918746948,0.7488372325897217,-0.06278934329748154,-0.09962406009435654,0.20459632575511932,-0.6068275570869446,0.5297540426254272,0.012212308123707771,-0.09462710469961166,0.33183151483535767,-0.6831072568893433,0.739345908164978,Microbe,Heat,Alternating,Microbe | Heat,Microbe | Heat | Alternating,Inside,Always watered
1,Day 1,6,Tray 6,6,9,59,45380.453125,27532.990234375,49008.09765625,40647.578125,55.694706994328925,0.24256514012813568,0.17819979786872864,0.23809213936328888,-0.4374825954437256,0.7651203870773315,-0.05718903988599777,-0.09918131679296494,0.24222832918167114,-0.625,0.583811342716217,0.02201129123568535,-0.09076380729675293,0.3461413085460663,-0.689704954624176,0.7771618366241455,Microbe,Heat,Alternating,Microbe | Heat,Microbe | Heat | Alternating,Inside,Always watered
1,Day 1,6,Tray 6,6,10,60,46216.6328125,27805.892578125,49349.1484375,38555.4765625,51.31143667296786,0.20964133739471436,0.1554698795080185,0.22509485483169556,-0.4541798233985901,0.7438745498657227,-0.08871357142925262,-0.11020740121603012,0.241722971200943,-0.6680244207382202,0.6805555820465088,-0.016597528010606766,-0.10900473594665527,0.34447941184043884,-0.6680244207382202,0.7573915719985962,Microbe,Heat,Alternating,Microbe | Heat,Microbe | Heat | Alternating,Inside,Always watered
1,Day 1,6,Tray 6,7,1,61,34981.0859375,22773.9765625,44008.97265625,35530.98828125,56.03733459357277,0.2682829201221466,0.17789486050605774,0.22256562113761902,-0.29415783286094666,0.7564499378204346,-0.05124971270561218,-0.15647123754024506,0.23547455668449402,-0.6084519028663635,0.5394300818443298,0.13748544454574585,0.15578410029411316,0.35999777913093567,-0.6370177865028381,0.7312437295913696,Microbe,Heat,Alternating,Microbe | Heat,Microbe | Heat | Alternating,Inside,Always watered
1,Day 1,6,Tray 6,7,2,62,34942.328125,22746.353515625,43728.66796875,35300.5703125,56.17911153119093,0.2655643820762634,0.17632673680782318,0.22552958130836487,-0.4057573676109314,0.7756578922271729,-0.05659729614853859,-0.15924666821956635,0.24104489386081696,-0.7273309230804443,0.6032075881958008,0.1239287406206131,0.07912056148052216,0.356937974691391,-0.7187827825546265,0.769734799861908,Microbe,Heat,Alternating,Microbe | Heat,Microbe | Heat | Alternating,Inside,Always watered
1,Day 1,6,Tray 6,7,3,63,29480.5234375,19004.0625,37115.62109375,33372.91796875,70.21502835538752,0.3257383108139038,0.3110385537147522,0.22544549405574799,-0.31942716240882874,0.7975732684135437,0.00039575749542564154,-0.0748184397816658,0.2529335021972656,-0.5853658318519592,0.6493199467658997,0.17267845571041107,0.22393757104873657,0.36192891001701355,-0.6876159310340881,0.78903728723526,Microbe,Heat,Alternating,Microbe | Heat,Microbe | Heat | Alternating,Inside,Always watered
1,Day 1,6,Tray 6,7,4,64,32004.12109375,18636.181640625,37039.60546875,32565.708984375,71.95179584120983,0.32474130392074585,0.352322518825531,0.23557314276695251,-0.4595719277858734,0.7949629426002502,-0.016830576583743095,-0.033772535622119904,0.2512825131416321,-0.6424558758735657,0.5972183346748352,0.13324323296546936,0.18115843832492828,0.3719687759876251,-0.6425992846488953,0.7588854432106018,Microbe,Heat,Alternating,Microbe | Heat,Microbe | Heat | Alternating,Inside,Always watered
1,Day 1,6,Tray 6,7,5,65,36975.69921875,19234.138671875,38979.1015625,32351.251953125,67.34404536862004,0.30420735478401184,0.3167695999145508,0.2524830996990204,-0.3726094961166382,0.7828987240791321,-0.0407315269112587,-0.09910014271736145,0.28184249997138977,-0.6970576047897339,0.6251908540725708,0.06010974571108818,0.020934827625751495,0.39502614736557007,-0.7719601988792419,0.762511134147644,Microbe,Heat,Alternating,Microbe | Heat,Microbe | Heat | Alternating,Inside,Always watered
1,Day 1,6,Tray 6,7,6,66,36725.984375,18780.404296875,38364.30859375,31570.142578125,70.40406427221171,0.31008216738700867,0.35832345485687256,0.2694830894470215,-0.46106377243995667,0.7866746187210083,-0.04274187237024307,-0.06459535658359528,0.26699453592300415,-0.6700652241706848,0.6117497086524963,0.05477343872189522,-0.018623586744070053,0.3725409507751465,-0.6642958521842957,0.7705451846122742,Microbe,Heat,Alternating,Microbe | Heat,Microbe | Heat | Alternating,Inside,Always watered
1,Day 1,6,Tray 6,7,7,67,44604.17578125,23146.013671875,45265.72265625,35426.8046875,62.22826086956522,0.2636367082595825,0.2387409210205078,0.24325576424598694,-0.43457698822021484,0.7698871493339539,-0.08528579026460648,-0.11065907031297684,0.224673792719841,-0.6568885445594788,0.5607698559761047,-0.020895730704069138,-0.10990649461746216,0.30925238132476807,-0.6589021682739258,0.706561803817749,Microbe,Heat,Alternating,Microbe | Heat,Microbe | Heat | Alternating,Inside,Always watered
1,Day 1,6,Tray 6,7,8,68,45720.64453125,25295.623046875,48232.6484375,37374.05859375,57.59688090737241,0.249329075217247,0.19126629829406738,0.23422913253307343,-0.5025996565818787,0.7703523635864258,-0.09449198096990585,-0.1153479516506195,0.21401995420455933,-0.6609206795692444,0.5727272629737854,-0.018803929910063744,-0.11626005172729492,0.3242754340171814,-0.6734777092933655,0.755123496055603,Microbe,Heat,Alternating,Microbe | Heat,Microbe | Heat | Alternating,Inside,Always watered
1,Day 1,6,Tray 6,7,9,69,48324.5234375,28518.005859375,51643.71875,39851.16015625,51.098771266540645,0.20836426317691803,0.15363645553588867,0.2228410691022873,-0.4925968050956726,0.7536656856536865,-0.10564553737640381,-0.12161051481962204,0.21928328275680542,-0.692148745059967,0.5899758338928223,-0.0238630548119545,-0.1167166605591774,0.3592528998851776,-0.7388535141944885,0.7821213006973267,Microbe,Heat,Alternating,Microbe | Heat,Microbe | Heat | Alternating,Inside,Always watered
1,Day 1,6,Tray 6,7,10,70,42726.2265625,27037.361328125,48348.6796875,37819.87109375,49.33837429111531,0.20205165445804596,0.14419731497764587,0.23186160624027252,-0.4354727268218994,0.7863825559616089,-0.09383731335401535,-0.1297338902950287,0.24383427202701569,-0.6393114328384399,0.6004533767700195,0.028592582792043686,-0.0878726989030838,0.3603218197822571,-0.6717697381973267,0.7708454728126526,Microbe,Heat,Alternating,Microbe | Heat,Microbe | Heat | Alternating,Inside,Always watered
1,Day 1,7,Tray 7,1,1,1,35607.14453125,21575.08984375,42619.50390625,33744.421875,60.20793950850661,0.2590729594230652,0.25266820192337036,0.22857534885406494,-0.356899231672287,0.7264731526374817,-0.0820416510105133,-0.098716139793396,0.21920934319496155,-0.6229038834571838,0.5048962235450745,0.08661136031150818,0.08739936351776123,0.3986809253692627,-0.6572238206863403,0.7534422278404236,Microbe,Ideal,Outside,Microbe | Ideal,Microbe | Ideal | Outside,Outside,Always watered
1,Day 1,7,Tray 7,1,2,2,34626.44140625,24633.92578125,45699.38671875,37158.21484375,53.981568998109644,0.2583328187465668,0.17020176351070404,0.21228553354740143,-0.2040133774280548,0.762117326259613,-0.05429459363222122,-0.14171567559242249,0.21318179368972778,-0.5336688160896301,0.5685940980911255,0.16808578372001648,0.18892830610275269,0.3724992871284485,-0.628230631351471,0.7727422118186951,Microbe,Ideal,Outside,Microbe | Ideal,Microbe | Ideal | Outside,Outside,Always watered
1,Day 1,7,Tray 7,1,3,3,33838.78125,23197.5703125,43297.05859375,36765.671875,63.51606805293005,0.28260549902915955,0.2415059506893158,0.21289576590061188,-0.4701492488384247,0.7801080346107483,-0.03679865226149559,-0.10809925198554993,0.22853025794029236,-0.6346194744110107,0.6334596872329712,0.16477498412132263,0.16012711822986603,0.35832479596138,-0.6697247624397278,0.7937536835670471,Microbe,Ideal,Outside,Microbe | Ideal,Microbe | Ideal | Outside,Outside,Always watered
1,Day 1,7,Tray 7,1,4,4,29366.77734375,20552.224609375,38118.7734375,35227.5859375,70.08506616257088,0.3304115831851959,0.36263737082481384,0.20790192484855652,-0.32023680210113525,0.7742782235145569,0.008696799166500568,-0.017785705626010895,0.20812201499938965,-0.5964912176132202,0.5752401351928711,0.21564637124538422,0.32271808385849,0.3440922498703003,-0.6357100009918213,0.7730496525764465,Microbe,Ideal,Outside,Microbe | Ideal,Microbe | Ideal | Outside,Outside,Always watered
1,Day 1,7,Tray 7,1,5,5,38052.0078125,22970.21875,42268.17578125,35109.140625,61.81474480151229,0.2687857151031494,0.25875750184059143,0.24321384727954865,-0.4790067672729492,0.7748807668685913,-0.05754208564758301,-0.10065851360559464,0.2597852647304535,-0.645900309085846,0.6273645758628845,0.07362258434295654,-0.01835879310965538,0.36581477522850037,-0.645900309085846,0.7867035865783691,Microbe,Ideal,Outside,Microbe | Ideal,Microbe | Ideal | Outside,Outside,Always watered
1,Day 1,7,Tray 7,1,6,6,36307.21484375,21691.2265625,42988.265625,34731.296875,66.87145557655954,0.27833443880081177,0.3021406829357147,0.22098657488822937,-0.3712005019187927,0.7360890507698059,-0.07686001062393188,-0.09232468903064728,0.23231792449951172,-0.6949009895324707,0.5045467019081116,0.09088662266731262,0.09742040187120438,0.37176740169525146,-0.6995227336883545,0.8173562288284302,Microbe,Ideal,Outside,Microbe | Ideal,Microbe | Ideal | Outside,Outside,Always watered
1,Day 1,7,Tray 7,1,7,7,40489.328125,22406.443359375,43541.4453125,33972.83203125,63.20888468809074,0.27027401328086853,0.271931916475296,0.2294253259897232,-0.5220673680305481,0.7516981363296509,-0.08386797457933426,-0.10251060873270035,0.23149511218070984,-0.6800000071525574,0.5557647347450256,0.023630760610103607,-0.08953040093183517,0.3536435663700104,-0.6800000071525574,0.7251368165016174,Microbe,Ideal,Outside,Microbe | Ideal,Microbe | Ideal | Outside,Outside,Always watered
1,Day 1,7,Tray 7,1,8,8,43694.78125,25713.494140625,46716.04296875,37741.83203125,58.80198487712666,0.25484776496887207,0.2355893850326538,0.2072516232728958,-0.3614153265953064,0.7327864170074463,-0.08951843529939651,-0.08161648362874985,0.1828790158033371,-0.6427807211875916,0.5497124195098877,0.004635579884052277,-0.06564310193061829,0.3105817139148712,-0.7076730728149414,0.7192130088806152,Microbe,Ideal,Outside,Microbe | Ideal,Microbe | Ideal | Outside,Outside,Always watered
1,Day 1,7,Tray 7,1,9,9,45967.14453125,29100.482421875,51771.25,40978.546875,51.240548204158785,0.22524984180927277,0.1546744853258133,0.19451460242271423,-0.35064253211021423,0.7419354915618896,-0.0980493575334549,-0.09814963489770889,0.1949615776538849,-0.5918367505073547,0.5716339349746704,0.01724260486662388,-0.08175934851169586,0.31359294056892395,-0.6327751278877258,0.7783235907554626,Microbe,Ideal,Outside,Microbe | Ideal,Microbe | Ideal | Outside,Outside,Always watered
1,Day 1,7,Tray 7,1,10,10,40943.16015625,25904.171875,49698.9296875,38574.73046875,60.21975425330813,0.2420462816953659,0.20570264756679535,0.1899348348379135,-0.26403558254241943,0.743401288986206,-0.10295751690864563,-0.11050847172737122,0.19947142899036407,-0.6211401224136353,0.6142632961273193,0.06195757910609245,-0.06654512137174606,0.332792192697525,-0.6096698045730591,0.7683152556419373,Microbe,Ideal,Outside,Microbe | Ideal,Microbe | Ideal | Outside,Outside,Always watered
1,Day 1,7,Tray 7,2,1,11,26270.326171875,17593.5625,37788.57421875,30927.279296875,73.45226843100188,0.31818222999572754,0.3248046040534973,0.22840122878551483,-0.44890767335891724,0.7928259968757629,-0.05352691560983658,-0.10106030851602554,0.2431042343378067,-0.6372860074043274,0.6502242088317871,0.20597219467163086,0.3253210783004761,0.39499765634536743,-0.7256637215614319,0.7839211821556091,Microbe,Ideal,Outside,Microbe | Ideal,Microbe | Ideal | Outside,Outside,Always watered
1,Day 1,7,Tray 7,2,2,12,26435.642578125,19988.923828125,40588.98046875,34541.03125,70.33317580340265,0.3089710772037506,0.3289988934993744,0.2072855830192566,-0.2826616168022156,0.7258427143096924,-0.044590096920728683,-0.06196258217096329,0.19817721843719482,-0.5031009316444397,0.5264773368835449,0.24352996051311493,0.3719867467880249,0.33532705903053284,-0.6112532019615173,0.7554953098297119,Microbe,Ideal,Outside,Microbe | Ideal,Microbe | Ideal | Outside,Outside,Always watered
1,Day 1,7,Tray 7,2,3,13,22144.197265625,18246.9296875,37929.3515625,32784.9921875,74.37381852551985,0.3395330607891083,0.37321120500564575,0.22007600963115692,-0.3743884861469269,0.7735512852668762,-0.023884549736976624,-0.05113106966018677,0.21628764271736145,-0.6077738404273987,0.5455005168914795,0.31514856219291687,0.4287274479866028,0.33580294251441956,-0.5887488126754761,0.7888826727867126,Microbe,Ideal,Outside,Microbe | Ideal,Microbe | Ideal | Outside,Outside,Always watered
1,Day 1,7,Tray 7,2,4,14,17096.53125,15810.927734375,32606.828125,31325.8984375,83.99102079395085,0.3742366433143616,0.4197377860546112,0.18883050978183746,-0.28005558252334595,0.7629685997962952,0.012647682800889015,0.01826363243162632,0.18501557409763336,-0.53620445728302,0.5044481158256531,0.3540675938129425,0.4151812791824341,0.2671544849872589,-0.628995954990387,0.777982771396637,Microbe,Ideal,Outside,Microbe | Ideal,Microbe | Ideal | Outside,Outside,Always watered
1,Day 1,7,Tray 7,2,5,15,30538.2890625,22276.9140625,43376.80859375,33859.37890625,66.12712665406427,0.2610843777656555,0.281718909740448,0.24268469214439392,-0.5465810298919678,0.7374830842018127,-0.0892128050327301,-0.0988544151186943,0.2201036661863327,-0.6717697381973267,0.6480118036270142,0.15976223349571228,0.20557379722595215,0.3565257489681244,-0.6402963995933533,0.777454137802124,Microbe,Ideal,Outside,Microbe | Ideal,Microbe | Ideal | Outside,Outside,Always watered
1,Day 1,7,Tray 7,2,6,16,29705.576171875,17226.2109375,36999.51171875,28791.041015625,74.4328922495274,0.3241393268108368,0.3801511526107788,0.2143491804599762,-0.35991141200065613,0.7458375692367554,-0.07269055396318436,-0.08695923537015915,0.22170893847942352,-0.6839881539344788,0.49916666746139526,0.12842129170894623,0.198435977101326,0.33731329441070557,-0.6370177865028381,0.7906193137168884,Microbe,Ideal,Outside,Microbe | Ideal,Microbe | Ideal | Outside,Outside,Always watered
1,Day 1,7,Tray 7,2,7,17,26675.83203125,13896.9013671875,31719.205078125,26169.169921875,82.92769376181475,0.35264256596565247,0.39419418573379517,0.2048381119966507,-0.34680503606796265,0.7305444478988647,-0.05628488212823868,-0.05101644992828369,0.2123592048883438,-0.6366906762123108,0.5706371068954468,0.12859424948692322,0.23724696040153503,0.34487542510032654,-0.6432584524154663,0.7389255166053772,Microbe,Ideal,Outside,Microbe | Ideal,Microbe | Ideal | Outside,Outside,Always watered
1,Day 1,7,Tray 7,2,8,18,20686.453125,13297.126953125,31306.330078125,27921.00390625,86.99196597353497,0.3759346902370453,0.412531316280365,0.19537128508090973,-0.3523856997489929,0.7377162575721741,-0.03678944706916809,-0.026142075657844543,0.20301131904125214,-0.5792452692985535,0.5001451373100281,0.23111656308174133,0.308529257774353,0.28863951563835144,-0.6659886240959167,0.7625596523284912,Microbe,Ideal,Outside,Microbe | Ideal,Microbe | Ideal | Outside,Outside,Always watered
1,Day 1,7,Tray 7,2,9,19,39929.24609375,27126.451171875,49004.01953125,38844.765625,56.68714555765595,0.23781821131706238,0.1795140504837036,0.21869897842407227,-0.4114866554737091,0.7291752099990845,-0.08936753869056702,-0.08989287912845612,0.22393107414245605,-0.6886597871780396,0.5298062562942505,0.09459196776151657,-0.05324074253439903,0.4019297659397125,-0.6945996284484863,0.7860274910926819,Microbe,Ideal,Outside,Microbe | Ideal,Microbe | Ideal | Outside,Outside,Always watered
1,Day 1,7,Tray 7,2,10,20,38720.7890625,26323.2890625,47985.8125,37323.63671875,57.90406427221172,0.22851219773292542,0.18547502160072327,0.1850007027387619,-0.3365168571472168,0.667079746723175,-0.0964607372879982,-0.11050516366958618,0.2120000123977661,-0.6292023062705994,0.6619890332221985,0.08900516480207443,-0.06264327466487885,0.38898760080337524,-0.6917992234230042,0.8165185451507568,Microbe,Ideal,Outside,Microbe | Ideal,Microbe | Ideal | Outside,Outside,Always watered
1,Day 1,7,Tray 7,3,1,21,28096.8984375,18080.765625,38179.65234375,30173.33984375,67.69848771266541,0.304578572511673,0.32448142766952515,0.246522456407547,-0.36898061633110046,0.7594090700149536,-0.058839380741119385,-0.10151324421167374,0.2603367567062378,-0.6329391002655029,0.6239427328109741,0.1772095113992691,0.31584471464157104,0.4284711182117462,-0.6602473258972168,0.7761710286140442,Microbe,Ideal,Outside,Microbe | Ideal,Microbe | Ideal | Outside,Outside,Always watered
1,Day 1,7,Tray 7,3,2,22,21746.009765625,17994.330078125,36755.28515625,31990.662109375,73.42863894139886,0.3457300364971161,0.39957717061042786,0.21729132533073425,-0.23351351916790009,0.7748972773551941,-0.013472788035869598,-0.02040099911391735,0.21314066648483276,-0.5399851202964783,0.5674805641174316,0.3085814118385315,0.40059399604797363,0.3367087244987488,-0.5440031290054321,0.7693883776664734,Microbe,Ideal,Outside,Microbe | Ideal,Microbe | Ideal | Outside,Outside,Always watered
1,Day 1,7,Tray 7,3,3,23,14574.4873046875,14497.1591796875,31883.361328125,29549.33203125,84.00283553875236,0.38190600275993347,0.42702943086624146,0.21520552039146423,-0.3206106722354889,0.7827175855636597,0.0015079430304467678,0.012333977036178112,0.22998562455177307,-0.5815478563308716,0.5983911156654358,0.3887079954147339,0.44167107343673706,0.244356170296669,-0.5362429022789001,0.787323534488678,Microbe,Ideal,Outside,Microbe | Ideal,Microbe | Ideal | Outside,Outside,Always watered
1,Day 1,7,Tray 7,3,4,24,12632.224609375,13985.470703125,28111.919921875,28453.025390625,84.16824196597354,0.3973672389984131,0.4383057951927185,0.2003510445356369,-0.28122079372406006,0.783925473690033,0.04490584135055542,0.05145420879125595,0.22292470932006836,-0.670397162437439,0.5818954706192017,0.4082837402820587,0.43107083439826965,0.23172485828399658,-0.6086097955703735,0.7872706651687622,Microbe,Ideal,Outside,Microbe | Ideal,Microbe | Ideal | Outside,Outside,Always watered
1,Day 1,7,Tray 7,3,5,25,12780.1025390625,10737.6806640625,24409.44140625,26433.998046875,93.08837429111531,0.4497095048427582,0.48061224818229675,0.17930378019809723,-0.5212103128433228,0.7896532416343689,0.061878327280282974,0.06841450929641724,0.21120867133140564,-0.6734777092933655,0.6173998713493347,0.3803078234195709,0.42253586649894714,0.26388853788375854,-0.6734777092933655,0.7902964949607849,Microbe,Ideal,Outside,Microbe | Ideal,Microbe | Ideal | Outside,Outside,Always watered
1,Day 1,7,Tray 7,3,6,26,23998.41015625,11884.87109375,28460.279296875,23862.7109375,84.98345935727788,0.3867398500442505,0.4469701647758484,0.21076437830924988,-0.3621298670768738,0.7451117038726807,-0.029909834265708923,0.000866551126819104,0.23869329690933228,-0.625,0.5566132068634033,0.16898426413536072,0.3316643536090851,0.3814672529697418,-0.6465620994567871,0.7754629850387573,Microbe,Ideal,Outside,Microbe | Ideal,Microbe | Ideal | Outside,Outside,Always watered
1,Day 1,7,Tray 7,3,7,27,18073.05078125,10761.33984375,27421.6328125,24893.01953125,93.00567107750473,0.4090788960456848,0.43302223086357117,0.16483022272586823,-0.2892674505710602,0.7442125082015991,-0.023401055485010147,-0.020798448473215103,0.19834287464618683,-0.6389167308807373,0.5931108593940735,0.2431928515434265,0.311734139919281,0.2708527743816376,-0.5579227805137634,0.7164056301116943,Microbe,Ideal,Outside,Microbe | Ideal,Microbe | Ideal | Outside,Outside,Always watered
1,Day 1,7,Tray 7,3,8,28,25100.966796875,15122.9833984375,33810.37109375,27734.20703125,80.5765595463138,0.34485888481140137,0.39211055636405945,0.21159347891807556,-0.359246164560318,0.7450980544090271,-0.06150190532207489,-0.04951200634241104,0.21805483102798462,-0.6827614307403564,0.5538966655731201,0.168787881731987,0.2960561513900757,0.36655277013778687,-0.6730085611343384,0.77332603931427,Microbe,Ideal,Outside,Microbe | Ideal,Microbe | Ideal | Outside,Outside,Always watered
1,Day 1,7,Tray 7,3,9,29,30113.947265625,19512.86328125,39745.65625,33719.2734375,76.20510396975425,0.3263835310935974,0.37785887718200684,0.21511483192443848,-0.3641515076160431,0.7457672953605652,-0.04624621197581291,-0.05383104085922241,0.22246550023555756,-0.6099718809127808,0.6157205104827881,0.17500922083854675,0.31490159034729004,0.4103860557079315,-0.6221033930778503,0.7957302331924438,Microbe,Ideal,Outside,Microbe | Ideal,Microbe | Ideal | Outside,Outside,Always watered
1,Day 1,7,Tray 7,3,10,30,35612.51953125,23890.27734375,43157.546875,35899.5,61.86200378071833,0.27112165093421936,0.2692704200744629,0.2039656639099121,-0.3190348446369171,0.7472372055053711,-0.05997177213430405,-0.09040074795484543,0.22411958873271942,-0.6030534505844116,0.6084977388381958,0.11257203668355942,0.11198240518569946,0.39676910638809204,-0.684003472328186,0.7837419509887695,Microbe,Ideal,Outside,Microbe | Ideal,Microbe | Ideal | Outside,Outside,Always watered
1,Day 1,7,Tray 7,4,1,31,30327.921875,18136.60546875,37200.0625,31058.662109375,68.265595463138,0.31387853622436523,0.36467623710632324,0.24122944474220276,-0.3826858401298523,0.7596153616905212,-0.03628823161125183,-0.0360463485121727,0.24749287962913513,-0.6152610182762146,0.5743849873542786,0.1465519219636917,0.32191577553749084,0.4239408075809479,-0.6208193302154541,0.769023597240448,Microbe,Ideal,Outside,Microbe | Ideal,Microbe | Ideal | Outside,Outside,Always watered
1,Day 1,7,Tray 7,4,2,32,19792.701171875,14459.4853515625,30441.923828125,29884.921875,84.38090737240076,0.3849271237850189,0.42948126792907715,0.20093205571174622,-0.389088898897171,0.7415521740913391,0.03109584003686905,0.04146251082420349,0.21190892159938812,-0.5672537088394165,0.5947027802467346,0.2940209209918976,0.39028361439704895,0.30568721890449524,-0.5815783143043518,0.7373520135879517,Microbe,Ideal,Outside,Microbe | Ideal,Microbe | Ideal | Outside,Outside,Always watered
1,Day 1,7,Tray 7,4,3,33,20788.556640625,15768.365234375,32613.73828125,31002.580078125,80.44659735349717,0.3704858720302582,0.4224180579185486,0.21028351783752441,-0.24820812046527863,0.7411003112792969,0.010619590058922768,0.015964269638061523,0.20771408081054688,-0.5445619225502014,0.6299559473991394,0.3011445701122284,0.4182577133178711,0.3155129849910736,-0.546450138092041,0.7497624158859253,Microbe,Ideal,Outside,Microbe | Ideal,Microbe | Ideal | Outside,Outside,Always watered
1,Day 1,7,Tray 7,4,4,34,13103.47265625,13149.5439453125,26842.998046875,29698.009765625,87.54725897920605,0.4268159866333008,0.4728752374649048,0.19324372708797455,-0.23743684589862823,0.7875105738639832,0.07252958416938782,0.07871846109628677,0.20716194808483124,-0.4735516309738159,0.606195867061615,0.41251105070114136,0.4451325535774231,0.22351135313510895,-0.5669196844100952,0.7775342464447021,Microbe,Ideal,Outside,Microbe | Ideal,Microbe | Ideal | Outside,Outside,Always watered
1,Day 1,7,Tray 7,4,5,35,16750.029296875,10460.3310546875,22485.2265625,27669.56640625,94.75425330812854,0.4647032618522644,0.48505935072898865,0.15613622963428497,-0.2504919767379761,0.7977527976036072,0.10013727843761444,0.09797626733779907,0.20687304437160492,-0.559109091758728,0.6118677258491516,0.3172757029533386,0.38758236169815063,0.3066156804561615,-0.6495468020439148,0.7799334526062012,Microbe,Ideal,Outside,Microbe | Ideal,Microbe | Ideal | Outside,Outside,Always watered
1,Day 1,7,Tray 7,4,6,36,21161.806640625,10326.578125,26852.037109375,25624.435546875,93.20652173913044,0.4269951581954956,0.46033281087875366,0.1649346500635147,-0.27372053265571594,0.7375527620315552,0.0013877610908821225,0.029052836820483208,0.21155421435832977,-0.6890080571174622,0.5706996917724609,0.214252769947052,0.3355093002319336,0.3401181697845459,-0.6259678602218628,0.7046178579330444,Microbe,Ideal,Outside,Microbe | Ideal,Microbe | Ideal | Outside,Outside,Always watered
1,Day 1,7,Tray 7,4,7,37,26038.20703125,14029.6083984375,33095.359375,28119.314453125,84.92438563327032,0.3781743049621582,0.4291749596595764,0.20450273156166077,-0.4047861397266388,0.8041074275970459,-0.04625484719872475,-0.033942848443984985,0.21305891871452332,-0.6425992846488953,0.5340117812156677,0.16000400483608246,0.26868540048599243,0.34993451833724976,-0.6525423526763916,0.7876151204109192,Microbe,Ideal,Outside,Microbe | Ideal,Microbe | Ideal | Outside,Outside,Always watered
1,Day 1,7,Tray 7,4,8,38,20224.453125,12050.5556640625,28969.52734375,26011.806640625,88.63421550094517,0.3942740261554718,0.43426191806793213,0.1873617023229599,-0.3787761330604553,0.7796257734298706,-0.020669346675276756,-0.015409570187330246,0.2099730223417282,-0.5786977410316467,0.5665161609649658,0.22234509885311127,0.30917683243751526,0.3077152669429779,-0.6938986778259277,0.7830086350440979,Microbe,Ideal,Outside,Microbe | Ideal,Microbe | Ideal | Outside,Outside,Always watered
1,Day 1,7,Tray 7,4,9,39,32721.30859375,20256.3125,38913.72265625,32497.3046875,70.09688090737241,0.2974666655063629,0.32953739166259766,0.21257087588310242,-0.3572867810726166,0.7071704864501953,-0.054017797112464905,-0.08311900496482849,0.22858738899230957,-0.6831072568893433,0.5293036103248596,0.1053660586476326,0.11949338018894196,0.4033010005950928,-0.682415783405304,0.781902551651001,Microbe,Ideal,Outside,Microbe | Ideal,Microbe | Ideal | Outside,Outside,Always watered
1,Day 1,7,Tray 7,4,10,40,28913.62109375,17755.423828125,35119.91015625,32508.265625,79.71408317580341,0.33676689863204956,0.35944679379463196,0.1911804974079132,-0.375,0.7579948306083679,-0.008895269595086575,-0.004251212812960148,0.227805957198143,-0.6528759002685547,0.5012083053588867,0.16969209909439087,0.23831096291542053,0.3771657347679138,-0.6988176703453064,0.7799443006515503,Microbe,Ideal,Outside,Microbe | Ideal,Microbe | Ideal | Outside,Outside,Always watered
1,Day 1,7,Tray 7,5,1,41,33480.05859375,19847.4140625,39030.05078125,33023.8515625,66.52882797731569,0.3007672429084778,0.30776146054267883,0.237496480345726,-0.41287654638290405,0.7525129914283752,-0.030717752873897552,-0.05861574038863182,0.24984420835971832,-0.633100688457489,0.5798265337944031,0.12312579154968262,0.19205641746520996,0.40179184079170227,-0.6974093317985535,0.7667103409767151,Microbe,Ideal,Outside,Microbe | Ideal,Microbe | Ideal | Outside,Outside,Always watered
1,Day 1,7,Tray 7,5,2,42,24109.89453125,16730.974609375,33938.51171875,33003.3359375,81.97069943289225,0.36864835023880005,0.39034324884414673,0.19604849815368652,-0.21591609716415405,0.7918525338172913,0.02451074682176113,0.005741282366216183,0.20850639045238495,-0.47108015418052673,0.6083832383155823,0.26182618737220764,0.33605074882507324,0.29887333512306213,-0.5317000150680542,0.7660605907440186,Microbe,Ideal,Outside,Microbe | Ideal,Microbe | Ideal | Outside,Outside,Always watered
1,Day 1,7,Tray 7,5,3,43,25193.033203125,18185.62890625,35897.90625,35543.65234375,80.61200378071834,0.3739588260650635,0.43631553649902344,0.20942655205726624,-0.3372940719127655,0.7780353426933289,0.0308507289737463,0.04593639448285103,0.19244743883609772,-0.5403422713279724,0.5908163189888,0.2785203754901886,0.39476779103279114,0.3001408874988556,-0.5455746650695801,0.7566882371902466,Microbe,Ideal,Outside,Microbe | Ideal,Microbe | Ideal | Outside,Outside,Always watered
1,Day 1,7,Tray 7,5,4,44,17232.912109375,13731.1337890625,28159.283203125,31546.595703125,89.14224952741021,0.4297161102294922,0.4711754024028778,0.1774533987045288,-0.23712392151355743,0.7992607355117798,0.07513285428285599,0.08126950263977051,0.1798819750547409,-0.46485424041748047,0.6368352770805359,0.3483228385448456,0.40945398807525635,0.270729660987854,-0.5915274024009705,0.7809472680091858,Microbe,Ideal,Outside,Microbe | Ideal,Microbe | Ideal | Outside,Outside,Always watered
1,Day 1,7,Tray 7,5,5,45,25363.119140625,13480.4609375,26397.087890625,32098.4921875,92.24952741020795,0.44968724250793457,0.4771946966648102,0.1784052550792694,-0.1709122508764267,0.8015921711921692,0.11443464457988739,0.10762839019298553,0.2024655044078827,-0.431567907333374,0.6365389227867126,0.23643359541893005,0.31768113374710083,0.3281198740005493,-0.6259678602218628,0.7947273850440979,Microbe,Ideal,Outside,Microbe | Ideal,Microbe | Ideal | Outside,Outside,Always watered
1,Day 1,7,Tray 7,5,6,46,30901.68359375,14435.294921875,29995.875,30616.150390625,87.25189035916824,0.41145408153533936,0.45407819747924805,0.1873200237751007,-0.33731809258461,0.8066361546516418,0.044242795556783676,0.04054861143231392,0.20006684958934784,-0.5813771486282349,0.6145237684249878,0.13307484984397888,0.21650321781635284,0.3504358232021332,-0.6363636255264282,0.7571660280227661,Microbe,Ideal,Outside,Microbe | Ideal,Microbe | Ideal | Outside,Outside,Always watered
1,Day 1,7,Tray 7,5,7,47,26327.50390625,12081.3671875,28210.68359375,27430.140625,90.48913043478261,0.4147079885005951,0.4543874263763428,0.18924866616725922,-0.4187810719013214,0.7616671323776245,0.01665535196661949,0.025305021554231644,0.20581236481666565,-0.5483222603797913,0.5243567228317261,0.14579470455646515,0.24306783080101013,0.32703495025634766,-0.6555488109588623,0.7223129868507385,Microbe,Ideal,Outside,Microbe | Ideal,Microbe | Ideal | Outside,Outside,Always watered
1,Day 1,7,Tray 7,5,8,48,36934.75390625,18754.087890625,37403.46875,32859.98046875,78.0718336483932,0.3381936252117157,0.3829609155654907,0.21579763293266296,-0.40215152502059937,0.8027769923210144,-0.030754918232560158,-0.05432937294244766,0.19644956290721893,-0.6279069781303406,0.6396838426589966,0.05623409524559975,0.03400592878460884,0.3542146384716034,-0.6949503421783447,0.7650946378707886,Microbe,Ideal,Outside,Microbe | Ideal,Microbe | Ideal | Outside,Outside,Always watered
1,Day 1,7,Tray 7,5,9,49,39339.05078125,21436.759765625,39256.703125,34905.3515625,68.12381852551985,0.31137725710868835,0.3325403928756714,0.20758646726608276,-0.25238898396492004,0.7529123425483704,-0.020206814631819725,-0.06323717534542084,0.2085174024105072,-0.566293478012085,0.5878252983093262,0.04496176168322563,-0.07466211915016174,0.37672725319862366,-0.6545454263687134,0.7863354086875916,Microbe,Ideal,Outside,Microbe | Ideal,Microbe | Ideal | Outside,Outside,Always watered
1,Day 1,7,Tray 7,5,10,50,39276.4296875,24430.9140625,42197.98828125,39209.4453125,64.54395085066163,0.2955273389816284,0.27432090044021606,0.20714017748832703,-0.40042927861213684,0.7183725237846375,-0.003574781119823456,-0.06654427945613861,0.22076797485351562,-0.6948095560073853,0.558949887752533,0.0982418805360794,-0.05785403773188591,0.380991667509079,-0.731501042842865,0.7658689022064209,Microbe,Ideal,Outside,Microbe | Ideal,Microbe | Ideal | Outside,Outside,Always watered
1,Day 1,7,Tray 7,6,1,51,34721.94921875,21514.029296875,42640.75390625,35384.4375,65.867202268431,0.28618884086608887,0.24106979370117188,0.20995809137821198,-0.38678956031799316,0.7373440861701965,-0.04869513213634491,-0.11480889469385147,0.21720445156097412,-0.6126450300216675,0.5578784346580505,0.1276947259902954,0.11169762909412384,0.3528452217578888,-0.6052528619766235,0.7107298970222473,Microbe,Ideal,Outside,Microbe | Ideal,Microbe | Ideal | Outside,Outside,Always watered
1,Day 1,7,Tray 7,6,2,52,33066.42578125,20671.451171875,41032.703125,34422.41015625,65.87901701323251,0.2976338863372803,0.2635301947593689,0.2190079241991043,-0.29832473397254944,0.770279049873352,-0.03636377304792404,-0.10194828361272812,0.23045408725738525,-0.5524895191192627,0.5856004357337952,0.13890688121318817,0.14657466113567352,0.3387611210346222,-0.5161826014518738,0.7385621070861816,Microbe,Ideal,Outside,Microbe | Ideal,Microbe | Ideal | Outside,Outside,Always watered
1,Day 1,7,Tray 7,6,3,53,25995.3203125,19745.20703125,39374.9765625,36774.125,77.77646502835539,0.35190993547439575,0.38616645336151123,0.19848576188087463,-0.21363911032676697,0.7631416320800781,0.0037278146483004093,-0.006181210279464722,0.18393656611442566,-0.5508426427841187,0.5321322679519653,0.27613329887390137,0.37900084257125854,0.2868737280368805,-0.4559428095817566,0.7324154376983643,Microbe,Ideal,Outside,Microbe | Ideal,Microbe | Ideal | Outside,Outside,Always watered
1,Day 1,7,Tray 7,6,4,54,28609.294921875,18431.853515625,35312.30078125,33997.91796875,74.48015122873346,0.3571186065673828,0.3891567587852478,0.22260788083076477,-0.38217419385910034,0.7787716388702393,0.02957236021757126,-0.0036298222839832306,0.2385530173778534,-0.6451024413108826,0.6577330827713013,0.20692646503448486,0.31946438550949097,0.37175390124320984,-0.6636197566986084,0.7643097639083862,Microbe,Ideal,Outside,Microbe | Ideal,Microbe | Ideal | Outside,Outside,Always watered
1,Day 1,7,Tray 7,6,5,55,31167.35546875,15957.6884765625,32431.62109375,32139.18359375,80.6828922495274,0.3828936219215393,0.43481916189193726,0.2318400740623474,-0.3465818762779236,0.815682590007782,0.04239347204566002,0.04896238073706627,0.26395678520202637,-0.5596911311149597,0.6786288022994995,0.14860574901103973,0.20815923810005188,0.3724116086959839,-0.6227461695671082,0.806503176689148,Microbe,Ideal,Outside,Microbe | Ideal,Microbe | Ideal | Outside,Outside,Always watered
1,Day 1,7,Tray 7,6,6,56,33971.45703125,17277.767578125,35040.875,31564.416015625,77.43383742911153,0.3513953387737274,0.41338348388671875,0.2368333339691162,-0.42635658383369446,0.7775148153305054,-0.008491415530443192,-0.007408663630485535,0.24118299782276154,-0.681034505367279,0.5752819776535034,0.10179808735847473,0.16325554251670837,0.3858197033405304,-0.6683642268180847,0.7702702879905701,Microbe,Ideal,Outside,Microbe | Ideal,Microbe | Ideal | Outside,Outside,Always watered
1,Day 1,7,Tray 7,6,7,57,35772.9453125,17442.46484375,37265.6796875,32228.71875,79.11153119092627,0.347270131111145,0.3838087320327759,0.22392725944519043,-0.3227911591529846,0.7866184711456299,-0.02743140049278736,-0.05004908889532089,0.23237623274326324,-0.5835266709327698,0.6561604738235474,0.059013430029153824,0.03915714472532272,0.350756973028183,-0.6862260699272156,0.7573073506355286,Microbe,Ideal,Outside,Microbe | Ideal,Microbe | Ideal | Outside,Outside,Always watered
1,Day 1,7,Tray 7,6,8,58,41824.5,23394.7265625,44248.61328125,37801.27734375,68.31285444234405,0.29329463839530945,0.31885695457458496,0.2288551777601242,-0.34888017177581787,0.705561637878418,-0.04881085827946663,-0.07184923440217972,0.19673167169094086,-0.5561466813087463,0.54666668176651,0.035642024129629135,-0.06322211772203445,0.29319828748703003,-0.5616319179534912,0.7400468587875366,Microbe,Ideal,Outside,Microbe | Ideal,Microbe | Ideal | Outside,Outside,Always watered
1,Day 1,7,Tray 7,6,9,59,45568.08984375,25357.91015625,45775.0703125,36390.20703125,54.38327032136105,0.24112847447395325,0.19513076543807983,0.23183035850524902,-0.4444139301776886,0.7564738392829895,-0.07922206819057465,-0.10505351424217224,0.2249746471643448,-0.6217821836471558,0.5624408721923828,-0.03685706853866577,-0.11073438823223114,0.32280945777893066,-0.6435881853103638,0.7711864113807678,Microbe,Ideal,Outside,Microbe | Ideal,Microbe | Ideal | Outside,Outside,Always watered
1,Day 1,7,Tray 7,6,10,60,45126.578125,26948.595703125,48864.38671875,37846.828125,48.416824196597354,0.21839801967144012,0.14249499142169952,0.19605612754821777,-0.43256881833076477,0.7377513647079468,-0.10272571444511414,-0.13121546804904938,0.22330987453460693,-0.6499068737030029,0.647025465965271,-0.013454392552375793,-0.1180124282836914,0.3572779893875122,-0.6492146849632263,0.7677086591720581,Microbe,Ideal,Outside,Microbe | Ideal,Microbe | Ideal | Outside,Outside,Always watered
1,Day 1,7,Tray 7,7,1,61,39841.234375,24709.447265625,47638.875,35641.671875,47.0226843100189,0.21747323870658875,0.14193567633628845,0.20113185048103333,-0.3853427767753601,0.6965235471725464,-0.1052561104297638,-0.17952105402946472,0.20794615149497986,-0.6700761914253235,0.538159191608429,0.061130352318286896,-0.072361521422863,0.35769546031951904,-0.6363636255264282,0.7434750199317932,Microbe,Ideal,Outside,Microbe | Ideal,Microbe | Ideal | Outside,Outside,Always watered
1,Day 1,7,Tray 7,7,2,62,34374.67578125,23380.345703125,44665.00390625,36439.65234375,57.76228733459357,0.26665976643562317,0.19032815098762512,0.2020384669303894,-0.20620372891426086,0.7526915073394775,-0.05750230327248573,-0.14597326517105103,0.2037501335144043,-0.5784662365913391,0.5553072690963745,0.151926189661026,0.16121941804885864,0.3312312066555023,-0.5266385674476624,0.753459095954895,Microbe,Ideal,Outside,Microbe | Ideal,Microbe | Ideal | Outside,Outside,Always watered
1,Day 1,7,Tray 7,7,3,63,34807.38671875,22266.396484375,44168.1796875,36516.18359375,65.89083175803403,0.28713855147361755,0.26925981044769287,0.20916424691677094,-0.23795704543590546,0.7653314471244812,-0.05776884779334068,-0.10967522114515305,0.19919845461845398,-0.5921462178230286,0.6263736486434937,0.1374974548816681,0.14947065711021423,0.3366011083126068,-0.5992969870567322,0.7385365962982178,Microbe,Ideal,Outside,Microbe | Ideal,Microbe | Ideal | Outside,Outside,Always watered
1,Day 1,7,Tray 7,7,4,64,29400.203125,19334.115234375,37980.03515625,34204.93359375,74.01937618147448,0.33208897709846497,0.3405257761478424,0.21824295818805695,-0.3732718825340271,0.7565162181854248,-0.009061393328011036,-0.05428678169846535,0.2247181236743927,-0.6203930974006653,0.5915800929069519,0.1879746913909912,0.26385223865509033,0.351584792137146,-0.5902912616729736,0.7636463046073914,Microbe,Ideal,Outside,Microbe | Ideal,Microbe | Ideal | Outside,Outside,Always watered
1,Day 1,7,Tray 7,7,5,65,31427.171875,18355.72265625,36931.71875,33175.0078125,71.30198487712666,0.3395766019821167,0.39159393310546875,0.23554016649723053,-0.3850710988044739,0.7587822079658508,-0.013893957249820232,-0.026261093094944954,0.24568313360214233,-0.6055675148963928,0.5370279550552368,0.14932721853256226,0.23233002424240112,0.37052276730537415,-0.6545454263687134,0.7564417123794556,Microbe,Ideal,Outside,Microbe | Ideal,Microbe | Ideal | Outside,Outside,Always watered
1,Day 1,7,Tray 7,7,6,66,34877.05078125,18672.48828125,37798.25,31580.09765625,71.12476370510396,0.3137992322444916,0.36029142141342163,0.23785580694675446,-0.35302719473838806,0.7723531126976013,-0.04655603691935539,-0.07466918975114822,0.24245664477348328,-0.5835266709327698,0.588848352432251,0.08188290148973465,0.12726104259490967,0.375814288854599,-0.6327751278877258,0.7352555990219116,Microbe,Ideal,Outside,Microbe | Ideal,Microbe | Ideal | Outside,Outside,Always watered
1,Day 1,7,Tray 7,7,7,67,39973.30078125,20144.203125,40434.19921875,32530.970703125,66.5406427221172,0.2912420630455017,0.3380645215511322,0.2582928538322449,-0.4818941652774811,0.76259446144104,-0.062366414815187454,-0.09387104213237762,0.24887633323669434,-0.6670058965682983,0.5631018877029419,0.002369196154177189,-0.09272574633359909,0.32868504524230957,-0.6639577150344849,0.7207179665565491,Microbe,Ideal,Outside,Microbe | Ideal,Microbe | Ideal | Outside,Outside,Always watered
1,Day 1,7,Tray 7,7,8,68,40609.9453125,22313.9453125,44356.40625,34993.75390625,64.01228733459358,0.2749979794025421,0.276348352432251,0.24343393743038177,-0.36227619647979736,0.7652228474617004,-0.07967174798250198,-0.11763100326061249,0.2213311642408371,-0.604938268661499,0.5082644820213318,0.02524978667497635,-0.0959756001830101,0.3415051996707916,-0.7514970302581787,0.7552111148834229,Microbe,Ideal,Outside,Microbe | Ideal,Microbe | Ideal | Outside,Outside,Always watered
1,Day 1,7,Tray 7,7,9,69,47595.0390625,27454.595703125,49051.6640625,38816.00390625,51.79584120982986,0.22559626400470734,0.15635642409324646,0.23580966889858246,-0.4726271331310272,0.7282941937446594,-0.08472050726413727,-0.10810445249080658,0.23297187685966492,-0.7227597832679749,0.5136948227882385,-0.028999458998441696,-0.10660721361637115,0.3414056599140167,-0.7227597832679749,0.7568424344062805,Microbe,Ideal,Outside,Microbe | Ideal,Microbe | Ideal | Outside,Outside,Always watered
1,Day 1,7,Tray 7,7,10,70,45206.54296875,25294.296875,47098.44921875,36099.46875,53.28449905482041,0.22303904592990875,0.17248746752738953,0.21920083463191986,-0.4666025936603546,0.740821897983551,-0.10297616571187973,-0.11165978014469147,0.2439149171113968,-0.6690441966056824,0.6360294222831726,-0.034180570393800735,-0.13146215677261353,0.3811710476875305,-0.6690441966056824,0.7660594582557678,Microbe,Ideal,Outside,Microbe | Ideal,Microbe | Ideal | Outside,Outside,Always watered
1,Day 1,8,Tray 8,1,1,1,36493.94140625,22332.740234375,44748.328125,35108.28125,62.16918714555766,0.2695406675338745,0.17731636762619019,0.20262651145458221,-0.26340964436531067,0.7564870119094849,-0.06739837676286697,-0.16600702702999115,0.21987560391426086,-0.6168440580368042,0.586736261844635,0.11011113971471786,-0.0029264744371175766,0.3803946077823639,-0.7260273694992065,0.7644214034080505,Microbe,Heat,Alternating,Microbe | Heat,Microbe | Heat | Alternating,Inside,Always watered
1,Day 1,8,Tray 8,1,2,2,35875.0703125,21743.771484375,43875.59765625,34740.16796875,66.20982986767487,0.28358322381973267,0.21893760561943054,0.20197239518165588,-0.404938280582428,0.7588315010070801,-0.0671105682849884,-0.1484307050704956,0.22550012171268463,-0.703591525554657,0.5807912945747375,0.11072127521038055,0.028298471122980118,0.3639739453792572,-0.6731358766555786,0.7992017269134521,Microbe,Heat,Alternating,Microbe | Heat,Microbe | Heat | Alternating,Inside,Always watered
1,Day 1,8,Tray 8,1,3,3,25868.30859375,16174.7822265625,34718.29296875,31247.3671875,83.63657844990549,0.3699856400489807,0.3919646143913269,0.18689462542533875,-0.18627998232841492,0.8003159761428833,-0.012269170954823494,-0.040082644671201706,0.20899087190628052,-0.49916836619377136,0.6226942539215088,0.20995505154132843,0.3060914874076843,0.37083086371421814,-0.6221033930778503,0.7747419476509094,Microbe,Heat,Alternating,Microbe | Heat,Microbe | Heat | Alternating,Inside,Always watered
1,Day 1,8,Tray 8,1,4,4,38268.32421875,20781.982421875,43039.44921875,34170.06640625,65.52457466918715,0.29883259534835815,0.3125154972076416,0.23110412061214447,-0.3104017674922943,0.7654761672019958,-0.07143503427505493,-0.11275880038738251,0.2322021722793579,-0.6269636154174805,0.6148439645767212,0.07120033353567123,-0.04180082678794861,0.3879310190677643,-0.644908607006073,0.7415007948875427,Microbe,Heat,Alternating,Microbe | Heat,Microbe | Heat | Alternating,Inside,Always watered
1,Day 1,8,Tray 8,1,5,5,39158.171875,19396.185546875,40889.03125,32035.8828125,70.29773156899812,0.31322962045669556,0.34668272733688354,0.22645993530750275,-0.41944217681884766,0.7611271142959595,-0.07162952423095703,-0.13121546804904938,0.23483236134052277,-0.5850590467453003,0.6251993775367737,0.034068264067173004,-0.12335415929555893,0.36685672402381897,-0.6147476434707642,0.7759612202644348,Microbe,Heat,Alternating,Microbe | Heat,Microbe | Heat | Alternating,Inside,Always watered
1,Day 1,8,Tray 8,1,6,6,48082.453125,26452.22265625,50174.53125,37311.09375,50.68525519848771,0.2328391969203949,0.15209193527698517,0.21368466317653656,-0.38677462935447693,0.7739490270614624,-0.11986999213695526,-0.12453658878803253,0.21105921268463135,-0.6758747696876526,0.6532608866691589,-0.039603348821401596,-0.1177072674036026,0.30084213614463806,-0.7209497690200806,0.6598575115203857,Microbe,Heat,Alternating,Microbe | Heat,Microbe | Heat | Alternating,Inside,Always watered
1,Day 1,8,Tray 8,1,7,7,45060.96875,25145.203125,48514.0703125,36265.92578125,54.77315689981096,0.2443329244852066,0.1713516265153885,0.2227916270494461,-0.4481351971626282,0.7478941082954407,-0.11757161468267441,-0.12007658928632736,0.20992298424243927,-0.7094552516937256,0.5331578850746155,-0.01253382209688425,-0.11005692929029465,0.34833768010139465,-0.7094552516937256,0.7991242408752441,Microbe,Heat,Alternating,Microbe | Heat,Microbe | Heat | Alternating,Inside,Always watered
1,Day 1,8,Tray 8,1,8,8,43958.71875,26666.97265625,50286.45703125,39539.38671875,59.39272211720227,0.2430429756641388,0.18399548530578613,0.21765728294849396,-0.4361988604068756,0.7448559403419495,-0.09656845778226852,-0.10511402040719986,0.22855857014656067,-0.705184280872345,0.5718270540237427,0.038436781615018845,-0.08989287912845612,0.37956392765045166,-0.705184280872345,0.8039430379867554,Microbe,Heat,Alternating,Microbe | Heat,Microbe | Heat | Alternating,Inside,Always watered
1,Day 1,8,Tray 8,1,9,9,46283.75,30383.55859375,53609.09765625,42636.5234375,52.44565217391305,0.21016354858875275,0.15581968426704407,0.18383608758449554,-0.4216928482055664,0.7234342098236084,-0.09803731739521027,-0.10095442831516266,0.19698350131511688,-0.6707466244697571,0.6031204462051392,0.04421387240290642,-0.0824742242693901,0.3623117506504059,-0.6931982636451721,0.8100080490112305,Microbe,Heat,Alternating,Microbe | Heat,Microbe | Heat | Alternating,Inside,Always watered
1,Day 1,8,Tray 8,1,10,10,46667.03515625,31072.37890625,53611.19140625,43715.75,47.12901701323251,0.21225254237651825,0.14436650276184082,0.1673254519701004,-0.24833111464977264,0.6694985032081604,-0.09094130992889404,-0.0931660458445549,0.17849425971508026,-0.6700652241706848,0.515893816947937,0.047776803374290466,-0.08311843872070312,0.33413001894950867,-0.692148745059967,0.8052590489387512,Microbe,Heat,Alternating,Microbe | Heat,Microbe | Heat | Alternating,Inside,Always watered
1,Day 1,8,Tray 8,2,1,11,33004.41015625,21764.95703125,43933.21484375,34463.96484375,61.49574669187145,0.28038710355758667,0.18927444517612457,0.21992410719394684,-0.41794610023498535,0.7635298371315002,-0.06275615096092224,-0.16182248294353485,0.23056800663471222,-0.655214250087738,0.6017167568206787,0.16484405100345612,0.21048703789710999,0.3801979124546051,-0.6659886240959167,0.748062014579773,Microbe,Heat,Alternating,Microbe | Heat,Microbe | Heat | Alternating,Inside,Always watered
1,Day 1,8,Tray 8,2,2,12,29145.609375,21114.609375,44572.0078125,34096.09765625,65.12287334593573,0.27685126662254333,0.2221897840499878,0.20591506361961365,-0.3911007046699524,0.760438084602356,-0.09498635679483414,-0.1574762761592865,0.20577117800712585,-0.6823406219482422,0.5783274173736572,0.20529115200042725,0.25469768047332764,0.33332541584968567,-0.5118764638900757,0.7593688368797302,Microbe,Heat,Alternating,Microbe | Heat,Microbe | Heat | Alternating,Inside,Always watered
1,Day 1,8,Tray 8,2,3,13,24061.533203125,19489.35546875,40810.359375,34328.671875,75.94517958412098,0.33105844259262085,0.34865331649780273,0.20838527381420135,-0.29485177993774414,0.7752053737640381,-0.04410064220428467,-0.07289102673530579,0.18855884671211243,-0.5674641132354736,0.5372182130813599,0.2924460172653198,0.3754934072494507,0.31568270921707153,-0.5314136147499084,0.7795786261558533,Microbe,Heat,Alternating,Microbe | Heat,Microbe | Heat | Alternating,Inside,Always watered
1,Day 1,8,Tray 8,2,4,14,31221.21875,16467.11328125,37050.96484375,30001.267578125,75.6734404536862,0.34092655777931213,0.3786720633506775,0.23862691223621368,-0.5184678435325623,0.7745571732521057,-0.057502198964357376,-0.06690140813589096,0.253938764333725,-0.7083854675292969,0.5955132842063904,0.12002331763505936,0.20573103427886963,0.38834118843078613,-0.6793110370635986,0.7690250277519226,Microbe,Heat,Alternating,Microbe | Heat,Microbe | Heat | Alternating,Inside,Always watered
1,Day 1,8,Tray 8,2,5,15,36684.2421875,19363.884765625,43247.70703125,32117.927734375,70.09688090737241,0.30060943961143494,0.3274582624435425,0.21840617060661316,-0.3317357003688812,0.7282741665840149,-0.10953265428543091,-0.1365528702735901,0.2096892148256302,-0.6425443291664124,0.4797230362892151,0.06223702430725098,0.030970053747296333,0.347251832485199,-0.6977611780166626,0.713628888130188,Microbe,Heat,Alternating,Microbe | Heat,Microbe | Heat | Alternating,Inside,Always watered
1,Day 1,8,Tray 8,2,6,16,45302.73828125,26337.9375,51292.41796875,37072.6875,55.765595463138,0.22153788805007935,0.17440317571163177,0.21378497779369354,-0.4207135736942291,0.7465420365333557,-0.14106068015098572,-0.13262343406677246,0.1960839033126831,-0.7348019480705261,0.5459954142570496,-0.007482217159122229,-0.11141267418861389,0.3062773048877716,-0.6321243643760681,0.7176702618598938,Microbe,Heat,Alternating,Microbe | Heat,Microbe | Heat | Alternating,Inside,Always watered
1,Day 1,8,Tray 8,2,7,17,39857.95703125,22877.142578125,45082.66796875,34037.98046875,59.94801512287334,0.2603389620780945,0.22611582279205322,0.2356078028678894,-0.44228994846343994,0.765041172504425,-0.11196118593215942,-0.10930515825748444,0.23192721605300903,-0.6883116960525513,0.520588219165802,0.02793995663523674,-0.07107838988304138,0.3668645918369293,-0.6748466491699219,0.7886266112327576,Microbe,Heat,Alternating,Microbe | Heat,Microbe | Heat | Alternating,Inside,Always watered
1,Day 1,8,Tray 8,2,8,18,40276.71875,26406.751953125,48823.63671875,39419.046875,62.22826086956522,0.25984156131744385,0.193707674741745,0.2232004553079605,-0.47454750537872314,0.7578222751617432,-0.08342181891202927,-0.0936039537191391,0.20913438498973846,-0.6683642268180847,0.526178777217865,0.09233231097459793,-0.055548395961523056,0.3758876621723175,-0.594315767288208,0.8032036423683167,Microbe,Heat,Alternating,Microbe | Heat,Microbe | Heat | Alternating,Inside,Always watered
1,Day 1,8,Tray 8,2,9,19,40771.58984375,27400.01953125,49824.7578125,39579.46875,56.30907372400756,0.240290567278862,0.17213043570518494,0.20913101732730865,-0.45614033937454224,0.7280232906341553,-0.08353156596422195,-0.1034761518239975,0.21388289332389832,-0.66768479347229,0.5610363483428955,0.10419170558452606,-0.07467906177043915,0.39597591757774353,-0.66768479347229,0.8019580245018005,Microbe,Heat,Alternating,Microbe | Heat,Microbe | Heat | Alternating,Inside,Always watered
1,Day 1,8,Tray 8,2,10,20,42127.2421875,27486.205078125,49537.0234375,40578.30078125,58.86105860113422,0.25375211238861084,0.18269503116607666,0.20246824622154236,-0.31413498520851135,0.7061542272567749,-0.07220878452062607,-0.09108652919530869,0.20429062843322754,-0.5632754564285278,0.5852608680725098,0.09121173620223999,-0.06072978302836418,0.37130746245384216,-0.6572238206863403,0.7689489722251892,Microbe,Heat,Alternating,Microbe | Heat,Microbe | Heat | Alternating,Inside,Always watered
1,Day 1,8,Tray 8,3,1,21,24943.1796875,19173.880859375,40398.984375,32043.5390625,67.61578449905483,0.3114980459213257,0.32324323058128357,0.2222536951303482,-0.33902961015701294,0.7572746872901917,-0.06114385649561882,-0.10582686960697174,0.21009764075279236,-0.5801659226417542,0.5415375828742981,0.2801380753517151,0.4306428134441376,0.3631477653980255,-0.5847523212432861,0.7530685663223267,Microbe,Heat,Alternating,Microbe | Heat,Microbe | Heat | Alternating,Inside,Always watered
1,Day 1,8,Tray 8,3,2,22,16485.841796875,16212.4853515625,34430.9609375,29016.95703125,75.69706994328924,0.3480408191680908,0.3833509385585785,0.2065339982509613,-0.2777777910232544,0.7473200559616089,-0.023937571793794632,-0.04248223453760147,0.22332346439361572,-0.6279069781303406,0.5400830507278442,0.3560081124305725,0.4211446940898895,0.2758634388446808,-0.5050727725028992,0.7641058564186096,Microbe,Heat,Alternating,Microbe | Heat,Microbe | Heat | Alternating,Inside,Always watered
1,Day 1,8,Tray 8,3,3,23,17388.5390625,14605.474609375,33093.58984375,28560.359375,83.8492438563327,0.371216356754303,0.384796142578125,0.21460245549678802,-0.39372822642326355,0.7989351749420166,-0.023916641250252724,-0.07911957800388336,0.2535349428653717,-0.6890863180160522,0.6236497759819031,0.3140399158000946,0.3974219560623169,0.33290895819664,-0.6991701126098633,0.781757116317749,Microbe,Heat,Alternating,Microbe | Heat,Microbe | Heat | Alternating,Inside,Always watered
1,Day 1,8,Tray 8,3,4,24,22692.984375,14209.810546875,33611.36328125,26429.8203125,77.31568998109641,0.3456827998161316,0.40546149015426636,0.23470047116279602,-0.4912966191768646,0.754124104976654,-0.06620338559150696,-0.08885316550731659,0.26233863830566406,-0.7421824932098389,0.5194152593612671,0.2008032202720642,0.35820525884628296,0.38858306407928467,-0.741811990737915,0.7826340198516846,Microbe,Heat,Alternating,Microbe | Heat,Microbe | Heat | Alternating,Inside,Always watered
1,Day 1,8,Tray 8,3,5,25,31070.427734375,16562.87109375,37364.5078125,26479.029296875,68.67911153119093,0.3082104027271271,0.3756476640701294,0.2720038890838623,-0.4029255211353302,0.7818433046340942,-0.09916598349809647,-0.14537444710731506,0.29087620973587036,-0.7205981016159058,0.6471042633056641,0.09657241404056549,0.14718762040138245,0.4012373983860016,-0.6402963995933533,0.703323245048523,Microbe,Heat,Alternating,Microbe | Heat,Microbe | Heat | Alternating,Inside,Always watered
1,Day 1,8,Tray 8,3,6,26,34076.6875,19038.998046875,39760.703125,28135.6953125,64.30765595463139,0.2696458399295807,0.29674893617630005,0.2607339322566986,-0.5130201578140259,0.777388870716095,-0.11467771977186203,-0.12078379094600677,0.2720808982849121,-0.6917992234230042,0.5837104320526123,0.05305778235197067,0.08610858023166656,0.4267714321613312,-0.7432950139045715,0.7767180800437927,Microbe,Heat,Alternating,Microbe | Heat,Microbe | Heat | Alternating,Inside,Always watered
1,Day 1,8,Tray 8,3,7,27,37853.234375,21510.3203125,44139.83984375,31537.0546875,64.94565217391305,0.25479620695114136,0.23252561688423157,0.23741914331912994,-0.46649810671806335,0.7158659100532532,-0.1329277604818344,-0.1237962394952774,0.24517527222633362,-0.724936842918396,0.5232758522033691,0.014819124713540077,-0.03546333685517311,0.3535141944885254,-0.7238476276397705,0.74127197265625,Microbe,Heat,Alternating,Microbe | Heat,Microbe | Heat | Alternating,Inside,Always watered
1,Day 1,8,Tray 8,3,8,28,31342.62109375,19994.859375,38275.63671875,31665.1328125,65.01654064272212,0.29694679379463196,0.3276640772819519,0.26332998275756836,-0.5215146541595459,0.7539240717887878,-0.03982154279947281,-0.07635694742202759,0.3142266273498535,-0.7754173278808594,0.6346298456192017,0.1391037106513977,0.29841354489326477,0.49428752064704895,-0.7812092304229736,0.7965412139892578,Microbe,Heat,Alternating,Microbe | Heat,Microbe | Heat | Alternating,Inside,Always watered
1,Day 1,8,Tray 8,3,9,29,37196.9609375,25554.4921875,47421.9609375,37949.203125,59.5226843100189,0.2558637261390686,0.19216692447662354,0.21054477989673615,-0.40721040964126587,0.7732793688774109,-0.08291399478912354,-0.1036248505115509,0.23513180017471313,-0.6670058965682983,0.5986825227737427,0.1253965049982071,-0.024130787700414658,0.4099881947040558,-0.6670058965682983,0.8067805171012878,Microbe,Heat,Alternating,Microbe | Heat,Microbe | Heat | Alternating,Inside,Always watered
1,Day 1,8,Tray 8,3,10,30,32996.6953125,22090.900390625,41906.23046875,34818.43359375,68.54914933837429,0.2981299161911011,0.2866188883781433,0.20865274965763092,-0.4385964870452881,0.6995168924331665,-0.04530619829893112,-0.08448093384504318,0.24756775796413422,-0.6886597871780396,0.6329113841056824,0.1570637971162796,0.26963454484939575,0.4380917251110077,-0.7429240345954895,0.8176412582397461,Microbe,Heat,Alternating,Microbe | Heat,Microbe | Heat | Alternating,Inside,Always watered
1,Day 1,8,Tray 8,4,1,31,24483.75390625,18010.232421875,37453.28125,28227.849609375,64.86294896030246,0.2743634879589081,0.3020527958869934,0.2900799512863159,-0.5375722646713257,0.7534246444702148,-0.07393140345811844,-0.11020371317863464,0.29910528659820557,-0.7673715949058533,0.6425120830535889,0.23238806426525116,0.3901832401752472,0.42788243293762207,-0.7827601432800293,0.7722126841545105,Microbe,Heat,Alternating,Microbe | Heat,Microbe | Heat | Alternating,Inside,Always watered
1,Day 1,8,Tray 8,4,2,32,12366.30078125,11867.2529296875,25702.798828125,29322.421875,94.44706994328924,0.45971399545669556,0.4899470806121826,0.1795731782913208,-0.2931995391845703,0.8097777962684631,0.10284899920225143,0.09040191769599915,0.21796782314777374,-0.5357210040092468,0.6564321517944336,0.4459601640701294,0.49453169107437134,0.23187777400016785,-0.5314136147499084,0.7935633659362793,Microbe,Heat,Alternating,Microbe | Heat,Microbe | Heat | Alternating,Inside,Always watered
1,Day 1,8,Tray 8,4,3,33,12362.59375,10035.166015625,21732.345703125,25088.267578125,94.0335538752363,0.4516563415527344,0.4818513095378876,0.1691654771566391,-0.2460407167673111,0.784820020198822,0.0851997435092926,0.09433962404727936,0.21168260276317596,-0.523809552192688,0.5977143049240112,0.378874808549881,0.4426473379135132,0.29630035161972046,-0.709117591381073,0.7956037521362305,Microbe,Heat,Alternating,Microbe | Heat,Microbe | Heat | Alternating,Inside,Always watered
1,Day 1,8,Tray 8,4,4,34,20625.30859375,9893.8125,24211.6796875,24875.892578125,89.40217391304348,0.4185248613357544,0.439595103263855,0.20024865865707397,-0.27866971492767334,0.7986244559288025,0.023083103820681572,0.010582010261714458,0.2856616675853729,-0.5896739363670349,0.6740698218345642,0.19308549165725708,0.2333751618862152,0.3484188914299011,-0.6924984455108643,0.8064344525337219,Microbe,Heat,Alternating,Microbe | Heat,Microbe | Heat | Alternating,Inside,Always watered
1,Day 1,8,Tray 8,4,5,35,29896.830078125,13931.2001953125,32524.283203125,25659.048828125,78.22542533081285,0.34138157963752747,0.3879518508911133,0.26016926765441895,-0.485853374004364,0.8270214796066284,-0.061240147799253464,-0.08736059814691544,0.2903299033641815,-0.6862260699272156,0.6689560413360596,0.08255410194396973,0.13543426990509033,0.38541072607040405,-0.6862260699272156,0.7848904132843018,Microbe,Heat,Alternating,Microbe | Heat,Microbe | Heat | Alternating,Inside,Always watered
1,Day 1,8,Tray 8,4,6,36,34256.984375,16932.662109375,35731.8828125,26664.078125,68.80907372400756,0.30065280199050903,0.30234360694885254,0.23279613256454468,-0.3389214873313904,0.7397089600563049,-0.0937347561120987,-0.11519576609134674,0.25681790709495544,-0.6717697381973267,0.5076236724853516,0.012523108161985874,0.000890497351065278,0.36227139830589294,-0.7444089651107788,0.6898993849754333,Microbe,Heat,Alternating,Microbe | Heat,Microbe | Heat | Alternating,Inside,Always watered
1,Day 1,8,Tray 8,4,7,37,30670.18359375,17368.478515625,36835.72265625,29255.1953125,76.18147448015122,0.3202492296695709,0.3659517467021942,0.24028180539608002,-0.505033552646637,0.7368661761283875,-0.06909625232219696,-0.08047493547201157,0.2499367743730545,-0.6904024481773376,0.5577147006988525,0.09933335334062576,0.13428190350532532,0.39938658475875854,-0.6904024481773376,0.7885251045227051,Microbe,Heat,Alternating,Microbe | Heat,Microbe | Heat | Alternating,Inside,Always watered
1,Day 1,8,Tray 8,4,8,38,32780.56640625,20967.732421875,40115.3125,34356.40234375,70.02599243856332,0.310829758644104,0.3270728588104248,0.2534402012825012,-0.5686746835708618,0.7779783606529236,-0.03722507506608963,-0.08233117312192917,0.2775185704231262,-0.7234848737716675,0.6227450966835022,0.1507292091846466,0.25099852681159973,0.4671993553638458,-0.7502822279930115,0.7900000214576721,Microbe,Heat,Alternating,Microbe | Heat,Microbe | Heat | Alternating,Inside,Always watered
1,Day 1,8,Tray 8,4,9,39,38703.84765625,24123.6015625,44258.00390625,38108.87890625,66.1625708884688,0.29363104701042175,0.25424057245254517,0.21318913996219635,-0.43457627296447754,0.7893617153167725,-0.039000652730464935,-0.09519592672586441,0.23727263510227203,-0.6652771830558777,0.680060625076294,0.09533882141113281,-0.057729560881853104,0.41225576400756836,-0.704119861125946,0.8154270052909851,Microbe,Heat,Alternating,Microbe | Heat,Microbe | Heat | Alternating,Inside,Always watered
1,Day 1,8,Tray 8,4,10,40,34260.16015625,21907.236328125,39869.03515625,35348.55859375,70.51039697542532,0.3149521052837372,0.3166379928588867,0.20695067942142487,-0.3304178714752197,0.789264440536499,-0.012402070686221123,-0.061340972781181335,0.2481050193309784,-0.6422699093818665,0.6866718530654907,0.14704620838165283,0.20992907881736755,0.43278199434280396,-0.6862260699272156,0.8069847822189331,Microbe,Heat,Alternating,Microbe | Heat,Microbe | Heat | Alternating,Inside,Always watered
1,Day 1,8,Tray 8,5,1,41,32684.642578125,19038.478515625,37847.515625,31294.2265625,67.73393194706995,0.2993105947971344,0.30081868171691895,0.24356824159622192,-0.39854633808135986,0.7381818294525146,-0.023746179416775703,-0.06559139490127563,0.2597580850124359,-0.618897020816803,0.579416811466217,0.11461073160171509,0.18338477611541748,0.3969065546989441,-0.7719601988792419,0.7774193286895752,Microbe,Heat,Alternating,Microbe | Heat,Microbe | Heat | Alternating,Inside,Always watered
1,Day 1,8,Tray 8,5,2,42,23198.044921875,15743.01171875,30822.8359375,31623.333984375,81.45085066162571,0.39300572872161865,0.42986172437667847,0.20033931732177734,-0.1646966189146042,0.8081918358802795,0.067439004778862,0.05810284987092018,0.21720191836357117,-0.44750794768333435,0.6694835424423218,0.26487967371940613,0.3301905393600464,0.32634007930755615,-0.5095440149307251,0.7828638553619385,Microbe,Heat,Alternating,Microbe | Heat,Microbe | Heat | Alternating,Inside,Always watered
1,Day 1,8,Tray 8,5,3,43,19144.7890625,12168.3251953125,25497.482421875,28714.21484375,93.21833648393195,0.4329378604888916,0.4551205039024353,0.1738734394311905,-0.24565216898918152,0.8052067160606384,0.0810212716460228,0.06312684714794159,0.21682517230510712,-0.5944811105728149,0.6956400871276855,0.27201515436172485,0.3397703170776367,0.32970860600471497,-0.6481440663337708,0.778251588344574,Microbe,Heat,Alternating,Microbe | Heat,Microbe | Heat | Alternating,Inside,Always watered
1,Day 1,8,Tray 8,5,4,44,23810.03125,10028.5595703125,22529.978515625,25899.501953125,93.62003780718337,0.45482873916625977,0.47739601135253906,0.16687530279159546,-0.17712938785552979,0.794432520866394,0.07774612307548523,0.06737660616636276,0.2198982536792755,-0.6269368529319763,0.6462620496749878,0.1830444633960724,0.31767237186431885,0.39401376247406006,-0.6967060565948486,0.7801355719566345,Microbe,Heat,Alternating,Microbe | Heat,Microbe | Heat | Alternating,Inside,Always watered
1,Day 1,8,Tray 8,5,5,45,36538.98046875,14816.646484375,32561.1640625,27595.173828125,80.13941398865785,0.3551531732082367,0.39465242624282837,0.22661100327968597,-0.37264537811279297,0.7441595196723938,-0.020504441112279892,-0.03634829446673393,0.24856431782245636,-0.6522089838981628,0.579365074634552,-0.005138051230460405,-0.07619690150022507,0.34275543689727783,-0.6522089838981628,0.6905494332313538,Microbe,Heat,Alternating,Microbe | Heat,Microbe | Heat | Alternating,Inside,Always watered
1,Day 1,8,Tray 8,5,6,46,34332.88671875,15758.2646484375,32975.46875,26670.0234375,75.51984877126654,0.3263218402862549,0.41296452283859253,0.27870050072669983,-0.635726809501648,0.7328135967254639,-0.03905969113111496,-0.0207509882748127,0.28864288330078125,-0.77734375,0.6209744215011597,0.02514663152396679,0.10609480738639832,0.4136653244495392,-0.7854806780815125,0.7216828465461731,Microbe,Heat,Alternating,Microbe | Heat,Microbe | Heat | Alternating,Inside,Always watered
1,Day 1,8,Tray 8,5,7,47,37283.4921875,19155.59375,39682.20703125,32406.759765625,73.48771266540642,0.31736937165260315,0.32383936643600464,0.22893497347831726,-0.4032846689224243,0.7455391883850098,-0.05754775553941727,-0.09763583540916443,0.24192197620868683,-0.6691505312919617,0.5482814908027649,0.03612130880355835,0.015261788852512836,0.38061434030532837,-0.7234848737716675,0.8003667593002319,Microbe,Heat,Alternating,Microbe | Heat,Microbe | Heat | Alternating,Inside,Always watered
1,Day 1,8,Tray 8,5,8,48,35639.5078125,21057.298828125,39821.60546875,35286.38671875,71.71550094517958,0.3138226866722107,0.31677258014678955,0.22724765539169312,-0.411456823348999,0.8097637891769409,-0.03187039494514465,-0.07719666510820389,0.2446572482585907,-0.6515426635742188,0.6537730097770691,0.09573699533939362,0.06803455948829651,0.4089379608631134,-0.7058945894241333,0.7951482534408569,Microbe,Heat,Alternating,Microbe | Heat,Microbe | Heat | Alternating,Inside,Always watered
1,Day 1,8,Tray 8,5,9,49,36670.91015625,21193.580078125,41314.8515625,36057.01171875,72.4125708884688,0.31815245747566223,0.31415504217147827,0.20737597346305847,-0.3468729853630066,0.8081203103065491,-0.029940221458673477,-0.09276776760816574,0.24781537055969238,-0.6532778143882751,0.694656491279602,0.10340841114521027,0.03682839497923851,0.40141555666923523,-0.689704954624176,0.8008207678794861,Microbe,Heat,Alternating,Microbe | Heat,Microbe | Heat | Alternating,Inside,Always watered
1,Day 1,8,Tray 8,5,10,50,33875.25,18494.873046875,35229.07421875,32288.21484375,77.03213610586012,0.33785203099250793,0.3518914580345154,0.22616611421108246,-0.41431671380996704,0.7926634550094604,0.014781228266656399,-0.023498782888054848,0.31486788392066956,-0.7547295689582825,0.6990190744400024,0.1077607125043869,0.13832537829875946,0.45904454588890076,-0.7850915193557739,0.8037436008453369,Microbe,Heat,Alternating,Microbe | Heat,Microbe | Heat | Alternating,Inside,Always watered
1,Day 1,8,Tray 8,6,1,51,27060.0546875,17653.513671875,37640.11328125,32612.8046875,75.34262759924385,0.33917149901390076,0.3675771951675415,0.22324010729789734,-0.2704019546508789,0.7380596995353699,-0.005399878602474928,-0.013908810913562775,0.25043031573295593,-0.5837008953094482,0.5893282294273376,0.20677152276039124,0.2872999310493469,0.3382609784603119,-0.5684360265731812,0.7453183531761169,Microbe,Heat,Alternating,Microbe | Heat,Microbe | Heat | Alternating,Inside,Always watered
1,Day 1,8,Tray 8,6,2,52,34901.30859375,19770.560546875,39468.08984375,33288.9375,66.39886578449905,0.30566129088401794,0.2561035752296448,0.21772155165672302,-0.23484086990356445,0.7800067067146301,-0.023665783926844597,-0.1262914389371872,0.2526203989982605,-0.5826250910758972,0.639356791973114,0.08238330483436584,-0.015317990444600582,0.3576255142688751,-0.7410714030265808,0.7459933757781982,Microbe,Heat,Alternating,Microbe | Heat,Microbe | Heat | Alternating,Inside,Always watered
1,Day 1,8,Tray 8,6,3,53,31168.1640625,17069.544921875,35245.875,31239.302734375,75.79158790170132,0.34066393971443176,0.36463648080825806,0.2430243343114853,-0.4663827121257782,0.7857627272605896,-0.006121440324932337,-0.03170864284038544,0.26202887296676636,-0.6502115726470947,0.5489749312400818,0.11623983085155487,0.12354662269353867,0.3830677568912506,-0.7213114500045776,0.7648902535438538,Microbe,Heat,Alternating,Microbe | Heat,Microbe | Heat | Alternating,Inside,Always watered
1,Day 1,8,Tray 8,6,4,54,33013.6875,15562.6103515625,32503.40234375,29244.865234375,76.0633270321361,0.3576637804508209,0.4148991107940674,0.25625118613243103,-0.448142409324646,0.7870398759841919,0.008371458388864994,-0.002815847285091877,0.291083961725235,-0.68686443567276,0.6319769620895386,0.07730592042207718,0.09224629402160645,0.40663138031959534,-0.7362730503082275,0.7839952111244202,Microbe,Heat,Alternating,Microbe | Heat,Microbe | Heat | Alternating,Inside,Always watered
1,Day 1,8,Tray 8,6,5,55,37187.5078125,16199.7216796875,33430.71484375,29182.65234375,76.22873345935727,0.355114221572876,0.42051470279693604,0.24431677162647247,-0.49123767018318176,0.7567893862724304,-0.0032975473441183567,0.01262180507183075,0.25913041830062866,-0.6722325086593628,0.5796448588371277,0.028188077732920647,-0.11496835947036743,0.4126645028591156,-0.7727272510528564,0.7590738534927368,Microbe,Heat,Alternating,Microbe | Heat,Microbe | Heat | Alternating,Inside,Always watered
1,Day 1,8,Tray 8,6,6,56,35288.8984375,16021.9921875,35760.83203125,28401.43359375,73.61767485822305,0.332610547542572,0.42172297835350037,0.2702210545539856,-0.43180960416793823,0.7882611155509949,-0.05682287737727165,-0.027579423040151596,0.2644767761230469,-0.705184280872345,0.5414974093437195,0.032368194311857224,0.049230389297008514,0.384981244802475,-0.705184280872345,0.6928799152374268,Microbe,Heat,Alternating,Microbe | Heat,Microbe | Heat | Alternating,Inside,Always watered
1,Day 1,8,Tray 8,6,7,57,41383.765625,21077.91796875,42142.04296875,32987.1015625,64.95746691871456,0.29278919100761414,0.29224899411201477,0.250365674495697,-0.4429824650287628,0.7848261594772339,-0.06691418588161469,-0.11553113162517548,0.24030163884162903,-0.6578947305679321,0.6256157755851746,0.0012690267758443952,-0.11362086236476898,0.36528655886650085,-0.6687790155410767,0.7532287836074829,Microbe,Heat,Alternating,Microbe | Heat,Microbe | Heat | Alternating,Inside,Always watered
1,Day 1,8,Tray 8,6,8,58,48549.4609375,28813.10546875,52462.265625,40686.5078125,51.87854442344045,0.2141343057155609,0.1546572893857956,0.1837160885334015,-0.38099196553230286,0.7573248147964478,-0.11168856173753738,-0.12145693600177765,0.15846508741378784,-0.6103028059005737,0.5434964895248413,-0.03606788441538811,-0.11050847172737122,0.3336200714111328,-0.7362730503082275,0.7907995581626892,Microbe,Heat,Alternating,Microbe | Heat,Microbe | Heat | Alternating,Inside,Always watered
1,Day 1,8,Tray 8,6,9,59,40510.30859375,24417.412109375,45041.51171875,39635.59765625,67.03686200378071,0.3022928237915039,0.23395401239395142,0.21191859245300293,-0.2610153257846832,0.788997232913971,-0.015786269679665565,-0.10206553339958191,0.23105955123901367,-0.5753833651542664,0.7213161587715149,0.09978358447551727,-0.07388114929199219,0.3863076865673065,-0.6340782046318054,0.794126033782959,Microbe,Heat,Alternating,Microbe | Heat,Microbe | Heat | Alternating,Inside,Always watered
1,Day 1,8,Tray 8,6,10,60,38046.17578125,22929.986328125,40884.79296875,34876.5703125,62.476370510396976,0.27233263850212097,0.2533923387527466,0.21940211951732635,-0.31691044569015503,0.7845982313156128,-0.03486136719584465,-0.05725434422492981,0.28286486864089966,-0.6555488109588623,0.7404580116271973,0.039994016289711,0.0029563643038272858,0.41797590255737305,-0.6731358766555786,0.8278467059135437,Microbe,Heat,Alternating,Microbe | Heat,Microbe | Heat | Alternating,Inside,Always watered
1,Day 1,8,Tray 8,7,1,61,40655.47265625,21498.05078125,44969.80078125,34012.31640625,64.30765595463139,0.25584372878074646,0.19755685329437256,0.2019074559211731,-0.29259777069091797,0.7502102851867676,-0.09697294980287552,-0.16710752248764038,0.2233569175004959,-0.6473953127861023,0.5955487489700317,0.010043252259492874,-0.14320135116577148,0.33550119400024414,-0.580470860004425,0.7345719933509827,Microbe,Heat,Alternating,Microbe | Heat,Microbe | Heat | Alternating,Inside,Always watered
1,Day 1,8,Tray 8,7,2,62,39072.78515625,21495.017578125,44746.69921875,34038.45703125,63.39792060491494,0.2614641785621643,0.21137163043022156,0.23068839311599731,-0.46010321378707886,0.776049792766571,-0.08663494139909744,-0.16567406058311462,0.25134652853012085,-0.7188430428504944,0.672879159450531,0.02763262204825878,-0.09657134115695953,0.36215507984161377,-0.7271681427955627,0.766383707523346,Microbe,Heat,Alternating,Microbe | Heat,Microbe | Heat | Alternating,Inside,Always watered
1,Day 1,8,Tray 8,7,3,63,31572.916015625,19954.32421875,40432.07421875,33051.6328125,65.11105860113422,0.30139926075935364,0.257152795791626,0.23979531228542328,-0.41668832302093506,0.7828335165977478,-0.03855498880147934,-0.12026022374629974,0.26444676518440247,-0.6508768200874329,0.6320512890815735,0.14651834964752197,0.17591656744480133,0.34097543358802795,-0.5521872639656067,0.7705103158950806,Microbe,Heat,Alternating,Microbe | Heat,Microbe | Heat | Alternating,Inside,Always watered
1,Day 1,8,Tray 8,7,4,64,33289.890625,16029.294921875,34511.62890625,29525.43359375,74.89366729678639,0.3499758243560791,0.3987332582473755,0.24481676518917084,-0.40152478218078613,0.778595507144928,-0.015126409009099007,-0.021580107510089874,0.2767121493816376,-0.6628416180610657,0.6174119114875793,0.08693411201238632,0.0839792788028717,0.39619842171669006,-0.6380000114440918,0.7706698775291443,Microbe,Heat,Alternating,Microbe | Heat,Microbe | Heat | Alternating,Inside,Always watered
1,Day 1,8,Tray 8,7,5,65,41486.34375,21108.796875,45169.26171875,32808.03125,65.53638941398866,0.26126402616500854,0.24911347031593323,0.2390388697385788,-0.391501784324646,0.8051044344902039,-0.10944664478302002,-0.16285881400108337,0.2561061680316925,-0.6857802867889404,0.6947947144508362,-0.013209146447479725,-0.1383560597896576,0.3284631371498108,-0.6872682571411133,0.7511961460113525,Microbe,Heat,Alternating,Microbe | Heat,Microbe | Heat | Alternating,Inside,Always watered
1,Day 1,8,Tray 8,7,6,66,42026.453125,18982.75390625,41392.5,30467.41796875,66.84782608695652,0.2931535243988037,0.31288331747055054,0.2331792116165161,-0.4328557252883911,0.7876105904579163,-0.09787167608737946,-0.14502674341201782,0.23177365958690643,-0.6642958521842957,0.6203039884567261,-0.037724412977695465,-0.15890759229660034,0.3316090404987335,-0.6710875034332275,0.7302268743515015,Microbe,Heat,Alternating,Microbe | Heat,Microbe | Heat | Alternating,Inside,Always watered
1,Day 1,8,Tray 8,7,7,67,45725.234375,23131.544921875,47161.40234375,34318.48046875,57.19517958412098,0.25063982605934143,0.18426716327667236,0.21662095189094543,-0.34171029925346375,0.7971199750900269,-0.11766495555639267,-0.1504424810409546,0.22381940484046936,-0.6553755402565002,0.6128213405609131,-0.07033602148294449,-0.15392744541168213,0.3109593689441681,-0.7388535141944885,0.7135816216468811,Microbe,Heat,Alternating,Microbe | Heat,Microbe | Heat | Alternating,Inside,Always watered
1,Day 1,8,Tray 8,7,8,68,48320.34765625,27457.634765625,50786.73828125,39039.2890625,49.172967863894144,0.22548174858093262,0.14812195301055908,0.2214929461479187,-0.5295042991638184,0.8022041916847229,-0.10230633616447449,-0.12592796981334686,0.19947503507137299,-0.7401052117347717,0.5959252715110779,-0.040160663425922394,-0.12284068763256073,0.3117658495903015,-0.7070914506912231,0.7745891213417053,Microbe,Heat,Alternating,Microbe | Heat,Microbe | Heat | Alternating,Inside,Always watered
1,Day 1,8,Tray 8,7,9,69,47173.26953125,26243.748046875,49898.4765625,39201.6171875,58.69565217391305,0.2448725551366806,0.17708076536655426,0.20888777077198029,-0.3780874013900757,0.7462038993835449,-0.08062192797660828,-0.13137173652648926,0.21428519487380981,-0.6663275957107544,0.6171709895133972,-0.016457460820674896,-0.12732277810573578,0.33079060912132263,-0.6851851940155029,0.7707838416099548,Microbe,Heat,Alternating,Microbe | Heat,Microbe | Heat | Alternating,Inside,Always watered
1,Day 1,8,Tray 8,7,10,70,39938.66796875,25928.421875,45619.37109375,38329.57421875,56.94706994328923,0.24031378328800201,0.20383581519126892,0.22106777131557465,-0.2555806338787079,0.7317298650741577,-0.055838052183389664,-0.10575591772794724,0.27153682708740234,-0.7556270360946655,0.7023255825042725,0.05957186594605446,-0.06767862290143967,0.4029020369052887,-0.7440374493598938,0.8227847814559937,Microbe,Heat,Alternating,Microbe | Heat,Microbe | Heat | Alternating,Inside,Always watered
1,Day 1,9,Tray 9,1,1,1,36335.41015625,23550.984375,47006.50390625,35827.40625,60.07797731568998,0.24186819791793823,0.19912363588809967,0.20564329624176025,-0.37343496084213257,0.7227162718772888,-0.10138940066099167,-0.1426682323217392,0.20182688534259796,-0.6727941036224365,0.4722222089767456,0.10807923972606659,0.04776369035243988,0.36849141120910645,-0.6670058965682983,0.7575960159301758,Microbe,Ideal,Inside,Microbe | Ideal,Microbe | Ideal | Inside,Inside,Always watered
1,Day 1,9,Tray 9,1,2,2,33955.23046875,24538.513671875,46287.16015625,37487.88671875,57.56143667296786,0.25568825006484985,0.18683424592018127,0.20804746448993683,-0.40603122115135193,0.8013315796852112,-0.06633029878139496,-0.13944979012012482,0.2135668396949768,-0.6482189297676086,0.6308915615081787,0.17089800536632538,0.19342821836471558,0.342691570520401,-0.6482189297676086,0.8178930878639221,Microbe,Ideal,Inside,Microbe | Ideal,Microbe | Ideal | Inside,Inside,Always watered
1,Day 1,9,Tray 9,1,3,3,29340.658203125,22048.90234375,40995.44921875,36289.29296875,67.36767485822305,0.30557897686958313,0.26243168115615845,0.21020787954330444,-0.26675426959991455,0.7803320288658142,-0.015091854147613049,-0.10199138522148132,0.22081178426742554,-0.6628289222717285,0.6450471878051758,0.22376728057861328,0.24012219905853271,0.3337279260158539,-0.5846059918403625,0.8191646337509155,Microbe,Ideal,Inside,Microbe | Ideal,Microbe | Ideal | Inside,Inside,Always watered
1,Day 1,9,Tray 9,1,4,4,28164.65234375,19925.859375,38026.8671875,35010.765625,72.73156899810964,0.33044886589050293,0.3334997296333313,0.22229160368442535,-0.4119643568992615,0.7870988249778748,0.0016686470480635762,-0.04860537126660347,0.24542587995529175,-0.5931268334388733,0.6302521228790283,0.2175443470478058,0.3043329119682312,0.35456377267837524,-0.6604591012001038,0.7888235449790955,Microbe,Ideal,Inside,Microbe | Ideal,Microbe | Ideal | Inside,Inside,Always watered
1,Day 1,9,Tray 9,1,5,5,34613.0078125,20987.1484375,40274.6875,34422.49609375,69.44706994328924,0.29581189155578613,0.2832731604576111,0.23578974604606628,-0.4680483639240265,0.8044977784156799,-0.04093623161315918,-0.10103896260261536,0.2628468871116638,-0.6731358766555786,0.7276433706283569,0.113135427236557,0.07692307978868484,0.3738897442817688,-0.6384667754173279,0.7992362380027771,Microbe,Ideal,Inside,Microbe | Ideal,Microbe | Ideal | Inside,Inside,Always watered
1,Day 1,9,Tray 9,1,6,6,35354.92578125,19452.21484375,39647.5078125,32181.029296875,72.19990548204159,0.3176538348197937,0.3630111515522003,0.22831909358501434,-0.33931776881217957,0.766878604888916,-0.057238463312387466,-0.08557692170143127,0.22891603410243988,-0.6208193302154541,0.5586389303207397,0.09643101692199707,0.07119180262088776,0.3677654266357422,-0.6327751278877258,0.7984189987182617,Microbe,Ideal,Inside,Microbe | Ideal,Microbe | Ideal | Inside,Inside,Always watered
1,Day 1,9,Tray 9,1,7,7,43427.609375,24641.904296875,46109.50390625,36728.515625,60.21975425330813,0.2637811601161957,0.2265252023935318,0.2364656925201416,-0.4681481420993805,0.7398081421852112,-0.07809489220380783,-0.0859188511967659,0.2161707878112793,-0.6163410544395447,0.4988399147987366,0.02218605764210224,-0.07703570276498795,0.3354252874851227,-0.6163410544395447,0.7210910320281982,Microbe,Ideal,Inside,Microbe | Ideal,Microbe | Ideal | Inside,Inside,Always watered
1,Day 1,9,Tray 9,1,8,8,43112.55859375,25356.02734375,48826.16796875,37885.05078125,60.56238185255198,0.2542310357093811,0.22059392929077148,0.20077495276927948,-0.2756393551826477,0.754243016242981,-0.10494621843099594,-0.11058376729488373,0.1797797828912735,-0.6027397513389587,0.5095853805541992,0.030853271484375,-0.0850556418299675,0.3261477053165436,-0.6488826274871826,0.8037358522415161,Microbe,Ideal,Inside,Microbe | Ideal,Microbe | Ideal | Inside,Inside,Always watered
1,Day 1,9,Tray 9,1,9,9,46831.5625,30608.802734375,53464.43359375,42793.94921875,51.665879017013225,0.21696865558624268,0.15531335771083832,0.20104537904262543,-0.3390558063983917,0.7437722682952881,-0.10177899897098541,-0.08433734625577927,0.1871849149465561,-0.6840101480484009,0.5329847931861877,0.028559979051351547,-0.06363636255264282,0.33294567465782166,-0.6422699093818665,0.790758490562439,Microbe,Ideal,Inside,Microbe | Ideal,Microbe | Ideal | Inside,Inside,Always watered
1,Day 1,9,Tray 9,1,10,10,49041.8984375,33726.6484375,55000.64453125,45887.4765625,44.24621928166352,0.1868375539779663,0.13766568899154663,0.1730157881975174,-0.4113263785839081,0.7614836096763611,-0.07800661027431488,-0.07834101468324661,0.1936780959367752,-0.6569193005561829,0.6600151658058167,0.03485905006527901,-0.06363636255264282,0.3375183641910553,-0.6769042015075684,0.7879282236099243,Microbe,Ideal,Inside,Microbe | Ideal,Microbe | Ideal | Inside,Inside,Always watered
1,Day 1,9,Tray 9,2,1,11,32039.03125,21942.35546875,43161.62109375,33323.41015625,59.0382797731569,0.2709958851337433,0.22849644720554352,0.23913906514644623,-0.3814374506473541,0.7191826105117798,-0.06756827235221863,-0.13177387416362762,0.23910975456237793,-0.6240333318710327,0.5712690949440002,0.17265954613685608,0.2810623049736023,0.4159851372241974,-0.6717697381973267,0.7768860459327698,Microbe,Ideal,Inside,Microbe | Ideal,Microbe | Ideal | Inside,Inside,Always watered
1,Day 1,9,Tray 9,2,2,12,26061.294921875,20539.734375,40399.89453125,33294.66015625,68.63185255198488,0.2900368869304657,0.2962271571159363,0.22635310888290405,-0.3684210479259491,0.7944862246513367,-0.0511808916926384,-0.09393680095672607,0.238592728972435,-0.5955581665039062,0.6692606806755066,0.24788112938404083,0.3288746476173401,0.3709208369255066,-0.5955581665039062,0.8022447824478149,Microbe,Ideal,Inside,Microbe | Ideal,Microbe | Ideal | Inside,Inside,Always watered
1,Day 1,9,Tray 9,2,3,13,18756.935546875,17278.736328125,34285.3359375,32299.90234375,82.72684310018904,0.36576858162879944,0.38145971298217773,0.19955289363861084,-0.37824562191963196,0.7831787467002869,0.025854060426354408,-0.004216878674924374,0.2251390814781189,-0.6734777092933655,0.5898845791816711,0.3710135221481323,0.4301125407218933,0.2853533625602722,-0.6461148858070374,0.786438524723053,Microbe,Ideal,Inside,Microbe | Ideal,Microbe | Ideal | Inside,Inside,Always watered
1,Day 1,9,Tray 9,2,4,14,21992.1328125,18150.0,36960.765625,31944.060546875,77.98913043478261,0.3354611098766327,0.35046863555908203,0.1973789930343628,-0.3291642963886261,0.7429259419441223,-0.031794752925634384,-0.060534823685884476,0.2069265991449356,-0.6185919046401978,0.5986375212669373,0.2889552414417267,0.3877384066581726,0.33149197697639465,-0.6538771986961365,0.7861813902854919,Microbe,Ideal,Inside,Microbe | Ideal,Microbe | Ideal | Inside,Inside,Always watered
1,Day 1,9,Tray 9,2,5,15,21558.57421875,13100.7998046875,30124.009765625,27719.419921875,88.11436672967864,0.39924824237823486,0.44073882699012756,0.19032864272594452,-0.40649351477622986,0.7585585713386536,0.00322274980135262,0.023288477212190628,0.21626116335391998,-0.6535432934761047,0.5386795401573181,0.25745126605033875,0.36060893535614014,0.3484983444213867,-0.6595744490623474,0.7778987288475037,Microbe,Ideal,Inside,Microbe | Ideal,Microbe | Ideal | Inside,Inside,Always watered
1,Day 1,9,Tray 9,2,6,16,29059.71484375,16303.400390625,35590.56640625,27630.681640625,76.84310018903592,0.33776170015335083,0.4068398177623749,0.2378515601158142,-0.4876941442489624,0.7166287302970886,-0.06647444516420364,-0.06668402999639511,0.23188155889511108,-0.6555488109588623,0.5398496389389038,0.1440580040216446,0.2715894877910614,0.36579757928848267,-0.655214250087738,0.7584657073020935,Microbe,Ideal,Inside,Microbe | Ideal,Microbe | Ideal | Inside,Inside,Always watered
1,Day 1,9,Tray 9,2,7,17,34749.890625,20355.431640625,40705.640625,30691.3828125,68.54914933837429,0.2893694043159485,0.34208571910858154,0.2327343076467514,-0.41220054030418396,0.7249283790588379,-0.08829163759946823,-0.07508532702922821,0.2287626415491104,-0.6246776580810547,0.541395366191864,0.09047998487949371,0.12744590640068054,0.37151435017585754,-0.6813796162605286,0.6843787431716919,Microbe,Ideal,Inside,Microbe | Ideal,Microbe | Ideal | Inside,Inside,Always watered
1,Day 1,9,Tray 9,2,8,18,33649.1796875,20291.09375,42779.3359375,32880.63671875,70.22684310018904,0.30001774430274963,0.33538952469825745,0.21501053869724274,-0.34040722250938416,0.7505900859832764,-0.09296571463346481,-0.1010284423828125,0.20120014250278473,-0.5701687335968018,0.48291653394699097,0.11146754771471024,0.1507236659526825,0.36780649423599243,-0.6710328459739685,0.785011351108551,Microbe,Ideal,Inside,Microbe | Ideal,Microbe | Ideal | Inside,Inside,Always watered
1,Day 1,9,Tray 9,2,9,19,35069.96875,22980.689453125,45799.76953125,35742.6171875,69.39981096408317,0.2790594696998596,0.26891636848449707,0.21386288106441498,-0.40574902296066284,0.7048579454421997,-0.08940768986940384,-0.09726688265800476,0.2323378622531891,-0.6321243643760681,0.6305062174797058,0.11453364789485931,0.12283894419670105,0.3848766088485718,-0.6522089838981628,0.8056278228759766,Microbe,Ideal,Inside,Microbe | Ideal,Microbe | Ideal | Inside,Inside,Always watered
1,Day 1,9,Tray 9,2,10,20,35043.4765625,24232.55078125,45645.3828125,38413.15625,69.73062381852552,0.2794898450374603,0.2638070583343506,0.19575372338294983,-0.28231796622276306,0.6946902871131897,-0.05658133700489998,-0.07834101468324661,0.21296149492263794,-0.6381532549858093,0.5767297148704529,0.15396283566951752,0.13688524067401886,0.3938186466693878,-0.6253224611282349,0.8083983063697815,Microbe,Ideal,Inside,Microbe | Ideal,Microbe | Ideal | Inside,Inside,Always watered
1,Day 1,9,Tray 9,3,1,21,26813.19140625,17820.005859375,36362.52734375,29789.66796875,68.75,0.3115918040275574,0.38195347785949707,0.26036548614501953,-0.42795300483703613,0.7800596356391907,-0.03892675042152405,-0.032330505549907684,0.263174831867218,-0.6370177865028381,0.575596809387207,0.2065737545490265,0.3843120038509369,0.4318724274635315,-0.6609206795692444,0.7682550549507141,Microbe,Ideal,Inside,Microbe | Ideal,Microbe | Ideal | Inside,Inside,Always watered
1,Day 1,9,Tray 9,3,2,22,20202.724609375,18434.65234375,34507.36328125,33192.62890625,76.08695652173914,0.3662292957305908,0.4293025732040405,0.22501392662525177,-0.23211334645748138,0.7852742671966553,0.04409245029091835,0.04829045385122299,0.21791525185108185,-0.4614560902118683,0.6393782496452332,0.368181973695755,0.4600116014480591,0.3154367208480835,-0.4614560902118683,0.7900843620300293,Microbe,Ideal,Inside,Microbe | Ideal,Microbe | Ideal | Inside,Inside,Always watered
1,Day 1,9,Tray 9,3,3,23,14198.2041015625,14111.1591796875,27719.888671875,29765.88671875,88.82325141776938,0.41550055146217346,0.4451194405555725,0.1800224334001541,-0.1190643310546875,0.7817109227180481,0.07857531309127808,0.05793300271034241,0.20377443730831146,-0.478606253862381,0.6328217387199402,0.41206735372543335,0.4386310279369354,0.25497645139694214,-0.5893654227256775,0.7979631423950195,Microbe,Ideal,Inside,Microbe | Ideal,Microbe | Ideal | Inside,Inside,Always watered
1,Day 1,9,Tray 9,3,4,24,18531.646484375,13154.3818359375,27014.537109375,28145.880859375,87.08648393194707,0.4024159610271454,0.4300341308116913,0.19501984119415283,-0.2303249090909958,0.7928447723388672,0.047491997480392456,0.009787684306502342,0.25187066197395325,-0.5879396796226501,0.658823549747467,0.2753632366657257,0.34508222341537476,0.36230191588401794,-0.730038046836853,0.8166788220405579,Microbe,Ideal,Inside,Microbe | Ideal,Microbe | Ideal | Inside,Inside,Always watered
1,Day 1,9,Tray 9,3,5,25,15501.63671875,8992.244140625,22465.1328125,24411.54296875,95.80576559546313,0.4775945544242859,0.5012233853340149,0.15647463500499725,-0.28012600541114807,0.7814550399780273,0.06636080890893936,0.06886354088783264,0.2077382206916809,-0.6171938180923462,0.6338943243026733,0.3360689878463745,0.4446601867675781,0.33708927035331726,-0.6243554353713989,0.7968030571937561,Microbe,Ideal,Inside,Microbe | Ideal,Microbe | Ideal | Inside,Inside,Always watered
1,Day 1,9,Tray 9,3,6,26,25292.978515625,12206.59765625,28803.65625,23483.6171875,84.47542533081285,0.3865221440792084,0.46194547414779663,0.22807836532592773,-0.40064194798469543,0.7225685715675354,-0.025507990270853043,0.025345757603645325,0.24300988018512726,-0.6683642268180847,0.5260845422744751,0.1536898910999298,0.33661818504333496,0.3985503613948822,-0.6659886240959167,0.73209547996521,Microbe,Ideal,Inside,Microbe | Ideal,Microbe | Ideal | Inside,Inside,Always watered
1,Day 1,9,Tray 9,3,7,27,27989.37109375,14395.4765625,32546.669921875,27562.9140625,84.33364839319471,0.38489073514938354,0.446514368057251,0.21084292232990265,-0.4003457725048065,0.7246316075325012,-0.030948776751756668,-0.020175999030470848,0.22116756439208984,-0.6350569128990173,0.5784786939620972,0.1438451111316681,0.24111691117286682,0.34158968925476074,-0.6285544037818909,0.7101207971572876,Microbe,Ideal,Inside,Microbe | Ideal,Microbe | Ideal | Inside,Inside,Always watered
1,Day 1,9,Tray 9,3,8,28,32227.98046875,20698.466796875,40576.80078125,32004.58203125,66.48156899810964,0.30214500427246094,0.35687708854675293,0.22730883955955505,-0.4051724076271057,0.7063593864440918,-0.07235654443502426,-0.08902333676815033,0.22973406314849854,-0.6094467639923096,0.6168674826622009,0.1349581629037857,0.2521427273750305,0.3970980942249298,-0.604938268661499,0.8045304417610168,Microbe,Ideal,Inside,Microbe | Ideal,Microbe | Ideal | Inside,Inside,Always watered
1,Day 1,9,Tray 9,3,9,29,37494.46484375,24126.453125,44655.5,36941.58203125,65.30009451795841,0.2631831169128418,0.24346667528152466,0.22912810742855072,-0.48508429527282715,0.765497088432312,-0.06201435253024101,-0.08692766726016998,0.2728552520275116,-0.7174441814422607,0.6672122478485107,0.09141936153173447,-0.02721685729920864,0.43802550435066223,-0.7708107829093933,0.8189611434936523,Microbe,Ideal,Inside,Microbe | Ideal,Microbe | Ideal | Inside,Inside,Always watered
1,Day 1,9,Tray 9,3,10,30,31741.814453125,21332.97265625,39325.18359375,34779.0078125,69.29347826086956,0.32132941484451294,0.3690388798713684,0.22610656917095184,-0.3171694278717041,0.7591436505317688,-0.009317005053162575,-0.04134480282664299,0.2629915773868561,-0.6636197566986084,0.6090909242630005,0.17533352971076965,0.28824514150619507,0.42052268981933594,-0.6495468020439148,0.811338484287262,Microbe,Ideal,Inside,Microbe | Ideal,Microbe | Ideal | Inside,Inside,Always watered
1,Day 1,9,Tray 9,4,1,31,27867.701171875,17642.7578125,35573.74609375,30742.67578125,73.39319470699432,0.3305163085460663,0.3568284213542938,0.23346202075481415,-0.35512712597846985,0.7667638659477234,-0.005003081168979406,-0.043544091284275055,0.26439064741134644,-0.581997275352478,0.6146681904792786,0.19949451088905334,0.33679428696632385,0.39752689003944397,-0.581997275352478,0.7631834149360657,Microbe,Ideal,Inside,Microbe | Ideal,Microbe | Ideal | Inside,Inside,Always watered
1,Day 1,9,Tray 9,4,2,32,22922.37890625,17524.74609375,32076.12109375,30556.693359375,70.74669187145558,0.34575024247169495,0.38898223638534546,0.2689210772514343,-0.4541134536266327,0.7924273014068604,0.04768894240260124,0.026236820966005325,0.29001927375793457,-0.6334264278411865,0.6772334575653076,0.2814677953720093,0.37765535712242126,0.3746563196182251,-0.6334264278411865,0.8033273816108704,Microbe,Ideal,Inside,Microbe | Ideal,Microbe | Ideal | Inside,Inside,Always watered
1,Day 1,9,Tray 9,4,3,33,14734.88671875,13051.9755859375,26125.546875,30208.880859375,92.86389413988658,0.44588714838027954,0.48432284593582153,0.17603521049022675,-0.3234613537788391,0.7940490245819092,0.10953417420387268,0.10778897255659103,0.19663527607917786,-0.677895724773407,0.6259791254997253,0.40202823281288147,0.45574355125427246,0.2549324333667755,-0.5875169634819031,0.7711841464042664,Microbe,Ideal,Inside,Microbe | Ideal,Microbe | Ideal | Inside,Inside,Always watered
1,Day 1,9,Tray 9,4,4,34,15345.1494140625,10458.537109375,20322.474609375,28139.794921875,95.02599243856332,0.497897744178772,0.5302660465240479,0.15947899222373962,-0.12807464599609375,0.7836441993713379,0.1709202080965042,0.168075829744339,0.18334180116653442,-0.4154086410999298,0.6352481842041016,0.38518327474594116,0.47154930233955383,0.3250758647918701,-0.6462311744689941,0.8161209225654602,Microbe,Ideal,Inside,Microbe | Ideal,Microbe | Ideal | Inside,Inside,Always watered
1,Day 1,9,Tray 9,4,5,35,21267.181640625,9064.7919921875,21814.849609375,25438.814453125,95.51039697542532,0.4808008670806885,0.5040453672409058,0.16120368242263794,-0.2704995274543762,0.8015963435173035,0.08851761370897293,0.07206755876541138,0.24056866765022278,-0.5674641132354736,0.7083557844161987,0.2411092221736908,0.359663724899292,0.3728543817996979,-0.6093534827232361,0.8012457489967346,Microbe,Ideal,Inside,Microbe | Ideal,Microbe | Ideal | Inside,Inside,Always watered
1,Day 1,9,Tray 9,4,6,36,30061.0625,12506.515625,28024.890625,27388.2265625,85.68052930056712,0.44424861669540405,0.518403172492981,0.22765162587165833,-0.4145616590976715,0.7889325618743896,0.04643421620130539,0.08083543181419373,0.23110276460647583,-0.600547194480896,0.5918158292770386,0.1456802785396576,0.3489013612270355,0.41246020793914795,-0.6495468020439148,0.7443023920059204,Microbe,Ideal,Inside,Microbe | Ideal,Microbe | Ideal | Inside,Inside,Always watered
1,Day 1,9,Tray 9,4,7,37,32640.158203125,16110.4443359375,33461.80078125,30248.5703125,77.24480151228732,0.391059011220932,0.477088987827301,0.23019130527973175,-0.3782912492752075,0.7965540289878845,0.004766788333654404,0.02374516800045967,0.2179342657327652,-0.5927654504776001,0.5762168169021606,0.12291643768548965,0.25140470266342163,0.40680423378944397,-0.63603675365448,0.802997887134552,Microbe,Ideal,Inside,Microbe | Ideal,Microbe | Ideal | Inside,Inside,Always watered
1,Day 1,9,Tray 9,4,8,38,34834.3984375,19766.97265625,37705.76171875,33897.765625,73.52315689981096,0.3422587811946869,0.40821918845176697,0.24016165733337402,-0.4386780261993408,0.7485954761505127,-0.009589025750756264,-0.02428552508354187,0.22712230682373047,-0.6214610934257507,0.6659488081932068,0.10803356766700745,0.11703204363584518,0.3973486125469208,-0.6230677962303162,0.8096500635147095,Microbe,Ideal,Inside,Microbe | Ideal,Microbe | Ideal | Inside,Inside,Always watered
1,Day 1,9,Tray 9,4,9,39,36236.86328125,20915.4453125,38122.8046875,36005.70703125,75.75614366729678,0.3452228009700775,0.3681117296218872,0.22013762593269348,-0.3880126178264618,0.7694602608680725,0.024400217458605766,-0.008587207645177841,0.2506300210952759,-0.647224485874176,0.6274855136871338,0.1218278706073761,0.0784345492720604,0.42489778995513916,-0.6938986778259277,0.8035849332809448,Microbe,Ideal,Inside,Microbe | Ideal,Microbe | Ideal | Inside,Inside,Always watered
1,Day 1,9,Tray 9,4,10,40,38233.27734375,23229.05859375,40831.84765625,38562.44140625,67.71030245746692,0.3224477469921112,0.3185216188430786,0.21650435030460358,-0.2603453993797302,0.7684630751609802,0.023897815495729446,-0.049437835812568665,0.24409765005111694,-0.5746971964836121,0.5875946879386902,0.12195069342851639,-0.033382173627614975,0.3962697684764862,-0.6745042204856873,0.7935549020767212,Microbe,Ideal,Inside,Microbe | Ideal,Microbe | Ideal | Inside,Inside,Always watered
1,Day 1,9,Tray 9,5,1,41,33615.13671875,20415.73828125,39969.2421875,33457.94140625,65.31190926275993,0.2944037616252899,0.27709680795669556,0.23745845258235931,-0.4695935845375061,0.7634760141372681,-0.03158662095665932,-0.09042099863290787,0.256006121635437,-0.678966760635376,0.5843214988708496,0.12223338335752487,0.16241443157196045,0.3769102990627289,-0.7101691365242004,0.7678812146186829,Microbe,Ideal,Inside,Microbe | Ideal,Microbe | Ideal | Inside,Inside,Always watered
1,Day 1,9,Tray 9,5,2,42,21917.30078125,17009.482421875,31971.333984375,32850.29296875,76.77221172022685,0.38251519203186035,0.44131410121917725,0.23808042705059052,-0.38932180404663086,0.8100633025169373,0.07386155426502228,0.06388210505247116,0.24768216907978058,-0.5893654227256775,0.6743777394294739,0.31103867292404175,0.39715126156806946,0.3133218288421631,-0.5893654227256775,0.7950364947319031,Microbe,Ideal,Inside,Microbe | Ideal,Microbe | Ideal | Inside,Inside,Always watered
1,Day 1,9,Tray 9,5,3,43,21436.029296875,14390.0263671875,28174.541015625,32629.76953125,89.88657844990549,0.4305326044559479,0.46397972106933594,0.1801431030035019,-0.3659689426422119,0.799250066280365,0.10530757158994675,0.1015666052699089,0.1992712914943695,-0.5254658460617065,0.6531428694725037,0.30478644371032715,0.3903841972351074,0.3242915868759155,-0.5989847779273987,0.7943559885025024,Microbe,Ideal,Inside,Microbe | Ideal,Microbe | Ideal | Inside,Inside,Always watered
1,Day 1,9,Tray 9,5,4,44,22492.1796875,13262.103515625,25740.59375,30517.017578125,89.16587901701322,0.44148576259613037,0.4874863922595978,0.2003919929265976,-0.19828325510025024,0.8021978139877319,0.12119054049253464,0.12306652963161469,0.2357146143913269,-0.4943513870239258,0.655642032623291,0.26520150899887085,0.36491861939430237,0.3540133237838745,-0.6800000071525574,0.8166711330413818,Microbe,Ideal,Inside,Microbe | Ideal,Microbe | Ideal | Inside,Inside,Always watered
1,Day 1,9,Tray 9,5,5,45,30736.517578125,13357.51953125,27323.67578125,29493.41796875,87.4054820415879,0.4323958158493042,0.47780200839042664,0.20366299152374268,-0.3531782925128937,0.8019375801086426,0.08210614323616028,0.07835475355386734,0.24725578725337982,-0.5862752795219421,0.6651492118835449,0.14032049477100372,0.25787296891212463,0.3980937898159027,-0.6848385334014893,0.8126809000968933,Microbe,Ideal,Inside,Microbe | Ideal,Microbe | Ideal | Inside,Inside,Always watered
1,Day 1,9,Tray 9,5,6,46,33038.6484375,15611.3154296875,32542.49609375,31075.025390625,82.6086956521739,0.40517890453338623,0.4824393391609192,0.22004546225070953,-0.27312347292900085,0.7615975141525269,0.02656230516731739,0.04430235177278519,0.21563787758350372,-0.5194805264472961,0.5441351532936096,0.12788118422031403,0.2234530746936798,0.40961185097694397,-0.6304997205734253,0.7735103368759155,Microbe,Ideal,Inside,Microbe | Ideal,Microbe | Ideal | Inside,Inside,Always watered
1,Day 1,9,Tray 9,5,7,47,41437.06640625,21214.029296875,39816.9453125,35115.40234375,67.97022684310019,0.33200356364250183,0.3787744641304016,0.23868820071220398,-0.4016789495944977,0.786720335483551,-0.006623551249504089,-0.04933547228574753,0.21871046721935272,-0.5878247618675232,0.6240473985671997,0.039738912135362625,-0.0767814889550209,0.35806119441986084,-0.6301751732826233,0.7635104060173035,Microbe,Ideal,Inside,Microbe | Ideal,Microbe | Ideal | Inside,Inside,Always watered
1,Day 1,9,Tray 9,5,8,48,40821.6796875,21606.34375,42572.2578125,36144.17578125,72.89697542533081,0.30005285143852234,0.2991415858268738,0.2195109724998474,-0.4288577139377594,0.7367135286331177,-0.044239211827516556,-0.07720636576414108,0.21620026230812073,-0.6208193302154541,0.6034528017044067,0.027199620380997658,-0.07812808454036713,0.3664696514606476,-0.6800000071525574,0.8045657277107239,Microbe,Ideal,Inside,Microbe | Ideal,Microbe | Ideal | Inside,Inside,Always watered
1,Day 1,9,Tray 9,5,9,49,41692.015625,22755.357421875,42508.90625,37666.015625,73.94848771266541,0.31337687373161316,0.3112120032310486,0.2274424433708191,-0.510225236415863,0.8015711307525635,-0.013531681150197983,-0.058960434049367905,0.22481875121593475,-0.6508768200874329,0.5942857265472412,0.04514257609844208,-0.0740983635187149,0.37850093841552734,-0.7223974466323853,0.7887545824050903,Microbe,Ideal,Inside,Microbe | Ideal,Microbe | Ideal | Inside,Inside,Always watered
1,Day 1,9,Tray 9,5,10,50,42001.296875,26057.662109375,45151.10546875,41310.08984375,63.83506616257088,0.2918848693370819,0.2374688982963562,0.21178454160690308,-0.4139511287212372,0.7882044315338135,-0.0016952967271208763,-0.08548707515001297,0.23551465570926666,-0.5722787380218506,0.6698037385940552,0.08493829518556595,-0.07741893827915192,0.36879563331604004,-0.7151832580566406,0.8197556138038635,Microbe,Ideal,Inside,Microbe | Ideal,Microbe | Ideal | Inside,Inside,Always watered
1,Day 1,9,Tray 9,6,1,51,35673.56640625,23270.9453125,45109.58984375,35570.94140625,57.14792060491494,0.252765953540802,0.19485211372375488,0.20125558972358704,-0.31275245547294617,0.732891857624054,-0.07740070670843124,-0.14798596501350403,0.2008124589920044,-0.5768194198608398,0.4702357053756714,0.12815053761005402,0.12059181928634644,0.3557284474372864,-0.5768194198608398,0.7516218423843384,Microbe,Ideal,Inside,Microbe | Ideal,Microbe | Ideal | Inside,Inside,Always watered
1,Day 1,9,Tray 9,6,2,52,23249.703125,17824.677734375,34687.0625,32945.9296875,75.14177693761815,0.3662893772125244,0.4264296591281891,0.2166128307580948,-0.22498446702957153,0.7748743891716003,0.03674476221203804,0.040872979909181595,0.21772882342338562,-0.5287225842475891,0.5586493015289307,0.28741180896759033,0.3995320796966553,0.3323715329170227,-0.6324496865272522,0.7575036883354187,Microbe,Ideal,Inside,Microbe | Ideal,Microbe | Ideal | Inside,Inside,Always watered
1,Day 1,9,Tray 9,6,3,53,22560.712890625,16512.333984375,33112.9375,32159.115234375,80.1866729678639,0.37422987818717957,0.394024521112442,0.21432875096797943,-0.28387096524238586,0.7806152105331421,0.03639104962348938,0.014309737831354141,0.24394521117210388,-0.5947281718254089,0.6009267568588257,0.2744502127170563,0.3616942763328552,0.33259108662605286,-0.6063358187675476,0.7701025605201721,Microbe,Ideal,Inside,Microbe | Ideal,Microbe | Ideal | Inside,Inside,Always watered
1,Day 1,9,Tray 9,6,4,54,27261.59375,15914.0771484375,32658.23828125,31621.56640625,81.6398865784499,0.38079479336738586,0.4175211787223816,0.21803610026836395,-0.321156769990921,0.7904577851295471,0.028760168701410294,0.022797197103500366,0.24908532202243805,-0.6167095899581909,0.6347920298576355,0.20828309655189514,0.3426225781440735,0.39498209953308105,-0.6347305178642273,0.7874763011932373,Microbe,Ideal,Inside,Microbe | Ideal,Microbe | Ideal | Inside,Inside,Always watered
1,Day 1,9,Tray 9,6,5,55,31349.876953125,15718.33984375,32800.12890625,30178.91796875,78.6507561436673,0.3752048909664154,0.44835489988327026,0.24818509817123413,-0.36654606461524963,0.7943280935287476,0.01898329332470894,0.05375845730304718,0.26874420046806335,-0.6253224611282349,0.6428571343421936,0.13599425554275513,0.2777903079986572,0.40161436796188354,-0.6535432934761047,0.7794031500816345,Microbe,Ideal,Inside,Microbe | Ideal,Microbe | Ideal | Inside,Inside,Always watered
1,Day 1,9,Tray 9,6,6,56,33864.0859375,15416.3955078125,33176.93359375,29394.072265625,80.91918714555766,0.37716609239578247,0.4426282048225403,0.22730471193790436,-0.33042973279953003,0.795730710029602,-0.0011049220338463783,0.0015906899934634566,0.23583976924419403,-0.6109362840652466,0.6227477192878723,0.08376413583755493,0.10135705769062042,0.39110031723976135,-0.6646341681480408,0.7783654928207397,Microbe,Ideal,Inside,Microbe | Ideal,Microbe | Ideal | Inside,Inside,Always watered
1,Day 1,9,Tray 9,6,7,57,40595.484375,22279.623046875,42982.89453125,35719.76171875,67.29678638941398,0.2978530526161194,0.2873353362083435,0.24396675825119019,-0.36888888478279114,0.7770811319351196,-0.04782954975962639,-0.08577489107847214,0.22820773720741272,-0.6198576092720032,0.5751544237136841,0.03515271469950676,-0.0557955801486969,0.3634546101093292,-0.6841455698013306,0.7604065537452698,Microbe,Ideal,Inside,Microbe | Ideal,Microbe | Ideal | Inside,Inside,Always watered
1,Day 1,9,Tray 9,6,8,58,43733.9453125,24603.021484375,47032.50390625,38585.24609375,66.00897920604915,0.26748940348625183,0.2305465042591095,0.22867736220359802,-0.3480408191680908,0.7900522351264954,-0.07441450655460358,-0.09756097197532654,0.2194526195526123,-0.655214250087738,0.566994309425354,0.01906369812786579,-0.0833333358168602,0.3419909179210663,-0.6575592160224915,0.794898509979248,Microbe,Ideal,Inside,Microbe | Ideal,Microbe | Ideal | Inside,Inside,Always watered
1,Day 1,9,Tray 9,6,9,59,40269.07421875,22753.1640625,45732.46875,37028.30859375,66.51701323251417,0.26843321323394775,0.2625201940536499,0.23460717499256134,-0.35058140754699707,0.7869133353233337,-0.0807623565196991,-0.11254499852657318,0.22981715202331543,-0.6348530650138855,0.6412690281867981,0.027422869578003883,-0.04486817121505737,0.3525751233100891,-0.7187827825546265,0.7955304384231567,Microbe,Ideal,Inside,Microbe | Ideal,Microbe | Ideal | Inside,Inside,Always watered
1,Day 1,9,Tray 9,6,10,60,40020.09375,26683.58203125,45509.640625,38328.00390625,54.47778827977315,0.2314509153366089,0.18362069129943848,0.2186402827501297,-0.4498249590396881,0.7648634314537048,-0.053779326379299164,-0.07713553309440613,0.25651872158050537,-0.6858789920806885,0.7043571472167969,0.050717972218990326,-0.05486862361431122,0.4143217206001282,-0.6914498209953308,0.8147763013839722,Microbe,Ideal,Inside,Microbe | Ideal,Microbe | Ideal | Inside,Inside,Always watered
1,Day 1,9,Tray 9,7,1,61,37529.6328125,23269.267578125,45708.921875,34878.21875,50.448960302457465,0.24102701246738434,0.1516963541507721,0.20954814553260803,-0.2911555767059326,0.744625985622406,-0.08970720320940018,-0.1785191148519516,0.2187153548002243,-0.5701492428779602,0.5263774991035461,0.0855541005730629,-0.00554894981905818,0.337427020072937,-0.594936728477478,0.7418032884597778,Microbe,Ideal,Inside,Microbe | Ideal,Microbe | Ideal | Inside,Inside,Always watered
1,Day 1,9,Tray 9,7,2,62,29134.30078125,19380.271484375,38263.86328125,33630.3125,71.66824196597354,0.3193731904029846,0.29253658652305603,0.21681323647499084,-0.30975857377052307,0.7660208940505981,-0.01001347042620182,-0.062302425503730774,0.23413406312465668,-0.5738874673843384,0.6977118849754333,0.18336434662342072,0.21646276116371155,0.3209630250930786,-0.569867730140686,0.7553191781044006,Microbe,Ideal,Inside,Microbe | Ideal,Microbe | Ideal | Inside,Inside,Always watered
1,Day 1,9,Tray 9,7,3,63,27994.328125,17903.56640625,37353.53515625,32528.58203125,76.54773156899812,0.33935657143592834,0.37851405143737793,0.21350786089897156,-0.31430289149284363,0.7557755708694458,-0.02340456284582615,-0.029381368309259415,0.223695769906044,-0.576212465763092,0.5656324625015259,0.2049204558134079,0.30362963676452637,0.36892884969711304,-0.5899825096130371,0.7638266086578369,Microbe,Ideal,Inside,Microbe | Ideal,Microbe | Ideal | Inside,Inside,Always watered
1,Day 1,9,Tray 9,7,4,64,32022.150390625,19365.3046875,38702.61328125,33013.375,68.4664461247637,0.31656894087791443,0.3277125954627991,0.2492591291666031,-0.40138697624206543,0.791722297668457,-0.030644822865724564,-0.0816684141755104,0.25507912039756775,-0.6687041521072388,0.6029055714607239,0.14878112077713013,0.23577235639095306,0.3861004710197449,-0.6192170977592468,0.7622689604759216,Microbe,Ideal,Inside,Microbe | Ideal,Microbe | Ideal | Inside,Inside,Always watered
1,Day 1,9,Tray 9,7,5,65,32955.94140625,16225.986328125,34684.75,29645.6171875,76.0633270321361,0.345988392829895,0.39120304584503174,0.2509579062461853,-0.424152672290802,0.7799660563468933,-0.021818604320287704,-0.04097273573279381,0.267458975315094,-0.6492146849632263,0.5893999338150024,0.09554480016231537,0.11178687959909439,0.41398686170578003,-0.6953011751174927,0.7793148756027222,Microbe,Ideal,Inside,Microbe | Ideal,Microbe | Ideal | Inside,Inside,Always watered
1,Day 1,9,Tray 9,7,6,66,39006.15625,19952.244140625,40494.296875,31904.921875,65.39461247637051,0.295253187417984,0.3169160485267639,0.2654200792312622,-0.425616055727005,0.8016207218170166,-0.0638887882232666,-0.11626005172729492,0.2585199475288391,-0.659234344959259,0.5993546843528748,0.03394586965441704,-0.10765485465526581,0.3697451055049896,-0.6721110939979553,0.7270398736000061,Microbe,Ideal,Inside,Microbe | Ideal,Microbe | Ideal | Inside,Inside,Always watered
1,Day 1,9,Tray 9,7,7,67,39187.69921875,19154.423828125,40085.30859375,31359.478515625,67.41493383742912,0.3006453216075897,0.3319211006164551,0.2612074911594391,-0.44672778248786926,0.778552770614624,-0.06519161909818649,-0.10867638885974884,0.2634855806827545,-0.6769042015075684,0.5592286586761475,0.00890460517257452,-0.09307537972927094,0.3587084710597992,-0.6769042015075684,0.6915725469589233,Microbe,Ideal,Inside,Microbe | Ideal,Microbe | Ideal | Inside,Inside,Always watered
1,Day 1,9,Tray 9,7,8,68,48615.34375,29575.80078125,53887.5546875,42426.41015625,55.50567107750473,0.2017143964767456,0.1755954623222351,0.23212909698486328,-0.5339758992195129,0.7566995620727539,-0.10684024542570114,-0.10960574448108673,0.19979502260684967,-0.6413424015045166,0.5233526825904846,-0.012560170143842697,-0.1010826900601387,0.3113535940647125,-0.6324496865272522,0.7678207755088806,Microbe,Ideal,Inside,Microbe | Ideal,Microbe | Ideal | Inside,Inside,Always watered
1,Day 1,9,Tray 9,7,9,69,50814.59765625,28235.4296875,51661.4453125,38818.96484375,46.83364839319471,0.1986178755760193,0.13903215527534485,0.21615339815616608,-0.4193921983242035,0.761795163154602,-0.12320931255817413,-0.12732277810573578,0.21127375960350037,-0.6967060565948486,0.49256595969200134,-0.0888017863035202,-0.1262376308441162,0.2926403284072876,-0.7076730728149414,0.6858670115470886,Microbe,Ideal,Inside,Microbe | Ideal,Microbe | Ideal | Inside,Inside,Always watered
1,Day 1,9,Tray 9,7,10,70,38970.21484375,26327.736328125,44729.3515625,38001.81640625,53.91068052930057,0.2339227795600891,0.18092897534370422,0.2250629961490631,-0.4215870499610901,0.74422287940979,-0.05897214263677597,-0.09170887619256973,0.29634609818458557,-0.7180616855621338,0.7260717153549194,0.061490144580602646,-0.06377451866865158,0.39727699756622314,-0.7180616855621338,0.8147658109664917,Microbe,Ideal,Inside,Microbe | Ideal,Microbe | Ideal | Inside,Inside,Always watered
1,Day 1,10,Tray 10,1,1,1,34260.1953125,22367.103515625,44196.96875,33836.87890625,54.71408317580341,0.25746795535087585,0.16375792026519775,0.20890401303768158,-0.28700128197669983,0.7541589736938477,-0.07664290070533752,-0.17374517023563385,0.22934728860855103,-0.5926156640052795,0.5646258592605591,0.14857560396194458,0.16107696294784546,0.3840397596359253,-0.6295264363288879,0.7836800217628479,Microbe,Moisture,Outside,Microbe | Moisture,Microbe | Moisture | Outside,Outside,Moisture treatment
1,Day 1,10,Tray 10,1,2,2,23228.423828125,19444.7265625,38447.7734375,33988.1484375,68.91540642722117,0.3369666337966919,0.3522244691848755,0.20496389269828796,-0.19830328226089478,0.7755404114723206,-0.009758315980434418,-0.0596245676279068,0.20019380748271942,-0.4839644730091095,0.5097783803939819,0.3114975094795227,0.39707285165786743,0.3134306073188782,-0.4815484881401062,0.7900800108909607,Microbe,Moisture,Outside,Microbe | Moisture,Microbe | Moisture | Outside,Outside,Moisture treatment
1,Day 1,10,Tray 10,1,3,3,26897.6953125,19998.759765625,39478.74609375,33345.9453125,65.83175803402646,0.315735787153244,0.3055204749107361,0.2045280635356903,-0.2591104805469513,0.7655044794082642,-0.03562069684267044,-0.083497054874897,0.208059623837471,-0.6365541815757751,0.5315060615539551,0.251266747713089,0.34759435057640076,0.34037578105926514,-0.581386387348175,0.7913203835487366,Microbe,Moisture,Outside,Microbe | Moisture,Microbe | Moisture | Outside,Outside,Moisture treatment
1,Day 1,10,Tray 10,1,4,4,25434.03125,18107.71484375,36888.61328125,33446.1171875,74.25567107750473,0.35144904255867004,0.3834909200668335,0.2011667639017105,-0.15362319350242615,0.7696428298950195,-0.013871734030544758,-0.030343972146511078,0.20162169635295868,-0.5708985924720764,0.49677738547325134,0.2613763213157654,0.3671111762523651,0.32662078738212585,-0.5853658318519592,0.7960526347160339,Microbe,Moisture,Outside,Microbe | Moisture,Microbe | Moisture | Outside,Outside,Moisture treatment
1,Day 1,10,Tray 10,1,5,5,28487.716796875,17339.650390625,35105.6953125,31185.078125,76.09877126654064,0.35313132405281067,0.40022173523902893,0.21629592776298523,-0.3902597427368164,0.7654426693916321,-0.006154192611575127,-0.006859312765300274,0.2409244328737259,-0.6673452854156494,0.5882081985473633,0.1908121407032013,0.3018914461135864,0.3623882234096527,-0.6745042204856873,0.7587672472000122,Microbe,Moisture,Outside,Microbe | Moisture,Microbe | Moisture | Outside,Outside,Moisture treatment
1,Day 1,10,Tray 10,1,6,6,33434.16796875,17243.943359375,36614.93359375,29617.328125,71.95179584120983,0.3323817253112793,0.39077895879745483,0.23555207252502441,-0.39816030859947205,0.7714958786964417,-0.047965921461582184,-0.04600793495774269,0.26348692178726196,-0.6619318127632141,0.6303523182868958,0.09675571322441101,0.20953436195850372,0.37360018491744995,-0.6619318127632141,0.7232375741004944,Microbe,Moisture,Outside,Microbe | Moisture,Microbe | Moisture | Outside,Outside,Moisture treatment
1,Day 1,10,Tray 10,1,7,7,37447.546875,18697.466796875,39750.53125,31399.783203125,69.67155009451795,0.3135409951210022,0.3632358908653259,0.2369401603937149,-0.3990306854248047,0.7626359462738037,-0.0737943947315216,-0.09600229561328888,0.24139897525310516,-0.6384384632110596,0.5624700784683228,0.04467836022377014,-0.022788986563682556,0.3596983850002289,-0.6528759002685547,0.7103847861289978,Microbe,Moisture,Outside,Microbe | Moisture,Microbe | Moisture | Outside,Outside,Moisture treatment
1,Day 1,10,Tray 10,1,8,8,45097.2890625,27043.583984375,49675.0390625,37443.58984375,51.83128544423441,0.2187432497739792,0.15535642206668854,0.21609672904014587,-0.4924924969673157,0.7553516626358032,-0.11639866232872009,-0.10407117754220963,0.22335371375083923,-0.7253001928329468,0.5099601745605469,-0.004351048264652491,-0.09448082000017166,0.33396002650260925,-0.6854119300842285,0.756912112236023,Microbe,Moisture,Outside,Microbe | Moisture,Microbe | Moisture | Outside,Outside,Moisture treatment
1,Day 1,10,Tray 10,1,9,9,45789.125,29282.556640625,50702.5390625,40277.828125,45.82939508506616,0.2142023742198944,0.13984718918800354,0.19773158431053162,-0.4508267939090729,0.7369449734687805,-0.09539497643709183,-0.09223665297031403,0.21660855412483215,-0.682415783405304,0.5767461061477661,0.012771564535796642,-0.08448093384504318,0.35320281982421875,-0.7395921945571899,0.7991824150085449,Microbe,Moisture,Outside,Microbe | Moisture,Microbe | Moisture | Outside,Outside,Moisture treatment
1,Day 1,10,Tray 10,1,10,10,45724.79296875,29598.142578125,51549.4921875,40855.80078125,43.123818525519845,0.21458342671394348,0.1319875717163086,0.19383569061756134,-0.29719316959381104,0.7428717017173767,-0.09314645081758499,-0.09932886064052582,0.20487667620182037,-0.6726894974708557,0.6098745465278625,0.03352361544966698,-0.0888785570859909,0.3695472478866577,-0.6707466244697571,0.8127593398094177,Microbe,Moisture,Outside,Microbe | Moisture,Microbe | Moisture | Outside,Outside,Moisture treatment
1,Day 1,10,Tray 10,2,1,11,28514.6875,21506.6953125,43323.8671875,33669.1328125,62.28733459357277,0.27379608154296875,0.21259775757789612,0.21735061705112457,-0.3973260223865509,0.7506527304649353,-0.07446233183145523,-0.14429724216461182,0.2185654193162918,-0.6439180970191956,0.528412401676178,0.2246713936328888,0.3438342213630676,0.35649374127388,-0.6525423526763916,0.7474815249443054,Microbe,Moisture,Outside,Microbe | Moisture,Microbe | Moisture | Outside,Outside,Moisture treatment
1,Day 1,10,Tray 10,2,2,12,24264.8515625,20761.1796875,41322.8828125,34300.234375,64.55576559546313,0.3149932026863098,0.2934901714324951,0.20954303443431854,-0.16922233998775482,0.7794356346130371,-0.036225929856300354,-0.1122393012046814,0.20234398543834686,-0.49917203187942505,0.5797061324119568,0.31338104605674744,0.43693220615386963,0.3186311423778534,-0.46625128388404846,0.761083722114563,Microbe,Moisture,Outside,Microbe | Moisture,Microbe | Moisture | Outside,Outside,Moisture treatment
1,Day 1,10,Tray 10,2,3,13,19824.669921875,18420.419921875,37206.21484375,32250.24609375,69.57703213610587,0.3445221781730652,0.37754929065704346,0.21843740344047546,-0.30376940965652466,0.7751643061637878,-0.01650099642574787,-0.08600829541683197,0.23290377855300903,-0.57302325963974,0.6079733967781067,0.33922967314720154,0.41238540410995483,0.30811619758605957,-0.49316316843032837,0.7797791957855225,Microbe,Moisture,Outside,Microbe | Moisture,Microbe | Moisture | Outside,Outside,Moisture treatment
1,Day 1,10,Tray 10,2,4,14,15935.884765625,14832.361328125,32320.294921875,30625.076171875,85.31427221172024,0.39359891414642334,0.4322602152824402,0.1944505125284195,-0.3552941083908081,0.7413409352302551,0.009744607843458652,0.0063173542730510235,0.20825205743312836,-0.6030534505844116,0.5269816517829895,0.3743968605995178,0.44192540645599365,0.270039439201355,-0.7344345450401306,0.7735733985900879,Microbe,Moisture,Outside,Microbe | Moisture,Microbe | Moisture | Outside,Outside,Moisture treatment
1,Day 1,10,Tray 10,2,5,15,23734.150390625,13950.5439453125,31892.71875,27556.484375,82.56143667296786,0.37275931239128113,0.40905195474624634,0.20122164487838745,-0.31827956438064575,0.7821530699729919,-0.03107415698468685,-0.039259783923625946,0.23129379749298096,-0.5409219264984131,0.5414724946022034,0.20453280210494995,0.3201817274093628,0.3570558726787567,-0.6314740777015686,0.7770432829856873,Microbe,Moisture,Outside,Microbe | Moisture,Microbe | Moisture | Outside,Outside,Moisture treatment
1,Day 1,10,Tray 10,2,6,16,29082.009765625,17233.65234375,37260.921875,28420.7265625,71.4437618147448,0.32291990518569946,0.3994006812572479,0.23096036911010742,-0.43917760252952576,0.732733964920044,-0.07677119970321655,-0.08756300806999207,0.2285437285900116,-0.6666666865348816,0.5001587867736816,0.15019629895687103,0.3072509169578552,0.3734636902809143,-0.6666666865348816,0.7583025693893433,Microbe,Moisture,Outside,Microbe | Moisture,Microbe | Moisture | Outside,Outside,Moisture treatment
1,Day 1,10,Tray 10,2,7,17,32992.234375,17957.333984375,38543.42578125,28601.453125,69.16351606805293,0.30810344219207764,0.3760238289833069,0.2388457953929901,-0.3592500686645508,0.7410072088241577,-0.08889316022396088,-0.10417914390563965,0.24153876304626465,-0.6279069781303406,0.6287223696708679,0.08871099352836609,0.19350722432136536,0.3785311281681061,-0.6851851940155029,0.7360066771507263,Microbe,Moisture,Outside,Microbe | Moisture,Microbe | Moisture | Outside,Outside,Moisture treatment
1,Day 1,10,Tray 10,2,8,18,41133.11328125,23262.458984375,45260.21875,34060.87109375,63.433364839319474,0.2581295073032379,0.2307266741991043,0.2269625961780548,-0.5503112077713013,0.7134453654289246,-0.1056143119931221,-0.1085544154047966,0.21687453985214233,-0.6942490935325623,0.5520564317703247,0.0207823459059,-0.0839785635471344,0.36905306577682495,-0.6942490935325623,0.7020602226257324,Microbe,Moisture,Outside,Microbe | Moisture,Microbe | Moisture | Outside,Outside,Moisture treatment
1,Day 1,10,Tray 10,2,9,19,39285.72265625,24392.021484375,45511.9765625,35442.19140625,57.45510396975425,0.23541690409183502,0.1880984604358673,0.22622190415859222,-0.510293185710907,0.7652237415313721,-0.09512646496295929,-0.1036248505115509,0.25950148701667786,-0.7412803769111633,0.5335856080055237,0.04394369199872017,-0.07830481231212616,0.41715699434280396,-0.7414416074752808,0.7840349674224854,Microbe,Moisture,Outside,Microbe | Moisture,Microbe | Moisture | Outside,Outside,Moisture treatment
1,Day 1,10,Tray 10,2,10,20,43363.74609375,29867.830078125,50942.03125,40208.40234375,42.273156899810964,0.19740068912506104,0.1333828568458557,0.1702645719051361,-0.3225208520889282,0.6992059946060181,-0.10359566658735275,-0.09711989015340805,0.17950841784477234,-0.6535432934761047,0.4552397131919861,0.050513092428445816,-0.07550886273384094,0.34935423731803894,-0.7304035425186157,0.7293617129325867,Microbe,Moisture,Outside,Microbe | Moisture,Microbe | Moisture | Outside,Outside,Moisture treatment
1,Day 1,10,Tray 10,3,1,21,27183.677734375,19787.49609375,40002.00390625,30798.333984375,61.01134215500945,0.2772734761238098,0.29883265495300293,0.2776886820793152,-0.5190815925598145,0.7726477980613708,-0.0703066736459732,-0.10638298094272614,0.27109912037849426,-0.695652186870575,0.5859776139259338,0.22671553492546082,0.4145326614379883,0.43085166811943054,-0.695652186870575,0.7481629848480225,Microbe,Moisture,Outside,Microbe | Moisture,Microbe | Moisture | Outside,Outside,Moisture treatment
1,Day 1,10,Tray 10,3,2,22,20426.82421875,18504.79296875,37460.12890625,32063.826171875,69.74243856332704,0.33564555644989014,0.3848647177219391,0.2281024158000946,-0.36661025881767273,0.737827718257904,-0.022303014993667603,-0.06208053603768349,0.22631503641605377,-0.6546100974082947,0.5514215230941772,0.3433758020401001,0.4410836696624756,0.3112502992153168,-0.5852570533752441,0.7402101159095764,Microbe,Moisture,Outside,Microbe | Moisture,Microbe | Moisture | Outside,Outside,Moisture treatment
1,Day 1,10,Tray 10,3,3,23,19275.466796875,16751.8359375,33257.6953125,30606.958984375,76.00425330812854,0.3673827052116394,0.44669777154922485,0.2435174137353897,-0.5717691779136658,0.7677664756774902,0.020065177232027054,0.04610392451286316,0.2453201860189438,-0.6755319237709045,0.5726445317268372,0.33370259404182434,0.4215148091316223,0.3187924325466156,-0.6758747696876526,0.768796443939209,Microbe,Moisture,Outside,Microbe | Moisture,Microbe | Moisture | Outside,Outside,Moisture treatment
1,Day 1,10,Tray 10,3,4,24,16052.185546875,14367.458984375,30079.7734375,29925.6875,85.88137996219281,0.3992269039154053,0.44266563653945923,0.18858450651168823,-0.2846984565258026,0.7840443253517151,0.03325681388378143,0.03370433300733566,0.20223107933998108,-0.501925528049469,0.5136778354644775,0.3648751676082611,0.4239991307258606,0.26190119981765747,-0.6745042204856873,0.7871505618095398,Microbe,Moisture,Outside,Microbe | Moisture,Microbe | Moisture | Outside,Outside,Moisture treatment
1,Day 1,10,Tray 10,3,5,25,18142.482421875,10537.130859375,25533.31640625,24389.923828125,90.87901701323251,0.4180898368358612,0.4397636950016022,0.18072892725467682,-0.280724436044693,0.7882868647575378,0.015236182138323784,0.007611056789755821,0.24197562038898468,-0.646026074886322,0.6635293960571289,0.26583707332611084,0.39303624629974365,0.3663732409477234,-0.7444089651107788,0.7572028040885925,Microbe,Moisture,Outside,Microbe | Moisture,Microbe | Moisture | Outside,Outside,Moisture treatment
1,Day 1,10,Tray 10,3,6,26,24833.970703125,11470.71484375,28247.509765625,23465.935546875,85.1961247637051,0.397196888923645,0.4747362434864044,0.2319336086511612,-0.45628318190574646,0.7326323986053467,-0.022509098052978516,0.03893321007490158,0.2508796155452728,-0.6603601574897766,0.5150084495544434,0.165823295712471,0.3601331114768982,0.4119596481323242,-0.66768479347229,0.7440758347511292,Microbe,Moisture,Outside,Microbe | Moisture,Microbe | Moisture | Outside,Outside,Moisture treatment
1,Day 1,10,Tray 10,3,7,27,31931.490234375,16866.294921875,36710.01171875,26783.52734375,71.3492438563327,0.305037260055542,0.3715400695800781,0.2453305572271347,-0.3767072260379791,0.7547445297241211,-0.09547626972198486,-0.09259951114654541,0.2398279458284378,-0.6510238647460938,0.4363403618335724,0.07782397419214249,0.21127265691757202,0.39555662870407104,-0.6831072568893433,0.7479079365730286,Microbe,Moisture,Outside,Microbe | Moisture,Microbe | Moisture | Outside,Outside,Moisture treatment
1,Day 1,10,Tray 10,3,8,28,36905.8828125,23379.2734375,44548.7578125,33617.40234375,64.87476370510396,0.24828574061393738,0.22875693440437317,0.22785384953022003,-0.44257622957229614,0.7315494418144226,-0.11080006510019302,-0.09653233736753464,0.23247218132019043,-0.7202268242835999,0.5503355860710144,0.06667697429656982,0.07140444219112396,0.40552181005477905,-0.7436661720275879,0.7686076164245605,Microbe,Moisture,Outside,Microbe | Moisture,Microbe | Moisture | Outside,Outside,Moisture treatment
1,Day 1,10,Tray 10,3,9,29,35924.0,22933.67578125,43695.53125,34469.0,62.71266540642723,0.2620450556278229,0.2144290804862976,0.2082265466451645,-0.35720789432525635,0.7241761088371277,-0.09089648723602295,-0.10095442831516266,0.22220049798488617,-0.6159317493438721,0.5524079203605652,0.08479596674442291,0.07622592896223068,0.40404561161994934,-0.6765608787536621,0.798751950263977,Microbe,Moisture,Outside,Microbe | Moisture,Microbe | Moisture | Outside,Outside,Moisture treatment
1,Day 1,10,Tray 10,3,10,30,36089.6015625,24485.95703125,44527.01953125,37190.3671875,61.18856332703214,0.2772058844566345,0.23159641027450562,0.1996358036994934,-0.2753201425075531,0.6992481350898743,-0.05314245820045471,-0.09318269789218903,0.21066533029079437,-0.6131573915481567,0.5227599143981934,0.1342690885066986,0.10381882637739182,0.4009897708892822,-0.6370177865028381,0.7804188132286072,Microbe,Moisture,Outside,Microbe | Moisture,Microbe | Moisture | Outside,Outside,Moisture treatment
1,Day 1,10,Tray 10,4,1,31,31932.81640625,18738.55859375,36984.7421875,31343.033203125,66.38705103969754,0.3073902726173401,0.37058109045028687,0.24674706161022186,-0.3817330300807953,0.7165354490280151,-0.02540147863328457,0.018392551690340042,0.24241173267364502,-0.6626803874969482,0.452171266078949,0.14611046016216278,0.350649356842041,0.4247004985809326,-0.6984653472900391,0.7137500047683716,Microbe,Moisture,Outside,Microbe | Moisture,Microbe | Moisture | Outside,Outside,Moisture treatment
1,Day 1,10,Tray 10,4,2,32,23996.912109375,17226.708984375,33350.67578125,29959.814453125,69.45888468809073,0.33828356862068176,0.4062308967113495,0.2668832540512085,-0.41002950072288513,0.7863696217536926,0.015581866726279259,0.030011355876922607,0.2738679051399231,-0.6715927720069885,0.5959048271179199,0.2481250762939453,0.3779624402523041,0.3930805027484894,-0.6731358766555786,0.7871508598327637,Microbe,Moisture,Outside,Microbe | Moisture,Microbe | Moisture | Outside,Outside,Moisture treatment
1,Day 1,10,Tray 10,4,3,33,17796.865234375,15418.306640625,30947.1328125,30654.92578125,82.13610586011342,0.3845384120941162,0.4382721781730652,0.2172740250825882,-0.3759799301624298,0.7862979173660278,0.03967663273215294,0.046886418014764786,0.223147913813591,-0.6090373396873474,0.574741542339325,0.3389257490634918,0.40382152795791626,0.287749707698822,-0.6090373396873474,0.7744227647781372,Microbe,Moisture,Outside,Microbe | Moisture,Microbe | Moisture | Outside,Outside,Moisture treatment
1,Day 1,10,Tray 10,4,4,34,18661.2890625,13472.458984375,26762.310546875,28842.904296875,86.02315689981096,0.40177226066589355,0.4268891215324402,0.19888794422149658,-0.30420607328414917,0.8163368701934814,0.05582190304994583,0.04311678931117058,0.22606411576271057,-0.558452308177948,0.6403629183769226,0.2926427721977234,0.36048346757888794,0.3150428533554077,-0.6532095074653625,0.8017111420631409,Microbe,Moisture,Outside,Microbe | Moisture,Microbe | Moisture | Outside,Outside,Moisture treatment
1,Day 1,10,Tray 10,4,5,35,23730.189453125,9892.779296875,22313.86328125,25763.357421875,91.36342155009451,0.4511452317237854,0.49133944511413574,0.19437329471111298,-0.44454047083854675,0.8004613518714905,0.08232368528842926,0.10270269960165024,0.24504533410072327,-0.618897020816803,0.6110702753067017,0.18853524327278137,0.3293532431125641,0.4039631187915802,-0.7395921945571899,0.7777169346809387,Microbe,Moisture,Outside,Microbe | Moisture,Microbe | Moisture | Outside,Outside,Moisture treatment
1,Day 1,10,Tray 10,4,6,36,24942.3359375,10563.595703125,24992.435546875,25662.05078125,89.96928166351607,0.43752560019493103,0.5006735324859619,0.21525749564170837,-0.5731370449066162,0.7513157725334167,0.0506400428712368,0.10477455705404282,0.2523003816604614,-0.7094552516937256,0.5766509175300598,0.17806178331375122,0.3817553222179413,0.4420395493507385,-0.7148241400718689,0.7792754769325256,Microbe,Moisture,Outside,Microbe | Moisture,Microbe | Moisture | Outside,Outside,Moisture treatment
1,Day 1,10,Tray 10,4,7,37,32157.802734375,14557.9853515625,31581.865234375,25799.87890625,79.19423440453687,0.35757967829704285,0.43032628297805786,0.22959287464618683,-0.49252012372016907,0.7520873546600342,-0.03221522644162178,-0.01660454086959362,0.23818795382976532,-0.6727941036224365,0.5530885457992554,0.06520232558250427,0.19381392002105713,0.40560153126716614,-0.7436661720275879,0.7292161583900452,Microbe,Moisture,Outside,Microbe | Moisture,Microbe | Moisture | Outside,Outside,Moisture treatment
1,Day 1,10,Tray 10,4,8,38,34672.00390625,18858.697265625,36994.3828125,30629.33203125,72.76701323251417,0.3278599977493286,0.3957875967025757,0.22807416319847107,-0.4415924549102783,0.7405940890312195,-0.035811200737953186,-0.05411361902952194,0.22512002289295197,-0.7105262875556946,0.5733522176742554,0.07945509999990463,0.1632191389799118,0.41089892387390137,-0.7105262875556946,0.7466704249382019,Microbe,Moisture,Outside,Microbe | Moisture,Microbe | Moisture | Outside,Outside,Moisture treatment
1,Day 1,10,Tray 10,4,9,39,35456.97265625,20883.05078125,38978.609375,35626.25390625,71.86909262759924,0.3248443603515625,0.3496518135070801,0.22575050592422485,-0.38263025879859924,0.7825971841812134,-0.002368417801335454,-0.03860705718398094,0.24910861253738403,-0.6585662364959717,0.6192629337310791,0.11527959257364273,0.061594460159540176,0.42313095927238464,-0.7282127141952515,0.8037475347518921,Microbe,Moisture,Outside,Microbe | Moisture,Microbe | Moisture | Outside,Outside,Moisture treatment
1,Day 1,10,Tray 10,4,10,40,36915.30859375,23028.314453125,42642.5859375,37638.7265625,65.68998109640832,0.3000507056713104,0.2789207398891449,0.21402455866336823,-0.40883979201316833,0.7642633318901062,-0.02761974185705185,-0.06948067992925644,0.21353234350681305,-0.6779348254203796,0.5486341714859009,0.12655125558376312,0.09424275904893875,0.38375595211982727,-0.6684942841529846,0.7647058963775635,Microbe,Moisture,Outside,Microbe | Moisture,Microbe | Moisture | Outside,Outside,Moisture treatment
1,Day 1,10,Tray 10,5,1,41,36632.78515625,21429.2890625,41196.95703125,35379.88671875,67.49763705103969,0.2977888584136963,0.2329825460910797,0.19122326374053955,-0.28500550985336304,0.736952006816864,-0.023836474865674973,-0.09448160231113434,0.2022293359041214,-0.47754278779029846,0.5198265314102173,0.11699699610471725,0.06332281976938248,0.3346463143825531,-0.5334206819534302,0.7389261722564697,Microbe,Moisture,Outside,Microbe | Moisture,Microbe | Moisture | Outside,Outside,Moisture treatment
1,Day 1,10,Tray 10,5,2,42,34090.234375,20246.53125,37337.53515625,33601.6875,63.84688090737241,0.312179833650589,0.27798551321029663,0.22183197736740112,-0.27408289909362793,0.7911754846572876,0.017336850985884666,-0.03501351550221443,0.24988102912902832,-0.5420079827308655,0.6359521746635437,0.12630033493041992,0.09969788789749146,0.35705721378326416,-0.599609375,0.7669376730918884,Microbe,Moisture,Outside,Microbe | Moisture,Microbe | Moisture | Outside,Outside,Moisture treatment
1,Day 1,10,Tray 10,5,3,43,21449.763671875,14471.705078125,27525.029296875,30625.22265625,83.57750472589792,0.4036017060279846,0.44124746322631836,0.20398341119289398,-0.2627471387386322,0.7848020195960999,0.09210532158613205,0.09924562275409698,0.23283691704273224,-0.4858490526676178,0.661401093006134,0.27185550332069397,0.35962975025177,0.3247658610343933,-0.6879637241363525,0.7789052128791809,Microbe,Moisture,Outside,Microbe | Moisture,Microbe | Moisture | Outside,Outside,Moisture treatment
1,Day 1,10,Tray 10,5,4,44,26225.46875,15647.345703125,29121.8046875,31843.52734375,85.23156899810964,0.3985212445259094,0.4377608597278595,0.19382712244987488,-0.21786198019981384,0.7794259786605835,0.08125463128089905,0.07555873692035675,0.20942214131355286,-0.4783393442630768,0.6090346574783325,0.2273254245519638,0.3094850182533264,0.314873069524765,-0.568965494632721,0.7579353451728821,Microbe,Moisture,Outside,Microbe | Moisture,Microbe | Moisture | Outside,Outside,Moisture treatment
1,Day 1,10,Tray 10,5,5,45,39946.8828125,18295.701171875,35487.65625,32402.9453125,75.08270321361059,0.3386746644973755,0.3634958565235138,0.22578464448451996,-0.4142308831214905,0.7928870320320129,0.007892224937677383,-0.03473178297281265,0.2407805621623993,-0.628230631351471,0.7160811424255371,0.011385872960090637,-0.12786614894866943,0.33197543025016785,-0.6304997205734253,0.7817589640617371,Microbe,Moisture,Outside,Microbe | Moisture,Microbe | Moisture | Outside,Outside,Moisture treatment
1,Day 1,10,Tray 10,5,6,46,31765.455078125,13982.1171875,29974.578125,28652.845703125,82.24243856332704,0.3913799226284027,0.47007882595062256,0.2398219108581543,-0.48168548941612244,0.7574692368507385,0.028709374368190765,0.06616267561912537,0.2529847323894501,-0.6639577150344849,0.597453773021698,0.08267158269882202,0.11316397041082382,0.38078367710113525,-0.703765332698822,0.7533182501792908,Microbe,Moisture,Outside,Microbe | Moisture,Microbe | Moisture | Outside,Outside,Moisture treatment
1,Day 1,10,Tray 10,5,7,47,41256.6171875,19868.9375,38536.6171875,32773.05859375,73.54678638941398,0.32293692231178284,0.35843002796173096,0.2345186173915863,-0.45318353176116943,0.7431135773658752,-0.02254178375005722,-0.06731690466403961,0.23738567531108856,-0.6468932032585144,0.5476003289222717,-0.004361965227872133,-0.08750498294830322,0.35408708453178406,-0.6779348254203796,0.7310924530029297,Microbe,Moisture,Outside,Microbe | Moisture,Microbe | Moisture | Outside,Outside,Moisture treatment
1,Day 1,10,Tray 10,5,8,48,43372.984375,21674.607421875,41240.9140625,35012.22265625,68.67911153119093,0.31072837114334106,0.3071669042110443,0.22793173789978027,-0.49629130959510803,0.780701756477356,-0.033110447227954865,-0.07313045859336853,0.21858231723308563,-0.6659886240959167,0.5790193676948547,-0.008405323140323162,-0.09587208926677704,0.36442050337791443,-0.7351694703102112,0.7244188785552979,Microbe,Moisture,Outside,Microbe | Moisture,Microbe | Moisture | Outside,Outside,Moisture treatment
1,Day 1,10,Tray 10,5,9,49,44436.203125,24250.46875,44994.6484375,38764.65625,63.18525519848771,0.28750211000442505,0.23216694593429565,0.21725934743881226,-0.3650190234184265,0.7713961005210876,-0.039564963430166245,-0.08290360867977142,0.20824182033538818,-0.6558877229690552,0.5908976197242737,0.018683526664972305,-0.09918131679296494,0.3449270725250244,-0.6592382788658142,0.7785160541534424,Microbe,Moisture,Outside,Microbe | Moisture,Microbe | Moisture | Outside,Outside,Moisture treatment
1,Day 1,10,Tray 10,5,10,50,38017.1953125,22513.201171875,40209.41015625,38008.2265625,71.27835538752363,0.3302486538887024,0.3532695770263672,0.20770958065986633,-0.40794599056243896,0.8032786846160889,0.023730050772428513,-0.031664855778217316,0.238603413105011,-0.6485507488250732,0.6621720790863037,0.11441312730312347,0.022274691611528397,0.40786081552505493,-0.6855319738388062,0.7642369270324707,Microbe,Moisture,Outside,Microbe | Moisture,Microbe | Moisture | Outside,Outside,Moisture treatment
1,Day 1,10,Tray 10,6,1,51,39817.06640625,22646.478515625,43942.76171875,34761.66015625,53.16635160680529,0.260861337184906,0.15967588126659393,0.21702460944652557,-0.29978254437446594,0.746306300163269,-0.059338584542274475,-0.16938896477222443,0.23691564798355103,-0.6670058965682983,0.579987645149231,0.06453794986009598,-0.14357799291610718,0.3733876645565033,-0.6745042204856873,0.7320478558540344,Microbe,Moisture,Outside,Microbe | Moisture,Microbe | Moisture | Outside,Outside,Moisture treatment
1,Day 1,10,Tray 10,6,2,52,41079.40234375,22930.26171875,43712.9140625,36219.359375,57.46691871455577,0.28157177567481995,0.17536599934101105,0.221502423286438,-0.296403706073761,0.7555410861968994,-0.030543070286512375,-0.146187424659729,0.2292652577161789,-0.558515727519989,0.532986581325531,0.04824342206120491,-0.12343873828649521,0.3315484821796417,-0.5600000023841858,0.7333759665489197,Microbe,Moisture,Outside,Microbe | Moisture,Microbe | Moisture | Outside,Outside,Moisture treatment
1,Day 1,10,Tray 10,6,3,53,33520.70703125,19868.318359375,38572.69921875,33802.21484375,65.02835538752363,0.30733081698417664,0.3036535382270813,0.24055087566375732,-0.4706266224384308,0.7914036512374878,-0.019026242196559906,-0.059812046587467194,0.2422638088464737,-0.6800000071525574,0.5982017517089844,0.11334647238254547,0.12351138144731522,0.4094918370246887,-0.7158011198043823,0.7567310929298401,Microbe,Moisture,Outside,Microbe | Moisture,Microbe | Moisture | Outside,Outside,Moisture treatment
1,Day 1,10,Tray 10,6,4,54,41423.8203125,21915.1640625,41369.10546875,36168.1796875,67.11956521739131,0.3026774525642395,0.257588654756546,0.21746498346328735,-0.31084197759628296,0.7828854322433472,-0.008753475733101368,-0.07453607022762299,0.22558952867984772,-0.5460563898086548,0.6183006763458252,0.04108142480254173,-0.1266249418258667,0.32237908244132996,-0.7069612145423889,0.7352471947669983,Microbe,Moisture,Outside,Microbe | Moisture,Microbe | Moisture | Outside,Outside,Moisture treatment
1,Day 1,10,Tray 10,6,5,55,41434.19140625,19443.26953125,38445.0,34077.54296875,71.58553875236295,0.3224512040615082,0.32787156105041504,0.2389764040708542,-0.4785199761390686,0.7977597713470459,-0.009968827478587627,-0.06141439825296402,0.24954572319984436,-0.6822078227996826,0.6674282550811768,-0.002696380252018571,-0.12561847269535065,0.3611830472946167,-0.6817248463630676,0.7754149436950684,Microbe,Moisture,Outside,Microbe | Moisture,Microbe | Moisture | Outside,Outside,Moisture treatment
1,Day 1,10,Tray 10,6,6,56,40611.50390625,20718.52734375,40901.1953125,33081.6640625,66.95415879017014,0.28800004720687866,0.3207998275756836,0.2784592807292938,-0.5425596833229065,0.7930819392204285,-0.04661040008068085,-0.08848442137241364,0.2816891670227051,-0.7322335243225098,0.6425920724868774,0.01668514683842659,-0.12099643796682358,0.37537506222724915,-0.6914498209953308,0.7744572758674622,Microbe,Moisture,Outside,Microbe | Moisture,Microbe | Moisture | Outside,Outside,Moisture treatment
1,Day 1,10,Tray 10,6,7,57,43559.90625,21728.4453125,43078.42578125,34376.0078125,65.30009451795841,0.28847402334213257,0.2945172190666199,0.2612507939338684,-0.449564129114151,0.763630211353302,-0.06326457858085632,-0.1002131775021553,0.2447662353515625,-0.644908607006073,0.5554810762405396,-0.006447359453886747,-0.11414887011051178,0.33777666091918945,-0.6204985976219177,0.7288035154342651,Microbe,Moisture,Outside,Microbe | Moisture,Microbe | Moisture | Outside,Outside,Moisture treatment
1,Day 1,10,Tray 10,6,8,58,41028.61328125,21215.087890625,41032.17578125,34262.234375,66.00897920604915,0.30933746695518494,0.32841822504997253,0.2401629537343979,-0.3490869998931885,0.734246551990509,-0.03296961262822151,-0.08655072748661041,0.2446800321340561,-0.6485507488250732,0.5853912830352783,0.03205374628305435,-0.10623353719711304,0.40786588191986084,-0.6535432934761047,0.7881669402122498,Microbe,Moisture,Outside,Microbe | Moisture,Microbe | Moisture | Outside,Outside,Moisture treatment
1,Day 1,10,Tray 10,6,9,59,48954.21484375,28317.205078125,50332.8671875,41183.53125,52.96550094517959,0.23020659387111664,0.15865875780582428,0.20213927328586578,-0.38554826378822327,0.7838550209999084,-0.06905024498701096,-0.11595585197210312,0.2210065871477127,-0.566564679145813,0.6609829664230347,-0.019152913242578506,-0.11824139952659607,0.33443090319633484,-0.7234848737716675,0.7773007750511169,Microbe,Moisture,Outside,Microbe | Moisture,Microbe | Moisture | Outside,Outside,Moisture treatment
1,Day 1,10,Tray 10,6,10,60,47159.4375,27381.470703125,49306.51953125,40829.9296875,61.48393194706995,0.23486021161079407,0.18089374899864197,0.1922396868467331,-0.4283946752548218,0.8001132607460022,-0.07110438495874405,-0.09866523742675781,0.2084045708179474,-0.6310640573501587,0.6284016370773315,-0.009411251172423363,-0.0954323559999466,0.344274640083313,-0.7455242872238159,0.7706885933876038,Microbe,Moisture,Outside,Microbe | Moisture,Microbe | Moisture | Outside,Outside,Moisture treatment
1,Day 1,10,Tray 10,7,1,61,39242.90234375,22664.994140625,45657.734375,34313.7421875,56.651701323251416,0.24020642042160034,0.16952896118164062,0.21168096363544464,-0.3414634168148041,0.7224171757698059,-0.09839484095573425,-0.17522898316383362,0.22402364015579224,-0.6543415188789368,0.5507745146751404,0.05014674738049507,-0.08957462012767792,0.36847758293151855,-0.6738197207450867,0.7253277897834778,Microbe,Moisture,Outside,Microbe | Moisture,Microbe | Moisture | Outside,Outside,Moisture treatment
1,Day 1,10,Tray 10,7,2,62,31637.7578125,19656.1328125,39585.6171875,33370.98046875,68.08837429111531,0.3121252954006195,0.2712797224521637,0.22989939153194427,-0.4633365273475647,0.7796913981437683,-0.022464627400040627,-0.10814760625362396,0.2583737075328827,-0.6582304239273071,0.6436781883239746,0.16030457615852356,0.18504276871681213,0.39715227484703064,-0.7319769859313965,0.7606837749481201,Microbe,Moisture,Outside,Microbe | Moisture,Microbe | Moisture | Outside,Outside,Moisture treatment
1,Day 1,10,Tray 10,7,3,63,36972.57421875,21209.39453125,41947.09765625,34476.6171875,61.31852551984878,0.2876410186290741,0.21049144864082336,0.25332197546958923,-0.454346239566803,0.7842073440551758,-0.03927430883049965,-0.14571592211723328,0.27671974897384644,-0.7048293352127075,0.6737347841262817,0.08596064150333405,-0.014066132716834545,0.38990703225135803,-0.7005813717842102,0.7671189904212952,Microbe,Moisture,Outside,Microbe | Moisture,Microbe | Moisture | Outside,Outside,Moisture treatment
1,Day 1,10,Tray 10,7,4,64,35204.75,21220.1015625,41877.24609375,34728.1875,62.46455576559546,0.28636103868484497,0.24016685783863068,0.24607619643211365,-0.5355315804481506,0.7422512173652649,-0.04772292822599411,-0.10854411870241165,0.25452253222465515,-0.720588207244873,0.5969827771186829,0.10537315160036087,0.10467982292175293,0.3654320240020752,-0.6645077466964722,0.7650676369667053,Microbe,Moisture,Outside,Microbe | Moisture,Microbe | Moisture | Outside,Outside,Moisture treatment
1,Day 1,10,Tray 10,7,5,65,42546.375,21630.54296875,42282.46875,33988.81640625,59.78260869565217,0.27601638436317444,0.21274788677692413,0.2543446123600006,-0.4387626349925995,0.7848739624023438,-0.05192207172513008,-0.14718464016914368,0.2820460796356201,-0.6806895136833191,0.642351508140564,0.004678409080952406,-0.15989236533641815,0.36985066533088684,-0.7227597832679749,0.7471686601638794,Microbe,Moisture,Outside,Microbe | Moisture,Microbe | Moisture | Outside,Outside,Moisture treatment
1,Day 1,10,Tray 10,7,6,66,39218.625,19931.607421875,39299.5546875,31479.81640625,66.46975425330814,0.2886834442615509,0.33106961846351624,0.26756221055984497,-0.4285714328289032,0.7864909172058105,-0.051561810076236725,-0.09488976746797562,0.27267172932624817,-0.6609206795692444,0.6386049389839172,0.024920841678977013,-0.10885459184646606,0.38288557529449463,-0.662269115447998,0.7376437783241272,Microbe,Moisture,Outside,Microbe | Moisture,Microbe | Moisture | Outside,Outside,Moisture treatment
1,Day 1,10,Tray 10,7,7,67,47571.1015625,23908.1796875,46656.9296875,34747.83984375,54.300567107750474,0.24378323554992676,0.16923871636390686,0.24837301671504974,-0.4204024076461792,0.7873371839523315,-0.10055822134017944,-0.1424187421798706,0.23814620077610016,-0.6635245680809021,0.6311110854148865,-0.06006413698196411,-0.14561477303504944,0.31415653228759766,-0.6734275817871094,0.6725388765335083,Microbe,Moisture,Outside,Microbe | Moisture,Microbe | Moisture | Outside,Outside,Moisture treatment
1,Day 1,10,Tray 10,7,8,68,51256.52734375,26859.853515625,51380.1015625,36644.89453125,42.166824196597354,0.19751828908920288,0.1337779462337494,0.22327807545661926,-0.454426646232605,0.7918902635574341,-0.13818560540676117,-0.14882872998714447,0.21066854894161224,-0.6793578267097473,0.5569247007369995,-0.10554137825965881,-0.1504424810409546,0.28827279806137085,-0.6890080571174622,0.7810863256454468,Microbe,Moisture,Outside,Microbe | Moisture,Microbe | Moisture | Outside,Outside,Moisture treatment
1,Day 1,10,Tray 10,7,9,69,47471.2421875,26539.16796875,49938.84375,37453.6953125,49.95274102079395,0.21967153251171112,0.14978039264678955,0.22281771898269653,-0.42415884137153625,0.7528893947601318,-0.1114976704120636,-0.13340714573860168,0.22399571537971497,-0.6914498209953308,0.5749704837799072,-0.03882169723510742,-0.13185657560825348,0.3504287004470825,-0.692148745059967,0.7781291007995605,Microbe,Moisture,Outside,Microbe | Moisture,Microbe | Moisture | Outside,Outside,Moisture treatment
1,Day 1,10,Tray 10,7,10,70,45625.6875,26740.84375,49425.9296875,37534.19921875,50.33081285444234,0.19639763236045837,0.15126672387123108,0.208448126912117,-0.42080095410346985,0.7656590938568115,-0.11258339881896973,-0.12323310971260071,0.2527713477611542,-0.6879637241363525,0.6136645674705505,-0.030774492770433426,-0.11436152458190918,0.33485931158065796,-0.7373068332672119,0.7627849578857422,Microbe,Moisture,Outside,Microbe | Moisture,Microbe | Moisture | Outside,Outside,Moisture treatment
1,Day 1,11,Tray 11,1,1,1,34778.28515625,21310.482421875,43069.8359375,35093.9140625,72.83790170132325,0.29778778553009033,0.19930660724639893,0.20336665213108063,-0.3776792287826538,0.7420240044593811,-0.0439641997218132,-0.15394651889801025,0.22350174188613892,-0.6374243497848511,0.5580964088439941,0.15221334993839264,0.13980934023857117,0.37185433506965637,-0.6599107980728149,0.7600841522216797,No Microbe,Heat,Alternating,No Microbe | Heat,No Microbe | Heat | Alternating,Inside,Always watered
1,Day 1,11,Tray 11,1,2,2,35041.3671875,21398.037109375,44353.26171875,35366.71484375,74.4328922495274,0.28482362627983093,0.21232876181602478,0.18586620688438416,-0.1651090383529663,0.7861757278442383,-0.07358099520206451,-0.14213894307613373,0.2229681760072708,-0.667350172996521,0.6352800726890564,0.12697704136371613,0.08877836167812347,0.33978694677352905,-0.6339322924613953,0.7504842877388,No Microbe,Heat,Alternating,No Microbe | Heat,No Microbe | Heat | Alternating,Inside,Always watered
1,Day 1,11,Tray 11,1,3,3,30439.615234375,19366.427734375,40611.09765625,34458.7890625,78.1781663516068,0.32698944211006165,0.3098915219306946,0.18536366522312164,-0.20916739106178284,0.7596806287765503,-0.044875387102365494,-0.10386503487825394,0.1998862326145172,-0.5435356497764587,0.4975639581680298,0.18658310174942017,0.2898596525192261,0.3313412368297577,-0.5438265800476074,0.730663001537323,No Microbe,Heat,Alternating,No Microbe | Heat,No Microbe | Heat | Alternating,Inside,Always watered
1,Day 1,11,Tray 11,1,4,4,28316.908203125,18473.5390625,40312.35546875,34540.9765625,82.49054820415878,0.3539898693561554,0.36464983224868774,0.19188739359378815,-0.25881943106651306,0.7432432174682617,-0.03261314705014229,-0.0631546750664711,0.19601573050022125,-0.5884406566619873,0.5459163784980774,0.22654634714126587,0.30676084756851196,0.336129367351532,-0.6737357378005981,0.7751842737197876,No Microbe,Heat,Alternating,No Microbe | Heat,No Microbe | Heat | Alternating,Inside,Always watered
1,Day 1,11,Tray 11,1,5,5,47368.703125,25222.517578125,51901.94921875,38273.671875,62.889886578449904,0.2383744716644287,0.18546253442764282,0.20089079439640045,-0.5086809992790222,0.7573556303977966,-0.1334652602672577,-0.14369501173496246,0.18072296679019928,-0.6738197207450867,0.5027397274971008,-0.02234402298927307,-0.1397537887096405,0.3084627687931061,-0.6646341681480408,0.7937053442001343,No Microbe,Heat,Alternating,No Microbe | Heat,No Microbe | Heat | Alternating,Inside,Always watered
1,Day 1,11,Tray 11,1,6,6,48623.64453125,27250.498046875,54960.32421875,40598.796875,60.656899810964084,0.22820763289928436,0.17783260345458984,0.18122658133506775,-0.3290140926837921,0.7200869917869568,-0.14108657836914062,-0.13592025637626648,0.15780852735042572,-0.5908823013305664,0.4526779055595398,-0.01924961991608143,-0.11080971360206604,0.2730325758457184,-0.5906001329421997,0.7783995270729065,No Microbe,Heat,Alternating,No Microbe | Heat,No Microbe | Heat | Alternating,Inside,Always watered
1,Day 1,11,Tray 11,1,7,7,51440.4375,28447.826171875,55061.828125,42091.0,60.538752362948955,0.23165492713451385,0.17019662261009216,0.1786913424730301,-0.36998647451400757,0.706378698348999,-0.12280581891536713,-0.11210024356842041,0.18607428669929504,-0.6935483813285828,0.5506808161735535,-0.047468800097703934,-0.10938028991222382,0.29863816499710083,-0.7325999736785889,0.7698644995689392,No Microbe,Heat,Alternating,No Microbe | Heat,No Microbe | Heat | Alternating,Inside,Always watered
1,Day 1,11,Tray 11,1,8,8,49014.53125,30006.26171875,56335.14453125,44271.5,63.70510396975425,0.2182571142911911,0.17280563712120056,0.14699697494506836,-0.18702755868434906,0.7842968106269836,-0.11395305395126343,-0.11440551280975342,0.15643633902072906,-0.6043094992637634,0.5964821577072144,0.012495025992393494,-0.09814963489770889,0.3115546703338623,-0.6137930750846863,0.8041724562644958,No Microbe,Heat,Alternating,No Microbe | Heat,No Microbe | Heat | Alternating,Inside,Always watered
1,Day 1,11,Tray 11,1,9,9,50131.3203125,32704.505859375,56659.29296875,46581.421875,57.44328922495274,0.20377781987190247,0.16002099215984344,0.16276922821998596,-0.4608739912509918,0.6740087866783142,-0.08160188049077988,-0.09726688265800476,0.15956877171993256,-0.6758747696876526,0.6331828236579895,0.040019866079092026,-0.08931303024291992,0.33384576439857483,-0.6512096524238586,0.806601345539093,No Microbe,Heat,Alternating,No Microbe | Heat,No Microbe | Heat | Alternating,Inside,Always watered
1,Day 1,11,Tray 11,1,10,10,45845.3203125,31302.9921875,54045.609375,45379.7734375,59.310018903591676,0.2103981375694275,0.16152635216712952,0.14666546881198883,-0.32349324226379395,0.7270588278770447,-0.0717749297618866,-0.09069117158651352,0.15118198096752167,-0.5989847779273987,0.5501779317855835,0.08041013777256012,-0.0645393580198288,0.2944771647453308,-0.596146285533905,0.703734815120697,No Microbe,Heat,Alternating,No Microbe | Heat,No Microbe | Heat | Alternating,Inside,Always watered
1,Day 1,11,Tray 11,2,1,11,26755.146484375,19591.908203125,41256.765625,34001.5859375,75.89792060491493,0.3230491578578949,0.2950149476528168,0.1994074285030365,-0.15809768438339233,0.7167701721191406,-0.04532529413700104,-0.09039109200239182,0.19284364581108093,-0.5414428114891052,0.5330459475517273,0.2624395191669464,0.39582985639572144,0.3440280854701996,-0.5774267911911011,0.7591367959976196,No Microbe,Heat,Alternating,No Microbe | Heat,No Microbe | Heat | Alternating,Inside,Always watered
1,Day 1,11,Tray 11,2,2,12,24468.072265625,19454.59765625,41563.44921875,34351.44140625,84.21550094517958,0.32916924357414246,0.3078797459602356,0.17442624270915985,-0.10686805099248886,0.7650753855705261,-0.05452334135770798,-0.1200888603925705,0.16971705853939056,-0.4374883770942688,0.5244596004486084,0.28643471002578735,0.3755122423171997,0.29936087131500244,-0.3762392997741699,0.7792362570762634,No Microbe,Heat,Alternating,No Microbe | Heat,No Microbe | Heat | Alternating,Inside,Always watered
1,Day 1,11,Tray 11,2,3,13,21298.083984375,16906.876953125,36758.1640625,31417.8203125,81.5335538752363,0.3556760549545288,0.37304794788360596,0.19850796461105347,-0.43891140818595886,0.7495120167732239,-0.030008895322680473,-0.06070471554994583,0.2277815043926239,-0.6568885445594788,0.575880765914917,0.29100409150123596,0.3841981589794159,0.3270238935947418,-0.6266136765480042,0.7878697514533997,No Microbe,Heat,Alternating,No Microbe | Heat,No Microbe | Heat | Alternating,Inside,Always watered
1,Day 1,11,Tray 11,2,4,14,28020.509765625,17414.951171875,37953.4140625,30399.392578125,75.64981096408317,0.3322567045688629,0.3527739346027374,0.20637978613376617,-0.31993621587753296,0.7496147751808167,-0.058691538870334625,-0.10975609719753265,0.23317785561084747,-0.6253224611282349,0.6037067174911499,0.1866859495639801,0.2899392247200012,0.3847183883190155,-0.6568885445594788,0.7726161479949951,No Microbe,Heat,Alternating,No Microbe | Heat,No Microbe | Heat | Alternating,Inside,Always watered
1,Day 1,11,Tray 11,2,5,15,34661.90625,19390.64453125,42925.9375,32053.837890625,71.77457466918715,0.3051224648952484,0.3197040557861328,0.20607341825962067,-0.33900558948516846,0.7221584320068359,-0.10392098873853683,-0.14019212126731873,0.20749133825302124,-0.559629499912262,0.5396984815597534,0.106934554874897,0.15088734030723572,0.3544926643371582,-0.5980488061904907,0.7463147044181824,No Microbe,Heat,Alternating,No Microbe | Heat,No Microbe | Heat | Alternating,Inside,Always watered
1,Day 1,11,Tray 11,2,6,16,40107.0703125,21576.333984375,44048.41015625,33513.7265625,67.41493383742912,0.28647568821907043,0.26157471537590027,0.21187429130077362,-0.39361417293548584,0.7740199565887451,-0.09757282584905624,-0.1111111119389534,0.20004384219646454,-0.6039953231811523,0.5074257254600525,0.03498566523194313,-0.09200000017881393,0.3281773030757904,-0.5774267911911011,0.7448373436927795,No Microbe,Heat,Alternating,No Microbe | Heat,No Microbe | Heat | Alternating,Inside,Always watered
1,Day 1,11,Tray 11,2,7,17,47975.796875,26229.76171875,52144.2421875,39562.125,64.11862003780719,0.2447822391986847,0.18604496121406555,0.19849374890327454,-0.5016980767250061,0.7670740485191345,-0.1254720687866211,-0.11778353899717331,0.17675364017486572,-0.6962025165557861,0.48073112964630127,-0.029358230531215668,-0.1037735864520073,0.2836360037326813,-0.6970576047897339,0.6910953521728516,No Microbe,Heat,Alternating,No Microbe | Heat,No Microbe | Heat | Alternating,Inside,Always watered
1,Day 1,11,Tray 11,2,8,18,44233.4765625,26598.638671875,52833.2421875,41667.91796875,69.37618147448015,0.2589268684387207,0.2120373547077179,0.19983389973640442,-0.34495019912719727,0.7448588609695435,-0.10702574253082275,-0.10915493220090866,0.18482331931591034,-0.6960033178329468,0.5902159810066223,0.04831492528319359,-0.07884523272514343,0.33575689792633057,-0.6455696225166321,0.8055331707000732,No Microbe,Heat,Alternating,No Microbe | Heat,No Microbe | Heat | Alternating,Inside,Always watered
1,Day 1,11,Tray 11,2,9,19,44502.50390625,29046.5390625,52183.52734375,41600.4140625,61.64933837429112,0.22366085648536682,0.1695687174797058,0.17171511054039001,-0.3775482475757599,0.6760784387588501,-0.09489800035953522,-0.10021493583917618,0.20248879492282867,-0.7217170596122742,0.6998504996299744,0.05900530517101288,-0.07522647082805634,0.3626808226108551,-0.7245736122131348,0.8087476491928101,No Microbe,Heat,Alternating,No Microbe | Heat,No Microbe | Heat | Alternating,Inside,Always watered
1,Day 1,11,Tray 11,2,10,20,41758.65234375,29987.50390625,51827.72265625,43282.41015625,60.113421550094515,0.21794642508029938,0.16126352548599243,0.15440289676189423,-0.2738475501537323,0.7567635774612427,-0.07643602043390274,-0.08534322679042816,0.162264883518219,-0.5234375,0.5064102411270142,0.12178722023963928,-0.04344502463936806,0.3145979642868042,-0.5844457149505615,0.7481203079223633,No Microbe,Heat,Alternating,No Microbe | Heat,No Microbe | Heat | Alternating,Inside,Always watered
1,Day 1,11,Tray 11,3,1,21,24210.87890625,18704.607421875,39324.14453125,33078.07421875,77.04395085066163,0.3365137279033661,0.36888203024864197,0.20474369823932648,-0.2029585838317871,0.7490774989128113,-0.030863363295793533,-0.04683791100978851,0.20414547622203827,-0.5282701849937439,0.47696569561958313,0.2919422388076782,0.4133850634098053,0.32934585213661194,-0.5282701849937439,0.7599999904632568,No Microbe,Heat,Alternating,No Microbe | Heat,No Microbe | Heat | Alternating,Inside,Always watered
1,Day 1,11,Tray 11,3,2,22,16645.701171875,14650.9072265625,32105.134765625,31169.234375,93.1710775047259,0.4170292019844055,0.462592214345932,0.18103784322738647,-0.059057071805000305,0.7785831689834595,0.03833787888288498,0.019853390753269196,0.20002877712249756,-0.5239465832710266,0.6024062037467957,0.3930462598800659,0.47058823704719543,0.28070706129074097,-0.5953829884529114,0.7873941659927368,No Microbe,Heat,Alternating,No Microbe | Heat,No Microbe | Heat | Alternating,Inside,Always watered
1,Day 1,11,Tray 11,3,3,23,16301.98828125,14635.0732421875,32229.716796875,29272.208984375,84.98345935727788,0.3795783817768097,0.4133663475513458,0.1999979168176651,-0.3224315643310547,0.7922077775001526,-0.0076438384130597115,-0.04212182015180588,0.23955820500850677,-0.5676709413528442,0.6531150937080383,0.3400828242301941,0.39125674962997437,0.27385610342025757,-0.5189169049263,0.783562421798706,No Microbe,Heat,Alternating,No Microbe | Heat,No Microbe | Heat | Alternating,Inside,Always watered
1,Day 1,11,Tray 11,3,4,24,18690.296875,11600.109375,29306.158203125,27131.3515625,92.09593572778829,0.4246751368045807,0.46086955070495605,0.16651448607444763,-0.19463087618350983,0.7464788556098938,-0.008245249278843403,-0.010009098798036575,0.20215152204036713,-0.6056846380233765,0.4681945741176605,0.2893780767917633,0.4014730453491211,0.3465208113193512,-0.6670058965682983,0.7801418304443359,No Microbe,Heat,Alternating,No Microbe | Heat,No Microbe | Heat | Alternating,Inside,Always watered
1,Day 1,11,Tray 11,3,5,25,25241.30078125,12314.341796875,30991.328125,25313.208984375,84.29820415879017,0.3909060060977936,0.45011967420578003,0.22690251469612122,-0.4209274649620056,0.780372142791748,-0.03625161573290825,-0.022549530491232872,0.2547866106033325,-0.6710830926895142,0.5486041307449341,0.18109117448329926,0.3557429909706116,0.4034039080142975,-0.676217794418335,0.7839625477790833,No Microbe,Heat,Alternating,No Microbe | Heat,No Microbe | Heat | Alternating,Inside,Always watered
1,Day 1,11,Tray 11,3,6,26,33154.6171875,16347.2197265625,36840.17578125,28921.908203125,79.97400756143668,0.3592459261417389,0.42902591824531555,0.22185787558555603,-0.3255952298641205,0.7389732599258423,-0.060429297387599945,-0.07497905194759369,0.23493658006191254,-0.7027027010917664,0.5573979616165161,0.09986866265535355,0.19917179644107819,0.3640851080417633,-0.6532095074653625,0.7792207598686218,No Microbe,Heat,Alternating,No Microbe | Heat,No Microbe | Heat | Alternating,Inside,Always watered
1,Day 1,11,Tray 11,3,7,27,36422.91796875,20374.1328125,43844.28125,35160.515625,78.80434782608695,0.31401240825653076,0.32347583770751953,0.20141573250293732,-0.302238792181015,0.7801608443260193,-0.08660677075386047,-0.08603190630674362,0.21719954907894135,-0.6280773282051086,0.5779920816421509,0.07919339090585709,0.027324922382831573,0.36144372820854187,-0.6755319237709045,0.735283613204956,No Microbe,Heat,Alternating,No Microbe | Heat,No Microbe | Heat | Alternating,Inside,Always watered
1,Day 1,11,Tray 11,3,8,28,31957.1953125,19216.240234375,42570.765625,33797.4140625,78.09546313799622,0.32083675265312195,0.343059778213501,0.21765351295471191,-0.377979576587677,0.7695666551589966,-0.07741077989339828,-0.0904141515493393,0.23500999808311462,-0.6568885445594788,0.5365853905677795,0.1417989581823349,0.22406694293022156,0.3885662257671356,-0.6572238206863403,0.7878289222717285,No Microbe,Heat,Alternating,No Microbe | Heat,No Microbe | Heat | Alternating,Inside,Always watered
1,Day 1,11,Tray 11,3,9,29,40885.73046875,26698.4375,48999.25,39630.6875,66.42249527410208,0.2412475198507309,0.18796223402023315,0.19142207503318787,-0.42591404914855957,0.7540075778961182,-0.08267735689878464,-0.09638553857803345,0.21642670035362244,-0.6306993961334229,0.504012405872345,0.07456889748573303,-0.05964551120996475,0.3656700551509857,-0.6412825584411621,0.7761521339416504,No Microbe,Heat,Alternating,No Microbe | Heat,No Microbe | Heat | Alternating,Inside,Always watered
1,Day 1,11,Tray 11,3,10,30,38160.07421875,26452.40625,48815.1953125,40150.91796875,66.98960302457468,0.24738606810569763,0.19367805123329163,0.17724551260471344,-0.2831379473209381,0.7424450516700745,-0.08086797595024109,-0.0930766612291336,0.20173510909080505,-0.6117463707923889,0.6196049451828003,0.1308772712945938,0.021797573193907738,0.3343370258808136,-0.5807759165763855,0.7851280570030212,No Microbe,Heat,Alternating,No Microbe | Heat,No Microbe | Heat | Alternating,Inside,Always watered
1,Day 1,11,Tray 11,4,1,31,29337.2578125,19195.306640625,38398.41015625,34315.91015625,80.8601134215501,0.3490183353424072,0.3546653389930725,0.2178540974855423,-0.2528603971004486,0.7515995502471924,0.010672837495803833,-0.007723761722445488,0.2244153916835785,-0.5936952829360962,0.6053511500358582,0.23866526782512665,0.3921360373497009,0.36517462134361267,-0.6075326204299927,0.7692545652389526,No Microbe,Heat,Alternating,No Microbe | Heat,No Microbe | Heat | Alternating,Inside,Always watered
1,Day 1,11,Tray 11,4,2,32,25226.328125,16739.669921875,32645.845703125,32425.0859375,85.5741965973535,0.38195860385894775,0.4172130227088928,0.19033272564411163,-0.06638216972351074,0.762273907661438,0.05302044749259949,0.05215074121952057,0.20101793110370636,-0.4103368818759918,0.5637342929840088,0.2559790015220642,0.3417570888996124,0.30935102701187134,-0.4810870289802551,0.7558248043060303,No Microbe,Heat,Alternating,No Microbe | Heat,No Microbe | Heat | Alternating,Inside,Always watered
1,Day 1,11,Tray 11,4,3,33,15957.6298828125,12833.11328125,27038.978515625,29241.40625,93.15926275992439,0.4347555935382843,0.47595030069351196,0.16981638967990875,-0.18290334939956665,0.7675149440765381,0.067743681371212,0.08607825636863708,0.18079650402069092,-0.5574082732200623,0.5331928133964539,0.37055259943008423,0.4507085680961609,0.2844131290912628,-0.6482189297676086,0.757074236869812,No Microbe,Heat,Alternating,No Microbe | Heat,No Microbe | Heat | Alternating,Inside,Always watered
1,Day 1,11,Tray 11,4,4,34,22394.158203125,11470.869140625,25670.228515625,27787.32421875,93.96266540642722,0.4356479048728943,0.45438510179519653,0.17650561034679413,-0.3072625696659088,0.8120256662368774,0.05322019383311272,0.030355554074048996,0.24120014905929565,-0.5541902184486389,0.6563853025436401,0.21644656360149384,0.2895659804344177,0.3391704559326172,-0.604938268661499,0.7866823673248291,No Microbe,Heat,Alternating,No Microbe | Heat,No Microbe | Heat | Alternating,Inside,Always watered
1,Day 1,11,Tray 11,4,5,35,23597.833984375,10560.6220703125,26784.0546875,25915.2421875,92.00141776937618,0.4436107575893402,0.48211750388145447,0.17219115793704987,-0.27861136198043823,0.7694817185401917,0.016083907335996628,0.03672739118337631,0.21626468002796173,-0.5880322456359863,0.5859944224357605,0.21330095827579498,0.3854748606681824,0.40348994731903076,-0.7002283334732056,0.7555282711982727,No Microbe,Heat,Alternating,No Microbe | Heat,No Microbe | Heat | Alternating,Inside,Always watered
1,Day 1,11,Tray 11,4,6,36,34544.09765625,15494.177734375,34962.625,29376.892578125,83.05765595463139,0.36931663751602173,0.4145869016647339,0.21118593215942383,-0.3064770996570587,0.7481234073638916,-0.03821692243218422,-0.05696478486061096,0.22667132318019867,-0.6380000114440918,0.6109500527381897,0.07465960830450058,0.11077634990215302,0.3706893026828766,-0.647224485874176,0.7267040014266968,No Microbe,Heat,Alternating,No Microbe | Heat,No Microbe | Heat | Alternating,Inside,Always watered
1,Day 1,11,Tray 11,4,7,37,40195.34375,20856.93359375,44266.78125,35118.5703125,74.65737240075615,0.30784106254577637,0.30528199672698975,0.21015971899032593,-0.36123013496398926,0.7485207319259644,-0.09019102156162262,-0.09505976736545563,0.19713671505451202,-0.7126725316047668,0.5765015482902527,0.020287007093429565,-0.05901359021663666,0.29547300934791565,-0.7126725316047668,0.7130769491195679,No Microbe,Heat,Alternating,No Microbe | Heat,No Microbe | Heat | Alternating,Inside,Always watered
1,Day 1,11,Tray 11,4,8,38,34442.7734375,19181.916015625,39220.40625,33666.95703125,78.39083175803403,0.33006468415260315,0.30735039710998535,0.20639602839946747,-0.3131493031978607,0.7890191078186035,-0.036154553294181824,-0.09287429600954056,0.24902482330799103,-0.6501278877258301,0.6084142327308655,0.10415410250425339,0.0808245837688446,0.4149557650089264,-0.6666666865348816,0.7900923490524292,No Microbe,Heat,Alternating,No Microbe | Heat,No Microbe | Heat | Alternating,Inside,Always watered
1,Day 1,11,Tray 11,4,9,39,38924.6796875,23477.2578125,45527.27734375,38090.98828125,73.15689981096408,0.2904675602912903,0.23883891105651855,0.20843853056430817,-0.4523809552192688,0.7687192559242249,-0.0642857551574707,-0.09349376708269119,0.234564408659935,-0.7351694703102112,0.5225266814231873,0.08554168045520782,-0.051032111048698425,0.3967924416065216,-0.7133890986442566,0.7984315752983093,No Microbe,Heat,Alternating,No Microbe | Heat,No Microbe | Heat | Alternating,Inside,Always watered
1,Day 1,11,Tray 11,4,10,40,36385.94140625,23296.404296875,42427.2578125,38076.859375,74.0430056710775,0.30555951595306396,0.2411051094532013,0.2009584605693817,-0.3207955062389374,0.7862949967384338,-0.02281838096678257,-0.06905103474855423,0.2365165799856186,-0.6172986030578613,0.7211018204689026,0.14667461812496185,0.17327117919921875,0.3867025673389435,-0.6629441380500793,0.8121130466461182,No Microbe,Heat,Alternating,No Microbe | Heat,No Microbe | Heat | Alternating,Inside,Always watered
1,Day 1,11,Tray 11,5,1,41,35228.66796875,20715.33984375,41540.3671875,35755.96875,81.07277882797732,0.3142131268978119,0.23913273215293884,0.18301871418952942,-0.049467455595731735,0.7522261142730713,-0.0227521825581789,-0.11518966406583786,0.21703822910785675,-0.4507702589035034,0.5852842926979065,0.14063939452171326,0.09902741014957428,0.3355245590209961,-0.6150660514831543,0.7383177280426025,No Microbe,Heat,Alternating,No Microbe | Heat,No Microbe | Heat | Alternating,Inside,Always watered
1,Day 1,11,Tray 11,5,2,42,30035.8828125,17746.291015625,34570.046875,34005.23828125,86.9328922495274,0.3778494894504547,0.40962010622024536,0.20167748630046844,-0.11824123561382294,0.7691247463226318,0.0547681599855423,0.04987230896949768,0.22049100697040558,-0.48315829038619995,0.5644970536231995,0.21211735904216766,0.3295826315879822,0.3499631881713867,-0.6518757343292236,0.7510889768600464,No Microbe,Heat,Alternating,No Microbe | Heat,No Microbe | Heat | Alternating,Inside,Always watered
1,Day 1,11,Tray 11,5,3,43,27960.17578125,16463.916015625,31717.18359375,33239.43359375,88.9413988657845,0.3964945375919342,0.43668216466903687,0.1809937208890915,-0.007630161475390196,0.7482911348342896,0.06920215487480164,0.07179286330938339,0.18766823410987854,-0.3502722382545471,0.5461538434028625,0.22538481652736664,0.33695653080940247,0.3304111361503601,-0.6292406916618347,0.7658288478851318,No Microbe,Heat,Alternating,No Microbe | Heat,No Microbe | Heat | Alternating,Inside,Always watered
1,Day 1,11,Tray 11,5,4,44,30163.140625,14922.7314453125,30087.859375,32351.470703125,91.3397920604915,0.4134051501750946,0.45058897137641907,0.17241354286670685,-0.09790906310081482,0.7472296953201294,0.06666813045740128,0.07519140839576721,0.1923505812883377,-0.4305029809474945,0.5755693316459656,0.15739312767982483,0.20705631375312805,0.3560347557067871,-0.5923619866371155,0.7668073773384094,No Microbe,Heat,Alternating,No Microbe | Heat,No Microbe | Heat | Alternating,Inside,Always watered
1,Day 1,11,Tray 11,5,5,45,31869.515625,13286.814453125,29705.310546875,30046.306640625,91.09168241965973,0.4298575222492218,0.4730926752090454,0.1844533234834671,-0.2965378761291504,0.7746819853782654,0.04380035772919655,0.06765773892402649,0.2106930911540985,-0.5974254012107849,0.5586749315261841,0.12000756710767746,0.22208049893379211,0.3727376461029053,-0.6592382788658142,0.7584987878799438,No Microbe,Heat,Alternating,No Microbe | Heat,No Microbe | Heat | Alternating,Inside,Always watered
1,Day 1,11,Tray 11,5,6,46,37403.7421875,15479.173828125,33349.57421875,31753.455078125,88.36247637051041,0.4085858166217804,0.468114972114563,0.20410017669200897,-0.3683241307735443,0.7788724899291992,0.029475504532456398,0.03381480649113655,0.22826635837554932,-0.6565533876419067,0.6008316278457642,0.07040693610906601,-0.058879684656858444,0.3760503828525543,-0.6710875034332275,0.747668981552124,No Microbe,Heat,Alternating,No Microbe | Heat,No Microbe | Heat | Alternating,Inside,Always watered
1,Day 1,11,Tray 11,5,7,47,44284.75,20625.044921875,43464.4296875,36737.36328125,83.87287334593573,0.3394324779510498,0.3134472966194153,0.2013043612241745,-0.29372695088386536,0.7798649668693542,-0.04406210780143738,-0.08793836086988449,0.2070055603981018,-0.5930752754211426,0.5900189280509949,0.002228053519502282,-0.09667916595935822,0.3404756188392639,-0.6697247624397278,0.7272034287452698,No Microbe,Heat,Alternating,No Microbe | Heat,No Microbe | Heat | Alternating,Inside,Always watered
1,Day 1,11,Tray 11,5,8,48,29579.595703125,15890.6650390625,34833.70703125,30679.435546875,80.281190926276,0.37255290150642395,0.44126081466674805,0.2273520678281784,-0.3179227411746979,0.7825512290000916,-0.00784344132989645,0.0033987234346568584,0.267228901386261,-0.7245736122131348,0.7026875615119934,0.14472192525863647,0.24537082016468048,0.3979700803756714,-0.7365167140960693,0.8126635551452637,No Microbe,Heat,Alternating,No Microbe | Heat,No Microbe | Heat | Alternating,Inside,Always watered
1,Day 1,11,Tray 11,5,9,49,43238.2109375,23632.91796875,44600.7109375,39355.58984375,75.68525519848771,0.30704447627067566,0.22724603116512299,0.20128920674324036,-0.20817948877811432,0.7700135707855225,-0.025195131078362465,-0.09535910189151764,0.2106882631778717,-0.6389833688735962,0.5178731083869934,0.054767265915870667,-0.08938547223806381,0.36594024300575256,-0.6855319738388062,0.7520614266395569,No Microbe,Heat,Alternating,No Microbe | Heat,No Microbe | Heat | Alternating,Inside,Always watered
1,Day 1,11,Tray 11,5,10,50,45853.140625,26909.33203125,47464.671875,41966.71484375,68.52551984877127,0.25874945521354675,0.1817118227481842,0.1759939193725586,-0.1974865347146988,0.7421718835830688,-0.033862244337797165,-0.08833044767379761,0.20563507080078125,-0.7002283334732056,0.569474458694458,0.036161720752716064,-0.0833333358168602,0.31691208481788635,-0.7002283334732056,0.719280481338501,No Microbe,Heat,Alternating,No Microbe | Heat,No Microbe | Heat | Alternating,Inside,Always watered
1,Day 1,11,Tray 11,6,1,51,41803.3046875,22442.994140625,45562.84765625,35951.66796875,68.33648393194707,0.2735966145992279,0.18748678267002106,0.18847151100635529,-0.2577166259288788,0.7269341945648193,-0.06503909081220627,-0.16578510403633118,0.21762758493423462,-0.6064034104347229,0.5660022497177124,0.028284253552556038,-0.1409081369638443,0.3270621597766876,-0.6589021682739258,0.7413730621337891,No Microbe,Heat,Alternating,No Microbe | Heat,No Microbe | Heat | Alternating,Inside,Always watered
1,Day 1,11,Tray 11,6,2,52,33717.46875,20565.48828125,42221.73046875,36503.55078125,81.39177693761815,0.3307494819164276,0.2537311315536499,0.1900351196527481,-0.18826699256896973,0.747505784034729,-0.015679724514484406,-0.09609134495258331,0.20134663581848145,-0.47684499621391296,0.4861516058444977,0.1652003973722458,0.19342784583568573,0.32131922245025635,-0.39952152967453003,0.7329317331314087,No Microbe,Heat,Alternating,No Microbe | Heat,No Microbe | Heat | Alternating,Inside,Always watered
1,Day 1,11,Tray 11,6,3,53,36565.984375,20663.0390625,42458.25390625,35578.83984375,78.95793950850661,0.3147161304950714,0.27091920375823975,0.19960404932498932,-0.3017377555370331,0.8034188151359558,-0.03528197109699249,-0.10445141792297363,0.2250657081604004,-0.583560585975647,0.5756853222846985,0.09667264670133591,0.020306186750531197,0.35510051250457764,-0.6636197566986084,0.7754173278808594,No Microbe,Heat,Alternating,No Microbe | Heat,No Microbe | Heat | Alternating,Inside,Always watered
1,Day 1,11,Tray 11,6,4,54,32999.69140625,18669.01171875,39140.75,34430.05078125,83.70746691871456,0.3361622989177704,0.3379194438457489,0.19341862201690674,-0.3500805199146271,0.7419835925102234,-0.027161389589309692,-0.062491267919540405,0.21974526345729828,-0.6066945791244507,0.5167878270149231,0.12081965804100037,0.10156583040952682,0.3365846276283264,-0.6224247217178345,0.7611044645309448,No Microbe,Heat,Alternating,No Microbe | Heat,No Microbe | Heat | Alternating,Inside,Always watered
1,Day 1,11,Tray 11,6,5,55,37254.125,18671.81640625,39754.8046875,34514.74609375,83.73109640831758,0.3418240547180176,0.35344648361206055,0.20848070085048676,-0.3742210566997528,0.745083749294281,-0.030490832403302193,-0.07754821330308914,0.22752834856510162,-0.6430467367172241,0.5764469504356384,0.07594572752714157,-0.008924022316932678,0.33813026547431946,-0.603367269039154,0.7774655818939209,No Microbe,Heat,Alternating,No Microbe | Heat,No Microbe | Heat | Alternating,Inside,Always watered
1,Day 1,11,Tray 11,6,6,56,43044.0859375,20474.291015625,42921.6875,35076.37890625,77.45746691871456,0.31856003403663635,0.3144131898880005,0.21036291122436523,-0.35831382870674133,0.7441185712814331,-0.053070228546857834,-0.09503084421157837,0.20931167900562286,-0.5774267911911011,0.4876847267150879,0.00778684439137578,-0.11080971360206604,0.3337038457393646,-0.6568885445594788,0.7166444659233093,No Microbe,Heat,Alternating,No Microbe | Heat,No Microbe | Heat | Alternating,Inside,Always watered
1,Day 1,11,Tray 11,6,7,57,46690.17578125,22403.6640625,47270.3984375,37899.515625,78.24905482041588,0.3024708032608032,0.24169321358203888,0.2038169652223587,-0.25674960017204285,0.777479887008667,-0.07583004981279373,-0.10990649461746216,0.18895839154720306,-0.567764163017273,0.5427849888801575,-0.029899962246418,-0.10992483794689178,0.2633630037307739,-0.6445783376693726,0.6566265225410461,No Microbe,Heat,Alternating,No Microbe | Heat,No Microbe | Heat | Alternating,Inside,Always watered
1,Day 1,11,Tray 11,6,8,58,53126.26171875,27495.947265625,52211.46875,40774.05859375,66.62334593572778,0.2377794235944748,0.1802888661623001,0.20395594835281372,-0.5035128593444824,0.792648434638977,-0.10093236714601517,-0.11065907031297684,0.2027343362569809,-0.7048293352127075,0.557680070400238,-0.08951149880886078,-0.1118653267621994,0.29504480957984924,-0.7016413807868958,0.7181767821311951,No Microbe,Heat,Alternating,No Microbe | Heat,No Microbe | Heat | Alternating,Inside,Always watered
1,Day 1,11,Tray 11,6,9,59,47582.93359375,26764.390625,49917.09765625,42191.2734375,70.7585066162571,0.2714064121246338,0.1915174424648285,0.1868225783109665,-0.2752532660961151,0.8040988445281982,-0.050860628485679626,-0.1111111119389534,0.22499819099903107,-0.6304304599761963,0.7116461396217346,0.015291138552129269,-0.10657774657011032,0.36107584834098816,-0.6971713900566101,0.8024485111236572,No Microbe,Heat,Alternating,No Microbe | Heat,No Microbe | Heat | Alternating,Inside,Always watered
1,Day 1,11,Tray 11,6,10,60,43901.79296875,24181.787109375,47030.75,38428.8046875,73.65311909262759,0.25463634729385376,0.2076393961906433,0.19624589383602142,-0.5004557967185974,0.8217585682868958,-0.07277605682611465,-0.11367963254451752,0.2595055103302002,-0.6758747696876526,0.6813370585441589,0.01153094694018364,-0.08991134166717529,0.3395017683506012,-0.6758747696876526,0.7845578789710999,No Microbe,Heat,Alternating,No Microbe | Heat,No Microbe | Heat | Alternating,Inside,Always watered
1,Day 1,11,Tray 11,7,1,61,38576.29296875,23089.841796875,47434.1953125,36607.71484375,64.69754253308129,0.2694692313671112,0.17621667683124542,0.19044430553913116,-0.32788002490997314,0.7428571581840515,-0.0798485055565834,-0.17682674527168274,0.20055106282234192,-0.6003299355506897,0.5021892786026001,0.10240332782268524,-0.07356705516576767,0.3560153841972351,-0.6172986030578613,0.735946774482727,No Microbe,Heat,Alternating,No Microbe | Heat,No Microbe | Heat | Alternating,Inside,Always watered
1,Day 1,11,Tray 11,7,2,62,34862.8203125,21173.376953125,44406.6015625,36302.3671875,78.08364839319471,0.3051379323005676,0.2349185347557068,0.18741552531719208,-0.2210708111524582,0.7351625561714172,-0.05762071907520294,-0.1306486278772354,0.1942235678434372,-0.534308671951294,0.5504950284957886,0.12943394482135773,0.09477640688419342,0.3317011594772339,-0.5708991885185242,0.7535816431045532,No Microbe,Heat,Alternating,No Microbe | Heat,No Microbe | Heat | Alternating,Inside,Always watered
1,Day 1,11,Tray 11,7,3,63,31351.630859375,19232.1015625,39448.265625,33735.18359375,75.55529300567107,0.3230058550834656,0.2760764956474304,0.21004045009613037,-0.3604815900325775,0.7995656132698059,-0.02602289244532585,-0.11300992965698242,0.24533143639564514,-0.6355333924293518,0.6656269431114197,0.15782010555267334,0.16324695944786072,0.35329365730285645,-0.6279299259185791,0.7661365866661072,No Microbe,Heat,Alternating,No Microbe | Heat,No Microbe | Heat | Alternating,Inside,Always watered
1,Day 1,11,Tray 11,7,4,64,33029.06640625,18944.017578125,38741.56640625,33457.73046875,76.27599243856332,0.3265824615955353,0.3382105231285095,0.2227286547422409,-0.47894924879074097,0.7723332047462463,-0.021999672055244446,-0.04223749041557312,0.24889181554317474,-0.746268630027771,0.6005167961120605,0.1292453408241272,0.1991589367389679,0.37734800577163696,-0.7130307555198669,0.7523500919342041,No Microbe,Heat,Alternating,No Microbe | Heat,No Microbe | Heat | Alternating,Inside,Always watered
1,Day 1,11,Tray 11,7,5,65,33897.6484375,17464.62890625,37583.921875,32254.794921875,78.91068052930056,0.3468904495239258,0.3832497000694275,0.23182208836078644,-0.3914821147918701,0.7977592349052429,-0.024407899007201195,-0.027063148096203804,0.25982967019081116,-0.6893564462661743,0.586247444152832,0.11652443557977676,0.20783847570419312,0.4080860912799835,-0.6893564462661743,0.7556071281433105,No Microbe,Heat,Alternating,No Microbe | Heat,No Microbe | Heat | Alternating,Inside,Always watered
1,Day 1,11,Tray 11,7,6,66,45688.17578125,22590.05859375,47164.62109375,36662.69921875,77.57561436672968,0.2765926718711853,0.24368992447853088,0.1988384872674942,-0.33366140723228455,0.7808017730712891,-0.09535558521747589,-0.12084303051233292,0.19826586544513702,-0.644908607006073,0.5799307823181152,-0.02085624821484089,-0.11839409917593002,0.2966598570346832,-0.6697247624397278,0.6998420357704163,No Microbe,Heat,Alternating,No Microbe | Heat,No Microbe | Heat | Alternating,Inside,Always watered
1,Day 1,11,Tray 11,7,7,67,47185.8984375,22975.6328125,46441.0,35603.0,71.7273156899811,0.26728153228759766,0.21642036736011505,0.22496210038661957,-0.45610561966896057,0.7981818318367004,-0.09272418171167374,-0.12036962062120438,0.22977454960346222,-0.6710875034332275,0.6284182071685791,-0.05186771973967552,-0.1268574595451355,0.32197996973991394,-0.7005813717842102,0.7435897588729858,No Microbe,Heat,Alternating,No Microbe | Heat,No Microbe | Heat | Alternating,Inside,Always watered
1,Day 1,11,Tray 11,7,8,68,50129.81640625,26021.390625,53028.0,40638.79296875,68.6554820415879,0.24408668279647827,0.20620572566986084,0.19374191761016846,-0.44387754797935486,0.7651349306106567,-0.11657233536243439,-0.1251545548439026,0.17779983580112457,-0.707317054271698,0.5035742521286011,-0.06476067006587982,-0.12084303051233292,0.2519986927509308,-0.7058945894241333,0.7689655423164368,No Microbe,Heat,Alternating,No Microbe | Heat,No Microbe | Heat | Alternating,Inside,Always watered
1,Day 1,11,Tray 11,7,9,69,50737.0625,27065.013671875,53304.38671875,42671.68359375,69.52977315689981,0.2538423538208008,0.2063983529806137,0.17793041467666626,-0.2460130751132965,0.744145393371582,-0.09101541340351105,-0.11763100326061249,0.15663668513298035,-0.5723486542701721,0.49548500776290894,-0.04067923128604889,-0.11367963254451752,0.2779949903488159,-0.6817248463630676,0.7119341492652893,No Microbe,Heat,Alternating,No Microbe | Heat,No Microbe | Heat | Alternating,Inside,Always watered
1,Day 1,11,Tray 11,7,10,70,47792.6328125,26346.734375,50742.96875,38620.1484375,58.53024574669187,0.20739267766475677,0.170962855219841,0.21749626100063324,-0.412887841463089,0.757885754108429,-0.11821328848600388,-0.12841002643108368,0.23012420535087585,-0.6383276581764221,0.627236008644104,-0.06037116050720215,-0.12864059209823608,0.29180005192756653,-0.6848914623260498,0.7310874462127686,No Microbe,Heat,Alternating,No Microbe | Heat,No Microbe | Heat | Alternating,Inside,Always watered
1,Day 1,12,Tray 12,1,1,1,41941.02734375,23222.328125,48422.76171875,37410.8359375,91.55245746691871,0.2676885426044464,0.202051043510437,0.16438551247119904,-0.20528210699558258,0.7498947381973267,-0.09244050085544586,-0.1584501713514328,0.18403548002243042,-0.6393114328384399,0.6241709589958191,0.06293397396802902,-0.14802730083465576,0.36972299218177795,-0.6393114328384399,0.7754821181297302,No Microbe,Moisture,Inside,No Microbe | Moisture,No Microbe | Moisture | Inside,Inside,Moisture treatment
1,Day 1,12,Tray 12,1,2,2,39959.96484375,23464.1875,48105.0546875,39196.171875,92.3086011342155,0.29121530055999756,0.2108129858970642,0.159513920545578,-0.11164755374193192,0.7497477531433105,-0.0659063532948494,-0.1370101422071457,0.16068141162395477,-0.47691068053245544,0.590666651725769,0.116578608751297,-0.0663221925497055,0.34508514404296875,-0.5799765586853027,0.7531782984733582,No Microbe,Moisture,Inside,No Microbe | Moisture,No Microbe | Moisture | Inside,Inside,Moisture treatment
1,Day 1,12,Tray 12,1,3,3,38661.421875,22269.01171875,45514.11328125,36777.015625,84.59357277882798,0.29793813824653625,0.20965147018432617,0.17992602288722992,-0.24798567593097687,0.7384952306747437,-0.059965528547763824,-0.13672377169132233,0.19748441874980927,-0.6585662364959717,0.482828289270401,0.1012045219540596,-0.08849583566188812,0.3643183410167694,-0.6298507452011108,0.7701564431190491,No Microbe,Moisture,Inside,No Microbe | Moisture,No Microbe | Moisture | Inside,Inside,Moisture treatment
1,Day 1,12,Tray 12,1,4,4,32750.328125,19317.248046875,39631.0625,35275.18359375,88.49243856332704,0.34808483719825745,0.3092510998249054,0.2083086371421814,-0.3310409486293793,0.7472020983695984,-0.009842999279499054,-0.061502762138843536,0.2347005307674408,-0.6632818579673767,0.5418344736099243,0.16694049537181854,0.19074147939682007,0.3694787621498108,-0.5856727957725525,0.7647058963775635,No Microbe,Moisture,Inside,No Microbe | Moisture,No Microbe | Moisture | Inside,Inside,Moisture treatment
1,Day 1,12,Tray 12,1,5,5,40607.85546875,21996.52734375,45837.6875,36877.88671875,79.91493383742912,0.29744622111320496,0.24833902716636658,0.20172712206840515,-0.4681217670440674,0.7474557161331177,-0.0765492245554924,-0.11277174204587936,0.20827114582061768,-0.6412825584411621,0.4924267828464508,0.06194034218788147,-0.10937987267971039,0.3635087013244629,-0.6758747696876526,0.7507147192955017,No Microbe,Moisture,Inside,No Microbe | Moisture,No Microbe | Moisture | Inside,Inside,Moisture treatment
1,Day 1,12,Tray 12,1,6,6,49455.5390625,25716.912109375,52184.3359375,39696.63671875,72.80245746691871,0.24894803762435913,0.2000369429588318,0.18657515943050385,-0.3969791829586029,0.7509157657623291,-0.11788228899240494,-0.12161051481962204,0.18405087292194366,-0.5861929059028625,0.5573058128356934,-0.03354796767234802,-0.11474070698022842,0.28217554092407227,-0.5930752754211426,0.7346368432044983,No Microbe,Moisture,Inside,No Microbe | Moisture,No Microbe | Moisture | Inside,Inside,Moisture treatment
1,Day 1,12,Tray 12,1,7,7,48142.76953125,24388.2265625,49197.73828125,38909.171875,76.4413988657845,0.27498531341552734,0.20491689443588257,0.18730928003787994,-0.3389337658882141,0.7664461135864258,-0.09500881284475327,-0.10556155443191528,0.19899868965148926,-0.6518757343292236,0.561944842338562,-0.035266079008579254,-0.10280752182006836,0.28820517659187317,-0.6595744490623474,0.7331838607788086,No Microbe,Moisture,Inside,No Microbe | Moisture,No Microbe | Moisture | Inside,Inside,Moisture treatment
1,Day 1,12,Tray 12,1,8,8,47526.98828125,24464.7265625,49760.859375,39550.69921875,81.16729678638941,0.2900373339653015,0.20939797163009644,0.19335076212882996,-0.26645588874816895,0.7142857313156128,-0.08746933192014694,-0.10095442831516266,0.19047802686691284,-0.6224247217178345,0.5043923854827881,-0.0022399236913770437,-0.09844420850276947,0.30211344361305237,-0.6656497716903687,0.7630434632301331,No Microbe,Moisture,Inside,No Microbe | Moisture,No Microbe | Moisture | Inside,Inside,Moisture treatment
1,Day 1,12,Tray 12,1,9,9,50618.5625,27086.248046875,52943.7265625,41218.7890625,79.90311909262759,0.2549697458744049,0.1910494565963745,0.17387601733207703,-0.31888192892074585,0.7647945880889893,-0.1070934310555458,-0.1005106121301651,0.1922207921743393,-0.7115987539291382,0.5898838043212891,-0.03600025549530983,-0.09711989015340805,0.28942009806632996,-0.7115987539291382,0.7338466048240662,No Microbe,Moisture,Inside,No Microbe | Moisture,No Microbe | Moisture | Inside,Inside,Moisture treatment
1,Day 1,12,Tray 12,1,10,10,50756.00390625,30123.134765625,55838.33984375,46600.7109375,82.91587901701322,0.25277429819107056,0.18513303995132446,0.15514567494392395,-0.0992758721113205,0.7255457639694214,-0.0781216025352478,-0.08858909457921982,0.14647774398326874,-0.5268456339836121,0.4908237159252167,0.018557336181402206,-0.07689812779426575,0.29055625200271606,-0.6462311744689941,0.7399362921714783,No Microbe,Moisture,Inside,No Microbe | Moisture,No Microbe | Moisture | Inside,Inside,Moisture treatment
1,Day 1,12,Tray 12,2,1,11,36846.4453125,22678.75,47606.8984375,37653.30078125,92.74574669187146,0.29156041145324707,0.2129347175359726,0.17259256541728973,-0.43482688069343567,0.740440309047699,-0.07159305363893509,-0.1523793637752533,0.1865064948797226,-0.5706826448440552,0.5614640712738037,0.15695813298225403,-0.014354066923260689,0.36315134167671204,-0.5734870433807373,0.7685500383377075,No Microbe,Moisture,Inside,No Microbe | Moisture,No Microbe | Moisture | Inside,Inside,Moisture treatment
1,Day 1,12,Tray 12,2,2,12,32582.662109375,20618.587890625,43139.25,36157.16015625,90.02835538752363,0.3232555389404297,0.2641035318374634,0.18332475423812866,-0.27845969796180725,0.7849056720733643,-0.04170805215835571,-0.11782272905111313,0.21378660202026367,-0.586192786693573,0.5984063744544983,0.193964421749115,0.23749980330467224,0.36624521017074585,-0.625645101070404,0.8038163185119629,No Microbe,Moisture,Inside,No Microbe | Moisture,No Microbe | Moisture | Inside,Inside,Moisture treatment
1,Day 1,12,Tray 12,2,3,13,30971.70703125,20404.078125,42995.33984375,35377.56640625,89.47306238185256,0.3170483708381653,0.26254937052726746,0.1773403137922287,-0.25878220796585083,0.7380216121673584,-0.05413144454360008,-0.12202954292297363,0.19345007836818695,-0.5638724565505981,0.5663644075393677,0.19855590164661407,0.24028557538986206,0.33922961354255676,-0.580470860004425,0.7958812713623047,No Microbe,Moisture,Inside,No Microbe | Moisture,No Microbe | Moisture | Inside,Inside,Moisture treatment
1,Day 1,12,Tray 12,2,4,14,30632.845703125,19309.162109375,42185.140625,33894.17578125,88.0671077504726,0.3271293044090271,0.3003796935081482,0.18629948794841766,-0.27819550037384033,0.7590909004211426,-0.06790364533662796,-0.11300846934318542,0.20495140552520752,-0.6595744490623474,0.494245320558548,0.18698327243328094,0.28221964836120605,0.36391231417655945,-0.7002283334732056,0.758293867111206,No Microbe,Moisture,Inside,No Microbe | Moisture,No Microbe | Moisture | Inside,Inside,Moisture treatment
1,Day 1,12,Tray 12,2,5,15,33809.2109375,18387.65234375,39650.94921875,31716.82421875,82.25425330812854,0.32951414585113525,0.33914726972579956,0.2350175827741623,-0.5696202516555786,0.782608687877655,-0.05467602610588074,-0.10250560939311981,0.2711777985095978,-0.7162615060806274,0.6356297135353088,0.11540979892015457,0.06671498715877533,0.40238454937934875,-0.692848265171051,0.7899136543273926,No Microbe,Moisture,Inside,No Microbe | Moisture,No Microbe | Moisture | Inside,Inside,Moisture treatment
1,Day 1,12,Tray 12,2,6,16,42184.58203125,21502.12890625,45644.30078125,34556.74609375,77.46928166351607,0.2912890315055847,0.2527684271335602,0.19505701959133148,-0.2663247883319855,0.7267801761627197,-0.10759071260690689,-0.11824139952659607,0.19531460106372833,-0.662269115447998,0.5358462929725647,0.0189171452075243,-0.10870447754859924,0.335514634847641,-0.7101691365242004,0.7413489818572998,No Microbe,Moisture,Inside,No Microbe | Moisture,No Microbe | Moisture | Inside,Inside,Moisture treatment
1,Day 1,12,Tray 12,2,7,17,43085.12109375,22223.78515625,47521.609375,36064.30078125,79.86767485822305,0.290280282497406,0.2535017132759094,0.19031627476215363,-0.38049712777137756,0.7178423404693604,-0.11357270926237106,-0.10868140310049057,0.18407920002937317,-0.6052528619766235,0.41119006276130676,0.01597335934638977,-0.09025558829307556,0.3100282549858093,-0.6211401224136353,0.7785329818725586,No Microbe,Moisture,Inside,No Microbe | Moisture,No Microbe | Moisture | Inside,Inside,Moisture treatment
1,Day 1,12,Tray 12,2,8,18,47647.953125,25914.44140625,53484.5234375,39713.37109375,75.94517958412098,0.24722391366958618,0.2020653784275055,0.17469926178455353,-0.31990906596183777,0.7489759922027588,-0.1431194543838501,-0.11231835186481476,0.16275206208229065,-0.672301709651947,0.3994144797325134,-0.01911414973437786,-0.09682603180408478,0.2907414138317108,-0.6575592160224915,0.7820332050323486,No Microbe,Moisture,Inside,No Microbe | Moisture,No Microbe | Moisture | Inside,Inside,Moisture treatment
1,Day 1,12,Tray 12,2,9,19,46247.43359375,26197.005859375,52463.71484375,40561.70703125,78.69801512287334,0.26268789172172546,0.1987277865409851,0.17211811244487762,-0.21728762984275818,0.6984172463417053,-0.10941798985004425,-0.10660721361637115,0.18367567658424377,-0.6399679780006409,0.5859733819961548,0.020577838644385338,-0.09682603180408478,0.34473246335983276,-0.6482164859771729,0.7956748604774475,No Microbe,Moisture,Inside,No Microbe | Moisture,No Microbe | Moisture | Inside,Inside,Moisture treatment
1,Day 1,12,Tray 12,2,10,20,45792.0234375,27759.4140625,52435.234375,41416.41796875,78.13090737240076,0.24272210896015167,0.1871175915002823,0.16553521156311035,-0.3439744710922241,0.7016198039054871,-0.10100104659795761,-0.09174051880836487,0.1928844153881073,-0.6518134474754333,0.5199779272079468,0.04187260568141937,-0.07848301529884338,0.35035181045532227,-0.6745042204856873,0.8093050122261047,No Microbe,Moisture,Inside,No Microbe | Moisture,No Microbe | Moisture | Inside,Inside,Moisture treatment
1,Day 1,12,Tray 12,3,1,21,31778.921875,20974.4609375,44916.6484375,35428.08984375,85.32608695652173,0.300071120262146,0.2409558892250061,0.18119950592517853,-0.3274647891521454,0.732242226600647,-0.07364051789045334,-0.12947234511375427,0.19812782108783722,-0.6649725437164307,0.5037389397621155,0.20084835588932037,0.3043326139450073,0.35401076078414917,-0.6649725437164307,0.7566171884536743,No Microbe,Moisture,Inside,No Microbe | Moisture,No Microbe | Moisture | Inside,Inside,Moisture treatment
1,Day 1,12,Tray 12,3,2,22,24656.677734375,19514.61328125,41634.67578125,34734.5859375,88.36247637051041,0.33421796560287476,0.31981703639030457,0.192667618393898,-0.28193584084510803,0.7141526937484741,-0.03781898692250252,-0.09003140032291412,0.19553884863853455,-0.5248557329177856,0.4821428656578064,0.3046778738498688,0.4165673553943634,0.3098267912864685,-0.6078431606292725,0.7648208737373352,No Microbe,Moisture,Inside,No Microbe | Moisture,No Microbe | Moisture | Inside,Inside,Moisture treatment
1,Day 1,12,Tray 12,3,3,23,22011.181640625,17702.89453125,38418.625,32467.259765625,87.33459357277883,0.34652113914489746,0.3297441005706787,0.18900303542613983,-0.1731448769569397,0.7589669823646545,-0.03219851478934288,-0.09544415026903152,0.20696063339710236,-0.5892979502677917,0.48790785670280457,0.305462509393692,0.3955325484275818,0.28246334195137024,-0.47143369913101196,0.7772409915924072,No Microbe,Moisture,Inside,No Microbe | Moisture,No Microbe | Moisture | Inside,Inside,Moisture treatment
1,Day 1,12,Tray 12,3,4,24,24018.8125,15401.634765625,35042.734375,29480.822265625,88.10255198487712,0.36605167388916016,0.4124032258987427,0.23843544721603394,-0.6341001391410828,0.7532213926315308,-0.02828105539083481,-0.032478734850883484,0.26895835995674133,-0.7245736122131348,0.567106306552887,0.2281903177499771,0.38519302010536194,0.4325738251209259,-0.7377466559410095,0.7842844128608704,No Microbe,Moisture,Inside,No Microbe | Moisture,No Microbe | Moisture | Inside,Inside,Moisture treatment
1,Day 1,12,Tray 12,3,5,25,31204.0390625,17969.955078125,40129.98046875,30884.181640625,77.5874291115312,0.31434166431427,0.3396226465702057,0.2339208424091339,-0.4935643672943115,0.7628185153007507,-0.0841405987739563,-0.11413691192865372,0.23914816975593567,-0.6482189297676086,0.6331428289413452,0.13399767875671387,0.20151789486408234,0.4067630171775818,-0.7815967202186584,0.7881137132644653,No Microbe,Moisture,Inside,No Microbe | Moisture,No Microbe | Moisture | Inside,Inside,Moisture treatment
1,Day 1,12,Tray 12,3,6,26,33340.71875,17810.30078125,40583.953125,29836.25390625,76.65406427221171,0.3156045973300934,0.338412344455719,0.2148790955543518,-0.3765978515148163,0.7204724550247192,-0.09818697720766068,-0.1309892237186432,0.23039597272872925,-0.6490424871444702,0.5668737292289734,0.09884516894817352,0.11091703176498413,0.36492565274238586,-0.631149172782898,0.7770332098007202,No Microbe,Moisture,Inside,No Microbe | Moisture,No Microbe | Moisture | Inside,Inside,Moisture treatment
1,Day 1,12,Tray 12,3,7,27,39472.5859375,18724.4375,43879.40234375,31823.451171875,78.73345935727788,0.31241336464881897,0.33112019300460815,0.21252812445163727,-0.4605019688606262,0.7085856795310974,-0.11270716786384583,-0.12330270558595657,0.22091351449489594,-0.689704954624176,0.42186450958251953,0.01537348609417677,-0.09729067981243134,0.349426805973053,-0.6970576047897339,0.6729762554168701,No Microbe,Moisture,Inside,No Microbe | Moisture,No Microbe | Moisture | Inside,Inside,Moisture treatment
1,Day 1,12,Tray 12,3,8,28,40910.89453125,22539.712890625,47889.14453125,36241.32421875,77.5874291115312,0.2841830849647522,0.24628989398479462,0.2140948325395584,-0.4413314759731293,0.7414050698280334,-0.1076129674911499,-0.1037735864520073,0.2247815728187561,-0.7304035425186157,0.5611940026283264,0.0434376485645771,-0.07645014673471451,0.39561742544174194,-0.7166212797164917,0.8006178140640259,No Microbe,Moisture,Inside,No Microbe | Moisture,No Microbe | Moisture | Inside,Inside,Moisture treatment
1,Day 1,12,Tray 12,3,9,29,45296.6875,26365.19921875,51526.99609375,40888.21484375,78.67438563327032,0.2620725929737091,0.2117314338684082,0.19398635625839233,-0.3670108914375305,0.737633228302002,-0.09388310462236404,-0.10036275535821915,0.20855993032455444,-0.6199483871459961,0.5580790042877197,0.03035968355834484,-0.07990506291389465,0.3599036633968353,-0.7151832580566406,0.7920212745666504,No Microbe,Moisture,Inside,No Microbe | Moisture,No Microbe | Moisture | Inside,Inside,Moisture treatment
1,Day 1,12,Tray 12,3,10,30,42625.984375,26508.779296875,49660.0078125,39975.171875,80.43478260869566,0.2437247782945633,0.20282208919525146,0.17504891753196716,-0.41970568895339966,0.7355973124504089,-0.08632244914770126,-0.08793836086988449,0.2473219782114029,-0.7220353484153748,0.6791006922721863,0.05794348567724228,-0.05172698199748993,0.4116470217704773,-0.7552507519721985,0.803430438041687,No Microbe,Moisture,Inside,No Microbe | Moisture,No Microbe | Moisture | Inside,Inside,Moisture treatment
1,Day 1,12,Tray 12,4,1,31,29063.923828125,18914.833984375,39405.10546875,35717.08203125,94.73062381852552,0.3595397472381592,0.32369089126586914,0.18046016991138458,-0.3541264235973358,0.7575356364250183,0.008375551551580429,-0.06323456764221191,0.20275135338306427,-0.5637545585632324,0.5590082406997681,0.2596893906593323,0.3689655065536499,0.3371213376522064,-0.5641711354255676,0.7696700692176819,No Microbe,Moisture,Inside,No Microbe | Moisture,No Microbe | Moisture | Inside,Inside,Moisture treatment
1,Day 1,12,Tray 12,4,2,32,25395.8125,16503.513671875,33760.26953125,33117.72265625,95.73487712665406,0.3914763629436493,0.3847305178642273,0.18862910568714142,-0.42491623759269714,0.7634869813919067,0.04856221750378609,0.0,0.23804427683353424,-0.6883116960525513,0.6093690991401672,0.26026538014411926,0.332418829202652,0.32778552174568176,-0.6347305178642273,0.7834027409553528,No Microbe,Moisture,Inside,No Microbe | Moisture,No Microbe | Moisture | Inside,Inside,Moisture treatment
1,Day 1,12,Tray 12,4,3,33,22424.79296875,14403.6328125,29388.916015625,30328.4765625,96.62098298676749,0.40715882182121277,0.43307608366012573,0.16381323337554932,0.022075055167078972,0.7542339563369751,0.05871403589844704,0.04940708726644516,0.18834644556045532,-0.39594700932502747,0.563575029373169,0.26567375659942627,0.37655287981033325,0.34634801745414734,-0.7429240345954895,0.7659083604812622,No Microbe,Moisture,Inside,No Microbe | Moisture,No Microbe | Moisture | Inside,Inside,Moisture treatment
1,Day 1,12,Tray 12,4,4,34,22803.2734375,13987.5615234375,31686.609375,29870.298828125,90.46550094517958,0.3996722102165222,0.4508512616157532,0.21928898990154266,-0.48365798592567444,0.7825242877006531,0.014626143500208855,0.024965960532426834,0.2570253014564514,-0.7137476205825806,0.6361619234085083,0.239402636885643,0.3452380895614624,0.37347984313964844,-0.7187827825546265,0.7765268683433533,No Microbe,Moisture,Inside,No Microbe | Moisture,No Microbe | Moisture | Inside,Inside,Moisture treatment
1,Day 1,12,Tray 12,4,5,35,25379.25390625,13179.8388671875,30849.18359375,26286.896484375,85.39697542533081,0.3716094195842743,0.4182965159416199,0.23518896102905273,-0.46809712052345276,0.7827881574630737,-0.022328799590468407,-0.025787966325879097,0.2902712821960449,-0.704119861125946,0.568878710269928,0.1679585874080658,0.3220518231391907,0.4186776578426361,-0.7477592825889587,0.7545798420906067,No Microbe,Moisture,Inside,No Microbe | Moisture,No Microbe | Moisture | Inside,Inside,Moisture treatment
1,Day 1,12,Tray 12,4,6,36,30280.130859375,13194.65234375,32599.78515625,26425.6171875,82.92769376181475,0.39114445447921753,0.45957738161087036,0.21297119557857513,-0.2760772705078125,0.766890823841095,-0.044018566608428955,-0.025289960205554962,0.23458726704120636,-0.623711347579956,0.5589123964309692,0.10789463669061661,0.26299849152565,0.3880118727684021,-0.623711347579956,0.7492465376853943,No Microbe,Moisture,Inside,No Microbe | Moisture,No Microbe | Moisture | Inside,Inside,Moisture treatment
1,Day 1,12,Tray 12,4,7,37,34385.58203125,16072.7861328125,38161.140625,28807.87890625,81.42722117202268,0.34212180972099304,0.3804376721382141,0.222535640001297,-0.5349621176719666,0.7548637986183167,-0.08953563123941422,-0.11839409917593002,0.23189543187618256,-0.6538771986961365,0.6450793743133545,0.05063609778881073,0.04500435292720795,0.3338091969490051,-0.6806895136833191,0.692990779876709,No Microbe,Moisture,Inside,No Microbe | Moisture,No Microbe | Moisture | Inside,Inside,Moisture treatment
1,Day 1,12,Tray 12,4,8,38,41585.61328125,21731.154296875,46125.81640625,35495.2734375,81.39177693761815,0.3000682294368744,0.2870029807090759,0.2222674936056137,-0.5134516358375549,0.7029225826263428,-0.10076657682657242,-0.09375,0.20584090054035187,-0.7098121047019958,0.44534412026405334,0.01938673108816147,-0.054613348096609116,0.3480607271194458,-0.6890080571174622,0.7241033315658569,No Microbe,Moisture,Inside,No Microbe | Moisture,No Microbe | Moisture | Inside,Inside,Moisture treatment
1,Day 1,12,Tray 12,4,9,39,41013.09375,20751.509765625,44174.328125,36871.94140625,85.73960302457468,0.33518287539482117,0.3040699362754822,0.18898817896842957,-0.27407002449035645,0.7207915186882019,-0.06356888264417648,-0.08953040093183517,0.18834583461284637,-0.6069900393486023,0.5555555820465088,0.033727120608091354,-0.05862069129943848,0.33984172344207764,-0.7106437087059021,0.7454115152359009,No Microbe,Moisture,Inside,No Microbe | Moisture,No Microbe | Moisture | Inside,Inside,Moisture treatment
1,Day 1,12,Tray 12,4,10,40,37144.53125,21093.44140625,42224.4375,37460.37109375,90.43005671077505,0.335217148065567,0.3037071228027344,0.17525538802146912,-0.1520882546901703,0.7588850259780884,-0.029132967814803123,-0.07392457127571106,0.2105642855167389,-0.5903664827346802,0.567625105381012,0.1174507737159729,-0.0035745548084378242,0.3870873749256134,-0.6419406533241272,0.7842646837234497,No Microbe,Moisture,Inside,No Microbe | Moisture,No Microbe | Moisture | Inside,Inside,Moisture treatment
1,Day 1,12,Tray 12,5,1,41,39068.734375,19513.18359375,40410.01953125,33591.5859375,86.20037807183365,0.31020763516426086,0.2534024119377136,0.20760589838027954,-0.38738128542900085,0.719529390335083,-0.03522706404328346,-0.09181533008813858,0.24189765751361847,-0.6529449224472046,0.5707529783248901,0.053744684904813766,-0.10237651318311691,0.379117488861084,-0.6666666865348816,0.7397942543029785,No Microbe,Moisture,Inside,No Microbe | Moisture,No Microbe | Moisture | Inside,Inside,Moisture treatment
1,Day 1,12,Tray 12,5,2,42,31916.638671875,17907.859375,36070.609375,35522.84375,97.44801512287334,0.3818965256214142,0.37040314078330994,0.16624820232391357,-0.10573122650384903,0.7266346216201782,0.04431756213307381,0.020369134843349457,0.1828087568283081,-0.3869602084159851,0.5767551064491272,0.18677368760108948,0.24029532074928284,0.30988994240760803,-0.4607669711112976,0.7783221006393433,No Microbe,Moisture,Inside,No Microbe | Moisture,No Microbe | Moisture | Inside,Inside,Moisture treatment
1,Day 1,12,Tray 12,5,3,43,29455.32421875,16124.9208984375,32238.8359375,33270.00390625,95.73487712665406,0.4018424153327942,0.42428892850875854,0.1758892983198166,-0.002337814075872302,0.7669758796691895,0.07175339013338089,0.06750769913196564,0.20710724592208862,-0.6108315587043762,0.5871112942695618,0.19124580919742584,0.2474050521850586,0.3269122242927551,-0.6501192450523376,0.7605055570602417,No Microbe,Moisture,Inside,No Microbe | Moisture,No Microbe | Moisture | Inside,Inside,Moisture treatment
1,Day 1,12,Tray 12,5,4,44,32834.01171875,16084.169921875,33579.92578125,32658.3671875,91.48156899810964,0.38648557662963867,0.4097861647605896,0.18315495550632477,-0.3533349931240082,0.7667205333709717,0.02900749072432518,0.018221337348222733,0.2062893956899643,-0.6141111254692078,0.5731428861618042,0.12526972591876984,0.17149220407009125,0.36649784445762634,-0.7414416074752808,0.7534980773925781,No Microbe,Moisture,Inside,No Microbe | Moisture,No Microbe | Moisture | Inside,Inside,Moisture treatment
1,Day 1,12,Tray 12,5,5,45,31478.6015625,12850.2001953125,28866.99609375,28302.013671875,90.60727788279773,0.4106925427913666,0.45428240299224854,0.2009863555431366,-0.4607977867126465,0.7862537503242493,0.0317501500248909,0.045847341418266296,0.2392820566892624,-0.7087419033050537,0.6513944268226624,0.1074959859251976,0.16867469251155853,0.407546728849411,-0.7090985178947449,0.7706336975097656,No Microbe,Moisture,Inside,No Microbe | Moisture,No Microbe | Moisture | Inside,Inside,Moisture treatment
1,Day 1,12,Tray 12,5,6,46,42864.65234375,18396.875,39376.12109375,33590.05859375,85.62145557655954,0.3513907492160797,0.3808937668800354,0.22641079127788544,-0.4787062108516693,0.7693776488304138,-0.03277323395013809,-0.05883251875638962,0.22174601256847382,-0.6301751732826233,0.5813498497009277,-0.009195915423333645,-0.11246946454048157,0.3434571623802185,-0.7220353484153748,0.729921817779541,No Microbe,Moisture,Inside,No Microbe | Moisture,No Microbe | Moisture | Inside,Inside,Moisture treatment
1,Day 1,12,Tray 12,5,7,47,36975.69921875,15933.4267578125,36245.8671875,31781.52734375,88.40973534971644,0.391558974981308,0.44512027502059937,0.19804023206233978,-0.2192855030298233,0.7644019722938538,-0.01268565934151411,-0.020625224336981773,0.21281698346138,-0.579556405544281,0.5174199342727661,0.06323934346437454,-0.04811755567789078,0.36645230650901794,-0.6609206795692444,0.7880108952522278,No Microbe,Moisture,Inside,No Microbe | Moisture,No Microbe | Moisture | Inside,Inside,Moisture treatment
1,Day 1,12,Tray 12,5,8,48,44872.70703125,21998.265625,45183.5703125,37928.63671875,84.98345935727788,0.32149702310562134,0.2751443684101105,0.18057312071323395,-0.26065772771835327,0.745966374874115,-0.04537179693579674,-0.09274289757013321,0.20178741216659546,-0.6243446469306946,0.6634235978126526,0.006308806594461203,-0.10496491938829422,0.3743177652359009,-0.692148745059967,0.8146417737007141,No Microbe,Moisture,Inside,No Microbe | Moisture,No Microbe | Moisture | Inside,Inside,Moisture treatment
1,Day 1,12,Tray 12,5,9,49,42445.6171875,21969.306640625,44581.77734375,39523.43359375,89.37854442344046,0.33716192841529846,0.2883452773094177,0.1826857477426529,-0.29765674471855164,0.7847043871879578,-0.017325671389698982,-0.0930016040802002,0.22626784443855286,-0.6045997142791748,0.7237030863761902,0.062111448496580124,-0.09469100087881088,0.3734690546989441,-0.6775911450386047,0.7971684336662292,No Microbe,Moisture,Inside,No Microbe | Moisture,No Microbe | Moisture | Inside,Inside,Moisture treatment
1,Day 1,12,Tray 12,5,10,50,40933.03515625,23072.736328125,42888.12890625,40172.16015625,88.35066162570888,0.32568901777267456,0.2512468099594116,0.18542318046092987,-0.1720142662525177,0.798561155796051,0.008573133498430252,-0.08190224319696426,0.24705547094345093,-0.4764803647994995,0.7320968508720398,0.09477321058511734,-0.07269155234098434,0.36840471625328064,-0.6144293546676636,0.81319260597229,No Microbe,Moisture,Inside,No Microbe | Moisture,No Microbe | Moisture | Inside,Inside,Moisture treatment
1,Day 1,12,Tray 12,6,1,51,39274.48828125,21690.123046875,45010.69921875,37910.4609375,93.9390359168242,0.3138751685619354,0.21757090091705322,0.17883847653865814,-0.1791938990354538,0.7546205520629883,-0.024460317566990852,-0.1473718136548996,0.22580641508102417,-0.5080459713935852,0.5673179626464844,0.10515602678060532,-0.08399944007396698,0.32740873098373413,-0.46197786927223206,0.750575840473175,No Microbe,Moisture,Inside,No Microbe | Moisture,No Microbe | Moisture | Inside,Inside,Moisture treatment
1,Day 1,12,Tray 12,6,2,52,38893.04296875,20255.21875,42428.4453125,36751.796875,90.37098298676749,0.3388213515281677,0.25962817668914795,0.19041934609413147,-0.16744330525398254,0.7332730293273926,-0.007635387126356363,-0.10721474885940552,0.21579773724079132,-0.464745432138443,0.5417066216468811,0.08395770192146301,-0.06056182086467743,0.34957677125930786,-0.7285774350166321,0.7329235076904297,No Microbe,Moisture,Inside,No Microbe | Moisture,No Microbe | Moisture | Inside,Inside,Moisture treatment
1,Day 1,12,Tray 12,6,3,53,40975.8203125,20150.03125,40912.31640625,35553.4140625,88.29158790170132,0.32777801156044006,0.2747310996055603,0.17720505595207214,-0.09140722453594208,0.7641540765762329,-0.007375783286988735,-0.0832197517156601,0.20891211926937103,-0.40432220697402954,0.5693988800048828,0.03622946888208389,-0.10456709563732147,0.32107263803482056,-0.7098121047019958,0.7384515404701233,No Microbe,Moisture,Inside,No Microbe | Moisture,No Microbe | Moisture | Inside,Inside,Moisture treatment
1,Day 1,12,Tray 12,6,4,54,35452.1796875,16895.923828125,35783.0234375,34392.40234375,88.11436672967864,0.3917490839958191,0.44432955980300903,0.20809251070022583,-0.21863354742527008,0.7501538395881653,0.03623245283961296,0.07669396698474884,0.22190511226654053,-0.5830745100975037,0.5331010222434998,0.10630448907613754,0.08004525303840637,0.36574649810791016,-0.6700652241706848,0.7314037680625916,No Microbe,Moisture,Inside,No Microbe | Moisture,No Microbe | Moisture | Inside,Inside,Moisture treatment
1,Day 1,12,Tray 12,6,5,55,37419.0078125,16140.060546875,35016.55859375,31673.2890625,87.48818525519849,0.385372519493103,0.4193733334541321,0.2020222395658493,-0.1455746293067932,0.7748113870620728,0.013776467181742191,-0.01833184063434601,0.2467910796403885,-0.48621830344200134,0.6065468788146973,0.057194411754608154,-0.07133799046278,0.37575483322143555,-0.6425992846488953,0.7747287750244141,No Microbe,Moisture,Inside,No Microbe | Moisture,No Microbe | Moisture | Inside,Inside,Moisture treatment
1,Day 1,12,Tray 12,6,6,56,45578.28515625,19383.955078125,41910.8203125,34613.49609375,82.56143667296786,0.33404046297073364,0.30447524785995483,0.2147217094898224,-0.3492286205291748,0.7950507402420044,-0.049684226512908936,-0.1167166605591774,0.22678668797016144,-0.6578947305679321,0.6382360458374023,-0.038067955523729324,-0.1329367756843567,0.33278539776802063,-0.682415783405304,0.7259528040885925,No Microbe,Moisture,Inside,No Microbe | Moisture,No Microbe | Moisture | Inside,Inside,Moisture treatment
1,Day 1,12,Tray 12,6,7,57,48643.96875,22510.203125,47362.109375,38092.671875,82.1242911153119,0.30863431096076965,0.2530645430088043,0.2059723436832428,-0.2620904743671417,0.8004311919212341,-0.06631866097450256,-0.11115357279777527,0.19205008447170258,-0.5417921543121338,0.545549750328064,-0.056695081293582916,-0.12068965286016464,0.28221651911735535,-0.6700652241706848,0.6912487745285034,No Microbe,Moisture,Inside,No Microbe | Moisture,No Microbe | Moisture | Inside,Inside,Moisture treatment
1,Day 1,12,Tray 12,6,8,58,52490.390625,26292.208984375,52040.91796875,41864.265625,81.52173913043478,0.27013954520225525,0.2043265998363495,0.18479542434215546,-0.3235294222831726,0.779347836971283,-0.07772324979305267,-0.11917439103126526,0.18180185556411743,-0.5686650276184082,0.6630520820617676,-0.05572483688592911,-0.12546378374099731,0.3074800372123718,-0.7311350703239441,0.7941662073135376,No Microbe,Moisture,Inside,No Microbe | Moisture,No Microbe | Moisture | Inside,Inside,Moisture treatment
1,Day 1,12,Tray 12,6,9,59,52451.5390625,26214.935546875,51924.66796875,41970.21875,81.25,0.2722163796424866,0.2003876268863678,0.1819051057100296,-0.22906793653964996,0.7573832869529724,-0.07489674538373947,-0.11854684352874756,0.17553181946277618,-0.6505441069602966,0.4977889955043793,-0.05298074334859848,-0.12361092120409012,0.27875614166259766,-0.6505441069602966,0.7788578271865845,No Microbe,Moisture,Inside,No Microbe | Moisture,No Microbe | Moisture | Inside,Inside,Moisture treatment
1,Day 1,12,Tray 12,6,10,60,48167.9765625,26124.171875,51032.453125,42368.2578125,83.99102079395085,0.26511770486831665,0.21904388070106506,0.16822712123394012,-0.37581193447113037,0.7820985317230225,-0.07039076089859009,-0.09478583931922913,0.19182653725147247,-0.6383276581764221,0.5041908621788025,0.002805759897455573,-0.09156337380409241,0.33904290199279785,-0.7278481125831604,0.7546536326408386,No Microbe,Moisture,Inside,No Microbe | Moisture,No Microbe | Moisture | Inside,Inside,Moisture treatment
1,Day 1,12,Tray 12,7,1,61,38865.4921875,22291.77734375,46761.890625,36902.3046875,87.984404536862,0.2851852774620056,0.20711448788642883,0.17895813286304474,-0.18280740082263947,0.750952959060669,-0.06488892436027527,-0.16355066001415253,0.2241000235080719,-0.5024923086166382,0.6333464980125427,0.10141126811504364,-0.09449513256549835,0.34936100244522095,-0.49439504742622375,0.735181987285614,No Microbe,Moisture,Inside,No Microbe | Moisture,No Microbe | Moisture | Inside,Inside,Moisture treatment
1,Day 1,12,Tray 12,7,2,62,39131.36328125,21403.08203125,44634.8203125,36627.296875,88.63421550094517,0.30767086148262024,0.21113599836826324,0.1931823194026947,-0.2979011535644531,0.7644978761672974,-0.041385553777217865,-0.14752712845802307,0.22667881846427917,-0.6147859692573547,0.5768595337867737,0.08785800635814667,-0.0671791061758995,0.34791067242622375,-0.6946401596069336,0.7235621809959412,No Microbe,Moisture,Inside,No Microbe | Moisture,No Microbe | Moisture | Inside,Inside,Moisture treatment
1,Day 1,12,Tray 12,7,3,63,40725.58203125,21084.130859375,45488.234375,34944.765625,79.40689981096408,0.2836229205131531,0.21937665343284607,0.19338560104370117,-0.37041157484054565,0.7664408087730408,-0.0891713798046112,-0.16899262368679047,0.22137129306793213,-0.6884677410125732,0.5486226081848145,0.023752626031637192,-0.15013878047466278,0.36076951026916504,-0.7034109830856323,0.7169750332832336,No Microbe,Moisture,Inside,No Microbe | Moisture,No Microbe | Moisture | Inside,Inside,Moisture treatment
1,Day 1,12,Tray 12,7,4,64,42625.9296875,21421.80859375,46417.51171875,35594.828125,76.39413988657844,0.28388074040412903,0.2246239334344864,0.20356546342372894,-0.3624957501888275,0.7587596774101257,-0.0893639549612999,-0.15892639756202698,0.2238146960735321,-0.6974093317985535,0.4748798608779907,0.00621068337932229,-0.14738021790981293,0.3391784429550171,-0.741811990737915,0.7381986975669861,No Microbe,Moisture,Inside,No Microbe | Moisture,No Microbe | Moisture | Inside,Inside,Moisture treatment
1,Day 1,12,Tray 12,7,5,65,36101.99609375,17639.8046875,39359.03125,31601.466796875,77.71739130434783,0.3256497383117676,0.31147539615631104,0.2201225459575653,-0.2571079134941101,0.7925311326980591,-0.06058811396360397,-0.13777220249176025,0.25791192054748535,-0.6039409041404724,0.6276721954345703,0.06668150424957275,0.07414208352565765,0.38983291387557983,-0.6734777092933655,0.7631806135177612,No Microbe,Moisture,Inside,No Microbe | Moisture,No Microbe | Moisture | Inside,Inside,Moisture treatment
1,Day 1,12,Tray 12,7,6,66,45114.52734375,21309.427734375,46077.453125,35082.19140625,70.99480151228732,0.2940220534801483,0.21469032764434814,0.22116036713123322,-0.27790215611457825,0.779052197933197,-0.0881686583161354,-0.15157480537891388,0.2272598296403885,-0.6070826053619385,0.5364891290664673,-0.021586501970887184,-0.15545913577079773,0.3344624638557434,-0.6727941036224365,0.7158774137496948,No Microbe,Moisture,Inside,No Microbe | Moisture,No Microbe | Moisture | Inside,Inside,Moisture treatment
1,Day 1,12,Tray 12,7,7,67,51622.953125,24142.1640625,50101.6015625,37926.578125,71.51465028355388,0.26668718457221985,0.19764797389507294,0.2188776433467865,-0.34625044465065,0.7864705920219421,-0.09723705053329468,-0.142578125,0.21597221493721008,-0.63603675365448,0.6068711876869202,-0.08787425607442856,-0.14537444710731506,0.27296796441078186,-0.7002283334732056,0.7104591727256775,No Microbe,Moisture,Inside,No Microbe | Moisture,No Microbe | Moisture | Inside,Inside,Moisture treatment
1,Day 1,12,Tray 12,7,8,68,52707.91796875,25908.783203125,52454.296875,38917.6484375,74.79914933837429,0.2383546680212021,0.18848267197608948,0.21945345401763916,-0.47488874197006226,0.7519002556800842,-0.12343409657478333,-0.13090306520462036,0.20433931052684784,-0.6803447008132935,0.5146262049674988,-0.09950366616249084,-0.13466334342956543,0.27999505400657654,-0.6803447008132935,0.6775522232055664,No Microbe,Moisture,Inside,No Microbe | Moisture,No Microbe | Moisture | Inside,Inside,Moisture treatment
1,Day 1,12,Tray 12,7,9,69,53291.078125,27818.427734375,55864.265625,42146.90234375,75.98062381852552,0.22970567643642426,0.18625576794147491,0.184539332985878,-0.3526490032672882,0.7727790474891663,-0.12604862451553345,-0.13499397039413452,0.17848816514015198,-0.6612576246261597,0.47116735577583313,-0.07287206500768661,-0.13215371966362,0.27954742312431335,-0.6612576246261597,0.7452229261398315,No Microbe,Moisture,Inside,No Microbe | Moisture,No Microbe | Moisture | Inside,Inside,Moisture treatment
1,Day 1,12,Tray 12,7,10,70,42942.03515625,23384.814453125,49397.8359375,37622.5,72.4125708884688,0.2540871798992157,0.20866721868515015,0.19749771058559418,-0.3502235412597656,0.7797380089759827,-0.10814722627401352,-0.1380683183670044,0.2314528226852417,-0.6395959854125977,0.568999171257019,0.009799307212233543,-0.09940420091152191,0.3368695080280304,-0.6542112827301025,0.7348138689994812,No Microbe,Moisture,Inside,No Microbe | Moisture,No Microbe | Moisture | Inside,Inside,Moisture treatment
